ファイル名,語義,対象語義,画像生成プロンプト,プロンプト準備状況,要確認理由,画風参照画像
constantly.png,絶えず,絶えず,"Subject: A task continuing without pause.

Composition: Show a worker steadily guiding a continuous stream of apples from a chute into a broad basket while more apples remain visibly queued along the same chute. Their sustained attentive posture and unbroken flow convey continual activity without repeated figures or a time chart.

Style: Use the attached invidious.png for drawing style only. Match its thick rounded dark-brown contours, simplified rounded shapes, and restrained 2D cartoon shading. Do not copy the reference subject or composition.

Framing: One compact composition, with the complete subject using about 80-90% of the square. Keep everything inside the frame.

Output: 512x512 PNG, RGBA, genuine transparent background. No text, speech balloons, explanatory captions, empty bubbles, numerals, logos or watermark.",作成済み,,references/invidious.png
copy.png,複写、原稿,複写,"Subject: A photocopy being produced.

Composition: Show a person lifting an original leaf drawing from a copier's glass while an identical printed copy emerges into the output tray. Keep both recognizable drawings visible within the same machine scene, with no readable document content, brand name, or duplication grid.

Style: Use the attached invidious.png for drawing style only. Match its thick rounded dark-brown contours, simplified rounded shapes, and restrained 2D cartoon shading. Do not copy the reference subject or composition.

Framing: One compact composition, with the complete subject using about 80-90% of the square. Keep everything inside the frame.

Output: 512x512 PNG, RGBA, genuine transparent background. No text, speech balloons, explanatory captions, empty bubbles, numerals, logos or watermark.",作成済み,,references/invidious.png
entrance.png,入り口,入り口,"Subject: The entrance to a building.

Composition: Show a welcoming front doorway with its door open inward, a short step, and a doormat, while a visitor approaches from the outside path. Keep the threshold and access opening dominant, without directional signs, written greetings, or unrelated building details.

Style: Use the attached invidious.png for drawing style only. Match its thick rounded dark-brown contours, simplified rounded shapes, and restrained 2D cartoon shading. Do not copy the reference subject or composition.

Framing: One compact composition, with the complete subject using about 80-90% of the square. Keep everything inside the frame.

Output: 512x512 PNG, RGBA, genuine transparent background. No text, speech balloons, explanatory captions, empty bubbles, numerals, logos or watermark.",作成済み,,references/invidious.png
equivalent.png,同等の,同等の,"Subject: Two quantities with equivalent value.

Composition: Show a level balance scale with two identical small weights on one pan and one larger weight whose mass equals their combined mass on the other. The equal pan heights and steady beam convey equivalence through balance, without printed mass values or mathematical symbols.

Style: Use the attached invidious.png for drawing style only. Match its thick rounded dark-brown contours, simplified rounded shapes, and restrained 2D cartoon shading. Do not copy the reference subject or composition.

Framing: One compact composition, with the complete subject using about 80-90% of the square. Keep everything inside the frame.

Output: 512x512 PNG, RGBA, genuine transparent background. No text, speech balloons, explanatory captions, empty bubbles, numerals, logos or watermark.",作成済み,,references/invidious.png
examine.png,調べる,調べる,"Subject: A person examining an object closely.

Composition: Show a gardener turning a leaf over gently while inspecting its underside through a magnifying glass. Their concentrated gaze and careful hand placement make the inspection deliberate, with the whole leaf visible and no detached enlarged inset or diagnostic label.

Style: Use the attached invidious.png for drawing style only. Match its thick rounded dark-brown contours, simplified rounded shapes, and restrained 2D cartoon shading. Do not copy the reference subject or composition.

Framing: One compact composition, with the complete subject using about 80-90% of the square. Keep everything inside the frame.

Output: 512x512 PNG, RGBA, genuine transparent background. No text, speech balloons, explanatory captions, empty bubbles, numerals, logos or watermark.",作成済み,,references/invidious.png
preparation.png,準備、調合,準備,"Subject: Preparation for an outdoor trip.

Composition: Show a traveler arranging a water bottle, folded raincoat, and packed lunch beside an open backpack, then placing the lunch inside. Their organized layout and unfinished packing make readiness in progress clear, without itinerary text, maps, or an already-started journey.

Style: Use the attached invidious.png for drawing style only. Match its thick rounded dark-brown contours, simplified rounded shapes, and restrained 2D cartoon shading. Do not copy the reference subject or composition.

Framing: One compact composition, with the complete subject using about 80-90% of the square. Keep everything inside the frame.

Output: 512x512 PNG, RGBA, genuine transparent background. No text, speech balloons, explanatory captions, empty bubbles, numerals, logos or watermark.",作成済み,,references/invidious.png
tension.png,緊張,緊張,"Subject: Visible tension before a performance.

Composition: Show a violinist waiting beside a closed stage curtain, shoulders raised and fingers gripping the bow a little tightly while looking toward the stage opening. Keep the instrument safely held and the anxious posture central, without medical labels or exaggerated sweat symbols.

Style: Use the attached invidious.png for drawing style only. Match its thick rounded dark-brown contours, simplified rounded shapes, and restrained 2D cartoon shading. Do not copy the reference subject or composition.

Framing: One compact composition, with the complete subject using about 80-90% of the square. Keep everything inside the frame.

Output: 512x512 PNG, RGBA, genuine transparent background. No text, speech balloons, explanatory captions, empty bubbles, numerals, logos or watermark.",作成済み,,references/invidious.png
territory.png,領土、分野,領土,"Subject: A kingdom's territory on a physical relief map.

Composition: Show a fictional ruler and an official examining a small relief map whose continuous raised boundary encloses hills, a river, and a town model. The ruler's hand rests inside the boundary, expressing governed land without named countries, disputed real borders, or written labels.

Style: Use the attached invidious.png for drawing style only. Match its thick rounded dark-brown contours, simplified rounded shapes, and restrained 2D cartoon shading. Do not copy the reference subject or composition.

Framing: One compact composition, with the complete subject using about 80-90% of the square. Keep everything inside the frame.

Output: 512x512 PNG, RGBA, genuine transparent background. No text, speech balloons, explanatory captions, empty bubbles, numerals, logos or watermark.",作成済み,,references/invidious.png
district.png,地区,地区,"Subject: A distinct district within a town.

Composition: Show a compact town view centered on a cluster of market streets bounded by a river on one side and a broad avenue on the other. A few homes sit beyond the avenue, making the neighborhood's recognizable local extent clear without a labeled map.

Style: Use the attached invidious.png for drawing style only. Match its thick rounded dark-brown contours, simplified rounded shapes, and restrained 2D cartoon shading. Do not copy the reference subject or composition.

Framing: One compact composition, with the complete subject using about 80-90% of the square. Keep everything inside the frame.

Output: 512x512 PNG, RGBA, genuine transparent background. No text, speech balloons, explanatory captions, empty bubbles, numerals, logos or watermark.",作成済み,,references/invidious.png
dominant.png,支配的な、優性の,支配的な,"Subject: A dominant participant controlling a group task.

Composition: Show a project leader standing at the center of a worktable, placing the chosen model in front while three colleagues pause and follow their directing gesture. Keep the others dignified and attentive, conveying prevailing influence without aggression, genetic imagery, or stereotyped appearances.

Style: Use the attached invidious.png for drawing style only. Match its thick rounded dark-brown contours, simplified rounded shapes, and restrained 2D cartoon shading. Do not copy the reference subject or composition.

Framing: One compact composition, with the complete subject using about 80-90% of the square. Keep everything inside the frame.

Output: 512x512 PNG, RGBA, genuine transparent background. No text, speech balloons, explanatory captions, empty bubbles, numerals, logos or watermark.",作成済み,,references/invidious.png
expansion.png,拡大,拡大,"Subject: An object expanding in size.

Composition: Show a person using a small hand pump to inflate a round beach ball, with its fabric now taut and one shallow remaining fold near the valve. The connected pump and outward-rounded surface convey expansion without before-and-after silhouettes or size labels.

Style: Use the attached invidious.png for drawing style only. Match its thick rounded dark-brown contours, simplified rounded shapes, and restrained 2D cartoon shading. Do not copy the reference subject or composition.

Framing: One compact composition, with the complete subject using about 80-90% of the square. Keep everything inside the frame.

Output: 512x512 PNG, RGBA, genuine transparent background. No text, speech balloons, explanatory captions, empty bubbles, numerals, logos or watermark.",作成済み,,references/invidious.png
kingdom.png,王国,王国,"Subject: A fictional kingdom.

Composition: Show a small fortified castle overlooking a compact town and cultivated fields, with a crowned ruler greeting two residents at the open gate. Keep the land, settlement, and monarchy connected in one scene, without real national flags or claims about an identified royal family.

Style: Use the attached invidious.png for drawing style only. Match its thick rounded dark-brown contours, simplified rounded shapes, and restrained 2D cartoon shading. Do not copy the reference subject or composition.

Framing: One compact composition, with the complete subject using about 80-90% of the square. Keep everything inside the frame.

Output: 512x512 PNG, RGBA, genuine transparent background. No text, speech balloons, explanatory captions, empty bubbles, numerals, logos or watermark.",作成済み,,references/invidious.png
purchase.png,買う,買う,"Subject: A person purchasing an item.

Composition: Show a customer handing coins to a shopkeeper in exchange for a neatly wrapped book, with each person reaching for the other's offered object. Keep the transaction clear and ordinary, with no readable title, price, payment credentials, or advertising logo.

Style: Use the attached invidious.png for drawing style only. Match its thick rounded dark-brown contours, simplified rounded shapes, and restrained 2D cartoon shading. Do not copy the reference subject or composition.

Framing: One compact composition, with the complete subject using about 80-90% of the square. Keep everything inside the frame.

Output: 512x512 PNG, RGBA, genuine transparent background. No text, speech balloons, explanatory captions, empty bubbles, numerals, logos or watermark.",作成済み,,references/invidious.png
abuse.png,乱用、虐待,乱用,"Subject: Misuse of a shared resource.

Composition: Show an adult continuing to pull far too many paper towels from a public dispenser while a large unused pile already covers the nearby counter. Their excessive action makes abuse of the resource concrete without depicting interpersonal violence or a medical substance.

Style: Use the attached invidious.png for drawing style only. Match its thick rounded dark-brown contours, simplified rounded shapes, and restrained 2D cartoon shading. Do not copy the reference subject or composition.

Framing: One compact composition, with the complete subject using about 80-90% of the square. Keep everything inside the frame.

Output: 512x512 PNG, RGBA, genuine transparent background. No text, speech balloons, explanatory captions, empty bubbles, numerals, logos or watermark.",作成済み,,references/invidious.png
composed.png,落ち着いた、構成された,落ち着いた,"Subject: A person remaining composed under pressure.

Composition: Show a server calmly steadying a slightly tilted tray of cups while a nearby guest reacts with alarm, the server's face relaxed and movements controlled. Keep every cup safely on the tray, emphasizing calm self-possession without implying emotionlessness or using labels.

Style: Use the attached invidious.png for drawing style only. Match its thick rounded dark-brown contours, simplified rounded shapes, and restrained 2D cartoon shading. Do not copy the reference subject or composition.

Framing: One compact composition, with the complete subject using about 80-90% of the square. Keep everything inside the frame.

Output: 512x512 PNG, RGBA, genuine transparent background. No text, speech balloons, explanatory captions, empty bubbles, numerals, logos or watermark.",作成済み,,references/invidious.png
depression.png,憂鬱、不況、くぼみ,憂鬱,"Subject: A person feeling low and dispirited.

Composition: Show an adult seated quietly beside a window, shoulders slumped and hands resting loosely in their lap, with an untouched mug on a nearby table. Use a subdued expression to depict low mood respectfully, without diagnosing illness or adding dark symbolic threats.

Style: Use the attached invidious.png for drawing style only. Match its thick rounded dark-brown contours, simplified rounded shapes, and restrained 2D cartoon shading. Do not copy the reference subject or composition.

Framing: One compact composition, with the complete subject using about 80-90% of the square. Keep everything inside the frame.

Output: 512x512 PNG, RGBA, genuine transparent background. No text, speech balloons, explanatory captions, empty bubbles, numerals, logos or watermark.",作成済み,,references/invidious.png
ethical.png,倫理的な,倫理的な,"Subject: An ethical choice in an everyday situation.

Composition: Show a shopper returning an accidentally received extra coin to a shopkeeper, who looks pleasantly surprised while checking the change. The shopper's open hand and straightforward expression make honesty visible without moral slogans, halos, or a comparison with a dishonest character.

Style: Use the attached invidious.png for drawing style only. Match its thick rounded dark-brown contours, simplified rounded shapes, and restrained 2D cartoon shading. Do not copy the reference subject or composition.

Framing: One compact composition, with the complete subject using about 80-90% of the square. Keep everything inside the frame.

Output: 512x512 PNG, RGBA, genuine transparent background. No text, speech balloons, explanatory captions, empty bubbles, numerals, logos or watermark.",作成済み,,references/invidious.png
fifty.png,50,50,"Subject: The written quantity fifty.

Composition: Show a solid wooden number block displaying exactly 50 on its front face, held upright by one hand on a small tabletop. Make both digits large and clear, with no arithmetic, written number word, price context, or decorative counting symbols.

Style: Use the attached invidious.png for drawing style only. Match its thick rounded dark-brown contours, simplified rounded shapes, and restrained 2D cartoon shading. Do not copy the reference subject or composition.

Framing: One compact composition, with the complete subject using about 80-90% of the square. Keep everything inside the frame.

Output: 512x512 PNG, RGBA, genuine transparent background. Allow only the numeral 50 on the physical number block as the actual numerical specimen. No incidental labels, logos or watermark.",作成済み,,references/invidious.png
landscape.png,風景、造園する,風景,"Subject: A peaceful landscape.

Composition: Show a continuous countryside view with a curving stream, a grassy hill, a small grove of trees, and distant rounded mountains. Keep the natural elements spatially connected and the outer edge softly irregular, avoiding a rectangular photo frame or separate scenery panels.

Style: Use the attached invidious.png for drawing style only. Match its thick rounded dark-brown contours, simplified rounded shapes, and restrained 2D cartoon shading. Do not copy the reference subject or composition.

Framing: One compact composition, with the complete subject using about 80-90% of the square. Keep everything inside the frame.

Output: 512x512 PNG, RGBA, genuine transparent background. No text, speech balloons, explanatory captions, empty bubbles, numerals, logos or watermark.",作成済み,,references/invidious.png
sub.png,補欠、潜水艦,補欠,"Subject: A substitute player waiting to enter.

Composition: Show a football substitute rising from the sideline bench as a teammate approaches from the playing field, both wearing matching plain uniforms. The substitute stretches one leg and looks ready, with no jersey numbers, substitution board, or depiction of a submarine.

Style: Use the attached invidious.png for drawing style only. Match its thick rounded dark-brown contours, simplified rounded shapes, and restrained 2D cartoon shading. Do not copy the reference subject or composition.

Framing: One compact composition, with the complete subject using about 80-90% of the square. Keep everything inside the frame.

Output: 512x512 PNG, RGBA, genuine transparent background. No text, speech balloons, explanatory captions, empty bubbles, numerals, logos or watermark.",作成済み,,references/invidious.png
tumor.png,腫瘍,腫瘍,"Subject: A simplified tumor as an abnormal tissue mass.

Composition: Show a small clinical teaching model of tissue with an irregular rounded cluster of extra cells forming a distinct lump among an otherwise orderly layer. Keep the model non-graphic and softly colored, without labeling the lump cancerous or depicting invasive spread.

Style: Use the attached invidious.png for drawing style only. Match its thick rounded dark-brown contours, simplified rounded shapes, and restrained 2D cartoon shading. Do not copy the reference subject or composition.

Framing: One compact composition, with the complete subject using about 80-90% of the square. Keep everything inside the frame.

Output: 512x512 PNG, RGBA, genuine transparent background. No text, speech balloons, explanatory captions, empty bubbles, numerals, logos or watermark.",作成済み,,references/invidious.png
apparent.png,明白な、見かけの,明白な,"Subject: A plainly apparent physical fact.

Composition: Show a person looking directly at a chair with one leg visibly broken and the seat tilted, while the detached leg lies beside it. Their cautious step away and clear view of the damage make the defect obvious without a written warning or magnification.

Style: Use the attached invidious.png for drawing style only. Match its thick rounded dark-brown contours, simplified rounded shapes, and restrained 2D cartoon shading. Do not copy the reference subject or composition.

Framing: One compact composition, with the complete subject using about 80-90% of the square. Keep everything inside the frame.

Output: 512x512 PNG, RGBA, genuine transparent background. No text, speech balloons, explanatory captions, empty bubbles, numerals, logos or watermark.",作成済み,,references/invidious.png
consumer.png,消費者,消費者,"Subject: A consumer using a purchased product.

Composition: Show an adult opening a plain carton of breakfast cereal and pouring it into a bowl at home, with a reusable shopping bag resting nearby. The ordinary end-use of the purchased goods conveys the consumer role without branding, price labels, or marketing imagery.

Style: Use the attached invidious.png for drawing style only. Match its thick rounded dark-brown contours, simplified rounded shapes, and restrained 2D cartoon shading. Do not copy the reference subject or composition.

Framing: One compact composition, with the complete subject using about 80-90% of the square. Keep everything inside the frame.

Output: 512x512 PNG, RGBA, genuine transparent background. No text, speech balloons, explanatory captions, empty bubbles, numerals, logos or watermark.",作成済み,,references/invidious.png
satisfaction.png,満足、賠償,満足,"Subject: Satisfaction with a completed task.

Composition: Show a gardener standing back from a neatly finished flowerbed, resting both hands on a rake and smiling contentedly at the tidy result. Their relaxed shoulders and appreciative gaze convey fulfillment, with the full bed visible and no award or written praise.

Style: Use the attached invidious.png for drawing style only. Match its thick rounded dark-brown contours, simplified rounded shapes, and restrained 2D cartoon shading. Do not copy the reference subject or composition.

Framing: One compact composition, with the complete subject using about 80-90% of the square. Keep everything inside the frame.

Output: 512x512 PNG, RGBA, genuine transparent background. No text, speech balloons, explanatory captions, empty bubbles, numerals, logos or watermark.",作成済み,,references/invidious.png
twelve.png,12,12,"Subject: The written quantity twelve.

Composition: Show one wooden number block displaying exactly 12, supported upright by a hand at its lower edge. Keep the two digits as the main visible specimen, with no extra numerical sequence, clock face, written number word, or decorative equation.

Style: Use the attached invidious.png for drawing style only. Match its thick rounded dark-brown contours, simplified rounded shapes, and restrained 2D cartoon shading. Do not copy the reference subject or composition.

Framing: One compact composition, with the complete subject using about 80-90% of the square. Keep everything inside the frame.

Output: 512x512 PNG, RGBA, genuine transparent background. Allow only the numeral 12 on the physical number block as the actual numerical specimen. No incidental labels, logos or watermark.",作成済み,,references/invidious.png
complexity.png,複雑さ,複雑さ,"Subject: The complexity of an intricate mechanism.

Composition: Show a repairer studying a compact open mechanical clock filled with many interlocking gears, springs, and linked levers, all still assembled inside its case. Their thoughtful expression and careful probing hand emphasize interconnected complexity without an exploded diagram or unreadable technical labels.

Style: Use the attached invidious.png for drawing style only. Match its thick rounded dark-brown contours, simplified rounded shapes, and restrained 2D cartoon shading. Do not copy the reference subject or composition.

Framing: One compact composition, with the complete subject using about 80-90% of the square. Keep everything inside the frame.

Output: 512x512 PNG, RGBA, genuine transparent background. No text, speech balloons, explanatory captions, empty bubbles, numerals, logos or watermark.",作成済み,,references/invidious.png
defense.png,防衛、弁護,防衛,"Subject: Defense against an approaching object.

Composition: Show a goalkeeper bracing in front of a small goal and catching a soft football before it crosses the line. Their balanced stance, open gloves, and ball contact make active defense clear, with no collision, injury, military symbolism, or written score.

Style: Use the attached invidious.png for drawing style only. Match its thick rounded dark-brown contours, simplified rounded shapes, and restrained 2D cartoon shading. Do not copy the reference subject or composition.

Framing: One compact composition, with the complete subject using about 80-90% of the square. Keep everything inside the frame.

Output: 512x512 PNG, RGBA, genuine transparent background. No text, speech balloons, explanatory captions, empty bubbles, numerals, logos or watermark.",作成済み,,references/invidious.png
determination.png,決心,決心,"Subject: A person showing determination.

Composition: Show a child patiently rebuilding a fallen block tower, jaw set and eyes focused as they position a broad foundation block. A few fallen blocks remain nearby, but their upright posture and steady hands show commitment to trying again without motivational slogans.

Style: Use the attached invidious.png for drawing style only. Match its thick rounded dark-brown contours, simplified rounded shapes, and restrained 2D cartoon shading. Do not copy the reference subject or composition.

Framing: One compact composition, with the complete subject using about 80-90% of the square. Keep everything inside the frame.

Output: 512x512 PNG, RGBA, genuine transparent background. No text, speech balloons, explanatory captions, empty bubbles, numerals, logos or watermark.",作成済み,,references/invidious.png
enable.png,可能にする,可能にする,"Subject: A change enabling someone to take part.

Composition: Show a wheelchair user rolling independently up a short accessible ramp into a garden workshop while a companion holds the door open. The ramp's smooth connection and clear doorway make access possible, portraying the person as an active participant without pity or labels.

Style: Use the attached invidious.png for drawing style only. Match its thick rounded dark-brown contours, simplified rounded shapes, and restrained 2D cartoon shading. Do not copy the reference subject or composition.

Framing: One compact composition, with the complete subject using about 80-90% of the square. Keep everything inside the frame.

Output: 512x512 PNG, RGBA, genuine transparent background. No text, speech balloons, explanatory captions, empty bubbles, numerals, logos or watermark.",作成済み,,references/invidious.png
engine.png,エンジン、機関車,エンジン,"Subject: A compact combustion engine.

Composition: Show a clean small engine resting on a workshop stand, with its metal cylinder block, cooling fins, exhaust pipe, and connected shaft clearly assembled. A mechanic examines it from the side, keeping the whole functional unit visible without brand names or an exploded diagram.

Style: Use the attached invidious.png for drawing style only. Match its thick rounded dark-brown contours, simplified rounded shapes, and restrained 2D cartoon shading. Do not copy the reference subject or composition.

Framing: One compact composition, with the complete subject using about 80-90% of the square. Keep everything inside the frame.

Output: 512x512 PNG, RGBA, genuine transparent background. No text, speech balloons, explanatory captions, empty bubbles, numerals, logos or watermark.",作成済み,,references/invidious.png
maintenance.png,維持,維持,"Subject: Routine maintenance of equipment.

Composition: Show a gardener cleaning soil from a spade and applying a light protective wipe to its blade beside a tidy tool rack. Their careful attention to the intact tool conveys upkeep, with no major damage, discarded parts, or written service schedule.

Style: Use the attached invidious.png for drawing style only. Match its thick rounded dark-brown contours, simplified rounded shapes, and restrained 2D cartoon shading. Do not copy the reference subject or composition.

Framing: One compact composition, with the complete subject using about 80-90% of the square. Keep everything inside the frame.

Output: 512x512 PNG, RGBA, genuine transparent background. No text, speech balloons, explanatory captions, empty bubbles, numerals, logos or watermark.",作成済み,,references/invidious.png
obviously.png,明らかに,明らかに,"Subject: Something visibly obvious at a glance.

Composition: Show a person holding a transparent empty water jug upside down above a cup, with nothing pouring out and the bare interior fully visible. Their resigned expression and the unmistakable emptiness make the situation obvious without captions, punctuation, or a hidden explanation.

Style: Use the attached invidious.png for drawing style only. Match its thick rounded dark-brown contours, simplified rounded shapes, and restrained 2D cartoon shading. Do not copy the reference subject or composition.

Framing: One compact composition, with the complete subject using about 80-90% of the square. Keep everything inside the frame.

Output: 512x512 PNG, RGBA, genuine transparent background. No text, speech balloons, explanatory captions, empty bubbles, numerals, logos or watermark.",作成済み,,references/invidious.png
superior.png,上位の、上役,上位の,"Subject: A person in a higher organizational position.

Composition: Show a senior workshop supervisor seated at a review desk while a team leader stands beside them presenting an unreadable work folder for approval. The supervisor's accepting gesture and the waiting subordinate relationship convey rank without implying personal superiority or using job-title labels.

Style: Use the attached invidious.png for drawing style only. Match its thick rounded dark-brown contours, simplified rounded shapes, and restrained 2D cartoon shading. Do not copy the reference subject or composition.

Framing: One compact composition, with the complete subject using about 80-90% of the square. Keep everything inside the frame.

Output: 512x512 PNG, RGBA, genuine transparent background. No text, speech balloons, explanatory captions, empty bubbles, numerals, logos or watermark.",作成済み,,references/invidious.png
transmission.png,送信、変速機,送信,"Subject: A signal being transmitted.

Composition: Show a radio operator speaking into a handheld microphone connected by cable to a compact transmitter with an upright antenna and one glowing indicator lamp. Keep the complete equipment physically connected, emphasizing sending a signal without radio-wave symbols, dialogue text, or technical frequency numbers.

Style: Use the attached invidious.png for drawing style only. Match its thick rounded dark-brown contours, simplified rounded shapes, and restrained 2D cartoon shading. Do not copy the reference subject or composition.

Framing: One compact composition, with the complete subject using about 80-90% of the square. Keep everything inside the frame.

Output: 512x512 PNG, RGBA, genuine transparent background. No text, speech balloons, explanatory captions, empty bubbles, numerals, logos or watermark.",作成済み,,references/invidious.png
miss.png,逃す、寂しく思う,逃す,"Subject: A person narrowly missing a departure.

Composition: Show a traveler reaching a bus stop just as the bus pulls away, with the closed passenger door already beyond their outstretched hand. The traveler stops safely at the curb, suitcase beside them, conveying the missed opportunity without chasing into traffic.

Style: Use the attached invidious.png for drawing style only. Match its thick rounded dark-brown contours, simplified rounded shapes, and restrained 2D cartoon shading. Do not copy the reference subject or composition.

Framing: One compact composition, with the complete subject using about 80-90% of the square. Keep everything inside the frame.

Output: 512x512 PNG, RGBA, genuine transparent background. No text, speech balloons, explanatory captions, empty bubbles, numerals, logos or watermark.",作成済み,,references/invidious.png
prepare.png,準備する,準備する,"Subject: A person preparing for a task.

Composition: Show a painter spreading a protective cloth beneath a small chair and placing a brush and paint pot within reach before starting work. The chair remains unpainted and the deliberate setup makes preparation clear, with all tools orderly and no written checklist.

Style: Use the attached invidious.png for drawing style only. Match its thick rounded dark-brown contours, simplified rounded shapes, and restrained 2D cartoon shading. Do not copy the reference subject or composition.

Framing: One compact composition, with the complete subject using about 80-90% of the square. Keep everything inside the frame.

Output: 512x512 PNG, RGBA, genuine transparent background. No text, speech balloons, explanatory captions, empty bubbles, numerals, logos or watermark.",作成済み,,references/invidious.png
appeal.png,訴える、魅力,訴える,"Subject: A person making an earnest appeal.

Composition: Show a resident presenting photographs of a damaged community bench to a local official, leaning forward with an open palm and concerned expression. The official studies the images attentively, grounding the request for help without dialogue, accusations, or readable petition text.

Style: Use the attached invidious.png for drawing style only. Match its thick rounded dark-brown contours, simplified rounded shapes, and restrained 2D cartoon shading. Do not copy the reference subject or composition.

Framing: One compact composition, with the complete subject using about 80-90% of the square. Keep everything inside the frame.

Output: 512x512 PNG, RGBA, genuine transparent background. No text, speech balloons, explanatory captions, empty bubbles, numerals, logos or watermark.",作成済み,,references/invidious.png
assess.png,評価する、課税する,評価する,"Subject: A person assessing an object's condition.

Composition: Show a bicycle mechanic checking tire wear and squeezing a brake lever while the owner waits beside the repair stand. Their focused inspection and plain unreadable clipboard convey evaluation, with the bicycle intact and no invented price, safety certification, or written verdict.

Style: Use the attached invidious.png for drawing style only. Match its thick rounded dark-brown contours, simplified rounded shapes, and restrained 2D cartoon shading. Do not copy the reference subject or composition.

Framing: One compact composition, with the complete subject using about 80-90% of the square. Keep everything inside the frame.

Output: 512x512 PNG, RGBA, genuine transparent background. No text, speech balloons, explanatory captions, empty bubbles, numerals, logos or watermark.",作成済み,,references/invidious.png
comprehensive.png,包括的な、理解力のある,包括的な,"Subject: A thorough inspection covering the whole object.

Composition: Show a mechanic carefully checking a bicycle from wheel to handlebars, with the wheel, chain, brakes, saddle, and frame all clearly visible around the work stand. An unlettered checklist rests nearby, suggesting comprehensive coverage without cluttering the image with separate detail panels.

Style: Use the attached invidious.png for drawing style only. Match its thick rounded dark-brown contours, simplified rounded shapes, and restrained 2D cartoon shading. Do not copy the reference subject or composition.

Framing: One compact composition, with the complete subject using about 80-90% of the square. Keep everything inside the frame.

Output: 512x512 PNG, RGBA, genuine transparent background. No text, speech balloons, explanatory captions, empty bubbles, numerals, logos or watermark.",作成済み,,references/invidious.png
consequence.png,結果、重大性,結果,"Subject: A direct consequence of a careless action.

Composition: Show a child looking at spilled water spreading from a cup knocked over by their elbow, with the elbow still beside the tilted cup. Their surprised face and a wet paper drawing make the immediate result visible without blame text or a before-and-after sequence.

Style: Use the attached invidious.png for drawing style only. Match its thick rounded dark-brown contours, simplified rounded shapes, and restrained 2D cartoon shading. Do not copy the reference subject or composition.

Framing: One compact composition, with the complete subject using about 80-90% of the square. Keep everything inside the frame.

Output: 512x512 PNG, RGBA, genuine transparent background. No text, speech balloons, explanatory captions, empty bubbles, numerals, logos or watermark.",作成済み,,references/invidious.png
democracy.png,民主主義,民主主義,"Subject: People sharing a democratic decision.

Composition: Show five neighbors seated in a small circle around a proposed garden model, with three raising hands to vote while the others watch respectfully. Give everyone equal seating and attention, conveying collective decision-making without party symbols, written ballots, or a commanding central ruler.

Style: Use the attached invidious.png for drawing style only. Match its thick rounded dark-brown contours, simplified rounded shapes, and restrained 2D cartoon shading. Do not copy the reference subject or composition.

Framing: One compact composition, with the complete subject using about 80-90% of the square. Keep everything inside the frame.

Output: 512x512 PNG, RGBA, genuine transparent background. No text, speech balloons, explanatory captions, empty bubbles, numerals, logos or watermark.",作成済み,,references/invidious.png
dynamics.png,力学,力学,"Subject: A practical demonstration of mechanics.

Composition: Show a student releasing a small wheeled cart on a slightly sloped track while watching it roll downhill toward a soft stop. Keep the cart, slope, and clear path coherent, illustrating motion under a force without numerical equations, arrows, or unsafe speed.

Style: Use the attached invidious.png for drawing style only. Match its thick rounded dark-brown contours, simplified rounded shapes, and restrained 2D cartoon shading. Do not copy the reference subject or composition.

Framing: One compact composition, with the complete subject using about 80-90% of the square. Keep everything inside the frame.

Output: 512x512 PNG, RGBA, genuine transparent background. No text, speech balloons, explanatory captions, empty bubbles, numerals, logos or watermark.",作成済み,,references/invidious.png
percentage.png,割合,割合,"Subject: A percentage represented as part of a whole.

Composition: Show a round wooden disk divided into four equal sectors, with exactly one sector blue and the remaining three pale, held beside a small tile displaying 25%. Keep the disk assembled as one whole and use no explanatory words or extra quantities.

Style: Use the attached invidious.png for drawing style only. Match its thick rounded dark-brown contours, simplified rounded shapes, and restrained 2D cartoon shading. Do not copy the reference subject or composition.

Framing: One compact composition, with the complete subject using about 80-90% of the square. Keep everything inside the frame.

Output: 512x512 PNG, RGBA, genuine transparent background. Allow only 25% on the physical percentage tile as essential mathematical notation. No incidental labels, logos or watermark.",作成済み,,references/invidious.png
plastic.png,プラスチックの,プラスチックの,"Subject: An everyday plastic object.

Composition: Show a lightweight molded plastic watering can in bright blue, with a smooth slightly glossy surface, a hollow handle, and a visible manufacturing seam. A hand lifts it easily by the handle, keeping the material cue central without recycling codes or brand labels.

Style: Use the attached invidious.png for drawing style only. Match its thick rounded dark-brown contours, simplified rounded shapes, and restrained 2D cartoon shading. Do not copy the reference subject or composition.

Framing: One compact composition, with the complete subject using about 80-90% of the square. Keep everything inside the frame.

Output: 512x512 PNG, RGBA, genuine transparent background. No text, speech balloons, explanatory captions, empty bubbles, numerals, logos or watermark.",作成済み,,references/invidious.png
billion.png,10億,10億,"Subject: The written quantity one billion.

Composition: Show a wide sturdy tabletop number plaque displaying exactly 1,000,000,000, supported by two small feet. Keep the full numeral large and readable as the actual numerical specimen, with no currency symbol, written number word, comparison chart, or decorative equation.

Style: Use the attached invidious.png for drawing style only. Match its thick rounded dark-brown contours, simplified rounded shapes, and restrained 2D cartoon shading. Do not copy the reference subject or composition.

Framing: One compact composition, with the complete subject using about 80-90% of the square. Keep everything inside the frame.

Output: 512x512 PNG, RGBA, genuine transparent background. Allow only the numeral 1,000,000,000 on the physical number plaque as the actual numerical specimen. No incidental labels, logos or watermark.",作成済み,,references/invidious.png
immune.png,免疫の、免れた,免疫の,"Subject: An immune cell defending against microbes.

Composition: Show a simplified large white blood cell wrapping its soft outer edge around a much smaller rod-shaped microbe, with a few other microbes nearby. Keep the microscopic scene non-graphic and conceptual, emphasizing defensive engulfment without shields, faces on cells, or claims of complete immunity.

Style: Use the attached invidious.png for drawing style only. Match its thick rounded dark-brown contours, simplified rounded shapes, and restrained 2D cartoon shading. Do not copy the reference subject or composition.

Framing: One compact composition, with the complete subject using about 80-90% of the square. Keep everything inside the frame.

Output: 512x512 PNG, RGBA, genuine transparent background. No text, speech balloons, explanatory captions, empty bubbles, numerals, logos or watermark.",作成済み,,references/invidious.png
motor.png,モーター,モーター,"Subject: A small electric motor driving a fan.

Composition: Show a compact electric motor on a workbench with a short rotating shaft connected directly to a small fan, and insulated wires leading to a closed battery pack. Keep every component assembled and the fan blades simple, without exposed wiring hazards or technical labels.

Style: Use the attached invidious.png for drawing style only. Match its thick rounded dark-brown contours, simplified rounded shapes, and restrained 2D cartoon shading. Do not copy the reference subject or composition.

Framing: One compact composition, with the complete subject using about 80-90% of the square. Keep everything inside the frame.

Output: 512x512 PNG, RGBA, genuine transparent background. No text, speech balloons, explanatory captions, empty bubbles, numerals, logos or watermark.",作成済み,,references/invidious.png
permanent.png,永久の、パーマ,永久の,"Subject: A permanent fixing built into a structure.

Composition: Show a mason inspecting a metal post firmly embedded in a cured concrete footing, with the ground beside the base opened enough to reveal the substantial support. The fixed attachment and upright post convey intended permanence without a time claim, removable clamp, or hairstyle imagery.

Style: Use the attached invidious.png for drawing style only. Match its thick rounded dark-brown contours, simplified rounded shapes, and restrained 2D cartoon shading. Do not copy the reference subject or composition.

Framing: One compact composition, with the complete subject using about 80-90% of the square. Keep everything inside the frame.

Output: 512x512 PNG, RGBA, genuine transparent background. No text, speech balloons, explanatory captions, empty bubbles, numerals, logos or watermark.",作成済み,,references/invidious.png
profile.png,横顔、人物紹介,横顔,"Subject: A person's side profile.

Composition: Show an adult facing directly left in a clean side view, with forehead, nose, lips, chin, ear, and the curve of the neck forming one clear silhouette. Keep their expression neutral and shoulders visible, without a front-facing second portrait or identifying text.

Style: Use the attached invidious.png for drawing style only. Match its thick rounded dark-brown contours, simplified rounded shapes, and restrained 2D cartoon shading. Do not copy the reference subject or composition.

Framing: One compact composition, with the complete subject using about 80-90% of the square. Keep everything inside the frame.

Output: 512x512 PNG, RGBA, genuine transparent background. No text, speech balloons, explanatory captions, empty bubbles, numerals, logos or watermark.",作成済み,,references/invidious.png
skill.png,技能,技能,"Subject: A practiced manual skill.

Composition: Show an experienced craftsperson carving a smooth curved wooden spoon, holding the work securely while guiding a small tool with precise controlled movements. The clean emerging shape, focused gaze, and modest shavings convey developed skill without medals, written praise, or an unsafe grip.

Style: Use the attached invidious.png for drawing style only. Match its thick rounded dark-brown contours, simplified rounded shapes, and restrained 2D cartoon shading. Do not copy the reference subject or composition.

Framing: One compact composition, with the complete subject using about 80-90% of the square. Keep everything inside the frame.

Output: 512x512 PNG, RGBA, genuine transparent background. No text, speech balloons, explanatory captions, empty bubbles, numerals, logos or watermark.",作成済み,,references/invidious.png
admit.png,認める、入れる,認める,"Subject: admit, acknowledging responsibility for a broken object.

Composition: Show one adult beside a broken flowerpot, touching their own chest with an open hand while looking directly at its owner. Their lowered shoulders and contrite face acknowledge the mistake; a knocked-over watering can lies beside the scattered soil.

Style: Use the attached invidious.png for drawing style only. Match its thick rounded dark-brown contours, simplified rounded shapes, and restrained 2D cartoon shading. Do not copy the reference subject or composition.

Framing: One compact composition, with the complete subject using about 80-90% of the square. Keep everything inside the frame.

Output: 512x512 PNG, RGBA, genuine transparent background. No text, speech balloons, explanatory captions, empty bubbles, numerals, logos or watermark.",作成済み,,references/invidious.png
breakfast.png,朝食,朝食,"Subject: breakfast, the first meal of the morning.

Composition: Show one seated adult eating toast and an egg at a small kitchen table, with a mug and peeled orange beside the plate. A low rising sun appears through the adjoining window, and the person still wears comfortable pajamas.

Style: Use the attached invidious.png for drawing style only. Match its thick rounded dark-brown contours, simplified rounded shapes, and restrained 2D cartoon shading. Do not copy the reference subject or composition.

Framing: One compact composition, with the complete subject using about 80-90% of the square. Keep everything inside the frame.

Output: 512x512 PNG, RGBA, genuine transparent background. No text, speech balloons, explanatory captions, empty bubbles, numerals, logos or watermark.",作成済み,,references/invidious.png
contrary.png,正反対の、つむじ曲がりの,正反対の,"Subject: contrary, pointing in exactly opposite directions.

Composition: Show two hikers standing back to back at a fork in a woodland path, each extending one arm horizontally away from the other. Their complete bodies share the same small patch of ground; their fingertips point toward opposite edges.

Style: Use the attached invidious.png for drawing style only. Match its thick rounded dark-brown contours, simplified rounded shapes, and restrained 2D cartoon shading. Do not copy the reference subject or composition.

Framing: One compact composition, with the complete subject using about 80-90% of the square. Keep everything inside the frame.

Output: 512x512 PNG, RGBA, genuine transparent background. No text, speech balloons, explanatory captions, empty bubbles, numerals, logos or watermark.",作成済み,,references/invidious.png
emotion.png,感情,感情,"Subject: emotion, a visibly strong feeling of joy.

Composition: Show an adult opening a small gift box and discovering a lovingly repaired childhood teddy bear. Their eyes shine with happy tears, their mouth opens in a warm smile, and both hands cradle the bear closely against their chest.

Style: Use the attached invidious.png for drawing style only. Match its thick rounded dark-brown contours, simplified rounded shapes, and restrained 2D cartoon shading. Do not copy the reference subject or composition.

Framing: One compact composition, with the complete subject using about 80-90% of the square. Keep everything inside the frame.

Output: 512x512 PNG, RGBA, genuine transparent background. No text, speech balloons, explanatory captions, empty bubbles, numerals, logos or watermark.",作成済み,,references/invidious.png
humanity.png,人類、人間性,人類,"Subject: humanity, people collectively across the world.

Composition: Show six people of varied ages, skin tones, and everyday clothing standing together around a small globe on a sturdy pedestal. Their relaxed poses face one another and the globe, with no person elevated above or excluded from the group.

Style: Use the attached invidious.png for drawing style only. Match its thick rounded dark-brown contours, simplified rounded shapes, and restrained 2D cartoon shading. Do not copy the reference subject or composition.

Framing: One compact composition, with the complete subject using about 80-90% of the square. Keep everything inside the frame.

Output: 512x512 PNG, RGBA, genuine transparent background. No text, speech balloons, explanatory captions, empty bubbles, numerals, logos or watermark.",作成済み,,references/invidious.png
involve.png,巻き込む,巻き込む,"Subject: involve, drawing another person into an activity.

Composition: Show two volunteers carrying a heavy folded canopy and a third passerby taking hold of its free corner after being beckoned over. The newcomer still wears a shoulder bag; all three now support the same load and walk together.

Style: Use the attached invidious.png for drawing style only. Match its thick rounded dark-brown contours, simplified rounded shapes, and restrained 2D cartoon shading. Do not copy the reference subject or composition.

Framing: One compact composition, with the complete subject using about 80-90% of the square. Keep everything inside the frame.

Output: 512x512 PNG, RGBA, genuine transparent background. No text, speech balloons, explanatory captions, empty bubbles, numerals, logos or watermark.",作成済み,,references/invidious.png
occasion.png,機会、行事,機会,"Subject: occasion, an opportunity to do something.

Composition: Show a child poised beside an empty swing just as another child steps safely away from it. The waiting child reaches toward the vacant seat with an eager smile, while the departing child leaves a clear opening for them.

Style: Use the attached invidious.png for drawing style only. Match its thick rounded dark-brown contours, simplified rounded shapes, and restrained 2D cartoon shading. Do not copy the reference subject or composition.

Framing: One compact composition, with the complete subject using about 80-90% of the square. Keep everything inside the frame.

Output: 512x512 PNG, RGBA, genuine transparent background. No text, speech balloons, explanatory captions, empty bubbles, numerals, logos or watermark.",作成済み,,references/invidious.png
overcome.png,克服する、圧倒する,克服する,"Subject: overcome, successfully getting past a difficult obstacle.

Composition: Show a hiker hauling themself onto the upper surface of a large fallen trunk that blocks the trail. One boot has reached the far side, both hands press firmly on the wood, and their relieved expression contrasts with the difficult climb.

Style: Use the attached invidious.png for drawing style only. Match its thick rounded dark-brown contours, simplified rounded shapes, and restrained 2D cartoon shading. Do not copy the reference subject or composition.

Framing: One compact composition, with the complete subject using about 80-90% of the square. Keep everything inside the frame.

Output: 512x512 PNG, RGBA, genuine transparent background. No text, speech balloons, explanatory captions, empty bubbles, numerals, logos or watermark.",作成済み,,references/invidious.png
reform.png,改革する,改革する,"Subject: reform, changing an existing system to improve it.

Composition: Show a workshop supervisor rearranging a tangled production bench into a clear sequence of cutting, sanding, and packing stations on one continuous worktable. Two workers use the improved arrangement while obsolete crossed conveyer pieces rest in a discard cart.

Style: Use the attached invidious.png for drawing style only. Match its thick rounded dark-brown contours, simplified rounded shapes, and restrained 2D cartoon shading. Do not copy the reference subject or composition.

Framing: One compact composition, with the complete subject using about 80-90% of the square. Keep everything inside the frame.

Output: 512x512 PNG, RGBA, genuine transparent background. No text, speech balloons, explanatory captions, empty bubbles, numerals, logos or watermark.",作成済み,,references/invidious.png
capture.png,捕らえる、記録する,捕らえる,"Subject: capture, catching and retaining an escaping animal.

Composition: Show a wildlife rescuer crouching beside a small escaped rabbit now safely enclosed in a ventilated carrier. One hand closes the carrier door while the other steadies its base; a tipped empty travel box sits behind the alert rabbit.

Style: Use the attached invidious.png for drawing style only. Match its thick rounded dark-brown contours, simplified rounded shapes, and restrained 2D cartoon shading. Do not copy the reference subject or composition.

Framing: One compact composition, with the complete subject using about 80-90% of the square. Keep everything inside the frame.

Output: 512x512 PNG, RGBA, genuine transparent background. No text, speech balloons, explanatory captions, empty bubbles, numerals, logos or watermark.",作成済み,,references/invidious.png
conscious.png,意識がある,意識がある,"Subject: conscious, awake and responding to surroundings.

Composition: Show an adult reclining safely on a bench after resting, eyes open and focused on a companion. They deliberately take the offered cup in one hand and raise the other in acknowledgment, clearly interacting with the person beside them.

Style: Use the attached invidious.png for drawing style only. Match its thick rounded dark-brown contours, simplified rounded shapes, and restrained 2D cartoon shading. Do not copy the reference subject or composition.

Framing: One compact composition, with the complete subject using about 80-90% of the square. Keep everything inside the frame.

Output: 512x512 PNG, RGBA, genuine transparent background. No text, speech balloons, explanatory captions, empty bubbles, numerals, logos or watermark.",作成済み,,references/invidious.png
definitely.png,確実に,確実に,"Subject: definitely, with unmistakable certainty.

Composition: Show a carpenter checking that a shelf is level with a spirit level resting firmly on top. The bubble sits exactly between its two guide marks, and the carpenter gives a confident thumbs-up while the securely fastened shelf remains straight.

Style: Use the attached invidious.png for drawing style only. Match its thick rounded dark-brown contours, simplified rounded shapes, and restrained 2D cartoon shading. Do not copy the reference subject or composition.

Framing: One compact composition, with the complete subject using about 80-90% of the square. Keep everything inside the frame.

Output: 512x512 PNG, RGBA, genuine transparent background. No text, speech balloons, explanatory captions, empty bubbles, numerals, logos or watermark.",作成済み,,references/invidious.png
gradually.png,徐々に,徐々に,"Subject: gradually, changing little by little.

Composition: Show one long candle burning on a shallow saucer, with successive rounded layers of cooled wax accumulated down its side. A fresh droplet slowly descends beneath the small flame, emphasizing a steady incremental process rather than a sudden collapse.

Style: Use the attached invidious.png for drawing style only. Match its thick rounded dark-brown contours, simplified rounded shapes, and restrained 2D cartoon shading. Do not copy the reference subject or composition.

Framing: One compact composition, with the complete subject using about 80-90% of the square. Keep everything inside the frame.

Output: 512x512 PNG, RGBA, genuine transparent background. No text, speech balloons, explanatory captions, empty bubbles, numerals, logos or watermark.",作成済み,,references/invidious.png
mistake.png,間違い,間違い,"Subject: mistake, an incorrect action with a visible result.

Composition: Show an adult trying to fit a large round lid onto a square storage box. The lid balances awkwardly across the corners, leaving obvious gaps, while the matching square lid lies unused beside their puzzled hands on the table.

Style: Use the attached invidious.png for drawing style only. Match its thick rounded dark-brown contours, simplified rounded shapes, and restrained 2D cartoon shading. Do not copy the reference subject or composition.

Framing: One compact composition, with the complete subject using about 80-90% of the square. Keep everything inside the frame.

Output: 512x512 PNG, RGBA, genuine transparent background. No text, speech balloons, explanatory captions, empty bubbles, numerals, logos or watermark.",作成済み,,references/invidious.png
naturally.png,当然,当然,"Subject: naturally, as would be expected.

Composition: Show an adult opening an umbrella as rain begins falling over a small pavement patch. Their face remains unsurprised and matter-of-fact; drops bounce off the canopy while the exposed pavement becomes wet and their covered shoulders stay dry.

Style: Use the attached invidious.png for drawing style only. Match its thick rounded dark-brown contours, simplified rounded shapes, and restrained 2D cartoon shading. Do not copy the reference subject or composition.

Framing: One compact composition, with the complete subject using about 80-90% of the square. Keep everything inside the frame.

Output: 512x512 PNG, RGBA, genuine transparent background. No text, speech balloons, explanatory captions, empty bubbles, numerals, logos or watermark.",作成済み,,references/invidious.png
plus.png,プラスの,プラスの,"Subject: plus, positive in numerical value.

Composition: Show a sturdy tabletop thermometer with its liquid column ending at +5°C, visibly above a lower 0 mark. Place the plus sign directly before 5 and keep both scale positions ordered correctly; show the complete instrument and its supporting base.

Style: Use the attached invidious.png for drawing style only. Match its thick rounded dark-brown contours, simplified rounded shapes, and restrained 2D cartoon shading. Do not copy the reference subject or composition.

Framing: One compact composition, with the complete subject using about 80-90% of the square. Keep everything inside the frame.

Output: 512x512 PNG, RGBA, genuine transparent background. Allow only the essential temperature notation +5°C and 0 on the thermometer; no other text or labels. No incidental labels, logos or watermark.",作成済み,,references/invidious.png
precisely.png,正確に,正確に,"Subject: precisely, with exact alignment.

Composition: Show a craftsperson lowering a tiny square mosaic tile into its matching square gap using tweezers. All four edges align flush with the surrounding tiles, with evenly spaced seams; the steady hand and close attention emphasize exact placement.

Style: Use the attached invidious.png for drawing style only. Match its thick rounded dark-brown contours, simplified rounded shapes, and restrained 2D cartoon shading. Do not copy the reference subject or composition.

Framing: One compact composition, with the complete subject using about 80-90% of the square. Keep everything inside the frame.

Output: 512x512 PNG, RGBA, genuine transparent background. No text, speech balloons, explanatory captions, empty bubbles, numerals, logos or watermark.",作成済み,,references/invidious.png
substantial.png,実質的な、相当な,実質的な,"Subject: substantial, having real solidity and practical substance.

Composition: Show a carpenter inspecting a thick solid wooden bench that securely supports two heavy filled sacks. The broad seat and robust joined legs remain straight under the load, while the carpenter presses one joint firmly, emphasizing actual structural strength rather than decoration.

Style: Use the attached invidious.png for drawing style only. Match its thick rounded dark-brown contours, simplified rounded shapes, and restrained 2D cartoon shading. Do not copy the reference subject or composition.

Framing: One compact composition, with the complete subject using about 80-90% of the square. Keep everything inside the frame.

Output: 512x512 PNG, RGBA, genuine transparent background. No text, speech balloons, explanatory captions, empty bubbles, numerals, logos or watermark.",作成済み,,references/invidious.png
conference.png,会議、連盟,会議,"Subject: conference, a meeting for shared discussion.

Composition: Show four adults seated around one round meeting table, one of them pointing at a small physical bridge model. The other three lean toward the model with attentive faces; plain notebooks and water glasses occupy the table edges without obstructing their hands.

Style: Use the attached invidious.png for drawing style only. Match its thick rounded dark-brown contours, simplified rounded shapes, and restrained 2D cartoon shading. Do not copy the reference subject or composition.

Framing: One compact composition, with the complete subject using about 80-90% of the square. Keep everything inside the frame.

Output: 512x512 PNG, RGBA, genuine transparent background. No text, speech balloons, explanatory captions, empty bubbles, numerals, logos or watermark.",作成済み,,references/invidious.png
destruction.png,破壊,破壊,"Subject: destruction, severe physical breaking of something.

Composition: Show a demolished brick wall lying in a broad heap, with jagged standing ends on either side of a large gap. A wrecking ball hangs stationary just beyond the rubble, attached to its cable, with no people beneath it.

Style: Use the attached invidious.png for drawing style only. Match its thick rounded dark-brown contours, simplified rounded shapes, and restrained 2D cartoon shading. Do not copy the reference subject or composition.

Framing: One compact composition, with the complete subject using about 80-90% of the square. Keep everything inside the frame.

Output: 512x512 PNG, RGBA, genuine transparent background. No text, speech balloons, explanatory captions, empty bubbles, numerals, logos or watermark.",作成済み,,references/invidious.png
institution.png,制度、機関,制度,"Subject: institution, an established system governing shared activity.

Composition: Show a formal voting procedure at a community table: one adult privately folds a ballot, another deposits theirs into a sealed ballot box, and an official checks an orderly queue. The repeated, structured process is the focus, with no readable writing.

Style: Use the attached invidious.png for drawing style only. Match its thick rounded dark-brown contours, simplified rounded shapes, and restrained 2D cartoon shading. Do not copy the reference subject or composition.

Framing: One compact composition, with the complete subject using about 80-90% of the square. Keep everything inside the frame.

Output: 512x512 PNG, RGBA, genuine transparent background. No text, speech balloons, explanatory captions, empty bubbles, numerals, logos or watermark.",作成済み,,references/invidious.png
proud.png,誇りに思う,誇りに思う,"Subject: proud, pleased with a personal achievement.

Composition: Show a young adult standing beside a wooden chair they have finished building, resting one hand on its smooth backrest. Their lifted chin and broad satisfied smile face a visiting friend; a few safely arranged woodworking tools remain on the bench.

Style: Use the attached invidious.png for drawing style only. Match its thick rounded dark-brown contours, simplified rounded shapes, and restrained 2D cartoon shading. Do not copy the reference subject or composition.

Framing: One compact composition, with the complete subject using about 80-90% of the square. Keep everything inside the frame.

Output: 512x512 PNG, RGBA, genuine transparent background. No text, speech balloons, explanatory captions, empty bubbles, numerals, logos or watermark.",作成済み,,references/invidious.png
select.png,選ぶ,選ぶ,"Subject: select, choosing one item from several.

Composition: Show a shopper lifting one ripe red apple out of a basket containing red, green, and yellow apples. Their eyes focus on the chosen fruit, and their free hand holds an open reusable bag while the other apples stay in place.

Style: Use the attached invidious.png for drawing style only. Match its thick rounded dark-brown contours, simplified rounded shapes, and restrained 2D cartoon shading. Do not copy the reference subject or composition.

Framing: One compact composition, with the complete subject using about 80-90% of the square. Keep everything inside the frame.

Output: 512x512 PNG, RGBA, genuine transparent background. No text, speech balloons, explanatory captions, empty bubbles, numerals, logos or watermark.",作成済み,,references/invidious.png
independence.png,独立,独立,"Subject: independence, managing without another person's assistance.

Composition: Show a young adult assembling and eating a simple meal in their own small kitchenette. They confidently stir a pan while an unpacked moving box, their house key, and a single place setting establish a newly self-managed home.

Style: Use the attached invidious.png for drawing style only. Match its thick rounded dark-brown contours, simplified rounded shapes, and restrained 2D cartoon shading. Do not copy the reference subject or composition.

Framing: One compact composition, with the complete subject using about 80-90% of the square. Keep everything inside the frame.

Output: 512x512 PNG, RGBA, genuine transparent background. No text, speech balloons, explanatory captions, empty bubbles, numerals, logos or watermark.",作成済み,,references/invidious.png
involvement.png,関与,関与,"Subject: involvement, active participation in a shared activity.

Composition: Show three neighbors repainting a park bench together, each actively contributing: one brushes the backrest, one sands an armrest, and one steadies the paint tray. Their tools touch the same bench, making participation concrete rather than merely standing nearby.

Style: Use the attached invidious.png for drawing style only. Match its thick rounded dark-brown contours, simplified rounded shapes, and restrained 2D cartoon shading. Do not copy the reference subject or composition.

Framing: One compact composition, with the complete subject using about 80-90% of the square. Keep everything inside the frame.

Output: 512x512 PNG, RGBA, genuine transparent background. No text, speech balloons, explanatory captions, empty bubbles, numerals, logos or watermark.",作成済み,,references/invidious.png
legislation.png,立法,立法,"Subject: legislation, making laws through a formal assembly.

Composition: Show a presiding chair and four lawmakers seated around a semicircular chamber desk, raising their hands to vote on an open bound legislative document. A clerk records the result at a lower desk; the pages contain no readable words.

Style: Use the attached invidious.png for drawing style only. Match its thick rounded dark-brown contours, simplified rounded shapes, and restrained 2D cartoon shading. Do not copy the reference subject or composition.

Framing: One compact composition, with the complete subject using about 80-90% of the square. Keep everything inside the frame.

Output: 512x512 PNG, RGBA, genuine transparent background. No text, speech balloons, explanatory captions, empty bubbles, numerals, logos or watermark.",作成済み,,references/invidious.png
sake.png,ため,ため,"Subject: sake, an action done for another's benefit.

Composition: Show an adult holding a broad umbrella entirely over a child and the child's schoolbag while their own outside shoulder gets wet. The adult bends the handle toward the child, making the beneficiary of this small sacrifice unmistakable.

Style: Use the attached invidious.png for drawing style only. Match its thick rounded dark-brown contours, simplified rounded shapes, and restrained 2D cartoon shading. Do not copy the reference subject or composition.

Framing: One compact composition, with the complete subject using about 80-90% of the square. Keep everything inside the frame.

Output: 512x512 PNG, RGBA, genuine transparent background. No text, speech balloons, explanatory captions, empty bubbles, numerals, logos or watermark.",作成済み,,references/invidious.png
separation.png,分離、別居,分離,"Subject: separation, moving things apart.

Composition: Show a cook placing the two halves of a freshly split orange onto opposite sides of a cutting board. Both hands draw the halves away from the center, exposing their matching juicy interiors and leaving a clear empty gap between them.

Style: Use the attached invidious.png for drawing style only. Match its thick rounded dark-brown contours, simplified rounded shapes, and restrained 2D cartoon shading. Do not copy the reference subject or composition.

Framing: One compact composition, with the complete subject using about 80-90% of the square. Keep everything inside the frame.

Output: 512x512 PNG, RGBA, genuine transparent background. No text, speech balloons, explanatory captions, empty bubbles, numerals, logos or watermark.",作成済み,,references/invidious.png
classroom.png,教室,教室,"Subject: classroom, a room used for teaching.

Composition: Show one teacher beside a chalkboard and three students seated at separate small desks facing it. The teacher holds a wooden triangle, with other geometric solids on a front table; books and chairs establish a compact, clearly organized learning space.

Style: Use the attached invidious.png for drawing style only. Match its thick rounded dark-brown contours, simplified rounded shapes, and restrained 2D cartoon shading. Do not copy the reference subject or composition.

Framing: One compact composition, with the complete subject using about 80-90% of the square. Keep everything inside the frame.

Output: 512x512 PNG, RGBA, genuine transparent background. No text, speech balloons, explanatory captions, empty bubbles, numerals, logos or watermark.",作成済み,,references/invidious.png
consent.png,同意,同意,"Subject: consent, freely agreeing to a proposed action.

Composition: Show a hairdresser holding scissors safely lowered while a seated adult touches the desired short length of their own hair and nods with a clear thumbs-up. Both appear relaxed, and the haircut has not yet started; no coercive gestures appear.

Style: Use the attached invidious.png for drawing style only. Match its thick rounded dark-brown contours, simplified rounded shapes, and restrained 2D cartoon shading. Do not copy the reference subject or composition.

Framing: One compact composition, with the complete subject using about 80-90% of the square. Keep everything inside the frame.

Output: 512x512 PNG, RGBA, genuine transparent background. No text, speech balloons, explanatory captions, empty bubbles, numerals, logos or watermark.",作成済み,,references/invidious.png
cooperation.png,協力,協力,"Subject: cooperation, working together toward the same result.

Composition: Show two adults lifting opposite ends of one heavy wooden planter onto a low wheeled cart. They bend their knees and look toward each other to coordinate, with both sets of hands firmly under the same planter and the cart stable.

Style: Use the attached invidious.png for drawing style only. Match its thick rounded dark-brown contours, simplified rounded shapes, and restrained 2D cartoon shading. Do not copy the reference subject or composition.

Framing: One compact composition, with the complete subject using about 80-90% of the square. Keep everything inside the frame.

Output: 512x512 PNG, RGBA, genuine transparent background. No text, speech balloons, explanatory captions, empty bubbles, numerals, logos or watermark.",作成済み,,references/invidious.png
fly.png,飛ぶ、ハエ,飛ぶ,"Subject: fly, moving through the air.

Composition: Show one small bird airborne above a grassy bank, its wings extended and tail spread for steering. Leave a visible gap between its feet and the ground; a soft shadow falls below, clearly separating active flight from perching or jumping.

Style: Use the attached invidious.png for drawing style only. Match its thick rounded dark-brown contours, simplified rounded shapes, and restrained 2D cartoon shading. Do not copy the reference subject or composition.

Framing: One compact composition, with the complete subject using about 80-90% of the square. Keep everything inside the frame.

Output: 512x512 PNG, RGBA, genuine transparent background. No text, speech balloons, explanatory captions, empty bubbles, numerals, logos or watermark.",作成済み,,references/invidious.png
solve.png,解決する,解決する,"Subject: solve, finding a successful solution.

Composition: Show a child placing the final wooden piece into a small interlocking puzzle on a table. The piece fits the sole remaining opening exactly, completing a smooth square surface, while the child's concentrated expression changes to a pleased smile.

Style: Use the attached invidious.png for drawing style only. Match its thick rounded dark-brown contours, simplified rounded shapes, and restrained 2D cartoon shading. Do not copy the reference subject or composition.

Framing: One compact composition, with the complete subject using about 80-90% of the square. Keep everything inside the frame.

Output: 512x512 PNG, RGBA, genuine transparent background. No text, speech balloons, explanatory captions, empty bubbles, numerals, logos or watermark.",作成済み,,references/invidious.png
synthesis.png,合成,合成,"Subject: synthesis, combining separate elements into a unified whole.

Composition: Show a craftsperson weaving three differently colored yarn strands into one compact braided cord. The distinct loose strands enter from the left and merge beneath both working hands into a single orderly braid extending right across the same table.

Style: Use the attached invidious.png for drawing style only. Match its thick rounded dark-brown contours, simplified rounded shapes, and restrained 2D cartoon shading. Do not copy the reference subject or composition.

Framing: One compact composition, with the complete subject using about 80-90% of the square. Keep everything inside the frame.

Output: 512x512 PNG, RGBA, genuine transparent background. No text, speech balloons, explanatory captions, empty bubbles, numerals, logos or watermark.",作成済み,,references/invidious.png
throw.png,投げる、催す,投げる,"Subject: throw, propelling an object through the air by hand.

Composition: Show a person tossing a soft ball toward an open basket a short distance away. Their throwing hand is extended after release, the ball hangs midway along its curved path, and their balanced stance keeps both feet supported on the ground.

Style: Use the attached invidious.png for drawing style only. Match its thick rounded dark-brown contours, simplified rounded shapes, and restrained 2D cartoon shading. Do not copy the reference subject or composition.

Framing: One compact composition, with the complete subject using about 80-90% of the square. Keep everything inside the frame.

Output: 512x512 PNG, RGBA, genuine transparent background. No text, speech balloons, explanatory captions, empty bubbles, numerals, logos or watermark.",作成済み,,references/invidious.png
absolutely.png,まったく,まったく,"Subject: absolutely, completely without remainder.

Composition: Show a thirsty hiker tipping an empty transparent bottle above an open cup. Not a drop remains inside, and the bottle's clean interior is clearly visible; their surprised expression and the equally dry cup emphasize complete emptiness.

Style: Use the attached invidious.png for drawing style only. Match its thick rounded dark-brown contours, simplified rounded shapes, and restrained 2D cartoon shading. Do not copy the reference subject or composition.

Framing: One compact composition, with the complete subject using about 80-90% of the square. Keep everything inside the frame.

Output: 512x512 PNG, RGBA, genuine transparent background. No text, speech balloons, explanatory captions, empty bubbles, numerals, logos or watermark.",作成済み,,references/invidious.png
effectiveness.png,有効性,有効性,"Subject: effectiveness, producing the intended result.

Composition: Show a person sweeping scattered crumbs into a dustpan with a hand brush. A clean strip of tabletop follows directly behind the brush, while the gathered crumbs sit securely in the pan, making the tool's successful result immediately visible.

Style: Use the attached invidious.png for drawing style only. Match its thick rounded dark-brown contours, simplified rounded shapes, and restrained 2D cartoon shading. Do not copy the reference subject or composition.

Framing: One compact composition, with the complete subject using about 80-90% of the square. Keep everything inside the frame.

Output: 512x512 PNG, RGBA, genuine transparent background. No text, speech balloons, explanatory captions, empty bubbles, numerals, logos or watermark.",作成済み,,references/invidious.png
instrument.png,器具、楽器,器具,"Subject: instrument, a tool used for a specific task.

Composition: Show a jeweler holding a small pair of precision pliers over a padded work surface, carefully closing one metal ring on a bracelet. The pliers' jaws, pivot, and handles remain clearly visible, with the bracelet supported beneath the hands.

Style: Use the attached invidious.png for drawing style only. Match its thick rounded dark-brown contours, simplified rounded shapes, and restrained 2D cartoon shading. Do not copy the reference subject or composition.

Framing: One compact composition, with the complete subject using about 80-90% of the square. Keep everything inside the frame.

Output: 512x512 PNG, RGBA, genuine transparent background. No text, speech balloons, explanatory captions, empty bubbles, numerals, logos or watermark.",作成済み,,references/invidious.png
migration.png,移住,移住,"Subject: migration, moving to settle in another place.

Composition: Show a family of three arriving at a new home's doorway with suitcases, a rolled sleeping mat, and a potted plant. One adult carries the door key while the others bring belongings inside, conveying relocation rather than a brief outing.

Style: Use the attached invidious.png for drawing style only. Match its thick rounded dark-brown contours, simplified rounded shapes, and restrained 2D cartoon shading. Do not copy the reference subject or composition.

Framing: One compact composition, with the complete subject using about 80-90% of the square. Keep everything inside the frame.

Output: 512x512 PNG, RGBA, genuine transparent background. No text, speech balloons, explanatory captions, empty bubbles, numerals, logos or watermark.",作成済み,,references/invidious.png
proportion.png,割合,割合,"Subject: proportion, one part relative to the whole.

Composition: Show a round fruit tart cut into four equal quarters on one plate, with exactly one quarter covered in dark berries and the other three in pale apple slices. A serving knife rests beside the intact arrangement without removing any portion.

Style: Use the attached invidious.png for drawing style only. Match its thick rounded dark-brown contours, simplified rounded shapes, and restrained 2D cartoon shading. Do not copy the reference subject or composition.

Framing: One compact composition, with the complete subject using about 80-90% of the square. Keep everything inside the frame.

Output: 512x512 PNG, RGBA, genuine transparent background. No text, speech balloons, explanatory captions, empty bubbles, numerals, logos or watermark.",作成済み,,references/invidious.png
quantity.png,量,量,"Subject: quantity, how much of something is present.

Composition: Show a merchant scooping a substantial heap of dried beans into a broad measuring bowl on a sturdy counter. The beans form a clearly visible mound above the rim, with a larger open sack beside it and no price markings.

Style: Use the attached invidious.png for drawing style only. Match its thick rounded dark-brown contours, simplified rounded shapes, and restrained 2D cartoon shading. Do not copy the reference subject or composition.

Framing: One compact composition, with the complete subject using about 80-90% of the square. Keep everything inside the frame.

Output: 512x512 PNG, RGBA, genuine transparent background. No text, speech balloons, explanatory captions, empty bubbles, numerals, logos or watermark.",作成済み,,references/invidious.png
accident.png,事故、偶然,事故,"Subject: accident, an unplanned mishap.

Composition: Show a cyclist seated safely beside a fallen bicycle after its front wheel struck a small pothole. A spilled grocery bag lies nearby, with apples rolling across the pavement; the rider looks startled and rubs an uninjured knee without graphic wounds.

Style: Use the attached invidious.png for drawing style only. Match its thick rounded dark-brown contours, simplified rounded shapes, and restrained 2D cartoon shading. Do not copy the reference subject or composition.

Framing: One compact composition, with the complete subject using about 80-90% of the square. Keep everything inside the frame.

Output: 512x512 PNG, RGBA, genuine transparent background. No text, speech balloons, explanatory captions, empty bubbles, numerals, logos or watermark.",作成済み,,references/invidious.png
dimension.png,寸法、次元,寸法,"Subject: dimension, the measured extent of an object.

Composition: Show a carpenter holding a measuring tape taut from one end of a rectangular board to the other. The tape follows the board's long edge exactly, with its hook fixed at the near end and simple measurement ticks clearly visible.

Style: Use the attached invidious.png for drawing style only. Match its thick rounded dark-brown contours, simplified rounded shapes, and restrained 2D cartoon shading. Do not copy the reference subject or composition.

Framing: One compact composition, with the complete subject using about 80-90% of the square. Keep everything inside the frame.

Output: 512x512 PNG, RGBA, genuine transparent background. No text, speech balloons, explanatory captions, empty bubbles, numerals, logos or watermark.",作成済み,,references/invidious.png
encourage.png,励ます、促進する,励ます,"Subject: encourage, giving someone confidence to continue.

Composition: Show a child balancing on a low practice beam while a nearby adult smiles and raises two supportive thumbs. The child looks toward the far end with renewed determination, and the adult stays close enough to help without pulling or pushing.

Style: Use the attached invidious.png for drawing style only. Match its thick rounded dark-brown contours, simplified rounded shapes, and restrained 2D cartoon shading. Do not copy the reference subject or composition.

Framing: One compact composition, with the complete subject using about 80-90% of the square. Keep everything inside the frame.

Output: 512x512 PNG, RGBA, genuine transparent background. No text, speech balloons, explanatory captions, empty bubbles, numerals, logos or watermark.",作成済み,,references/invidious.png
establishment.png,設立、施設,設立,"Subject: establishment, founding a new organization or facility.

Composition: Show two bakers opening their newly equipped bakery for the first time, one turning the entrance key while the other carries the first tray of bread to an empty display counter. Unpacked equipment boxes sit neatly beneath the counter.

Style: Use the attached invidious.png for drawing style only. Match its thick rounded dark-brown contours, simplified rounded shapes, and restrained 2D cartoon shading. Do not copy the reference subject or composition.

Framing: One compact composition, with the complete subject using about 80-90% of the square. Keep everything inside the frame.

Output: 512x512 PNG, RGBA, genuine transparent background. No text, speech balloons, explanatory captions, empty bubbles, numerals, logos or watermark.",作成済み,,references/invidious.png
intense.png,強烈な,強烈な,"Subject: intense, very strong in degree.

Composition: Show a pedestrian struggling against a powerful gust, leaning forward with both hands gripping an umbrella that has turned inside out. Their coat and loose scarf stream sharply backward, and a few leaves sweep horizontally across the small pavement patch.

Style: Use the attached invidious.png for drawing style only. Match its thick rounded dark-brown contours, simplified rounded shapes, and restrained 2D cartoon shading. Do not copy the reference subject or composition.

Framing: One compact composition, with the complete subject using about 80-90% of the square. Keep everything inside the frame.

Output: 512x512 PNG, RGBA, genuine transparent background. No text, speech balloons, explanatory captions, empty bubbles, numerals, logos or watermark.",作成済み,,references/invidious.png
removal.png,除去、解任,除去,"Subject: removal, taking something unwanted away.

Composition: Show a gardener pulling a weed completely out of a vegetable bed, holding its intact roots above the freshly opened hole. Their free hand steadies the surrounding soil, while the neighboring lettuce plants remain rooted and undisturbed.

Style: Use the attached invidious.png for drawing style only. Match its thick rounded dark-brown contours, simplified rounded shapes, and restrained 2D cartoon shading. Do not copy the reference subject or composition.

Framing: One compact composition, with the complete subject using about 80-90% of the square. Keep everything inside the frame.

Output: 512x512 PNG, RGBA, genuine transparent background. No text, speech balloons, explanatory captions, empty bubbles, numerals, logos or watermark.",作成済み,,references/invidious.png
reply.png,返事,返事,"Subject: reply, a response to another person's signal.

Composition: Show two neighbors at adjacent windows: one has a raised waving hand, and the other returns the wave while smiling directly back. Both gestures clearly connect across the small gap between windows, with their bodies safely supported inside their rooms.

Style: Use the attached invidious.png for drawing style only. Match its thick rounded dark-brown contours, simplified rounded shapes, and restrained 2D cartoon shading. Do not copy the reference subject or composition.

Framing: One compact composition, with the complete subject using about 80-90% of the square. Keep everything inside the frame.

Output: 512x512 PNG, RGBA, genuine transparent background. No text, speech balloons, explanatory captions, empty bubbles, numerals, logos or watermark.",作成済み,,references/invidious.png
welcome.png,歓迎する,歓迎する,"Subject: welcome, greeting an arriving person warmly.

Composition: Show a host opening their front door wide and extending an inviting arm toward an arriving friend carrying a small travel bag. The host's warm smile and body turned aside leave a clear path into the home.

Style: Use the attached invidious.png for drawing style only. Match its thick rounded dark-brown contours, simplified rounded shapes, and restrained 2D cartoon shading. Do not copy the reference subject or composition.

Framing: One compact composition, with the complete subject using about 80-90% of the square. Keep everything inside the frame.

Output: 512x512 PNG, RGBA, genuine transparent background. No text, speech balloons, explanatory captions, empty bubbles, numerals, logos or watermark.",作成済み,,references/invidious.png
enhance.png,高める,高める,"Subject: enhance, making an existing thing better.

Composition: Show a cook adding a careful finishing sprinkle of fresh herbs to a plain bowl of soup. Bright green leaves land across the surface, and the cook studies the improved dish with satisfaction; the bowl stays centered on a clean counter.

Style: Use the attached invidious.png for drawing style only. Match its thick rounded dark-brown contours, simplified rounded shapes, and restrained 2D cartoon shading. Do not copy the reference subject or composition.

Framing: One compact composition, with the complete subject using about 80-90% of the square. Keep everything inside the frame.

Output: 512x512 PNG, RGBA, genuine transparent background. No text, speech balloons, explanatory captions, empty bubbles, numerals, logos or watermark.",作成済み,,references/invidious.png
evaluate.png,評価する,評価する,"Subject: evaluate, assessing quality against a standard.

Composition: Show a furniture inspector pressing down on a chair seat while checking its joints and level feet. A measuring square rests against one corner, and their thoughtful expression focuses on the workmanship rather than price; the entire chair stands on firm ground.

Style: Use the attached invidious.png for drawing style only. Match its thick rounded dark-brown contours, simplified rounded shapes, and restrained 2D cartoon shading. Do not copy the reference subject or composition.

Framing: One compact composition, with the complete subject using about 80-90% of the square. Keep everything inside the frame.

Output: 512x512 PNG, RGBA, genuine transparent background. No text, speech balloons, explanatory captions, empty bubbles, numerals, logos or watermark.",作成済み,,references/invidious.png
requirement.png,必要条件,必要条件,"Subject: requirement, something necessary before proceeding.

Composition: Show a helmeted cycling instructor stopping beside a child seated on a bicycle without a helmet. The instructor offers a correctly sized helmet before opening the practice gate, while the child reaches for it with the bicycle stationary.

Style: Use the attached invidious.png for drawing style only. Match its thick rounded dark-brown contours, simplified rounded shapes, and restrained 2D cartoon shading. Do not copy the reference subject or composition.

Framing: One compact composition, with the complete subject using about 80-90% of the square. Keep everything inside the frame.

Output: 512x512 PNG, RGBA, genuine transparent background. No text, speech balloons, explanatory captions, empty bubbles, numerals, logos or watermark.",作成済み,,references/invidious.png
successfully.png,うまく,うまく,"Subject: successfully, achieving the intended result.

Composition: Show a person pulling a beautifully risen loaf from an oven using two thick oven mitts. The loaf remains centered on its baking tray, and their relieved smile faces the evenly browned crust; the open oven door stays below the tray.

Style: Use the attached invidious.png for drawing style only. Match its thick rounded dark-brown contours, simplified rounded shapes, and restrained 2D cartoon shading. Do not copy the reference subject or composition.

Framing: One compact composition, with the complete subject using about 80-90% of the square. Keep everything inside the frame.

Output: 512x512 PNG, RGBA, genuine transparent background. No text, speech balloons, explanatory captions, empty bubbles, numerals, logos or watermark.",作成済み,,references/invidious.png
trauma.png,外傷、心の傷,外傷,"Subject: trauma, a physical injury caused by an accident.

Composition: Show an adult seated on a park bench after scraping their forearm against rough stone, with a small superficial abrasion visible. A companion gently covers it with a clean dressing; keep the injury minor, localized, and free of graphic blood.

Style: Use the attached invidious.png for drawing style only. Match its thick rounded dark-brown contours, simplified rounded shapes, and restrained 2D cartoon shading. Do not copy the reference subject or composition.

Framing: One compact composition, with the complete subject using about 80-90% of the square. Keep everything inside the frame.

Output: 512x512 PNG, RGBA, genuine transparent background. No text, speech balloons, explanatory captions, empty bubbles, numerals, logos or watermark.",作成済み,,references/invidious.png
adequate.png,十分な,十分な,"Subject: adequate, enough for a particular need.

Composition: Show three hikers seated around a small picnic cloth with exactly three filled water cups and three sandwiches. One hiker hands out the last sandwich to the waiting third person, leaving everyone supplied and no exaggerated surplus on the cloth.

Style: Use the attached invidious.png for drawing style only. Match its thick rounded dark-brown contours, simplified rounded shapes, and restrained 2D cartoon shading. Do not copy the reference subject or composition.

Framing: One compact composition, with the complete subject using about 80-90% of the square. Keep everything inside the frame.

Output: 512x512 PNG, RGBA, genuine transparent background. No text, speech balloons, explanatory captions, empty bubbles, numerals, logos or watermark.",作成済み,,references/invidious.png
distant.png,遠い、よそよそしい,遠い,"Subject: distant, far away in space.

Composition: Show a traveler standing on a low foreground ridge and looking toward a tiny cabin on the far side of a broad valley. A winding trail recedes between them, and overlapping hills establish the long distance without any map symbols.

Style: Use the attached invidious.png for drawing style only. Match its thick rounded dark-brown contours, simplified rounded shapes, and restrained 2D cartoon shading. Do not copy the reference subject or composition.

Framing: One compact composition, with the complete subject using about 80-90% of the square. Keep everything inside the frame.

Output: 512x512 PNG, RGBA, genuine transparent background. No text, speech balloons, explanatory captions, empty bubbles, numerals, logos or watermark.",作成済み,,references/invidious.png
exact.png,正確な,正確な,"Subject: exact, matching with no discrepancy.

Composition: Show a locksmith comparing a newly cut key against its original on a tabletop, their notched edges aligned perfectly. Both keys have identical lengths, tooth positions, and handle shapes; the locksmith holds them side by side with careful fingertips.

Style: Use the attached invidious.png for drawing style only. Match its thick rounded dark-brown contours, simplified rounded shapes, and restrained 2D cartoon shading. Do not copy the reference subject or composition.

Framing: One compact composition, with the complete subject using about 80-90% of the square. Keep everything inside the frame.

Output: 512x512 PNG, RGBA, genuine transparent background. No text, speech balloons, explanatory captions, empty bubbles, numerals, logos or watermark.",作成済み,,references/invidious.png
grade.png,等級、学年、勾配,等級,"Subject: grade, a level of quality.

Composition: Show a produce grader placing the largest flawless apple into the finest of three adjoining trays, while smaller sound apples and visibly blemished apples occupy the other trays. Their hands and the clear differences in fruit quality communicate the ranking without labels.

Style: Use the attached invidious.png for drawing style only. Match its thick rounded dark-brown contours, simplified rounded shapes, and restrained 2D cartoon shading. Do not copy the reference subject or composition.

Framing: One compact composition, with the complete subject using about 80-90% of the square. Keep everything inside the frame.

Output: 512x512 PNG, RGBA, genuine transparent background. No text, speech balloons, explanatory captions, empty bubbles, numerals, logos or watermark.",作成済み,,references/invidious.png
normally.png,ふつうは,ふつうは,"Subject: normally, in the usual routine.

Composition: Show a commuter calmly hanging their coat on its familiar hook and setting a lunch bag beside neatly aligned everyday shoes. Worn marks on the hook and mat suggest repeated use, while the relaxed practiced movement makes this an ordinary arrival home.

Style: Use the attached invidious.png for drawing style only. Match its thick rounded dark-brown contours, simplified rounded shapes, and restrained 2D cartoon shading. Do not copy the reference subject or composition.

Framing: One compact composition, with the complete subject using about 80-90% of the square. Keep everything inside the frame.

Output: 512x512 PNG, RGBA, genuine transparent background. No text, speech balloons, explanatory captions, empty bubbles, numerals, logos or watermark.",作成済み,,references/invidious.png
pool.png,プール、共同基金,プール,"Subject: pool, a basin for swimming.

Composition: Show a compact outdoor swimming pool with blue water, a metal ladder, and a tiled rim. One swimmer moves through the center with their face above water, while a neatly folded towel rests on the dry deck beside the ladder.

Style: Use the attached invidious.png for drawing style only. Match its thick rounded dark-brown contours, simplified rounded shapes, and restrained 2D cartoon shading. Do not copy the reference subject or composition.

Framing: One compact composition, with the complete subject using about 80-90% of the square. Keep everything inside the frame.

Output: 512x512 PNG, RGBA, genuine transparent background. No text, speech balloons, explanatory captions, empty bubbles, numerals, logos or watermark.",作成済み,,references/invidious.png
remote.png,遠い、よそよそしい,遠い,"Subject: remote, far from other places.

Composition: Show a solitary cabin on a small distant mountain shelf, reached only by a narrow winding footpath across several empty ridges. A tiny traveler at the near trailhead emphasizes the distance; no neighboring houses or roads surround the isolated dwelling.

Style: Use the attached invidious.png for drawing style only. Match its thick rounded dark-brown contours, simplified rounded shapes, and restrained 2D cartoon shading. Do not copy the reference subject or composition.

Framing: One compact composition, with the complete subject using about 80-90% of the square. Keep everything inside the frame.

Output: 512x512 PNG, RGBA, genuine transparent background. No text, speech balloons, explanatory captions, empty bubbles, numerals, logos or watermark.",作成済み,,references/invidious.png
star.png,星、スター,星,"Subject: star, a luminous celestial body.

Composition: Show one bright star as a glowing spherical celestial body with a warm radiant surface and a soft halo, suspended in open space. A few much smaller distant points remain subordinate, avoiding a five-pointed decorative star or a celebrity figure.

Style: Use the attached invidious.png for drawing style only. Match its thick rounded dark-brown contours, simplified rounded shapes, and restrained 2D cartoon shading. Do not copy the reference subject or composition.

Framing: One compact composition, with the complete subject using about 80-90% of the square. Keep everything inside the frame.

Output: 512x512 PNG, RGBA, genuine transparent background. No text, speech balloons, explanatory captions, empty bubbles, numerals, logos or watermark.",作成済み,,references/invidious.png
artist.png,芸術家,芸術家,"Subject: artist, a person creating visual art.

Composition: Show an adult painter standing at an easel and applying blue paint to a canvas depicting a small vase. One hand holds the brush and the other a palette, while the real vase sits on a nearby stool for observation.

Style: Use the attached invidious.png for drawing style only. Match its thick rounded dark-brown contours, simplified rounded shapes, and restrained 2D cartoon shading. Do not copy the reference subject or composition.

Framing: One compact composition, with the complete subject using about 80-90% of the square. Keep everything inside the frame.

Output: 512x512 PNG, RGBA, genuine transparent background. No text, speech balloons, explanatory captions, empty bubbles, numerals, logos or watermark.",作成済み,,references/invidious.png
extension.png,延長、内線、拡張子,延長,"Subject: extension, adding length to something.

Composition: Show a worker fitting an extra rectangular section onto the end of a wooden workbench. The new section continues the original tabletop in a straight line, with its own supporting legs, while the worker tightens the joining clamp underneath.

Style: Use the attached invidious.png for drawing style only. Match its thick rounded dark-brown contours, simplified rounded shapes, and restrained 2D cartoon shading. Do not copy the reference subject or composition.

Framing: One compact composition, with the complete subject using about 80-90% of the square. Keep everything inside the frame.

Output: 512x512 PNG, RGBA, genuine transparent background. No text, speech balloons, explanatory captions, empty bubbles, numerals, logos or watermark.",作成済み,,references/invidious.png
incident.png,出来事,出来事,"Subject: incident, a particular happening.

Composition: Show a market shopper reacting as a loose shopping bag splits and oranges tumble onto the pavement. One passerby bends to help retrieve them while another steps around the spill, creating a compact, specific event that briefly interrupts ordinary activity.

Style: Use the attached invidious.png for drawing style only. Match its thick rounded dark-brown contours, simplified rounded shapes, and restrained 2D cartoon shading. Do not copy the reference subject or composition.

Framing: One compact composition, with the complete subject using about 80-90% of the square. Keep everything inside the frame.

Output: 512x512 PNG, RGBA, genuine transparent background. No text, speech balloons, explanatory captions, empty bubbles, numerals, logos or watermark.",作成済み,,references/invidious.png
presentation.png,発表、贈呈,発表,"Subject: presentation, formally explaining a subject to an audience.

Composition: Show a standing adult presenting a small windmill model to three seated listeners. Their open hand directs attention to its rotating blades, while the listeners face the model attentively; a plain tabletop replaces any slide screen or written explanation.

Style: Use the attached invidious.png for drawing style only. Match its thick rounded dark-brown contours, simplified rounded shapes, and restrained 2D cartoon shading. Do not copy the reference subject or composition.

Framing: One compact composition, with the complete subject using about 80-90% of the square. Keep everything inside the frame.

Output: 512x512 PNG, RGBA, genuine transparent background. No text, speech balloons, explanatory captions, empty bubbles, numerals, logos or watermark.",作成済み,,references/invidious.png
session.png,会期,会期,"Subject: session, the period of a formal meeting.

Composition: Show a chairperson presiding over three delegates seated at a semicircular table, with the entrance doors closed and all places occupied. The chairperson's small gavel rests beside an open agenda book, emphasizing a meeting currently in session without readable writing.

Style: Use the attached invidious.png for drawing style only. Match its thick rounded dark-brown contours, simplified rounded shapes, and restrained 2D cartoon shading. Do not copy the reference subject or composition.

Framing: One compact composition, with the complete subject using about 80-90% of the square. Keep everything inside the frame.

Output: 512x512 PNG, RGBA, genuine transparent background. No text, speech balloons, explanatory captions, empty bubbles, numerals, logos or watermark.",作成済み,,references/invidious.png
warning.png,警告、前兆,警告,"Subject: warning, alerting someone to danger.

Composition: Show one pedestrian raising a firm stopping palm toward a companion whose next step approaches a broken stair. The warner points at the visible gap with the other hand; the companion pulls their foot back before reaching the unsafe edge.

Style: Use the attached invidious.png for drawing style only. Match its thick rounded dark-brown contours, simplified rounded shapes, and restrained 2D cartoon shading. Do not copy the reference subject or composition.

Framing: One compact composition, with the complete subject using about 80-90% of the square. Keep everything inside the frame.

Output: 512x512 PNG, RGBA, genuine transparent background. No text, speech balloons, explanatory captions, empty bubbles, numerals, logos or watermark.",作成済み,,references/invidious.png
welfare.png,福祉,福祉,"Subject: welfare, support for people's basic well-being.

Composition: Show a community worker giving a warm meal and folded blanket to an older adult seated comfortably at a service table. Both meet at eye level with respectful expressions, while a small stack of additional blankets supports the practical assistance scene.

Style: Use the attached invidious.png for drawing style only. Match its thick rounded dark-brown contours, simplified rounded shapes, and restrained 2D cartoon shading. Do not copy the reference subject or composition.

Framing: One compact composition, with the complete subject using about 80-90% of the square. Keep everything inside the frame.

Output: 512x512 PNG, RGBA, genuine transparent background. No text, speech balloons, explanatory captions, empty bubbles, numerals, logos or watermark.",作成済み,,references/invidious.png
belong.png,所属する,所属する,"Subject: belong, being a member of a group.

Composition: Show a new choir member taking an open place among three singers wearing matching simple scarves. One neighbor gently welcomes them into the line, and all four hold identical closed music folders, making group membership visible without written identification.

Style: Use the attached invidious.png for drawing style only. Match its thick rounded dark-brown contours, simplified rounded shapes, and restrained 2D cartoon shading. Do not copy the reference subject or composition.

Framing: One compact composition, with the complete subject using about 80-90% of the square. Keep everything inside the frame.

Output: 512x512 PNG, RGBA, genuine transparent background. No text, speech balloons, explanatory captions, empty bubbles, numerals, logos or watermark.",作成済み,,references/invidious.png
complicated.png,複雑な,複雑な,"Subject: complicated, having many interconnected parts.

Composition: Show a mechanic studying one bicycle with a densely routed set of cables and interlocking gears. Their hand follows a cable through several crossings toward the brake, while the complete bicycle remains upright in a repair stand with all components physically connected.

Style: Use the attached invidious.png for drawing style only. Match its thick rounded dark-brown contours, simplified rounded shapes, and restrained 2D cartoon shading. Do not copy the reference subject or composition.

Framing: One compact composition, with the complete subject using about 80-90% of the square. Keep everything inside the frame.

Output: 512x512 PNG, RGBA, genuine transparent background. No text, speech balloons, explanatory captions, empty bubbles, numerals, logos or watermark.",作成済み,,references/invidious.png
cutting.png,切断,切断,"Subject: cutting, dividing material with a sharp tool.

Composition: Show a tailor cutting a blue cloth along a straight chalk guideline using dressmaking scissors. One hand holds the cloth flat beyond the blade path, and two separated edges open behind the scissors on the broad, fully supporting worktable.

Style: Use the attached invidious.png for drawing style only. Match its thick rounded dark-brown contours, simplified rounded shapes, and restrained 2D cartoon shading. Do not copy the reference subject or composition.

Framing: One compact composition, with the complete subject using about 80-90% of the square. Keep everything inside the frame.

Output: 512x512 PNG, RGBA, genuine transparent background. No text, speech balloons, explanatory captions, empty bubbles, numerals, logos or watermark.",作成済み,,references/invidious.png
exception.png,例外,例外,"Subject: exception, a case differing from the general pattern.

Composition: Show a basket containing several smooth green apples and exactly one conspicuous red apple resting among them. Keep every fruit comparable in size and clearly visible, so the single color departure stands out within one coherent group rather than a separate comparison panel.

Style: Use the attached invidious.png for drawing style only. Match its thick rounded dark-brown contours, simplified rounded shapes, and restrained 2D cartoon shading. Do not copy the reference subject or composition.

Framing: One compact composition, with the complete subject using about 80-90% of the square. Keep everything inside the frame.

Output: 512x512 PNG, RGBA, genuine transparent background. No text, speech balloons, explanatory captions, empty bubbles, numerals, logos or watermark.",作成済み,,references/invidious.png
moon.png,月,月,"Subject: moon, Earth's natural satellite.

Composition: Show the cratered Moon as a large gray sphere, with a clear division between its sunlit portion and shadowed surface. A small blue Earth appears at a distance behind it, grounding the celestial identity while the Moon remains the dominant subject.

Style: Use the attached invidious.png for drawing style only. Match its thick rounded dark-brown contours, simplified rounded shapes, and restrained 2D cartoon shading. Do not copy the reference subject or composition.

Framing: One compact composition, with the complete subject using about 80-90% of the square. Keep everything inside the frame.

Output: 512x512 PNG, RGBA, genuine transparent background. No text, speech balloons, explanatory captions, empty bubbles, numerals, logos or watermark.",作成済み,,references/invidious.png
possession.png,所有,所有,"Subject: possession, having an object as one's own.

Composition: Show an adult holding their house key beside their own small bicycle, one hand resting protectively on its saddle. Their matching helmet hangs from the handlebar, and the open personal storage shed behind them establishes ordinary ownership through connected belongings.

Style: Use the attached invidious.png for drawing style only. Match its thick rounded dark-brown contours, simplified rounded shapes, and restrained 2D cartoon shading. Do not copy the reference subject or composition.

Framing: One compact composition, with the complete subject using about 80-90% of the square. Keep everything inside the frame.

Output: 512x512 PNG, RGBA, genuine transparent background. No text, speech balloons, explanatory captions, empty bubbles, numerals, logos or watermark.",作成済み,,references/invidious.png
representative.png,代表、典型的な,代表,"Subject: representative, a person acting for a group.

Composition: Show one member of a neighborhood group stepping forward to hand their shared scale playground model to a council official. Three neighbors stand directly behind the delegate with supportive attention, making the person's role on behalf of others visible.

Style: Use the attached invidious.png for drawing style only. Match its thick rounded dark-brown contours, simplified rounded shapes, and restrained 2D cartoon shading. Do not copy the reference subject or composition.

Framing: One compact composition, with the complete subject using about 80-90% of the square. Keep everything inside the frame.

Output: 512x512 PNG, RGBA, genuine transparent background. No text, speech balloons, explanatory captions, empty bubbles, numerals, logos or watermark.",作成済み,,references/invidious.png
shit.png,糞,糞,"Subject: shit, feces.

Composition: Show a small dog crouching on a patch of grass with a single fresh brown stool on the ground just behind it. Keep the animal's complete body and natural posture visible, and render the feces plainly without exaggerated disgust or decorative humor.

Style: Use the attached invidious.png for drawing style only. Match its thick rounded dark-brown contours, simplified rounded shapes, and restrained 2D cartoon shading. Do not copy the reference subject or composition.

Framing: One compact composition, with the complete subject using about 80-90% of the square. Keep everything inside the frame.

Output: 512x512 PNG, RGBA, genuine transparent background. No text, speech balloons, explanatory captions, empty bubbles, numerals, logos or watermark.",作成済み,,references/invidious.png
systematic.png,組織的な、几帳面な,組織的な,"Subject: systematic, organized according to an orderly method.

Composition: Show a mechanic returning sockets to a fitted tool tray in ascending size order, placing one into the only remaining matching recess. All other sockets stand neatly aligned, and the person's free hand steadies the tray on the workbench.

Style: Use the attached invidious.png for drawing style only. Match its thick rounded dark-brown contours, simplified rounded shapes, and restrained 2D cartoon shading. Do not copy the reference subject or composition.

Framing: One compact composition, with the complete subject using about 80-90% of the square. Keep everything inside the frame.

Output: 512x512 PNG, RGBA, genuine transparent background. No text, speech balloons, explanatory captions, empty bubbles, numerals, logos or watermark.",作成済み,,references/invidious.png
worship.png,崇拝,崇拝,"Subject: worship, showing religious reverence.

Composition: Show one worshipper kneeling quietly on a cushion before a small Buddhist altar containing a seated Buddha statue and a flower bowl. Their palms meet respectfully at chest height; retain a calm, ordinary devotional setting without exotic or exaggerated features.

Style: Use the attached invidious.png for drawing style only. Match its thick rounded dark-brown contours, simplified rounded shapes, and restrained 2D cartoon shading. Do not copy the reference subject or composition.

Framing: One compact composition, with the complete subject using about 80-90% of the square. Keep everything inside the frame.

Output: 512x512 PNG, RGBA, genuine transparent background. No text, speech balloons, explanatory captions, empty bubbles, numerals, logos or watermark.",作成済み,,references/invidious.png
burden.png,重荷,重荷,"Subject: burden, a heavy load to carry.

Composition: Show an adult carrying an overfilled woven basket strapped to their back, leaning forward under its weight. Both hands grip the shoulder straps, knees bend slightly, and the basket's dense stack of firewood rises visibly above their shoulders.

Style: Use the attached invidious.png for drawing style only. Match its thick rounded dark-brown contours, simplified rounded shapes, and restrained 2D cartoon shading. Do not copy the reference subject or composition.

Framing: One compact composition, with the complete subject using about 80-90% of the square. Keep everything inside the frame.

Output: 512x512 PNG, RGBA, genuine transparent background. No text, speech balloons, explanatory captions, empty bubbles, numerals, logos or watermark.",作成済み,,references/invidious.png
decline.png,断る、衰える,断る,"Subject: decline, politely refusing an offer.

Composition: Show a seated adult gently raising an open palm toward a second slice of cake offered by a host. Their other hand rests beside an already empty plate, and their courteous closed-mouth smile makes the refusal calm rather than angry.

Style: Use the attached invidious.png for drawing style only. Match its thick rounded dark-brown contours, simplified rounded shapes, and restrained 2D cartoon shading. Do not copy the reference subject or composition.

Framing: One compact composition, with the complete subject using about 80-90% of the square. Keep everything inside the frame.

Output: 512x512 PNG, RGBA, genuine transparent background. No text, speech balloons, explanatory captions, empty bubbles, numerals, logos or watermark.",作成済み,,references/invidious.png
entity.png,実体,実体,"Subject: entity, a distinct independently identifiable thing.

Composition: Show one complete ceramic teapot standing alone on a small table, its lid fitted and handle, spout, and body joined into a recognizable whole. A person lightly holds its handle, emphasizing one bounded physical object rather than scattered components.

Style: Use the attached invidious.png for drawing style only. Match its thick rounded dark-brown contours, simplified rounded shapes, and restrained 2D cartoon shading. Do not copy the reference subject or composition.

Framing: One compact composition, with the complete subject using about 80-90% of the square. Keep everything inside the frame.

Output: 512x512 PNG, RGBA, genuine transparent background. No text, speech balloons, explanatory captions, empty bubbles, numerals, logos or watermark.",作成済み,,references/invidious.png
ethnic.png,民族の,民族の,"Subject: ethnic, relating to a shared cultural heritage.

Composition: Show a family of three sharing a traditional textile-making activity, with an elder guiding a younger adult at a small handloom and a child winding yarn. Matching inherited geometric patterns appear on the cloth and an old family textile nearby.

Style: Use the attached invidious.png for drawing style only. Match its thick rounded dark-brown contours, simplified rounded shapes, and restrained 2D cartoon shading. Do not copy the reference subject or composition.

Framing: One compact composition, with the complete subject using about 80-90% of the square. Keep everything inside the frame.

Output: 512x512 PNG, RGBA, genuine transparent background. No text, speech balloons, explanatory captions, empty bubbles, numerals, logos or watermark.",作成済み,,references/invidious.png
expert.png,専門家,専門家,"Subject: expert, a person with advanced practical knowledge.

Composition: Show a watch repairer confidently adjusting a tiny watch mechanism with fine tweezers under a bench magnifier. Components remain supported in a fitted tray, and their steady hands focus on the precise adjustment while a customer watches with trust.

Style: Use the attached invidious.png for drawing style only. Match its thick rounded dark-brown contours, simplified rounded shapes, and restrained 2D cartoon shading. Do not copy the reference subject or composition.

Framing: One compact composition, with the complete subject using about 80-90% of the square. Keep everything inside the frame.

Output: 512x512 PNG, RGBA, genuine transparent background. No text, speech balloons, explanatory captions, empty bubbles, numerals, logos or watermark.",作成済み,,references/invidious.png
heavily.png,激しく,激しく,"Subject: heavily, with great force or intensity.

Composition: Show rain pounding a pedestrian's broad umbrella and splashing forcefully into a deep pavement puddle. The person braces both hands around the handle and leans into the downpour, with thick close-set raindrops and large splashes dominating the compact scene.

Style: Use the attached invidious.png for drawing style only. Match its thick rounded dark-brown contours, simplified rounded shapes, and restrained 2D cartoon shading. Do not copy the reference subject or composition.

Framing: One compact composition, with the complete subject using about 80-90% of the square. Keep everything inside the frame.

Output: 512x512 PNG, RGBA, genuine transparent background. No text, speech balloons, explanatory captions, empty bubbles, numerals, logos or watermark.",作成済み,,references/invidious.png
decade.png,10年,10年,"Subject: decade, a period of ten years.

Composition: Show one sturdy desk calendar opened to a continuous horizontal timeline from 2010 to 2020, with ten equal annual intervals clearly marked. An adult's fingertip spans the complete interval from the first year to the last, keeping the calendar dominant.

Style: Use the attached invidious.png for drawing style only. Match its thick rounded dark-brown contours, simplified rounded shapes, and restrained 2D cartoon shading. Do not copy the reference subject or composition.

Framing: One compact composition, with the complete subject using about 80-90% of the square. Keep everything inside the frame.

Output: 512x512 PNG, RGBA, genuine transparent background. Allow only the essential year numerals 2010 and 2020 and ten equal interval marks on the calendar timeline; no explanatory text. No incidental labels, logos or watermark.",作成済み,,references/invidious.png
depend.png,頼る,頼る,"Subject: depend, relying on another for support.

Composition: Show a small child reaching across a shallow stream while holding a parent's steady hand. The parent stands securely on the bank, and the child's leading boot hovers over the next stepping stone, making the supporting relationship physically clear.

Style: Use the attached invidious.png for drawing style only. Match its thick rounded dark-brown contours, simplified rounded shapes, and restrained 2D cartoon shading. Do not copy the reference subject or composition.

Framing: One compact composition, with the complete subject using about 80-90% of the square. Keep everything inside the frame.

Output: 512x512 PNG, RGBA, genuine transparent background. No text, speech balloons, explanatory captions, empty bubbles, numerals, logos or watermark.",作成済み,,references/invidious.png
empirical.png,経験的な,経験的な,"Subject: empirical, based on direct observation and testing.

Composition: Show a gardener testing soil moisture by pressing a finger into a pot and comparing the damp soil clinging to it with the plant's drooping leaves. A watering can waits beside the pot as their decision follows the observed evidence.

Style: Use the attached invidious.png for drawing style only. Match its thick rounded dark-brown contours, simplified rounded shapes, and restrained 2D cartoon shading. Do not copy the reference subject or composition.

Framing: One compact composition, with the complete subject using about 80-90% of the square. Keep everything inside the frame.

Output: 512x512 PNG, RGBA, genuine transparent background. No text, speech balloons, explanatory captions, empty bubbles, numerals, logos or watermark.",作成済み,,references/invidious.png
minor.png,重要でない、未成年者,重要でない,"Subject: minor, of little importance.

Composition: Show a traveler noticing a tiny superficial scuff on the corner of an otherwise sound suitcase. They shrug lightly and continue pulling it toward the doorway, while its handle, wheels, and closed compartments all remain fully functional.

Style: Use the attached invidious.png for drawing style only. Match its thick rounded dark-brown contours, simplified rounded shapes, and restrained 2D cartoon shading. Do not copy the reference subject or composition.

Framing: One compact composition, with the complete subject using about 80-90% of the square. Keep everything inside the frame.

Output: 512x512 PNG, RGBA, genuine transparent background. No text, speech balloons, explanatory captions, empty bubbles, numerals, logos or watermark.",作成済み,,references/invidious.png
observe.png,観察する、守る,観察する,"Subject: observe, looking closely and attentively.

Composition: Show a child crouching beside a snail on a broad leaf, holding a magnifying glass at a safe distance. Their eyes follow the snail's extended feelers, and both hands remain clear of the animal while the leaf stays attached to its plant.

Style: Use the attached invidious.png for drawing style only. Match its thick rounded dark-brown contours, simplified rounded shapes, and restrained 2D cartoon shading. Do not copy the reference subject or composition.

Framing: One compact composition, with the complete subject using about 80-90% of the square. Keep everything inside the frame.

Output: 512x512 PNG, RGBA, genuine transparent background. No text, speech balloons, explanatory captions, empty bubbles, numerals, logos or watermark.",作成済み,,references/invidious.png
arrival.png,到着,到着,"Subject: arrival, the moment of reaching a destination.

Composition: Show a traveler stepping through a home's open doorway with a rolling suitcase, one foot already inside on the welcome mat. A waiting relative stands just beyond the threshold with open arms, clearly marking the end of the journey.

Style: Use the attached invidious.png for drawing style only. Match its thick rounded dark-brown contours, simplified rounded shapes, and restrained 2D cartoon shading. Do not copy the reference subject or composition.

Framing: One compact composition, with the complete subject using about 80-90% of the square. Keep everything inside the frame.

Output: 512x512 PNG, RGBA, genuine transparent background. No text, speech balloons, explanatory captions, empty bubbles, numerals, logos or watermark.",作成済み,,references/invidious.png
deliver.png,配達する、産む,配達する,"Subject: deliver, bringing an item to its recipient.

Composition: Show a courier handing a securely closed parcel directly to a resident at an open front door. The resident reaches with both hands to receive it, while the courier's small delivery trolley stands stationary beside the doorstep.

Style: Use the attached invidious.png for drawing style only. Match its thick rounded dark-brown contours, simplified rounded shapes, and restrained 2D cartoon shading. Do not copy the reference subject or composition.

Framing: One compact composition, with the complete subject using about 80-90% of the square. Keep everything inside the frame.

Output: 512x512 PNG, RGBA, genuine transparent background. No text, speech balloons, explanatory captions, empty bubbles, numerals, logos or watermark.",作成済み,,references/invidious.png
ongoing.png,進行中の,進行中の,"Subject: ongoing, still in progress.

Composition: Show a mural painter actively filling a half-painted wall with color, their brush touching the unfinished boundary. Completed shapes cover one side while bare wall remains on the other, and open paint pots stay within reach on the grounded work platform.

Style: Use the attached invidious.png for drawing style only. Match its thick rounded dark-brown contours, simplified rounded shapes, and restrained 2D cartoon shading. Do not copy the reference subject or composition.

Framing: One compact composition, with the complete subject using about 80-90% of the square. Keep everything inside the frame.

Output: 512x512 PNG, RGBA, genuine transparent background. No text, speech balloons, explanatory captions, empty bubbles, numerals, logos or watermark.",作成済み,,references/invidious.png
prominent.png,目立った,目立った,"Subject: prominent, standing out conspicuously.

Composition: Show one tall red lighthouse rising above a cluster of low muted seaside cottages on the same rocky shore. Its bright tower and elevated lantern dominate the skyline, while the smaller neighboring roofs remain clearly subordinate in the coherent village scene.

Style: Use the attached invidious.png for drawing style only. Match its thick rounded dark-brown contours, simplified rounded shapes, and restrained 2D cartoon shading. Do not copy the reference subject or composition.

Framing: One compact composition, with the complete subject using about 80-90% of the square. Keep everything inside the frame.

Output: 512x512 PNG, RGBA, genuine transparent background. No text, speech balloons, explanatory captions, empty bubbles, numerals, logos or watermark.",作成済み,,references/invidious.png
administrative.png,管理の,管理の,"Subject: administrative, concerned with managing organizational work.

Composition: Show an office coordinator sorting appointment cards into a desk organizer while another staff member waits with a folder. A wall clock, orderly inbox, and neatly arranged keys establish practical administration; the cards and folders carry no readable writing.

Style: Use the attached invidious.png for drawing style only. Match its thick rounded dark-brown contours, simplified rounded shapes, and restrained 2D cartoon shading. Do not copy the reference subject or composition.

Framing: One compact composition, with the complete subject using about 80-90% of the square. Keep everything inside the frame.

Output: 512x512 PNG, RGBA, genuine transparent background. No text, speech balloons, explanatory captions, empty bubbles, numerals, logos or watermark.",作成済み,,references/invidious.png
dust.png,ほこり,ほこり,"Subject: dust, fine dry particles settling on surfaces.

Composition: Show an adult drawing one fingertip across a dusty wooden shelf, leaving a sharp clean streak through the pale gray coating. Loose dust gathers at the fingertip, while an undisturbed section visibly dulls the wood beside the cleared path.

Style: Use the attached invidious.png for drawing style only. Match its thick rounded dark-brown contours, simplified rounded shapes, and restrained 2D cartoon shading. Do not copy the reference subject or composition.

Framing: One compact composition, with the complete subject using about 80-90% of the square. Keep everything inside the frame.

Output: 512x512 PNG, RGBA, genuine transparent background. No text, speech balloons, explanatory captions, empty bubbles, numerals, logos or watermark.",作成済み,,references/invidious.png
elsewhere.png,他の場所で,他の場所で,"Subject: elsewhere, in another place.

Composition: Show a person searching beneath a hallway chair while their missing umbrella visibly rests in a stand across the room. Their gaze remains directed at the empty spot, and the actual object occupies a separate, clearly identifiable location nearby.

Style: Use the attached invidious.png for drawing style only. Match its thick rounded dark-brown contours, simplified rounded shapes, and restrained 2D cartoon shading. Do not copy the reference subject or composition.

Framing: One compact composition, with the complete subject using about 80-90% of the square. Keep everything inside the frame.

Output: 512x512 PNG, RGBA, genuine transparent background. No text, speech balloons, explanatory captions, empty bubbles, numerals, logos or watermark.",作成済み,,references/invidious.png
expensive.png,高価な,高価な,"Subject: expensive, costing a large amount.

Composition: Show a shopper hesitating before a finely crafted leather suitcase while holding an open purse that contains only a few coins. A large stack of payment coins beside the displayed suitcase indicates its high cost without printed price tags.

Style: Use the attached invidious.png for drawing style only. Match its thick rounded dark-brown contours, simplified rounded shapes, and restrained 2D cartoon shading. Do not copy the reference subject or composition.

Framing: One compact composition, with the complete subject using about 80-90% of the square. Keep everything inside the frame.

Output: 512x512 PNG, RGBA, genuine transparent background. No text, speech balloons, explanatory captions, empty bubbles, numerals, logos or watermark.",作成済み,,references/invidious.png
participate.png,参加する,参加する,"Subject: participate, taking part in a shared activity.

Composition: Show three adults playing a cooperative ball game, with the newest player actively catching the ball between the other two. All stand inside the same small marked play area, and their alert poses connect them to the ongoing activity.

Style: Use the attached invidious.png for drawing style only. Match its thick rounded dark-brown contours, simplified rounded shapes, and restrained 2D cartoon shading. Do not copy the reference subject or composition.

Framing: One compact composition, with the complete subject using about 80-90% of the square. Keep everything inside the frame.

Output: 512x512 PNG, RGBA, genuine transparent background. No text, speech balloons, explanatory captions, empty bubbles, numerals, logos or watermark.",作成済み,,references/invidious.png
pregnancy.png,妊娠、含蓄,妊娠,"Subject: pregnancy, carrying a developing baby in the uterus.

Composition: Show a visibly pregnant adult sitting comfortably sideways on a supportive chair, both hands resting gently over their rounded abdomen. A folded baby blanket and tiny booties lie on a nearby stool, grounding the scene without internal anatomy or diagnostic claims.

Style: Use the attached invidious.png for drawing style only. Match its thick rounded dark-brown contours, simplified rounded shapes, and restrained 2D cartoon shading. Do not copy the reference subject or composition.

Framing: One compact composition, with the complete subject using about 80-90% of the square. Keep everything inside the frame.

Output: 512x512 PNG, RGBA, genuine transparent background. No text, speech balloons, explanatory captions, empty bubbles, numerals, logos or watermark.",作成済み,,references/invidious.png
steady.png,安定した,安定した,"Subject: steady, stable and not shaking.

Composition: Show a waiter carrying a full cup of tea on a small tray while walking carefully across level flooring. The liquid remains flat near the rim without spilling, and the tray stays horizontal in their balanced, firmly supported hands.

Style: Use the attached invidious.png for drawing style only. Match its thick rounded dark-brown contours, simplified rounded shapes, and restrained 2D cartoon shading. Do not copy the reference subject or composition.

Framing: One compact composition, with the complete subject using about 80-90% of the square. Keep everything inside the frame.

Output: 512x512 PNG, RGBA, genuine transparent background. No text, speech balloons, explanatory captions, empty bubbles, numerals, logos or watermark.",作成済み,,references/invidious.png
uncertainty.png,不確実性,不確実性,"Subject: uncertainty, not knowing which possibility is right.

Composition: Show a hiker paused at a fork where two similar trails disappear behind separate hills. They hold an unfolded map without choosing either route, alternating their gaze between the paths with raised brows and a hesitant, stationary stance.

Style: Use the attached invidious.png for drawing style only. Match its thick rounded dark-brown contours, simplified rounded shapes, and restrained 2D cartoon shading. Do not copy the reference subject or composition.

Framing: One compact composition, with the complete subject using about 80-90% of the square. Keep everything inside the frame.

Output: 512x512 PNG, RGBA, genuine transparent background. No text, speech balloons, explanatory captions, empty bubbles, numerals, logos or watermark.",作成済み,,references/invidious.png
bearing.png,態度、方角、関係,態度,"Subject: bearing, a person's manner of carrying themself.

Composition: Show an adult standing calmly before a small seated audience, shoulders relaxed, back straight, and hands resting loosely together. Their poised head and measured expression convey dignified personal bearing, while simple everyday clothing avoids relying on rank or costume.

Style: Use the attached invidious.png for drawing style only. Match its thick rounded dark-brown contours, simplified rounded shapes, and restrained 2D cartoon shading. Do not copy the reference subject or composition.

Framing: One compact composition, with the complete subject using about 80-90% of the square. Keep everything inside the frame.

Output: 512x512 PNG, RGBA, genuine transparent background. No text, speech balloons, explanatory captions, empty bubbles, numerals, logos or watermark.",作成済み,,references/invidious.png
formula.png,公式、決まり文句,公式,"Subject: formula, a mathematical rule written symbolically.

Composition: Show a teacher writing A = πr² on a small chalkboard beside one clean circle with its radius marked r. Their chalk touches the final exponent, and the complete board stands on an easel; keep all notation exact and minimal.

Style: Use the attached invidious.png for drawing style only. Match its thick rounded dark-brown contours, simplified rounded shapes, and restrained 2D cartoon shading. Do not copy the reference subject or composition.

Framing: One compact composition, with the complete subject using about 80-90% of the square. Keep everything inside the frame.

Output: 512x512 PNG, RGBA, genuine transparent background. Allow only the mathematical notation A = πr² and the radius symbol r on the board; no explanatory text. No incidental labels, logos or watermark.",作成済み,,references/invidious.png
pride.png,誇り,誇り,"Subject: pride, satisfaction in an achievement.

Composition: Show a gardener standing beside a thriving vegetable bed they cultivated, holding one large freshly picked carrot. Their upright posture and warm satisfied smile face the healthy plants, while muddy gloves and a resting trowel connect the result to their work.

Style: Use the attached invidious.png for drawing style only. Match its thick rounded dark-brown contours, simplified rounded shapes, and restrained 2D cartoon shading. Do not copy the reference subject or composition.

Framing: One compact composition, with the complete subject using about 80-90% of the square. Keep everything inside the frame.

Output: 512x512 PNG, RGBA, genuine transparent background. No text, speech balloons, explanatory captions, empty bubbles, numerals, logos or watermark.",作成済み,,references/invidious.png
settlement.png,解決、集落,解決,"Subject: settlement, resolving a disagreement.

Composition: Show two neighbors shaking hands across a repaired shared fence while a mediator stands calmly beside them. Fresh boards bridge the former gap, both neighbors have set their tools down, and their relieved expressions make the practical resolution visible.

Style: Use the attached invidious.png for drawing style only. Match its thick rounded dark-brown contours, simplified rounded shapes, and restrained 2D cartoon shading. Do not copy the reference subject or composition.

Framing: One compact composition, with the complete subject using about 80-90% of the square. Keep everything inside the frame.

Output: 512x512 PNG, RGBA, genuine transparent background. No text, speech balloons, explanatory captions, empty bubbles, numerals, logos or watermark.",作成済み,,references/invidious.png
spectrum.png,スペクトル、範囲,スペクトル,"Subject: spectrum, visible light spread into its component colors.

Composition: Show a narrow white beam entering a triangular glass prism on a tabletop and emerging as a continuous rainbow band on a supported white card. The red edge bends least and the violet edge most from the incoming direction; show physically connected beam paths and prism.

Style: Use the attached invidious.png for drawing style only. Match its thick rounded dark-brown contours, simplified rounded shapes, and restrained 2D cartoon shading. Do not copy the reference subject or composition.

Framing: One compact composition, with the complete subject using about 80-90% of the square. Keep everything inside the frame.

Output: 512x512 PNG, RGBA, genuine transparent background. No text, speech balloons, explanatory captions, empty bubbles, numerals, logos or watermark.",作成済み,,references/invidious.png
whenever.png,いつでも,いつでも,"Subject: whenever, available at any time it is needed.

Composition: Show a sleepy adult in pajamas filling a glass at an accessible kitchen water dispenser during the night. A small window reveals a crescent moon, while the ready dispenser and relaxed action illustrate access without waiting for a special hour.

Style: Use the attached invidious.png for drawing style only. Match its thick rounded dark-brown contours, simplified rounded shapes, and restrained 2D cartoon shading. Do not copy the reference subject or composition.

Framing: One compact composition, with the complete subject using about 80-90% of the square. Keep everything inside the frame.

Output: 512x512 PNG, RGBA, genuine transparent background. No text, speech balloons, explanatory captions, empty bubbles, numerals, logos or watermark.",作成済み,,references/invidious.png
confusion.png,混乱,混乱,"Subject: confusion, difficulty making sense of an unclear situation.

Composition: Show a traveler standing amid three nearly identical unmarked suitcases beside a bench, scratching their head while inspecting mismatched keys. Their own open luggage strap lies in one hand, and no suitcase has yet been confidently selected.

Style: Use the attached invidious.png for drawing style only. Match its thick rounded dark-brown contours, simplified rounded shapes, and restrained 2D cartoon shading. Do not copy the reference subject or composition.

Framing: One compact composition, with the complete subject using about 80-90% of the square. Keep everything inside the frame.

Output: 512x512 PNG, RGBA, genuine transparent background. No text, speech balloons, explanatory captions, empty bubbles, numerals, logos or watermark.",作成済み,,references/invidious.png
correlation.png,相関,相関,"Subject: correlation, two measured quantities varying together.

Composition: Show a researcher examining one scatter plot on a desktop monitor, where separate data points rise in a tight but imperfect band from lower left to upper right. Their fingertip follows the shared trend, with the axes visible and no causal arrows.

Style: Use the attached invidious.png for drawing style only. Match its thick rounded dark-brown contours, simplified rounded shapes, and restrained 2D cartoon shading. Do not copy the reference subject or composition.

Framing: One compact composition, with the complete subject using about 80-90% of the square. Keep everything inside the frame.

Output: 512x512 PNG, RGBA, genuine transparent background. No text, speech balloons, explanatory captions, empty bubbles, numerals, logos or watermark.",作成済み,,references/invidious.png
crew.png,乗組員,乗組員,"Subject: crew, people working together aboard a vessel.

Composition: Show three sailors on the deck of one small sailing boat: one steers, one adjusts a rope, and one watches ahead. Their coordinated duties occupy the same vessel, with taut rigging, a secured mast, and a low visible section of hull.

Style: Use the attached invidious.png for drawing style only. Match its thick rounded dark-brown contours, simplified rounded shapes, and restrained 2D cartoon shading. Do not copy the reference subject or composition.

Framing: One compact composition, with the complete subject using about 80-90% of the square. Keep everything inside the frame.

Output: 512x512 PNG, RGBA, genuine transparent background. No text, speech balloons, explanatory captions, empty bubbles, numerals, logos or watermark.",作成済み,,references/invidious.png
discipline.png,規律、学問分野,規律,"Subject: discipline, orderly adherence to rules and routines.

Composition: Show three young athletes neatly returning their training equipment to fitted racks after practice while a coach watches. Each waits their turn and places an item carefully, with upright cones and aligned balls reinforcing consistent self-controlled conduct.

Style: Use the attached invidious.png for drawing style only. Match its thick rounded dark-brown contours, simplified rounded shapes, and restrained 2D cartoon shading. Do not copy the reference subject or composition.

Framing: One compact composition, with the complete subject using about 80-90% of the square. Keep everything inside the frame.

Output: 512x512 PNG, RGBA, genuine transparent background. No text, speech balloons, explanatory captions, empty bubbles, numerals, logos or watermark.",作成済み,,references/invidious.png
estimate.png,見積もる,見積もる,"Subject: estimate, judging an approximate amount.

Composition: Show a baker studying a bowl of flour and holding a scoop just above it, judging whether enough has been added without a scale. Their thoughtful gaze compares the mound with the size of a nearby mixing bowl, not a precise measurement.

Style: Use the attached invidious.png for drawing style only. Match its thick rounded dark-brown contours, simplified rounded shapes, and restrained 2D cartoon shading. Do not copy the reference subject or composition.

Framing: One compact composition, with the complete subject using about 80-90% of the square. Keep everything inside the frame.

Output: 512x512 PNG, RGBA, genuine transparent background. No text, speech balloons, explanatory captions, empty bubbles, numerals, logos or watermark.",作成済み,,references/invidious.png
plenty.png,たくさん,たくさん,"Subject: plenty, more than enough of something.

Composition: Show a picnic basket overflowing with fresh rolls, apples, and grapes beside two comfortably seated adults. Each already has a filled plate, while abundant untouched food remains in the basket, making sufficiency and surplus visible in one shared meal.

Style: Use the attached invidious.png for drawing style only. Match its thick rounded dark-brown contours, simplified rounded shapes, and restrained 2D cartoon shading. Do not copy the reference subject or composition.

Framing: One compact composition, with the complete subject using about 80-90% of the square. Keep everything inside the frame.

Output: 512x512 PNG, RGBA, genuine transparent background. No text, speech balloons, explanatory captions, empty bubbles, numerals, logos or watermark.",作成済み,,references/invidious.png
agriculture.png,農業,農業,"Subject: agriculture, cultivating land to produce food.

Composition: Show a farmer kneeling in a vegetable field, planting a young cabbage into a prepared row. Several established rows recede behind them, and a hoe rests safely beside a seedling tray; their working hands and cultivated soil remain central.

Style: Use the attached invidious.png for drawing style only. Match its thick rounded dark-brown contours, simplified rounded shapes, and restrained 2D cartoon shading. Do not copy the reference subject or composition.

Framing: One compact composition, with the complete subject using about 80-90% of the square. Keep everything inside the frame.

Output: 512x512 PNG, RGBA, genuine transparent background. No text, speech balloons, explanatory captions, empty bubbles, numerals, logos or watermark.",作成済み,,references/invidious.png
artificial.png,人工の、わざとらしい,人工の,"Subject: artificial, made by people rather than grown naturally.

Composition: Show a florist adjusting a fabric rose with clearly visible stitched petals, a wire stem, and molded plastic leaves. A spool of matching thread and small scissors rest on the worktable, emphasizing the flower's constructed materials without a natural-flower comparison panel.

Style: Use the attached invidious.png for drawing style only. Match its thick rounded dark-brown contours, simplified rounded shapes, and restrained 2D cartoon shading. Do not copy the reference subject or composition.

Framing: One compact composition, with the complete subject using about 80-90% of the square. Keep everything inside the frame.

Output: 512x512 PNG, RGBA, genuine transparent background. No text, speech balloons, explanatory captions, empty bubbles, numerals, logos or watermark.",作成済み,,references/invidious.png
committee.png,委員会,委員会,"Subject: committee, a small group appointed to make decisions.

Composition: Show four community members gathered around a table examining a scale playground model. One points to a proposed slide while the others consider it with raised hands and attentive expressions, making a focused shared decision rather than a casual social gathering.

Style: Use the attached invidious.png for drawing style only. Match its thick rounded dark-brown contours, simplified rounded shapes, and restrained 2D cartoon shading. Do not copy the reference subject or composition.

Framing: One compact composition, with the complete subject using about 80-90% of the square. Keep everything inside the frame.

Output: 512x512 PNG, RGBA, genuine transparent background. No text, speech balloons, explanatory captions, empty bubbles, numerals, logos or watermark.",作成済み,,references/invidious.png
encounter.png,出くわす,出くわす,"Subject: encounter, unexpectedly meeting someone.

Composition: Show two old friends nearly passing one another at a park path crossing, then stopping with delighted surprised faces. One turns mid-stride while the other lifts a greeting hand, and their shopping bags remain at their sides.

Style: Use the attached invidious.png for drawing style only. Match its thick rounded dark-brown contours, simplified rounded shapes, and restrained 2D cartoon shading. Do not copy the reference subject or composition.

Framing: One compact composition, with the complete subject using about 80-90% of the square. Keep everything inside the frame.

Output: 512x512 PNG, RGBA, genuine transparent background. No text, speech balloons, explanatory captions, empty bubbles, numerals, logos or watermark.",作成済み,,references/invidious.png
fifteen.png,15,15,"Subject: fifteen, the number fifteen.

Composition: Show exactly fifteen smooth wooden counters arranged in three tidy rows of five on one small tabletop, with a large numeral 15 printed on a single card beside them. Keep every counter separately visible and the count easy to verify.

Style: Use the attached invidious.png for drawing style only. Match its thick rounded dark-brown contours, simplified rounded shapes, and restrained 2D cartoon shading. Do not copy the reference subject or composition.

Framing: One compact composition, with the complete subject using about 80-90% of the square. Keep everything inside the frame.

Output: 512x512 PNG, RGBA, genuine transparent background. Allow only the numeral 15 on the counting card; no other text, labels, or numerals. No incidental labels, logos or watermark.",作成済み,,references/invidious.png
slave.png,奴隷,奴隷,"Subject: slave, a person deprived of freedom and forced to work.

Composition: Show a dignified adult forced to haul a heavy stone block while an overseer stands nearby holding the loose end of a restraining chain. Use a fictional historical setting, plain clothing, and non-graphic restraint, with no ethnic coding or dehumanizing caricature.

Style: Use the attached invidious.png for drawing style only. Match its thick rounded dark-brown contours, simplified rounded shapes, and restrained 2D cartoon shading. Do not copy the reference subject or composition.

Framing: One compact composition, with the complete subject using about 80-90% of the square. Keep everything inside the frame.

Output: 512x512 PNG, RGBA, genuine transparent background. No text, speech balloons, explanatory captions, empty bubbles, numerals, logos or watermark.",作成済み,,references/invidious.png
suffer.png,苦しむ,苦しむ,"Subject: suffer, enduring pain or distress.

Composition: Show an adult seated on a bench with a visibly swollen ankle supported on a low stool. Their brows tighten and both hands clutch the bench edge, while an untied shoe rests nearby; keep the discomfort clear without exaggerated injury or gore.

Style: Use the attached invidious.png for drawing style only. Match its thick rounded dark-brown contours, simplified rounded shapes, and restrained 2D cartoon shading. Do not copy the reference subject or composition.

Framing: One compact composition, with the complete subject using about 80-90% of the square. Keep everything inside the frame.

Output: 512x512 PNG, RGBA, genuine transparent background. No text, speech balloons, explanatory captions, empty bubbles, numerals, logos or watermark.",作成済み,,references/invidious.png
technological.png,科学技術の,科学技術の,"Subject: technological, relating to applied technical inventions.

Composition: Show a technician operating a small robotic arm that carefully places a component onto a circuit board. Their hand rests on a control pad, and the robot's jointed links, gripper, and wired base remain visibly connected on a sturdy workbench.

Style: Use the attached invidious.png for drawing style only. Match its thick rounded dark-brown contours, simplified rounded shapes, and restrained 2D cartoon shading. Do not copy the reference subject or composition.

Framing: One compact composition, with the complete subject using about 80-90% of the square. Keep everything inside the frame.

Output: 512x512 PNG, RGBA, genuine transparent background. No text, speech balloons, explanatory captions, empty bubbles, numerals, logos or watermark.",作成済み,,references/invidious.png
surely.png,確かに、まさか,確かに,"Subject: surely, with strong confidence.

Composition: Show a climber checking a sturdy rope anchor fixed into rock, pulling it firmly while looking at its secure fastening. Their confident nod and settled stance express assurance as their partner waits nearby, with all ropes visibly connected and no unsupported bodies.

Style: Use the attached invidious.png for drawing style only. Match its thick rounded dark-brown contours, simplified rounded shapes, and restrained 2D cartoon shading. Do not copy the reference subject or composition.

Framing: One compact composition, with the complete subject using about 80-90% of the square. Keep everything inside the frame.

Output: 512x512 PNG, RGBA, genuine transparent background. No text, speech balloons, explanatory captions, empty bubbles, numerals, logos or watermark.",作成済み,,references/invidious.png
discrimination.png,差別,差別,"Subject: discrimination, unfairly treating someone differently.

Composition: Show a doorway attendant admitting one adult while blocking another equally prepared adult whose skin tone differs, despite both presenting identical entry passes. The excluded person looks hurt and puzzled; frame the unfair action critically, without suggesting any group deserves exclusion.

Style: Use the attached invidious.png for drawing style only. Match its thick rounded dark-brown contours, simplified rounded shapes, and restrained 2D cartoon shading. Do not copy the reference subject or composition.

Framing: One compact composition, with the complete subject using about 80-90% of the square. Keep everything inside the frame.

Output: 512x512 PNG, RGBA, genuine transparent background. No text, speech balloons, explanatory captions, empty bubbles, numerals, logos or watermark.",作成済み,,references/invidious.png
instruction.png,教育、指示,教育,"Subject: instruction, teaching someone how to do something.

Composition: Show a pottery instructor guiding a student's hands as they shape a clay bowl on a stationary turntable. Both look closely at the same rim, and the instructor demonstrates gentle pressure while keeping the student's agency and the shared work visible.

Style: Use the attached invidious.png for drawing style only. Match its thick rounded dark-brown contours, simplified rounded shapes, and restrained 2D cartoon shading. Do not copy the reference subject or composition.

Framing: One compact composition, with the complete subject using about 80-90% of the square. Keep everything inside the frame.

Output: 512x512 PNG, RGBA, genuine transparent background. No text, speech balloons, explanatory captions, empty bubbles, numerals, logos or watermark.",作成済み,,references/invidious.png
revolution.png,革命、回転,革命,"Subject: revolution, overthrowing an established political order.

Composition: Show a fictional crowd of four civilians peacefully pulling a former ruler's empty ceremonial chair down from a raised dais using ropes. An abandoned crown rests beside it, while the people stand united at ground level without weapons or national symbols.

Style: Use the attached invidious.png for drawing style only. Match its thick rounded dark-brown contours, simplified rounded shapes, and restrained 2D cartoon shading. Do not copy the reference subject or composition.

Framing: One compact composition, with the complete subject using about 80-90% of the square. Keep everything inside the frame.

Output: 512x512 PNG, RGBA, genuine transparent background. No text, speech balloons, explanatory captions, empty bubbles, numerals, logos or watermark.",作成済み,,references/invidious.png
vector.png,ベクトル、媒介動物,ベクトル,"Subject: vector, a quantity with magnitude and direction.

Composition: Show a student drawing one bold arrow from the origin to the point (3, 2) on a square coordinate grid. Its definite length and arrowhead indicate magnitude and direction; keep the ruled board, drawing hand, and exact minimal coordinates visible.

Style: Use the attached invidious.png for drawing style only. Match its thick rounded dark-brown contours, simplified rounded shapes, and restrained 2D cartoon shading. Do not copy the reference subject or composition.

Framing: One compact composition, with the complete subject using about 80-90% of the square. Keep everything inside the frame.

Output: 512x512 PNG, RGBA, genuine transparent background. Allow only the essential coordinate notation (3, 2), axis numerals, origin mark, grid lines, and vector arrow; no explanatory text. No incidental labels, logos or watermark.",作成済み,,references/invidious.png
assumption.png,仮定、引き受け,仮定,"Subject: assumption, treating something as true without checking.

Composition: Show an adult confidently beginning to sit on an apparently ordinary wooden chair without inspecting it. A partly hidden cracked rear leg is visible to the viewer beneath the seat, while the person looks away, illustrating trust based on an unchecked assumption.

Style: Use the attached invidious.png for drawing style only. Match its thick rounded dark-brown contours, simplified rounded shapes, and restrained 2D cartoon shading. Do not copy the reference subject or composition.

Framing: One compact composition, with the complete subject using about 80-90% of the square. Keep everything inside the frame.

Output: 512x512 PNG, RGBA, genuine transparent background. No text, speech balloons, explanatory captions, empty bubbles, numerals, logos or watermark.",作成済み,,references/invidious.png
delay.png,遅らせる,遅らせる,"Subject: delay, causing something to happen later.

Composition: Show a worker holding a delivery cart stationary while a lowered railway crossing barrier blocks the road ahead. A passing train occupies the crossing, and the worker glances at their wristwatch as the stacked parcels remain safely secured on the cart.

Style: Use the attached invidious.png for drawing style only. Match its thick rounded dark-brown contours, simplified rounded shapes, and restrained 2D cartoon shading. Do not copy the reference subject or composition.

Framing: One compact composition, with the complete subject using about 80-90% of the square. Keep everything inside the frame.

Output: 512x512 PNG, RGBA, genuine transparent background. No text, speech balloons, explanatory captions, empty bubbles, numerals, logos or watermark.",作成済み,,references/invidious.png
discover.png,発見する,発見する,"Subject: discover, finding something previously unknown or hidden.

Composition: Show a gardener lifting a loose paving stone and revealing a small old key hidden beneath it. Their surprised face and carefully raised stone focus attention on the unexpected find, while their free hand reaches toward the key resting in the exposed soil.

Style: Use the attached invidious.png for drawing style only. Match its thick rounded dark-brown contours, simplified rounded shapes, and restrained 2D cartoon shading. Do not copy the reference subject or composition.

Framing: One compact composition, with the complete subject using about 80-90% of the square. Keep everything inside the frame.

Output: 512x512 PNG, RGBA, genuine transparent background. No text, speech balloons, explanatory captions, empty bubbles, numerals, logos or watermark.",作成済み,,references/invidious.png
exclusive.png,独占的な、高級な,独占的な,"Subject: exclusive, limited to one authorized user or party.

Composition: Show one photographer inside a roped viewing area with a single special pass clipped to their jacket, while two other photographers wait outside the closed rope. An attendant opens only the inner camera position for the authorized photographer.

Style: Use the attached invidious.png for drawing style only. Match its thick rounded dark-brown contours, simplified rounded shapes, and restrained 2D cartoon shading. Do not copy the reference subject or composition.

Framing: One compact composition, with the complete subject using about 80-90% of the square. Keep everything inside the frame.

Output: 512x512 PNG, RGBA, genuine transparent background. No text, speech balloons, explanatory captions, empty bubbles, numerals, logos or watermark.",作成済み,,references/invidious.png
hypothesis.png,仮説,仮説,"Subject: hypothesis, a proposed explanation awaiting testing.

Composition: Show a gardener setting two identical potted seedlings beneath the same lamp while placing a removable shade over only one. Their thoughtful gaze follows the difference in light, with a blank notebook ready beside the pots for an upcoming test.

Style: Use the attached invidious.png for drawing style only. Match its thick rounded dark-brown contours, simplified rounded shapes, and restrained 2D cartoon shading. Do not copy the reference subject or composition.

Framing: One compact composition, with the complete subject using about 80-90% of the square. Keep everything inside the frame.

Output: 512x512 PNG, RGBA, genuine transparent background. No text, speech balloons, explanatory captions, empty bubbles, numerals, logos or watermark.",作成済み,,references/invidious.png
loose.png,ゆるい,ゆるい,"Subject: loose, not tightly fitted.

Composition: Show a person wearing a belt that hangs slack around their waist, with a clear gap between belt and trousers. They hook one thumb beneath the loose strap while the buckle remains fastened, emphasizing poor tightness rather than a broken belt.

Style: Use the attached invidious.png for drawing style only. Match its thick rounded dark-brown contours, simplified rounded shapes, and restrained 2D cartoon shading. Do not copy the reference subject or composition.

Framing: One compact composition, with the complete subject using about 80-90% of the square. Keep everything inside the frame.

Output: 512x512 PNG, RGBA, genuine transparent background. No text, speech balloons, explanatory captions, empty bubbles, numerals, logos or watermark.",作成済み,,references/invidious.png
prediction.png,予測,予測,"Subject: prediction, anticipating a future event from signs.

Composition: Show a gardener noticing heavy dark clouds and covering a dry seed tray before the rain arrives. One hand pulls a clear protective lid into place while their upward glance links the preventive action to the approaching weather.

Style: Use the attached invidious.png for drawing style only. Match its thick rounded dark-brown contours, simplified rounded shapes, and restrained 2D cartoon shading. Do not copy the reference subject or composition.

Framing: One compact composition, with the complete subject using about 80-90% of the square. Keep everything inside the frame.

Output: 512x512 PNG, RGBA, genuine transparent background. No text, speech balloons, explanatory captions, empty bubbles, numerals, logos or watermark.",作成済み,,references/invidious.png
recall.png,思い出す、回収,思い出す,"Subject: recall, remembering something previously experienced.

Composition: Show an adult finding an old handmade toy in an attic box and smiling with recognition as they gently trace its worn painted wheel. A faded childhood photograph containing the same toy rests inside the box, physically connecting the present object to memory.

Style: Use the attached invidious.png for drawing style only. Match its thick rounded dark-brown contours, simplified rounded shapes, and restrained 2D cartoon shading. Do not copy the reference subject or composition.

Framing: One compact composition, with the complete subject using about 80-90% of the square. Keep everything inside the frame.

Output: 512x512 PNG, RGBA, genuine transparent background. No text, speech balloons, explanatory captions, empty bubbles, numerals, logos or watermark.",作成済み,,references/invidious.png
theme.png,主題,主題,"Subject: theme, the central subject unifying a work.

Composition: Show an artist arranging a single ocean-themed display on a table, with a wave painting behind a shell-shaped bowl and a small sculpted fish. Their hand adjusts the fish toward the painting, making the shared marine subject evident across the coordinated work.

Style: Use the attached invidious.png for drawing style only. Match its thick rounded dark-brown contours, simplified rounded shapes, and restrained 2D cartoon shading. Do not copy the reference subject or composition.

Framing: One compact composition, with the complete subject using about 80-90% of the square. Keep everything inside the frame.

Output: 512x512 PNG, RGBA, genuine transparent background. No text, speech balloons, explanatory captions, empty bubbles, numerals, logos or watermark.",作成済み,,references/invidious.png
activation.png,活性化,活性化,"Subject: activation, making an inactive system start operating.

Composition: Show a technician pressing a machine's large start button as its indicator lamp illuminates and a connected conveyor begins carrying a wooden block. The motor, belt, and controls form one complete apparatus, with the technician's hands safely outside moving parts.

Style: Use the attached invidious.png for drawing style only. Match its thick rounded dark-brown contours, simplified rounded shapes, and restrained 2D cartoon shading. Do not copy the reference subject or composition.

Framing: One compact composition, with the complete subject using about 80-90% of the square. Keep everything inside the frame.

Output: 512x512 PNG, RGBA, genuine transparent background. No text, speech balloons, explanatory captions, empty bubbles, numerals, logos or watermark.",作成済み,,references/invidious.png
applicable.png,当てはまる,当てはまる,"Subject: applicable, fitting a particular situation or object.

Composition: Show a mechanic selecting a hexagonal socket that fits exactly over a matching bolt head on a bicycle frame. The chosen socket seats flush while incompatible sizes remain in the open tray, making suitability to this specific fastening visible.

Style: Use the attached invidious.png for drawing style only. Match its thick rounded dark-brown contours, simplified rounded shapes, and restrained 2D cartoon shading. Do not copy the reference subject or composition.

Framing: One compact composition, with the complete subject using about 80-90% of the square. Keep everything inside the frame.

Output: 512x512 PNG, RGBA, genuine transparent background. No text, speech balloons, explanatory captions, empty bubbles, numerals, logos or watermark.",作成済み,,references/invidious.png
attend.png,出席する、世話をする,出席する,"Subject: attend, being present at an organized event.

Composition: Show an adult taking the final empty chair in a small lecture audience, with a bag tucked beside their feet. Three other listeners face a presenter holding a physical model, and the arriving person turns attentively toward the same demonstration.

Style: Use the attached invidious.png for drawing style only. Match its thick rounded dark-brown contours, simplified rounded shapes, and restrained 2D cartoon shading. Do not copy the reference subject or composition.

Framing: One compact composition, with the complete subject using about 80-90% of the square. Keep everything inside the frame.

Output: 512x512 PNG, RGBA, genuine transparent background. No text, speech balloons, explanatory captions, empty bubbles, numerals, logos or watermark.",作成済み,,references/invidious.png
electron.png,電子,電子,"Subject: electron, a negatively charged subatomic particle.

Composition: Show a simple scientific model of one electron as a small luminous point marked e⁻ within a soft probability cloud surrounding a single positively marked proton. Keep the electron visually emphasized and avoid a rigid planetary orbit or claims of literal scale.

Style: Use the attached invidious.png for drawing style only. Match its thick rounded dark-brown contours, simplified rounded shapes, and restrained 2D cartoon shading. Do not copy the reference subject or composition.

Framing: One compact composition, with the complete subject using about 80-90% of the square. Keep everything inside the frame.

Output: 512x512 PNG, RGBA, genuine transparent background. Allow only the essential scientific notation e⁻ and the proton charge symbol +; no explanatory labels or text. No incidental labels, logos or watermark.",作成済み,,references/invidious.png
ex.png,昔の恋人,昔の恋人,"Subject: ex, a former romantic partner.

Composition: Show two adults returning each other's personal belongings across a doorway, one handing back a sweater while the other offers a framed photograph of them as a couple. Their restrained, separate postures convey a concluded relationship without hostility or readable messages.

Style: Use the attached invidious.png for drawing style only. Match its thick rounded dark-brown contours, simplified rounded shapes, and restrained 2D cartoon shading. Do not copy the reference subject or composition.

Framing: One compact composition, with the complete subject using about 80-90% of the square. Keep everything inside the frame.

Output: 512x512 PNG, RGBA, genuine transparent background. No text, speech balloons, explanatory captions, empty bubbles, numerals, logos or watermark.",作成済み,,references/invidious.png
gentle.png,優しい、なだらかな,優しい,"Subject: gentle, treating another with softness and care.

Composition: Show an adult carefully cradling a small kitten in both hands while softly stroking its head with one fingertip. Their relaxed face and rounded posture match the kitten's comfortable body, with all four tiny paws supported rather than dangling.

Style: Use the attached invidious.png for drawing style only. Match its thick rounded dark-brown contours, simplified rounded shapes, and restrained 2D cartoon shading. Do not copy the reference subject or composition.

Framing: One compact composition, with the complete subject using about 80-90% of the square. Keep everything inside the frame.

Output: 512x512 PNG, RGBA, genuine transparent background. No text, speech balloons, explanatory captions, empty bubbles, numerals, logos or watermark.",作成済み,,references/invidious.png
mutual.png,相互の,相互の,"Subject: mutual, shared or reciprocated by both parties.

Composition: Show two friends standing face to face, each holding an umbrella over the other's head during light rain. Their matching considerate gestures and warm smiles are equally visible, with both umbrella handles securely held and both people sheltered.

Style: Use the attached invidious.png for drawing style only. Match its thick rounded dark-brown contours, simplified rounded shapes, and restrained 2D cartoon shading. Do not copy the reference subject or composition.

Framing: One compact composition, with the complete subject using about 80-90% of the square. Keep everything inside the frame.

Output: 512x512 PNG, RGBA, genuine transparent background. No text, speech balloons, explanatory captions, empty bubbles, numerals, logos or watermark.",作成済み,,references/invidious.png
necessity.png,必要,必要,"Subject: necessity, something essential to a task.

Composition: Show a camper holding an empty water bottle beside a cold cooking pot filled with dry rice. Their free hand reaches toward a nearby water container before cooking can begin, emphasizing the essential missing ingredient rather than an optional improvement.

Style: Use the attached invidious.png for drawing style only. Match its thick rounded dark-brown contours, simplified rounded shapes, and restrained 2D cartoon shading. Do not copy the reference subject or composition.

Framing: One compact composition, with the complete subject using about 80-90% of the square. Keep everything inside the frame.

Output: 512x512 PNG, RGBA, genuine transparent background. No text, speech balloons, explanatory captions, empty bubbles, numerals, logos or watermark.",作成済み,,references/invidious.png
simulation.png,シミュレーション、ふり,シミュレーション,"Subject: simulation, a model used to reproduce a real situation.

Composition: Show a trainee pilot seated in a compact flight simulator, gripping its control yoke while a curved screen displays a runway. The mock cockpit stands on a clearly visible indoor platform, distinguishing the practice apparatus from an actual airborne aircraft.

Style: Use the attached invidious.png for drawing style only. Match its thick rounded dark-brown contours, simplified rounded shapes, and restrained 2D cartoon shading. Do not copy the reference subject or composition.

Framing: One compact composition, with the complete subject using about 80-90% of the square. Keep everything inside the frame.

Output: 512x512 PNG, RGBA, genuine transparent background. No text, speech balloons, explanatory captions, empty bubbles, numerals, logos or watermark.",作成済み,,references/invidious.png
simultaneously.png,同時に,同時に,"Subject: simultaneously, happening at the same moment.

Composition: Show two bakers standing at one long counter, both cracking eggs into separate bowls at precisely the same instant. Each pair of shell halves is open above its bowl with the yolk falling, and one wall clock oversees the shared action.

Style: Use the attached invidious.png for drawing style only. Match its thick rounded dark-brown contours, simplified rounded shapes, and restrained 2D cartoon shading. Do not copy the reference subject or composition.

Framing: One compact composition, with the complete subject using about 80-90% of the square. Keep everything inside the frame.

Output: 512x512 PNG, RGBA, genuine transparent background. No text, speech balloons, explanatory captions, empty bubbles, numerals, logos or watermark.",作成済み,,references/invidious.png
blind.png,目の見えない、日よけ,目の見えない,"Subject: blind, unable to see.

Composition: Show a blind adult navigating a pavement confidently with a long white cane, its tip touching the ground ahead to locate a curb. Their other hand holds a shopping bag; keep the path clear and avoid treating sunglasses or closed eyes as diagnostic proof.

Style: Use the attached invidious.png for drawing style only. Match its thick rounded dark-brown contours, simplified rounded shapes, and restrained 2D cartoon shading. Do not copy the reference subject or composition.

Framing: One compact composition, with the complete subject using about 80-90% of the square. Keep everything inside the frame.

Output: 512x512 PNG, RGBA, genuine transparent background. No text, speech balloons, explanatory captions, empty bubbles, numerals, logos or watermark.",作成済み,,references/invidious.png
impression.png,印象、押した跡,印象,"Subject: impression, an initial effect on someone's mind.

Composition: Show a visitor entering a bright, carefully arranged pottery studio and pausing with an appreciative smile at the orderly shelves. Their raised brows and slight forward lean respond to the room's overall appearance, while the host stands quietly beside the entrance.

Style: Use the attached invidious.png for drawing style only. Match its thick rounded dark-brown contours, simplified rounded shapes, and restrained 2D cartoon shading. Do not copy the reference subject or composition.

Framing: One compact composition, with the complete subject using about 80-90% of the square. Keep everything inside the frame.

Output: 512x512 PNG, RGBA, genuine transparent background. No text, speech balloons, explanatory captions, empty bubbles, numerals, logos or watermark.",作成済み,,references/invidious.png
partly.png,部分的に,部分的に,"Subject: partly, only to some extent.

Composition: Show a wooden fence with its left half freshly painted blue and its right half still bare wood. A painter's brush touches the boundary between the two surfaces, while the paint bucket rests beside their feet and the entire fence remains one structure.

Style: Use the attached invidious.png for drawing style only. Match its thick rounded dark-brown contours, simplified rounded shapes, and restrained 2D cartoon shading. Do not copy the reference subject or composition.

Framing: One compact composition, with the complete subject using about 80-90% of the square. Keep everything inside the frame.

Output: 512x512 PNG, RGBA, genuine transparent background. No text, speech balloons, explanatory captions, empty bubbles, numerals, logos or watermark.",作成済み,,references/invidious.png
privacy.png,プライバシー,プライバシー,"Subject: privacy, freedom from unwanted observation.

Composition: Show an adult drawing a curtain across their bedroom window before changing clothes, still fully dressed. The curtain covers the view from the adjoining path, and their calm expression and closed door emphasize control over their personal space.

Style: Use the attached invidious.png for drawing style only. Match its thick rounded dark-brown contours, simplified rounded shapes, and restrained 2D cartoon shading. Do not copy the reference subject or composition.

Framing: One compact composition, with the complete subject using about 80-90% of the square. Keep everything inside the frame.

Output: 512x512 PNG, RGBA, genuine transparent background. No text, speech balloons, explanatory captions, empty bubbles, numerals, logos or watermark.",作成済み,,references/invidious.png
reputation.png,評判,評判,"Subject: reputation, how someone is generally regarded.

Composition: Show a trusted bicycle mechanic receiving a customer's bike while two satisfied former customers nearby recommend the shop with warm gestures toward the mechanic. Their repaired bicycles stand beside them, linking the positive regard to visible completed work rather than written reviews.

Style: Use the attached invidious.png for drawing style only. Match its thick rounded dark-brown contours, simplified rounded shapes, and restrained 2D cartoon shading. Do not copy the reference subject or composition.

Framing: One compact composition, with the complete subject using about 80-90% of the square. Keep everything inside the frame.

Output: 512x512 PNG, RGBA, genuine transparent background. No text, speech balloons, explanatory captions, empty bubbles, numerals, logos or watermark.",作成済み,,references/invidious.png
restaurant.png,レストラン,レストラン,"Subject: restaurant, a place serving prepared meals.

Composition: Show a waiter bringing two plated meals to a small dining table where two guests sit facing each other. An adjacent service counter and neatly arranged cutlery establish a restaurant interior, while the waiter balances the dishes safely without cropped limbs.

Style: Use the attached invidious.png for drawing style only. Match its thick rounded dark-brown contours, simplified rounded shapes, and restrained 2D cartoon shading. Do not copy the reference subject or composition.

Framing: One compact composition, with the complete subject using about 80-90% of the square. Keep everything inside the frame.

Output: 512x512 PNG, RGBA, genuine transparent background. No text, speech balloons, explanatory captions, empty bubbles, numerals, logos or watermark.",作成済み,,references/invidious.png
reserved.png,控え目な、予約済みの,控え目な,"Subject: reserved, restrained in outward expression.

Composition: Show three adults greeting each other at a small gathering, with one standing slightly back and offering a quiet closed-mouth smile while the others gesture expansively. The reserved person remains comfortably included, hands loosely clasped and posture composed rather than frightened.

Style: Use the attached invidious.png for drawing style only. Match its thick rounded dark-brown contours, simplified rounded shapes, and restrained 2D cartoon shading. Do not copy the reference subject or composition.

Framing: One compact composition, with the complete subject using about 80-90% of the square. Keep everything inside the frame.

Output: 512x512 PNG, RGBA, genuine transparent background. No text, speech balloons, explanatory captions, empty bubbles, numerals, logos or watermark.",作成済み,,references/invidious.png
acceptance.png,受諾,受諾,"Subject: acceptance, agreeing to receive or undertake something.

Composition: Show a volunteer extending both hands to receive a gardening apron and tool basket offered by an organizer. Their decisive nod and welcoming grip show willing acceptance of the role, while a community planter waits beside the two people.

Style: Use the attached invidious.png for drawing style only. Match its thick rounded dark-brown contours, simplified rounded shapes, and restrained 2D cartoon shading. Do not copy the reference subject or composition.

Framing: One compact composition, with the complete subject using about 80-90% of the square. Keep everything inside the frame.

Output: 512x512 PNG, RGBA, genuine transparent background. No text, speech balloons, explanatory captions, empty bubbles, numerals, logos or watermark.",作成済み,,references/invidious.png
arrangement.png,配置、取り決め,配置,"Subject: arrangement, the placement of things relative to one another.

Composition: Show a florist positioning three flowers at different heights inside one wide vase, with the tallest at the back and two shorter stems spreading forward. Their hand adjusts the last stem, and the balanced placement remains the main focus.

Style: Use the attached invidious.png for drawing style only. Match its thick rounded dark-brown contours, simplified rounded shapes, and restrained 2D cartoon shading. Do not copy the reference subject or composition.

Framing: One compact composition, with the complete subject using about 80-90% of the square. Keep everything inside the frame.

Output: 512x512 PNG, RGBA, genuine transparent background. No text, speech balloons, explanatory captions, empty bubbles, numerals, logos or watermark.",作成済み,,references/invidious.png
executive.png,経営幹部、行政の,経営幹部,"Subject: executive, a senior manager directing an organization.

Composition: Show a business leader seated at the head of a small worktable, reviewing a physical product prototype with two department managers. Their hand coordinates the next step across the shared model, while the others attend with folders closed beside them.

Style: Use the attached invidious.png for drawing style only. Match its thick rounded dark-brown contours, simplified rounded shapes, and restrained 2D cartoon shading. Do not copy the reference subject or composition.

Framing: One compact composition, with the complete subject using about 80-90% of the square. Keep everything inside the frame.

Output: 512x512 PNG, RGBA, genuine transparent background. No text, speech balloons, explanatory captions, empty bubbles, numerals, logos or watermark.",作成済み,,references/invidious.png
internet.png,インターネット,インターネット,"Subject: internet, the worldwide network connecting computers.

Composition: Show a person using a laptop beside a small globe, with thin luminous connections linking the laptop through the globe to several tiny computer nodes around it. Keep this one integrated network model grounded on the desk rather than separate interface panels.

Style: Use the attached invidious.png for drawing style only. Match its thick rounded dark-brown contours, simplified rounded shapes, and restrained 2D cartoon shading. Do not copy the reference subject or composition.

Framing: One compact composition, with the complete subject using about 80-90% of the square. Keep everything inside the frame.

Output: 512x512 PNG, RGBA, genuine transparent background. No text, speech balloons, explanatory captions, empty bubbles, numerals, logos or watermark.",作成済み,,references/invidious.png
conversion.png,転換、改宗,転換,"Subject: conversion, changing something into another form or use.

Composition: Show a craftsperson turning an old wooden crate into a low bookshelf, fitting a central shelf into the cleaned crate. Sanded boards and screws rest on the workbench, while a few books already occupy the finished lower compartment.

Style: Use the attached invidious.png for drawing style only. Match its thick rounded dark-brown contours, simplified rounded shapes, and restrained 2D cartoon shading. Do not copy the reference subject or composition.

Framing: One compact composition, with the complete subject using about 80-90% of the square. Keep everything inside the frame.

Output: 512x512 PNG, RGBA, genuine transparent background. No text, speech balloons, explanatory captions, empty bubbles, numerals, logos or watermark.",作成済み,,references/invidious.png
criticism.png,批判,批判,"Subject: criticism, pointing out a fault or weakness.

Composition: Show a reviewer examining a newly built chair and pointing to a visibly uneven joint while its maker listens thoughtfully. The reviewer keeps a measured expression, and the maker checks the indicated gap with a small square, focusing criticism on the work.

Style: Use the attached invidious.png for drawing style only. Match its thick rounded dark-brown contours, simplified rounded shapes, and restrained 2D cartoon shading. Do not copy the reference subject or composition.

Framing: One compact composition, with the complete subject using about 80-90% of the square. Keep everything inside the frame.

Output: 512x512 PNG, RGBA, genuine transparent background. No text, speech balloons, explanatory captions, empty bubbles, numerals, logos or watermark.",作成済み,,references/invidious.png
partial.png,部分的な、えこひいきの,部分的な,"Subject: partial, incomplete or affecting only a portion.

Composition: Show a damaged garden wall repaired with fresh bricks across only its lower section, while the upper gap remains open. A mason sets one more brick onto wet mortar, with the finished and unfinished portions contiguous in the same compact structure.

Style: Use the attached invidious.png for drawing style only. Match its thick rounded dark-brown contours, simplified rounded shapes, and restrained 2D cartoon shading. Do not copy the reference subject or composition.

Framing: One compact composition, with the complete subject using about 80-90% of the square. Keep everything inside the frame.

Output: 512x512 PNG, RGBA, genuine transparent background. No text, speech balloons, explanatory captions, empty bubbles, numerals, logos or watermark.",作成済み,,references/invidious.png
rely.png,頼る,頼る,"Subject: rely, trusting another to provide needed support.

Composition: Show a hiker crossing a narrow footbridge while holding a companion's steady hand. The companion stands securely at the far end and braces their stance, while the crossing hiker places careful weight on the next plank and looks toward the helping person.

Style: Use the attached invidious.png for drawing style only. Match its thick rounded dark-brown contours, simplified rounded shapes, and restrained 2D cartoon shading. Do not copy the reference subject or composition.

Framing: One compact composition, with the complete subject using about 80-90% of the square. Keep everything inside the frame.

Output: 512x512 PNG, RGBA, genuine transparent background. No text, speech balloons, explanatory captions, empty bubbles, numerals, logos or watermark.",作成済み,,references/invidious.png
statistical.png,統計の,統計の,"Subject: statistical, relating to numerical analysis of collected observations.

Composition: Show a researcher sorting colored survey tokens into transparent counting tubes on a desk and comparing the resulting heights with a simple bar chart. Their finger follows corresponding colors between tubes and chart, connecting actual observations with organized numerical evidence.

Style: Use the attached invidious.png for drawing style only. Match its thick rounded dark-brown contours, simplified rounded shapes, and restrained 2D cartoon shading. Do not copy the reference subject or composition.

Framing: One compact composition, with the complete subject using about 80-90% of the square. Keep everything inside the frame.

Output: 512x512 PNG, RGBA, genuine transparent background. No text, speech balloons, explanatory captions, empty bubbles, numerals, logos or watermark.",作成済み,,references/invidious.png
appreciate.png,真価を認める、値上がりする,真価を認める,"Subject: appreciate, recognizing the real value of something.

Composition: Show a furniture restorer carefully examining a worn handmade chair, tracing a beautifully fitted joint with an admiring smile. A visitor stands beside them while the restorer points out the craftsmanship, valuing the old object despite its scratched surface.

Style: Use the attached invidious.png for drawing style only. Match its thick rounded dark-brown contours, simplified rounded shapes, and restrained 2D cartoon shading. Do not copy the reference subject or composition.

Framing: One compact composition, with the complete subject using about 80-90% of the square. Keep everything inside the frame.

Output: 512x512 PNG, RGBA, genuine transparent background. No text, speech balloons, explanatory captions, empty bubbles, numerals, logos or watermark.",作成済み,,references/invidious.png
introduce.png,紹介する,紹介する,"Subject: introduce, making people known to each other.

Composition: Show a host standing between two guests and extending an open hand from one toward the other. The guests turn to meet each other's gaze and begin a handshake, while the host's welcoming posture clearly connects the newly acquainted pair.

Style: Use the attached invidious.png for drawing style only. Match its thick rounded dark-brown contours, simplified rounded shapes, and restrained 2D cartoon shading. Do not copy the reference subject or composition.

Framing: One compact composition, with the complete subject using about 80-90% of the square. Keep everything inside the frame.

Output: 512x512 PNG, RGBA, genuine transparent background. No text, speech balloons, explanatory captions, empty bubbles, numerals, logos or watermark.",作成済み,,references/invidious.png
jurisdiction.png,司法権,司法権,"Subject: jurisdiction, the authority of a court to hear a matter.

Composition: Show a judge seated behind a court bench accepting a case folder from a clerk inside the courtroom's low rail. Two parties wait within that same hearing space, and the judge's directed hand formally brings their dispute before this court.

Style: Use the attached invidious.png for drawing style only. Match its thick rounded dark-brown contours, simplified rounded shapes, and restrained 2D cartoon shading. Do not copy the reference subject or composition.

Framing: One compact composition, with the complete subject using about 80-90% of the square. Keep everything inside the frame.

Output: 512x512 PNG, RGBA, genuine transparent background. No text, speech balloons, explanatory captions, empty bubbles, numerals, logos or watermark.",作成済み,,references/invidious.png
unusual.png,珍しい,珍しい,"Subject: unusual, noticeably uncommon.

Composition: Show a pedestrian pausing in surprise beside a bicycle fitted with one exceptionally large front wheel and one tiny rear wheel. The complete rideable frame and saddle remain supported on a stand, making the unusual proportions clear without inventing an impossible mechanism.

Style: Use the attached invidious.png for drawing style only. Match its thick rounded dark-brown contours, simplified rounded shapes, and restrained 2D cartoon shading. Do not copy the reference subject or composition.

Framing: One compact composition, with the complete subject using about 80-90% of the square. Keep everything inside the frame.

Output: 512x512 PNG, RGBA, genuine transparent background. No text, speech balloons, explanatory captions, empty bubbles, numerals, logos or watermark.",作成済み,,references/invidious.png
constitutional.png,憲法の、体質の,憲法の,"Subject: constitutional, relating to a country's foundational legal framework.

Composition: Show a judge and a lawmaker examining a substantial bound constitutional document together on a formal desk. The judge points to one page while the lawmaker compares a separate proposal, placing the foundational book at the center without readable passages or national emblems.

Style: Use the attached invidious.png for drawing style only. Match its thick rounded dark-brown contours, simplified rounded shapes, and restrained 2D cartoon shading. Do not copy the reference subject or composition.

Framing: One compact composition, with the complete subject using about 80-90% of the square. Keep everything inside the frame.

Output: 512x512 PNG, RGBA, genuine transparent background. No text, speech balloons, explanatory captions, empty bubbles, numerals, logos or watermark.",作成済み,,references/invidious.png
facilitate.png,容易にする,容易にする,"Subject: facilitate, making an action easier.

Composition: Show an adult placing a sturdy portable ramp over a single doorstep so another adult can roll a loaded handcart inside. The ramp lies securely across the height difference, and the cart's wheels begin climbing its smooth surface without needing to be lifted.

Style: Use the attached invidious.png for drawing style only. Match its thick rounded dark-brown contours, simplified rounded shapes, and restrained 2D cartoon shading. Do not copy the reference subject or composition.

Framing: One compact composition, with the complete subject using about 80-90% of the square. Keep everything inside the frame.

Output: 512x512 PNG, RGBA, genuine transparent background. No text, speech balloons, explanatory captions, empty bubbles, numerals, logos or watermark.",作成済み,,references/invidious.png
stupid.png,馬鹿な,馬鹿な,"Subject: stupid, showing poor judgment in an action.

Composition: Show an adult trying to carry a bucket of water that has a plainly visible large hole in its bottom. Water pours onto their boots as they continue lifting it, and their startled face focuses the foolishness on this specific choice.

Style: Use the attached invidious.png for drawing style only. Match its thick rounded dark-brown contours, simplified rounded shapes, and restrained 2D cartoon shading. Do not copy the reference subject or composition.

Framing: One compact composition, with the complete subject using about 80-90% of the square. Keep everything inside the frame.

Output: 512x512 PNG, RGBA, genuine transparent background. No text, speech balloons, explanatory captions, empty bubbles, numerals, logos or watermark.",作成済み,,references/invidious.png
assist.png,手伝う,手伝う,"Subject: assist, helping another person complete a task.

Composition: Show two adults putting up a curtain: one stands securely on a low stepladder attaching the rail while the other supports the curtain's weight from the floor. Both work on the same fabric, keeping tools and bodies balanced and fully visible.

Style: Use the attached invidious.png for drawing style only. Match its thick rounded dark-brown contours, simplified rounded shapes, and restrained 2D cartoon shading. Do not copy the reference subject or composition.

Framing: One compact composition, with the complete subject using about 80-90% of the square. Keep everything inside the frame.

Output: 512x512 PNG, RGBA, genuine transparent background. No text, speech balloons, explanatory captions, empty bubbles, numerals, logos or watermark.",作成済み,,references/invidious.png
communicate.png,伝える、感染させる,伝える,"Subject: communicate, conveying information to another person.

Composition: Show a cyclist pointing clearly at a loose strap caught near a companion's rear wheel. The companion follows the pointing finger and reaches down to free the strap, making the conveyed warning and understood practical response visible without words.

Style: Use the attached invidious.png for drawing style only. Match its thick rounded dark-brown contours, simplified rounded shapes, and restrained 2D cartoon shading. Do not copy the reference subject or composition.

Framing: One compact composition, with the complete subject using about 80-90% of the square. Keep everything inside the frame.

Output: 512x512 PNG, RGBA, genuine transparent background. No text, speech balloons, explanatory captions, empty bubbles, numerals, logos or watermark.",作成済み,,references/invidious.png
interface.png,境界面,境界面,"Subject: interface, the surface where two substances meet.

Composition: Show a transparent glass beaker containing a golden oil layer above clear blue-tinted water. A student's fingertip indicates the crisp horizontal boundary where the two liquids touch, while both layers remain settled and the beaker stands flat on a laboratory table.

Style: Use the attached invidious.png for drawing style only. Match its thick rounded dark-brown contours, simplified rounded shapes, and restrained 2D cartoon shading. Do not copy the reference subject or composition.

Framing: One compact composition, with the complete subject using about 80-90% of the square. Keep everything inside the frame.

Output: 512x512 PNG, RGBA, genuine transparent background. No text, speech balloons, explanatory captions, empty bubbles, numerals, logos or watermark.",作成済み,,references/invidious.png
lesson.png,授業、教訓,授業,"Subject: lesson, a period of teaching.

Composition: Show a music teacher seated beside a learner at an upright piano, demonstrating a short sequence with one hand while the learner watches closely. Both stools rest firmly on the floor, and the teacher's free hand indicates the starting key.

Style: Use the attached invidious.png for drawing style only. Match its thick rounded dark-brown contours, simplified rounded shapes, and restrained 2D cartoon shading. Do not copy the reference subject or composition.

Framing: One compact composition, with the complete subject using about 80-90% of the square. Keep everything inside the frame.

Output: 512x512 PNG, RGBA, genuine transparent background. No text, speech balloons, explanatory captions, empty bubbles, numerals, logos or watermark.",作成済み,,references/invidious.png
port.png,港、接続口,港,"Subject: port, a sheltered place where ships load and unload.

Composition: Show a small cargo vessel moored beside a quay, with a dock crane lowering a single crate onto the pier. Thick mooring ropes connect the ship to bollards, and stacked cargo and a calm harbor edge establish the working port.

Style: Use the attached invidious.png for drawing style only. Match its thick rounded dark-brown contours, simplified rounded shapes, and restrained 2D cartoon shading. Do not copy the reference subject or composition.

Framing: One compact composition, with the complete subject using about 80-90% of the square. Keep everything inside the frame.

Output: 512x512 PNG, RGBA, genuine transparent background. No text, speech balloons, explanatory captions, empty bubbles, numerals, logos or watermark.",作成済み,,references/invidious.png
tendency.png,傾向,傾向,"Subject: tendency, a usual inclination toward a particular behavior.

Composition: Show a houseplant bending strongly toward the light from a nearby window, with most leaves and young shoots oriented the same way. Its pot remains upright on a level sill, making the consistent direction of growth visible in one plant.

Style: Use the attached invidious.png for drawing style only. Match its thick rounded dark-brown contours, simplified rounded shapes, and restrained 2D cartoon shading. Do not copy the reference subject or composition.

Framing: One compact composition, with the complete subject using about 80-90% of the square. Keep everything inside the frame.

Output: 512x512 PNG, RGBA, genuine transparent background. No text, speech balloons, explanatory captions, empty bubbles, numerals, logos or watermark.",作成済み,,references/invidious.png
ultimate.png,究極の,究極の,"Subject: ultimate, the final point beyond all intermediate stages.

Composition: Show a mountain climber reaching the highest summit beyond a ridge of lower peaks, placing one gloved hand on the topmost rock. Their tired but fulfilled face and the descending terrain on every side establish the final achievable height.

Style: Use the attached invidious.png for drawing style only. Match its thick rounded dark-brown contours, simplified rounded shapes, and restrained 2D cartoon shading. Do not copy the reference subject or composition.

Framing: One compact composition, with the complete subject using about 80-90% of the square. Keep everything inside the frame.

Output: 512x512 PNG, RGBA, genuine transparent background. No text, speech balloons, explanatory captions, empty bubbles, numerals, logos or watermark.",作成済み,,references/invidious.png
unlike.png,似ていない,似ていない,"Subject: unlike, not similar in appearance.

Composition: Show two shoes placed together on a doormat, one a tall heavy hiking boot and the other a delicate open sandal. Their contrasting shapes, materials, and coverage are clear within the same everyday grouping, with neither hidden behind the other.

Style: Use the attached invidious.png for drawing style only. Match its thick rounded dark-brown contours, simplified rounded shapes, and restrained 2D cartoon shading. Do not copy the reference subject or composition.

Framing: One compact composition, with the complete subject using about 80-90% of the square. Keep everything inside the frame.

Output: 512x512 PNG, RGBA, genuine transparent background. No text, speech balloons, explanatory captions, empty bubbles, numerals, logos or watermark.",作成済み,,references/invidious.png
bias.png,偏見、斜めの線,偏見,"Subject: bias, a prejudiced preference affecting judgment.

Composition: Show a contest judge giving the winning ribbon to a friend's crooked clay pot while overlooking a neatly made pot beside it. The favored contestant and judge exchange familiar smiles, while the other contestant looks puzzled at the uneven decision.

Style: Use the attached invidious.png for drawing style only. Match its thick rounded dark-brown contours, simplified rounded shapes, and restrained 2D cartoon shading. Do not copy the reference subject or composition.

Framing: One compact composition, with the complete subject using about 80-90% of the square. Keep everything inside the frame.

Output: 512x512 PNG, RGBA, genuine transparent background. No text, speech balloons, explanatory captions, empty bubbles, numerals, logos or watermark.",作成済み,,references/invidious.png
parameter.png,媒介変数、限界,媒介変数,"Subject: parameter, a variable defining a mathematical relationship.

Composition: Show a student setting a physical slider marked t to 2 beside a board carrying x = 2t and y = t. Their other hand marks (4, 2) on the coordinate grid, connecting the parameter value with its resulting point in one demonstration.

Style: Use the attached invidious.png for drawing style only. Match its thick rounded dark-brown contours, simplified rounded shapes, and restrained 2D cartoon shading. Do not copy the reference subject or composition.

Framing: One compact composition, with the complete subject using about 80-90% of the square. Keep everything inside the frame.

Output: 512x512 PNG, RGBA, genuine transparent background. Allow only the essential mathematical notation t, 2, x = 2t, y = t, (4, 2), and coordinate-axis numerals; no explanatory text. No incidental labels, logos or watermark.",作成済み,,references/invidious.png
prefer.png,好む,好む,"Subject: prefer, choosing something because it is liked more.

Composition: Show a person reaching eagerly for a bowl of strawberries while leaving an equally accessible bowl of grapes untouched. Their eyes and smile focus on the strawberries, with both bowls side by side on the same small table.

Style: Use the attached invidious.png for drawing style only. Match its thick rounded dark-brown contours, simplified rounded shapes, and restrained 2D cartoon shading. Do not copy the reference subject or composition.

Framing: One compact composition, with the complete subject using about 80-90% of the square. Keep everything inside the frame.

Output: 512x512 PNG, RGBA, genuine transparent background. No text, speech balloons, explanatory captions, empty bubbles, numerals, logos or watermark.",作成済み,,references/invidious.png
priest.png,聖職者,聖職者,"Subject: priest, a religious officiant.

Composition: Show a Christian priest in a simple alb and stole standing beside a small altar, carefully arranging a chalice and folded cloth before a service. Keep the posture calm and practical, with a modest cross on the altar and no readable liturgical text.

Style: Use the attached invidious.png for drawing style only. Match its thick rounded dark-brown contours, simplified rounded shapes, and restrained 2D cartoon shading. Do not copy the reference subject or composition.

Framing: One compact composition, with the complete subject using about 80-90% of the square. Keep everything inside the frame.

Output: 512x512 PNG, RGBA, genuine transparent background. No text, speech balloons, explanatory captions, empty bubbles, numerals, logos or watermark.",作成済み,,references/invidious.png
destroy.png,破壊する,破壊する,"Subject: destroy, breaking something so it can no longer function.

Composition: Show a demolition worker operating a grounded jackhammer against an abandoned concrete step, splitting it into large broken chunks. The worker wears eye and hearing protection, both hands grip the tool, and the step's former walking surface is visibly ruined.

Style: Use the attached invidious.png for drawing style only. Match its thick rounded dark-brown contours, simplified rounded shapes, and restrained 2D cartoon shading. Do not copy the reference subject or composition.

Framing: One compact composition, with the complete subject using about 80-90% of the square. Keep everything inside the frame.

Output: 512x512 PNG, RGBA, genuine transparent background. No text, speech balloons, explanatory captions, empty bubbles, numerals, logos or watermark.",作成済み,,references/invidious.png
remarkable.png,注目すべき,注目すべき,"Subject: remarkable, worthy of special attention.

Composition: Show three gardeners stopping to admire one exceptionally large sunflower towering above its neighboring plants. One holds a normal-sized watering can for scale, while all three look upward with impressed expressions at the enormous but naturally connected flower head.

Style: Use the attached invidious.png for drawing style only. Match its thick rounded dark-brown contours, simplified rounded shapes, and restrained 2D cartoon shading. Do not copy the reference subject or composition.

Framing: One compact composition, with the complete subject using about 80-90% of the square. Keep everything inside the frame.

Output: 512x512 PNG, RGBA, genuine transparent background. No text, speech balloons, explanatory captions, empty bubbles, numerals, logos or watermark.",作成済み,,references/invidious.png
surgical.png,外科の、精密な,外科の,"Subject: surgical, relating to an operation.

Composition: Show a surgeon in a mask, cap, sterile gown, and gloves positioning a surgical instrument above a draped operating area while an assistant stands beside a covered instrument tray. Keep the patient safely supported, the incision concealed, and the scene non-graphic.

Style: Use the attached invidious.png for drawing style only. Match its thick rounded dark-brown contours, simplified rounded shapes, and restrained 2D cartoon shading. Do not copy the reference subject or composition.

Framing: One compact composition, with the complete subject using about 80-90% of the square. Keep everything inside the frame.

Output: 512x512 PNG, RGBA, genuine transparent background. No text, speech balloons, explanatory captions, empty bubbles, numerals, logos or watermark.",作成済み,,references/invidious.png
circuit.png,回路,回路,"Subject: circuit, a closed path carrying electric current.

Composition: Show a simple working circuit on a wooden board: an insulated wire connects a battery to a closed switch, a second joins the switch to a glowing bulb, and a third returns to the battery. A student operates the switch handle safely, away from exposed contacts.

Style: Use the attached invidious.png for drawing style only. Match its thick rounded dark-brown contours, simplified rounded shapes, and restrained 2D cartoon shading. Do not copy the reference subject or composition.

Framing: One compact composition, with the complete subject using about 80-90% of the square. Keep everything inside the frame.

Output: 512x512 PNG, RGBA, genuine transparent background. No text, speech balloons, explanatory captions, empty bubbles, numerals, logos or watermark.",作成済み,,references/invidious.png
competitive.png,競争の,競争の,"Subject: competitive, involving a contest to outperform others.

Composition: Show two runners sprinting side by side toward the same finish ribbon, each focused on reaching it first. Their forward leans and vigorous arm movements show active rivalry, while both remain inside adjacent lanes on one compact track segment.

Style: Use the attached invidious.png for drawing style only. Match its thick rounded dark-brown contours, simplified rounded shapes, and restrained 2D cartoon shading. Do not copy the reference subject or composition.

Framing: One compact composition, with the complete subject using about 80-90% of the square. Keep everything inside the frame.

Output: 512x512 PNG, RGBA, genuine transparent background. No text, speech balloons, explanatory captions, empty bubbles, numerals, logos or watermark.",作成済み,,references/invidious.png
enforcement.png,執行,執行,"Subject: enforcement, putting a rule or decision into effect.

Composition: Show a park attendant stopping a cyclist at the entrance to a pedestrian garden and indicating that they must dismount. The cyclist swings one leg off and begins walking the bicycle through the gate, making the rule's practical application visible.

Style: Use the attached invidious.png for drawing style only. Match its thick rounded dark-brown contours, simplified rounded shapes, and restrained 2D cartoon shading. Do not copy the reference subject or composition.

Framing: One compact composition, with the complete subject using about 80-90% of the square. Keep everything inside the frame.

Output: 512x512 PNG, RGBA, genuine transparent background. No text, speech balloons, explanatory captions, empty bubbles, numerals, logos or watermark.",作成済み,,references/invidious.png
extend.png,延長する,延長する,"Subject: extend, making something longer.

Composition: Show a worker sliding the nested inner section of a telescoping ladder outward while it lies securely on the ground. Their hands pull along its length, revealing additional rungs, and the ladder remains one connected object with both ends visible.

Style: Use the attached invidious.png for drawing style only. Match its thick rounded dark-brown contours, simplified rounded shapes, and restrained 2D cartoon shading. Do not copy the reference subject or composition.

Framing: One compact composition, with the complete subject using about 80-90% of the square. Keep everything inside the frame.

Output: 512x512 PNG, RGBA, genuine transparent background. No text, speech balloons, explanatory captions, empty bubbles, numerals, logos or watermark.",作成済み,,references/invidious.png
graph.png,グラフ,グラフ,"Subject: graph, a visual representation of data.

Composition: Show a student drawing a rising line through plotted points on one square grid sheet resting on a desk. Two perpendicular axes and evenly spaced tick marks structure the graph, while the pencil touches the latest point and no decorative pictures distract.

Style: Use the attached invidious.png for drawing style only. Match its thick rounded dark-brown contours, simplified rounded shapes, and restrained 2D cartoon shading. Do not copy the reference subject or composition.

Framing: One compact composition, with the complete subject using about 80-90% of the square. Keep everything inside the frame.

Output: 512x512 PNG, RGBA, genuine transparent background. No text, speech balloons, explanatory captions, empty bubbles, numerals, logos or watermark.",作成済み,,references/invidious.png
repair.png,修理する,修理する,"Subject: repair, restoring a broken object to working order.

Composition: Show a mechanic replacing a bicycle's slipped chain onto the rear sprocket while the bicycle stands securely in a repair stand. One hand guides the chain and the other steadies the pedal, with the reconnecting links and intact wheel clearly visible.

Style: Use the attached invidious.png for drawing style only. Match its thick rounded dark-brown contours, simplified rounded shapes, and restrained 2D cartoon shading. Do not copy the reference subject or composition.

Framing: One compact composition, with the complete subject using about 80-90% of the square. Keep everything inside the frame.

Output: 512x512 PNG, RGBA, genuine transparent background. No text, speech balloons, explanatory captions, empty bubbles, numerals, logos or watermark.",作成済み,,references/invidious.png
summary.png,要約、即決の,要約,"Subject: summary, a concise account of a longer work.

Composition: Show an editor selecting a few central picture cards from a thick stack of illustrated event records and arranging them on one small overview sheet. The chosen cards retain the main beginning, middle, and outcome without repeating every minor event.

Style: Use the attached invidious.png for drawing style only. Match its thick rounded dark-brown contours, simplified rounded shapes, and restrained 2D cartoon shading. Do not copy the reference subject or composition.

Framing: One compact composition, with the complete subject using about 80-90% of the square. Keep everything inside the frame.

Output: 512x512 PNG, RGBA, genuine transparent background. No text, speech balloons, explanatory captions, empty bubbles, numerals, logos or watermark.",作成済み,,references/invidious.png
approval.png,承認,承認,"Subject: approval, an affirmative acceptance of a proposal or result.

Composition: Show a workshop supervisor examining a completed wooden stool and giving its maker a clear thumbs-up. The stool stands level between them, the maker waits attentively with hands relaxed, and the supervisor's satisfied expression confirms acceptance of the finished work.

Style: Use the attached invidious.png for drawing style only. Match its thick rounded dark-brown contours, simplified rounded shapes, and restrained 2D cartoon shading. Do not copy the reference subject or composition.

Framing: One compact composition, with the complete subject using about 80-90% of the square. Keep everything inside the frame.

Output: 512x512 PNG, RGBA, genuine transparent background. No text, speech balloons, explanatory captions, empty bubbles, numerals, logos or watermark.",作成済み,,references/invidious.png
availability.png,利用できること,利用できること,"Subject: availability, being ready for use when needed.

Composition: Show a traveler reaching for the single free luggage trolley in a station trolley bay, its handle unobstructed and basket empty. Two other trolleys are already occupied nearby, highlighting the accessible equipment ready for immediate use.

Style: Use the attached invidious.png for drawing style only. Match its thick rounded dark-brown contours, simplified rounded shapes, and restrained 2D cartoon shading. Do not copy the reference subject or composition.

Framing: One compact composition, with the complete subject using about 80-90% of the square. Keep everything inside the frame.

Output: 512x512 PNG, RGBA, genuine transparent background. No text, speech balloons, explanatory captions, empty bubbles, numerals, logos or watermark.",作成済み,,references/invidious.png
collaboration.png,協力,協力,"Subject: collaboration, people combining their work on one project.

Composition: Show two illustrators working together on the same large poster laid across a table, one painting a tree while the other adds birds to its branches. Their hands occupy separate areas without collision, and both look toward the shared developing artwork.

Style: Use the attached invidious.png for drawing style only. Match its thick rounded dark-brown contours, simplified rounded shapes, and restrained 2D cartoon shading. Do not copy the reference subject or composition.

Framing: One compact composition, with the complete subject using about 80-90% of the square. Keep everything inside the frame.

Output: 512x512 PNG, RGBA, genuine transparent background. No text, speech balloons, explanatory captions, empty bubbles, numerals, logos or watermark.",作成済み,,references/invidious.png
crop.png,作物,作物,"Subject: crop, plants grown for harvest.

Composition: Show a farmer kneeling beside a dense row of ripe wheat, gathering a small bundle of golden stalks in one hand. The surrounding field patch remains rooted and ready for harvest, with heavy seed heads clearly emphasized over decorative flowers.

Style: Use the attached invidious.png for drawing style only. Match its thick rounded dark-brown contours, simplified rounded shapes, and restrained 2D cartoon shading. Do not copy the reference subject or composition.

Framing: One compact composition, with the complete subject using about 80-90% of the square. Keep everything inside the frame.

Output: 512x512 PNG, RGBA, genuine transparent background. No text, speech balloons, explanatory captions, empty bubbles, numerals, logos or watermark.",作成済み,,references/invidious.png
psychology.png,心理学,心理学,"Subject: psychology, the study of thought and behavior.

Composition: Show a psychology researcher observing a volunteer sorting shaped wooden blocks at a table, with a simple response timer beside the task. The researcher records observations in a plain notebook, presenting an ordinary behavioral study without brain icons or unsupported diagnoses.

Style: Use the attached invidious.png for drawing style only. Match its thick rounded dark-brown contours, simplified rounded shapes, and restrained 2D cartoon shading. Do not copy the reference subject or composition.

Framing: One compact composition, with the complete subject using about 80-90% of the square. Keep everything inside the frame.

Output: 512x512 PNG, RGBA, genuine transparent background. No text, speech balloons, explanatory captions, empty bubbles, numerals, logos or watermark.",作成済み,,references/invidious.png
revenue.png,歳入,歳入,"Subject: revenue, money received by a public authority.

Composition: Show a municipal cashier receiving payment at a public service counter and placing the coins into a secure till. A small model of the town hall sits behind the counter, while the payer receives a plain receipt with no readable words.

Style: Use the attached invidious.png for drawing style only. Match its thick rounded dark-brown contours, simplified rounded shapes, and restrained 2D cartoon shading. Do not copy the reference subject or composition.

Framing: One compact composition, with the complete subject using about 80-90% of the square. Keep everything inside the frame.

Output: 512x512 PNG, RGBA, genuine transparent background. No text, speech balloons, explanatory captions, empty bubbles, numerals, logos or watermark.",作成済み,,references/invidious.png
arrive.png,到着する,到着する,"Subject: arrive, reaching a destination.

Composition: Show a hiker stepping onto the porch of a mountain hut after following a winding trail. They lower their backpack with a relieved smile while the hut keeper opens the door, and the trail ends directly at the porch steps.

Style: Use the attached invidious.png for drawing style only. Match its thick rounded dark-brown contours, simplified rounded shapes, and restrained 2D cartoon shading. Do not copy the reference subject or composition.

Framing: One compact composition, with the complete subject using about 80-90% of the square. Keep everything inside the frame.

Output: 512x512 PNG, RGBA, genuine transparent background. No text, speech balloons, explanatory captions, empty bubbles, numerals, logos or watermark.",作成済み,,references/invidious.png
diameter.png,直径,直径,"Subject: diameter, a straight distance across a circle through its center.

Composition: Show a craftsperson laying a ruler across the middle of a circular wooden disc, joining two opposite points on its rim. A small center dot lies exactly beneath the ruler's midpoint, making the full through-center span distinct from a radius.

Style: Use the attached invidious.png for drawing style only. Match its thick rounded dark-brown contours, simplified rounded shapes, and restrained 2D cartoon shading. Do not copy the reference subject or composition.

Framing: One compact composition, with the complete subject using about 80-90% of the square. Keep everything inside the frame.

Output: 512x512 PNG, RGBA, genuine transparent background. Allow simple measurement ticks and a center dot only; no words or explanatory labels. No incidental labels, logos or watermark.",作成済み,,references/invidious.png
dimensional.png,次元の,次元の,"Subject: dimensional, relating to spatial dimensions.

Composition: Show a transparent cube model on a desk with three perpendicular measuring rods following its width, depth, and height from one corner. A student touches the vertical rod while the other two remain grounded along the cube's base edges.

Style: Use the attached invidious.png for drawing style only. Match its thick rounded dark-brown contours, simplified rounded shapes, and restrained 2D cartoon shading. Do not copy the reference subject or composition.

Framing: One compact composition, with the complete subject using about 80-90% of the square. Keep everything inside the frame.

Output: 512x512 PNG, RGBA, genuine transparent background. No text, speech balloons, explanatory captions, empty bubbles, numerals, logos or watermark.",作成済み,,references/invidious.png
essence.png,本質、エキス,本質,"Subject: essence, the fundamental nature of something.

Composition: Show a watchmaker holding the small functioning movement of a clock above its removed decorative case. The connected gears and hands continue to form the timekeeping core, while the ornamental shell rests empty beside it on the padded bench.

Style: Use the attached invidious.png for drawing style only. Match its thick rounded dark-brown contours, simplified rounded shapes, and restrained 2D cartoon shading. Do not copy the reference subject or composition.

Framing: One compact composition, with the complete subject using about 80-90% of the square. Keep everything inside the frame.

Output: 512x512 PNG, RGBA, genuine transparent background. No text, speech balloons, explanatory captions, empty bubbles, numerals, logos or watermark.",作成済み,,references/invidious.png
ethics.png,倫理,倫理,"Subject: ethics, principles guiding right conduct.

Composition: Show a shopper finding a wallet full of cash and returning it intact to its relieved owner. Their open hand offers the wallet without removing anything, and the owner's reaching hands and grateful expression make the honest decision concrete.

Style: Use the attached invidious.png for drawing style only. Match its thick rounded dark-brown contours, simplified rounded shapes, and restrained 2D cartoon shading. Do not copy the reference subject or composition.

Framing: One compact composition, with the complete subject using about 80-90% of the square. Keep everything inside the frame.

Output: 512x512 PNG, RGBA, genuine transparent background. No text, speech balloons, explanatory captions, empty bubbles, numerals, logos or watermark.",作成済み,,references/invidious.png
excitement.png,興奮,興奮,"Subject: excitement, a state of eager animated feeling.

Composition: Show a child at the entrance to a small fairground ride, bouncing slightly on their toes while gripping an adult's hand. Their wide smile and sparkling eyes face the brightly painted carousel, with both people safely outside its barrier.

Style: Use the attached invidious.png for drawing style only. Match its thick rounded dark-brown contours, simplified rounded shapes, and restrained 2D cartoon shading. Do not copy the reference subject or composition.

Framing: One compact composition, with the complete subject using about 80-90% of the square. Keep everything inside the frame.

Output: 512x512 PNG, RGBA, genuine transparent background. No text, speech balloons, explanatory captions, empty bubbles, numerals, logos or watermark.",作成済み,,references/invidious.png
grant.png,与える、助成金,与える,"Subject: grant, giving something requested or needed.

Composition: Show a landowner handing a gardener a key to an unused greenhouse while opening its door for them. The gardener accepts the key with a pleased nod and carries a tray of seedlings, making the newly given access practical and visible.

Style: Use the attached invidious.png for drawing style only. Match its thick rounded dark-brown contours, simplified rounded shapes, and restrained 2D cartoon shading. Do not copy the reference subject or composition.

Framing: One compact composition, with the complete subject using about 80-90% of the square. Keep everything inside the frame.

Output: 512x512 PNG, RGBA, genuine transparent background. No text, speech balloons, explanatory captions, empty bubbles, numerals, logos or watermark.",作成済み,,references/invidious.png
particle.png,微粒子、不変化詞,微粒子,"Subject: particle, a very small piece of matter.

Composition: Show a fine grain of sand held at the center of a jeweler's magnifying lens above a sandy work surface. The enlarged grain has an irregular mineral shape, while the surrounding much smaller grains establish its tiny real-world size without atomic symbols.

Style: Use the attached invidious.png for drawing style only. Match its thick rounded dark-brown contours, simplified rounded shapes, and restrained 2D cartoon shading. Do not copy the reference subject or composition.

Framing: One compact composition, with the complete subject using about 80-90% of the square. Keep everything inside the frame.

Output: 512x512 PNG, RGBA, genuine transparent background. No text, speech balloons, explanatory captions, empty bubbles, numerals, logos or watermark.",作成済み,,references/invidious.png
regardless.png,無頓着な、それでも,無頓着な,"Subject: regardless, unconcerned about surrounding circumstances.

Composition: Show an adult continuing to paint a fence while a light shower begins, concentrating on the brushstroke despite droplets speckling their coat. A folded rain jacket lies within reach but remains ignored, making their heedless persistence visible without dialogue.

Style: Use the attached invidious.png for drawing style only. Match its thick rounded dark-brown contours, simplified rounded shapes, and restrained 2D cartoon shading. Do not copy the reference subject or composition.

Framing: One compact composition, with the complete subject using about 80-90% of the square. Keep everything inside the frame.

Output: 512x512 PNG, RGBA, genuine transparent background. No text, speech balloons, explanatory captions, empty bubbles, numerals, logos or watermark.",作成済み,,references/invidious.png
sacrifice.png,犠牲,犠牲,"Subject: sacrifice, giving up something valued for another's benefit.

Composition: Show a hungry hiker offering their last sandwich to an exhausted companion, leaving their own empty lunch cloth in plain view. The giver smiles gently while the recipient accepts with both hands, making the personal cost and benefit concrete.

Style: Use the attached invidious.png for drawing style only. Match its thick rounded dark-brown contours, simplified rounded shapes, and restrained 2D cartoon shading. Do not copy the reference subject or composition.

Framing: One compact composition, with the complete subject using about 80-90% of the square. Keep everything inside the frame.

Output: 512x512 PNG, RGBA, genuine transparent background. No text, speech balloons, explanatory captions, empty bubbles, numerals, logos or watermark.",作成済み,,references/invidious.png
acquisition.png,獲得,獲得,"Subject: acquisition, gaining possession of something.

Composition: Show a collector receiving a carefully wrapped ceramic bowl from a seller and placing it into their own open carrying case. The seller has released the object, and the collector's pleased focus emphasizes the completed gaining of a new possession.

Style: Use the attached invidious.png for drawing style only. Match its thick rounded dark-brown contours, simplified rounded shapes, and restrained 2D cartoon shading. Do not copy the reference subject or composition.

Framing: One compact composition, with the complete subject using about 80-90% of the square. Keep everything inside the frame.

Output: 512x512 PNG, RGBA, genuine transparent background. No text, speech balloons, explanatory captions, empty bubbles, numerals, logos or watermark.",作成済み,,references/invidious.png
adoption.png,採用、養子縁組,採用,"Subject: adoption, taking up a new method or practice.

Composition: Show a workshop team beginning to use reusable metal containers in place of disposable packaging, with one worker filling a metal box while another stacks clean empties. An unused bundle of old disposable sleeves rests aside, making the chosen new practice visible.

Style: Use the attached invidious.png for drawing style only. Match its thick rounded dark-brown contours, simplified rounded shapes, and restrained 2D cartoon shading. Do not copy the reference subject or composition.

Framing: One compact composition, with the complete subject using about 80-90% of the square. Keep everything inside the frame.

Output: 512x512 PNG, RGBA, genuine transparent background. No text, speech balloons, explanatory captions, empty bubbles, numerals, logos or watermark.",作成済み,,references/invidious.png
differently.png,異なって,異なって,"Subject: differently, in a different manner.

Composition: Show two gardeners watering adjacent pots in the same bed: one pours from a watering can and the other uses a hand-held spray nozzle. Both plants receive water, but the clearly contrasting tools and motions establish different ways of doing the task.

Style: Use the attached invidious.png for drawing style only. Match its thick rounded dark-brown contours, simplified rounded shapes, and restrained 2D cartoon shading. Do not copy the reference subject or composition.

Framing: One compact composition, with the complete subject using about 80-90% of the square. Keep everything inside the frame.

Output: 512x512 PNG, RGBA, genuine transparent background. No text, speech balloons, explanatory captions, empty bubbles, numerals, logos or watermark.",作成済み,,references/invidious.png
enormous.png,巨大な,巨大な,"Subject: enormous, extremely large.

Composition: Show an enormous pumpkin resting on a garden patch beside an adult gardener, its rounded body reaching almost to their shoulders. The gardener braces one hand against it and looks upward, while ordinary leaves and a small wheelbarrow provide clear scale.

Style: Use the attached invidious.png for drawing style only. Match its thick rounded dark-brown contours, simplified rounded shapes, and restrained 2D cartoon shading. Do not copy the reference subject or composition.

Framing: One compact composition, with the complete subject using about 80-90% of the square. Keep everything inside the frame.

Output: 512x512 PNG, RGBA, genuine transparent background. No text, speech balloons, explanatory captions, empty bubbles, numerals, logos or watermark.",作成済み,,references/invidious.png
implement.png,道具、実行する,道具,"Subject: implement, a tool used for work.

Composition: Show one sturdy garden hoe leaning against a low soil bed, its long wooden handle and broad metal blade clearly joined. A gardener grips the handle and draws the blade through the soil, emphasizing the practical hand implement in use.

Style: Use the attached invidious.png for drawing style only. Match its thick rounded dark-brown contours, simplified rounded shapes, and restrained 2D cartoon shading. Do not copy the reference subject or composition.

Framing: One compact composition, with the complete subject using about 80-90% of the square. Keep everything inside the frame.

Output: 512x512 PNG, RGBA, genuine transparent background. No text, speech balloons, explanatory captions, empty bubbles, numerals, logos or watermark.",作成済み,,references/invidious.png
proposal.png,提案、求婚,提案,"Subject: proposal, a suggested plan for consideration.

Composition: Show an architect placing a small model of a new garden pavilion before two seated residents. Their open hand presents the model while the residents lean in thoughtfully, and an empty garden plot is visible through the adjacent window.

Style: Use the attached invidious.png for drawing style only. Match its thick rounded dark-brown contours, simplified rounded shapes, and restrained 2D cartoon shading. Do not copy the reference subject or composition.

Framing: One compact composition, with the complete subject using about 80-90% of the square. Keep everything inside the frame.

Output: 512x512 PNG, RGBA, genuine transparent background. No text, speech balloons, explanatory captions, empty bubbles, numerals, logos or watermark.",作成済み,,references/invidious.png
sustainability.png,持続可能性,持続可能性,"Subject: sustainability, maintaining resources for continued future use.

Composition: Show a gardener harvesting a few ripe vegetables while adding compost to the same thriving bed and collecting roof runoff in a barrel. Keep the plants, compost bucket, and connected downpipe in one small working garden, emphasizing careful replenishment rather than endless extraction.

Style: Use the attached invidious.png for drawing style only. Match its thick rounded dark-brown contours, simplified rounded shapes, and restrained 2D cartoon shading. Do not copy the reference subject or composition.

Framing: One compact composition, with the complete subject using about 80-90% of the square. Keep everything inside the frame.

Output: 512x512 PNG, RGBA, genuine transparent background. No text, speech balloons, explanatory captions, empty bubbles, numerals, logos or watermark.",作成済み,,references/invidious.png
execution.png,実行、処刑,実行,"Subject: execution, carrying a plan into action.

Composition: Show two builders assembling a small wooden footbridge according to a physical scale model on a nearby workbench. One aligns a plank while the other secures it, with the actual bridge visibly taking shape under their coordinated hands.

Style: Use the attached invidious.png for drawing style only. Match its thick rounded dark-brown contours, simplified rounded shapes, and restrained 2D cartoon shading. Do not copy the reference subject or composition.

Framing: One compact composition, with the complete subject using about 80-90% of the square. Keep everything inside the frame.

Output: 512x512 PNG, RGBA, genuine transparent background. No text, speech balloons, explanatory captions, empty bubbles, numerals, logos or watermark.",作成済み,,references/invidious.png
respective.png,それぞれの,それぞれの,"Subject: respective, belonging separately to each corresponding person.

Composition: Show three cyclists placing their own helmets onto their own bicycles, with each helmet matching its bicycle's distinct red, blue, or yellow color. Keep each rider beside the corresponding bicycle, and avoid crossing hands or mixing the three paired belongings.

Style: Use the attached invidious.png for drawing style only. Match its thick rounded dark-brown contours, simplified rounded shapes, and restrained 2D cartoon shading. Do not copy the reference subject or composition.

Framing: One compact composition, with the complete subject using about 80-90% of the square. Keep everything inside the frame.

Output: 512x512 PNG, RGBA, genuine transparent background. No text, speech balloons, explanatory captions, empty bubbles, numerals, logos or watermark.",作成済み,,references/invidious.png
intent.png,意図、没頭した,意図,"Subject: intent, a purpose guiding an action.

Composition: Show a gardener carrying a seedling directly toward a freshly dug hole, eyes fixed on that destination and trowel ready in the other hand. The prepared soil and measured approach make the intended planting clear before the seedling enters the ground.

Style: Use the attached invidious.png for drawing style only. Match its thick rounded dark-brown contours, simplified rounded shapes, and restrained 2D cartoon shading. Do not copy the reference subject or composition.

Framing: One compact composition, with the complete subject using about 80-90% of the square. Keep everything inside the frame.

Output: 512x512 PNG, RGBA, genuine transparent background. No text, speech balloons, explanatory captions, empty bubbles, numerals, logos or watermark.",作成済み,,references/invidious.png
logical.png,論理的な,論理的な,"Subject: logical, following a sound sequence of reasoning.

Composition: Show a mechanic tracing an unlit lamp’s continuous cable to its visibly unplugged connector, then reaching to insert that plug into the nearby power socket. The lamp, cable, connector, and socket form a coherent setup with only that connection missing; their focused gaze follows the evidence.

Style: Use the attached invidious.png for drawing style only. Match its thick rounded dark-brown contours, simplified rounded shapes, and restrained 2D cartoon shading. Do not copy the reference subject or composition.

Framing: One compact composition, with the complete subject using about 80-90% of the square. Keep everything inside the frame.

Output: 512x512 PNG, RGBA, genuine transparent background. No text, speech balloons, explanatory captions, empty bubbles, numerals, logos or watermark.",作成済み,,references/invidious.png
paragraph.png,段落,段落,"Subject: paragraph, a distinct block of written prose.

Composition: Show an open book with one clearly indented paragraph of four aligned lines, separated from adjacent paragraphs by generous blank spacing. A reader rests a fingertip beside that single prose block; represent print as fine unreadable typographic marks, emphasizing the paragraph structure without actual sentences.

Style: Use the attached invidious.png for drawing style only. Match its thick rounded dark-brown contours, simplified rounded shapes, and restrained 2D cartoon shading. Do not copy the reference subject or composition.

Framing: One compact composition, with the complete subject using about 80-90% of the square. Keep everything inside the frame.

Output: 512x512 PNG, RGBA, genuine transparent background. No text, speech balloons, explanatory captions, empty bubbles, numerals, logos or watermark.",作成済み,,references/invidious.png
phenomena.png,現象,現象,"Subject: phenomena, observable occurrences in the physical world.

Composition: Show a child observing a faint rainbow above a small rain puddle as the last drops create spreading circular ripples. Sunlight breaks through the receding shower, connecting these visible natural occurrences in one coherent outdoor scene without explanatory arrows or labels.

Style: Use the attached invidious.png for drawing style only. Match its thick rounded dark-brown contours, simplified rounded shapes, and restrained 2D cartoon shading. Do not copy the reference subject or composition.

Framing: One compact composition, with the complete subject using about 80-90% of the square. Keep everything inside the frame.

Output: 512x512 PNG, RGBA, genuine transparent background. No text, speech balloons, explanatory captions, empty bubbles, numerals, logos or watermark.",作成済み,,references/invidious.png
hydrogen.png,水素,水素,"Subject: hydrogen, the chemical element with atomic number one.

Composition: Show a simple model of a neutral hydrogen atom with one positively marked proton at the center and one electron represented within a soft surrounding probability cloud. A small scientific tile bearing H and 1 stands beside the model, without a planetary orbit.

Style: Use the attached invidious.png for drawing style only. Match its thick rounded dark-brown contours, simplified rounded shapes, and restrained 2D cartoon shading. Do not copy the reference subject or composition.

Framing: One compact composition, with the complete subject using about 80-90% of the square. Keep everything inside the frame.

Output: 512x512 PNG, RGBA, genuine transparent background. Allow only the essential scientific symbols H, 1, +, and −; no explanatory labels or text. No incidental labels, logos or watermark.",作成済み,,references/invidious.png
meaningful.png,意味のある,意味のある,"Subject: meaningful, having personal significance.

Composition: Show an adult carefully repairing a worn handmade teddy bear rather than discarding it, with a childhood photograph of the same bear tucked beside their sewing basket. Their tender expression and patient stitch connect the object to a valued personal history.

Style: Use the attached invidious.png for drawing style only. Match its thick rounded dark-brown contours, simplified rounded shapes, and restrained 2D cartoon shading. Do not copy the reference subject or composition.

Framing: One compact composition, with the complete subject using about 80-90% of the square. Keep everything inside the frame.

Output: 512x512 PNG, RGBA, genuine transparent background. No text, speech balloons, explanatory captions, empty bubbles, numerals, logos or watermark.",作成済み,,references/invidious.png
reliable.png,信頼できる,信頼できる,"Subject: reliable, consistently dependable in use.

Composition: Show a delivery rider checking a well-maintained bicycle before setting out, then confidently loading parcels into its secure rear basket. Smooth tires, a sound chain, and firmly fastened straps accompany a practiced calm expression, suggesting dependable everyday service rather than novelty.

Style: Use the attached invidious.png for drawing style only. Match its thick rounded dark-brown contours, simplified rounded shapes, and restrained 2D cartoon shading. Do not copy the reference subject or composition.

Framing: One compact composition, with the complete subject using about 80-90% of the square. Keep everything inside the frame.

Output: 512x512 PNG, RGBA, genuine transparent background. No text, speech balloons, explanatory captions, empty bubbles, numerals, logos or watermark.",作成済み,,references/invidious.png
searching.png,綿密な,綿密な,"Subject: searching, thorough and penetrating.

Composition: Show an inspector examining every corner of a wooden cabinet with a small flashlight and inspection mirror, crouched to see beneath its lowest drawer. The open drawers, careful gaze, and methodical attention to hidden joints convey a searching inspection.

Style: Use the attached invidious.png for drawing style only. Match its thick rounded dark-brown contours, simplified rounded shapes, and restrained 2D cartoon shading. Do not copy the reference subject or composition.

Framing: One compact composition, with the complete subject using about 80-90% of the square. Keep everything inside the frame.

Output: 512x512 PNG, RGBA, genuine transparent background. No text, speech balloons, explanatory captions, empty bubbles, numerals, logos or watermark.",作成済み,,references/invidious.png
wheel.png,車輪、ハンドル,車輪,"Subject: wheel, a circular component that turns on an axle.

Composition: Show a craftsperson fitting one wooden wagon wheel onto a short axle beneath a small cart. The round rim, evenly spaced spokes, and central hub are clearly connected, with the wheel upright and the cart supported securely on a low block.

Style: Use the attached invidious.png for drawing style only. Match its thick rounded dark-brown contours, simplified rounded shapes, and restrained 2D cartoon shading. Do not copy the reference subject or composition.

Framing: One compact composition, with the complete subject using about 80-90% of the square. Keep everything inside the frame.

Output: 512x512 PNG, RGBA, genuine transparent background. No text, speech balloons, explanatory captions, empty bubbles, numerals, logos or watermark.",作成済み,,references/invidious.png
collect.png,集める,集める,"Subject: collect, bringing scattered things together.

Composition: Show a child gathering fallen chestnuts from a small grass patch into a woven basket. One hand deposits a newly found nut while several others already fill the basket, and a few still lie scattered within easy reach.

Style: Use the attached invidious.png for drawing style only. Match its thick rounded dark-brown contours, simplified rounded shapes, and restrained 2D cartoon shading. Do not copy the reference subject or composition.

Framing: One compact composition, with the complete subject using about 80-90% of the square. Keep everything inside the frame.

Output: 512x512 PNG, RGBA, genuine transparent background. No text, speech balloons, explanatory captions, empty bubbles, numerals, logos or watermark.",作成済み,,references/invidious.png
dialogue.png,対話、せりふ,対話,"Subject: dialogue, a two-way conversation.

Composition: Show two adults seated face to face at a small table, one making a gentle open-hand gesture while the other listens attentively and prepares a responding gesture. Their mutual eye contact and alternating conversational posture establish exchange without written speech or bubbles.

Style: Use the attached invidious.png for drawing style only. Match its thick rounded dark-brown contours, simplified rounded shapes, and restrained 2D cartoon shading. Do not copy the reference subject or composition.

Framing: One compact composition, with the complete subject using about 80-90% of the square. Keep everything inside the frame.

Output: 512x512 PNG, RGBA, genuine transparent background. No text, speech balloons, explanatory captions, empty bubbles, numerals, logos or watermark.",作成済み,,references/invidious.png
explicitly.png,明確に,明確に,"Subject: explicitly, making something unmistakably clear.

Composition: Show an instructor pointing directly at the single correct socket on a tool board while placing the matching tool immediately beneath it. The learner follows the precise fingertip with their gaze, and the close alignment leaves no ambiguity about the indicated destination.

Style: Use the attached invidious.png for drawing style only. Match its thick rounded dark-brown contours, simplified rounded shapes, and restrained 2D cartoon shading. Do not copy the reference subject or composition.

Framing: One compact composition, with the complete subject using about 80-90% of the square. Keep everything inside the frame.

Output: 512x512 PNG, RGBA, genuine transparent background. No text, speech balloons, explanatory captions, empty bubbles, numerals, logos or watermark.",作成済み,,references/invidious.png
afford.png,余裕がある、与える,余裕がある,"Subject: afford, having enough resources for a purchase.

Composition: Show a shopper placing the exact needed coins beside a simple loaf while a small reserve remains in their open purse. The baker hands over the bread, and the shopper's relaxed expression makes the manageable purchase clear without printed prices.

Style: Use the attached invidious.png for drawing style only. Match its thick rounded dark-brown contours, simplified rounded shapes, and restrained 2D cartoon shading. Do not copy the reference subject or composition.

Framing: One compact composition, with the complete subject using about 80-90% of the square. Keep everything inside the frame.

Output: 512x512 PNG, RGBA, genuine transparent background. No text, speech balloons, explanatory captions, empty bubbles, numerals, logos or watermark.",作成済み,,references/invidious.png
compliance.png,順守,順守,"Subject: compliance, following a requirement or rule.

Composition: Show a workshop visitor putting on protective goggles before entering a work area, while the supervisor checks their fit. The visitor's hands adjust the arms over their ears, and a safely enclosed machine waits beyond the entrance.

Style: Use the attached invidious.png for drawing style only. Match its thick rounded dark-brown contours, simplified rounded shapes, and restrained 2D cartoon shading. Do not copy the reference subject or composition.

Framing: One compact composition, with the complete subject using about 80-90% of the square. Keep everything inside the frame.

Output: 512x512 PNG, RGBA, genuine transparent background. No text, speech balloons, explanatory captions, empty bubbles, numerals, logos or watermark.",作成済み,,references/invidious.png
excess.png,過剰,過剰,"Subject: excess, more than is needed or can be contained.

Composition: Show a cook pouring too much rice into a measuring bowl, with the mound rising above the rim and grains spilling onto the counter. Their startled hand begins to tilt the bag back, making the surplus and its physical consequence visible.

Style: Use the attached invidious.png for drawing style only. Match its thick rounded dark-brown contours, simplified rounded shapes, and restrained 2D cartoon shading. Do not copy the reference subject or composition.

Framing: One compact composition, with the complete subject using about 80-90% of the square. Keep everything inside the frame.

Output: 512x512 PNG, RGBA, genuine transparent background. No text, speech balloons, explanatory captions, empty bubbles, numerals, logos or watermark.",作成済み,,references/invidious.png
inclusion.png,包含,包含,"Subject: inclusion, bringing someone into a group.

Composition: Show three children moving apart on a bench to make room for a fourth child who has just approached. One pats the newly opened seat, and the newcomer begins to sit, with welcoming faces and enough space for all four.

Style: Use the attached invidious.png for drawing style only. Match its thick rounded dark-brown contours, simplified rounded shapes, and restrained 2D cartoon shading. Do not copy the reference subject or composition.

Framing: One compact composition, with the complete subject using about 80-90% of the square. Keep everything inside the frame.

Output: 512x512 PNG, RGBA, genuine transparent background. No text, speech balloons, explanatory captions, empty bubbles, numerals, logos or watermark.",作成済み,,references/invidious.png
occasionally.png,時々,時々,"Subject: occasionally, happening from time to time rather than regularly.

Composition: Show an adult taking a rarely used picnic basket from a high cupboard, wiping a light layer of dust from its lid before an outing. Everyday bags hang readily accessible below, while the infrequently used basket is the clear focus.

Style: Use the attached invidious.png for drawing style only. Match its thick rounded dark-brown contours, simplified rounded shapes, and restrained 2D cartoon shading. Do not copy the reference subject or composition.

Framing: One compact composition, with the complete subject using about 80-90% of the square. Keep everything inside the frame.

Output: 512x512 PNG, RGBA, genuine transparent background. No text, speech balloons, explanatory captions, empty bubbles, numerals, logos or watermark.",作成済み,,references/invidious.png
possess.png,所有する、取りつく,所有する,"Subject: possess, having something as one's own.

Composition: Show an adult unlocking their personal tool chest with a key from their pocket, revealing neatly fitted familiar hand tools inside. Their free hand rests on the lid, and a worn work apron hangs on the same chest, linking the belongings to the owner.

Style: Use the attached invidious.png for drawing style only. Match its thick rounded dark-brown contours, simplified rounded shapes, and restrained 2D cartoon shading. Do not copy the reference subject or composition.

Framing: One compact composition, with the complete subject using about 80-90% of the square. Keep everything inside the frame.

Output: 512x512 PNG, RGBA, genuine transparent background. No text, speech balloons, explanatory captions, empty bubbles, numerals, logos or watermark.",作成済み,,references/invidious.png
productivity.png,生産性,生産性,"Subject: productivity, the amount of useful output achieved.

Composition: Show a potter working efficiently at a wheel while a nearby drying shelf holds many freshly completed matching bowls. Their hands shape the next bowl, and the orderly tools and accumulating finished work make productive output visible in one continuous workshop scene.

Style: Use the attached invidious.png for drawing style only. Match its thick rounded dark-brown contours, simplified rounded shapes, and restrained 2D cartoon shading. Do not copy the reference subject or composition.

Framing: One compact composition, with the complete subject using about 80-90% of the square. Keep everything inside the frame.

Output: 512x512 PNG, RGBA, genuine transparent background. No text, speech balloons, explanatory captions, empty bubbles, numerals, logos or watermark.",作成済み,,references/invidious.png
regression.png,後戻り,後戻り,"Subject: regression, returning to a less advanced state.

Composition: Show a partly completed sandcastle collapsing back into an unshaped mound as a child accidentally knocks one tower with a bucket. The remaining walls still reveal the former structure, while the fallen sand visibly undoes progress on the same castle.

Style: Use the attached invidious.png for drawing style only. Match its thick rounded dark-brown contours, simplified rounded shapes, and restrained 2D cartoon shading. Do not copy the reference subject or composition.

Framing: One compact composition, with the complete subject using about 80-90% of the square. Keep everything inside the frame.

Output: 512x512 PNG, RGBA, genuine transparent background. No text, speech balloons, explanatory captions, empty bubbles, numerals, logos or watermark.",作成済み,,references/invidious.png
sport.png,スポーツ,スポーツ,"Subject: sport, organized physical activity or competition.

Composition: Show two players rallying a tennis ball across one low net, each holding a racket and standing in a ready athletic stance. The ball travels between them, with complete bodies and a compact section of marked court grounding the sporting activity.

Style: Use the attached invidious.png for drawing style only. Match its thick rounded dark-brown contours, simplified rounded shapes, and restrained 2D cartoon shading. Do not copy the reference subject or composition.

Framing: One compact composition, with the complete subject using about 80-90% of the square. Keep everything inside the frame.

Output: 512x512 PNG, RGBA, genuine transparent background. No text, speech balloons, explanatory captions, empty bubbles, numerals, logos or watermark.",作成済み,,references/invidious.png
statistics.png,統計,統計,"Subject: statistics, numerical information gathered from observations.

Composition: Show a researcher counting colored counters into three groups and recording their totals as three bars on one sheet. The counters remain on the desk beside the chart, making the connection between collected observations and summarized numerical information visible.

Style: Use the attached invidious.png for drawing style only. Match its thick rounded dark-brown contours, simplified rounded shapes, and restrained 2D cartoon shading. Do not copy the reference subject or composition.

Framing: One compact composition, with the complete subject using about 80-90% of the square. Keep everything inside the frame.

Output: 512x512 PNG, RGBA, genuine transparent background. No text, speech balloons, explanatory captions, empty bubbles, numerals, logos or watermark.",作成済み,,references/invidious.png
construct.png,建設する,建設する,"Subject: construct, building something from parts.

Composition: Show two workers building a low brick wall, one spreading mortar and the other lowering a brick onto the fresh layer. Their gloves, stable footing, and aligned courses keep the action practical, with a small stack of unused bricks nearby.

Style: Use the attached invidious.png for drawing style only. Match its thick rounded dark-brown contours, simplified rounded shapes, and restrained 2D cartoon shading. Do not copy the reference subject or composition.

Framing: One compact composition, with the complete subject using about 80-90% of the square. Keep everything inside the frame.

Output: 512x512 PNG, RGBA, genuine transparent background. No text, speech balloons, explanatory captions, empty bubbles, numerals, logos or watermark.",作成済み,,references/invidious.png
insight.png,洞察,洞察,"Subject: insight, understanding a hidden cause or relationship.

Composition: Show a gardener discovering that a pot's blocked drainage hole caused water to collect, lifting the pot to reveal the obstruction while looking knowingly at its wilted plant. Their free hand reaches toward the blockage, connecting the newly understood cause to a remedy.

Style: Use the attached invidious.png for drawing style only. Match its thick rounded dark-brown contours, simplified rounded shapes, and restrained 2D cartoon shading. Do not copy the reference subject or composition.

Framing: One compact composition, with the complete subject using about 80-90% of the square. Keep everything inside the frame.

Output: 512x512 PNG, RGBA, genuine transparent background. No text, speech balloons, explanatory captions, empty bubbles, numerals, logos or watermark.",作成済み,,references/invidious.png
pro.png,賛成、専門家,賛成,"Subject: pro, in favor of a proposal.

Composition: Show a committee member giving a clear thumbs-up toward a proposed playground model on the meeting table, while two other members watch. Their body leans positively toward the plan, and a raised open hand reinforces support without written voting signs.

Style: Use the attached invidious.png for drawing style only. Match its thick rounded dark-brown contours, simplified rounded shapes, and restrained 2D cartoon shading. Do not copy the reference subject or composition.

Framing: One compact composition, with the complete subject using about 80-90% of the square. Keep everything inside the frame.

Output: 512x512 PNG, RGBA, genuine transparent background. No text, speech balloons, explanatory captions, empty bubbles, numerals, logos or watermark.",作成済み,,references/invidious.png
assembly.png,集会、組み立て,集会,"Subject: assembly, people gathered for a common purpose.

Composition: Show six community members gathered in a small semicircle around a standing organizer in a town courtyard. Everyone faces the central person attentively, with a few simple chairs at the edge, making the shared gathering rather than individual conversations the focus.

Style: Use the attached invidious.png for drawing style only. Match its thick rounded dark-brown contours, simplified rounded shapes, and restrained 2D cartoon shading. Do not copy the reference subject or composition.

Framing: One compact composition, with the complete subject using about 80-90% of the square. Keep everything inside the frame.

Output: 512x512 PNG, RGBA, genuine transparent background. No text, speech balloons, explanatory captions, empty bubbles, numerals, logos or watermark.",作成済み,,references/invidious.png
curriculum.png,教育課程,教育課程,"Subject: curriculum, the planned course of study.

Composition: Show a teacher arranging a sequence of learning materials along one classroom shelf: counting blocks, a reading book, an art kit, and a small science model. Their hand sets the next item into the ordered progression, illustrating a coordinated educational program without labels.

Style: Use the attached invidious.png for drawing style only. Match its thick rounded dark-brown contours, simplified rounded shapes, and restrained 2D cartoon shading. Do not copy the reference subject or composition.

Framing: One compact composition, with the complete subject using about 80-90% of the square. Keep everything inside the frame.

Output: 512x512 PNG, RGBA, genuine transparent background. No text, speech balloons, explanatory captions, empty bubbles, numerals, logos or watermark.",作成済み,,references/invidious.png
differ.png,異なる,異なる,"Subject: differ, being unlike in some respect.

Composition: Show two handmade mugs standing side by side on one table, identical in color but clearly different in height and handle shape. A potter holds a measuring stick between them, directing attention to the visible distinctions within the otherwise similar pair.

Style: Use the attached invidious.png for drawing style only. Match its thick rounded dark-brown contours, simplified rounded shapes, and restrained 2D cartoon shading. Do not copy the reference subject or composition.

Framing: One compact composition, with the complete subject using about 80-90% of the square. Keep everything inside the frame.

Output: 512x512 PNG, RGBA, genuine transparent background. No text, speech balloons, explanatory captions, empty bubbles, numerals, logos or watermark.",作成済み,,references/invidious.png
disaster.png,災害、大失敗,災害,"Subject: disaster, a severely damaging event.

Composition: Show a small riverside settlement after a flood, with water surrounding damaged homes, a collapsed fence, and a rescue boat carrying two residents toward dry ground. Keep the scene non-graphic and focus on widespread disruption and careful assistance rather than individual injury.

Style: Use the attached invidious.png for drawing style only. Match its thick rounded dark-brown contours, simplified rounded shapes, and restrained 2D cartoon shading. Do not copy the reference subject or composition.

Framing: One compact composition, with the complete subject using about 80-90% of the square. Keep everything inside the frame.

Output: 512x512 PNG, RGBA, genuine transparent background. No text, speech balloons, explanatory captions, empty bubbles, numerals, logos or watermark.",作成済み,,references/invidious.png
enterprise.png,事業、進取の気性,事業,"Subject: enterprise, a business undertaking.

Composition: Show two partners opening a small bicycle repair business, one arranging tools at the workbench while the other welcomes the first customer with a damaged bike. A modest storefront, shared equipment, and purposeful coordinated work establish the new commercial venture.

Style: Use the attached invidious.png for drawing style only. Match its thick rounded dark-brown contours, simplified rounded shapes, and restrained 2D cartoon shading. Do not copy the reference subject or composition.

Framing: One compact composition, with the complete subject using about 80-90% of the square. Keep everything inside the frame.

Output: 512x512 PNG, RGBA, genuine transparent background. No text, speech balloons, explanatory captions, empty bubbles, numerals, logos or watermark.",作成済み,,references/invidious.png
neutral.png,中立の,中立の,"Subject: neutral, taking neither side in a disagreement.

Composition: Show a mediator standing evenly between two disputing neighbors at a shared fence, palms open equally toward both. The mediator's calm face and centered stance avoid favoring either person, while the neighbors direct their attention toward the balanced intervention.

Style: Use the attached invidious.png for drawing style only. Match its thick rounded dark-brown contours, simplified rounded shapes, and restrained 2D cartoon shading. Do not copy the reference subject or composition.

Framing: One compact composition, with the complete subject using about 80-90% of the square. Keep everything inside the frame.

Output: 512x512 PNG, RGBA, genuine transparent background. No text, speech balloons, explanatory captions, empty bubbles, numerals, logos or watermark.",作成済み,,references/invidious.png
stem.png,茎、語幹,茎,"Subject: stem, the supporting stalk of a plant.

Composition: Show one healthy flowering plant rooted in a small soil patch, with its main green stem clearly visible from ground to blossom. Two leaves attach at separate nodes, and a gardener lightly points beside the stem without covering its continuous length.

Style: Use the attached invidious.png for drawing style only. Match its thick rounded dark-brown contours, simplified rounded shapes, and restrained 2D cartoon shading. Do not copy the reference subject or composition.

Framing: One compact composition, with the complete subject using about 80-90% of the square. Keep everything inside the frame.

Output: 512x512 PNG, RGBA, genuine transparent background. No text, speech balloons, explanatory captions, empty bubbles, numerals, logos or watermark.",作成済み,,references/invidious.png
adopt.png,採用する、養子にする,採用する,"Subject: adopt, choosing to use a new idea or method.

Composition: Show a cook replacing disposable wraps with fitted reusable lids, pressing one lid onto a filled bowl while the unused wraps remain set aside. Several matching reusable containers wait nearby, making the newly chosen kitchen practice concrete and intentional.

Style: Use the attached invidious.png for drawing style only. Match its thick rounded dark-brown contours, simplified rounded shapes, and restrained 2D cartoon shading. Do not copy the reference subject or composition.

Framing: One compact composition, with the complete subject using about 80-90% of the square. Keep everything inside the frame.

Output: 512x512 PNG, RGBA, genuine transparent background. No text, speech balloons, explanatory captions, empty bubbles, numerals, logos or watermark.",作成済み,,references/invidious.png
asset.png,資産、強み,資産,"Subject: asset, a valuable resource owned by someone.

Composition: Show a carpenter inspecting their well-maintained workshop, with one sturdy workbench, a complete tool cabinet, and a small delivery cart. Their hand rests on the useful equipment while a key ring at their belt connects these valuable working resources to their ownership.

Style: Use the attached invidious.png for drawing style only. Match its thick rounded dark-brown contours, simplified rounded shapes, and restrained 2D cartoon shading. Do not copy the reference subject or composition.

Framing: One compact composition, with the complete subject using about 80-90% of the square. Keep everything inside the frame.

Output: 512x512 PNG, RGBA, genuine transparent background. No text, speech balloons, explanatory captions, empty bubbles, numerals, logos or watermark.",作成済み,,references/invidious.png
compound.png,化合物,化合物,"Subject: compound, a chemical substance made from different elements.

Composition: Show one water molecule model resting on a laboratory stand, with two small white hydrogen spheres bonded to one larger red oxygen sphere in a bent arrangement. Put only H₂O on the base, emphasizing a chemically joined compound rather than an unbonded mixture.

Style: Use the attached invidious.png for drawing style only. Match its thick rounded dark-brown contours, simplified rounded shapes, and restrained 2D cartoon shading. Do not copy the reference subject or composition.

Framing: One compact composition, with the complete subject using about 80-90% of the square. Keep everything inside the frame.

Output: 512x512 PNG, RGBA, genuine transparent background. Allow only the essential chemical formula H₂O on the model base; no other text, labels, or numerals. No incidental labels, logos or watermark.",作成済み,,references/invidious.png
extract.png,抽出する、抜粋,抽出する,"Subject: extract, drawing a substance out of its source.

Composition: Show a cook squeezing half a lemon over a glass bowl using a hand-held citrus press. Juice flows through the press into the bowl while peel and pulp remain above, making the separated desired liquid and its original source clearly visible.

Style: Use the attached invidious.png for drawing style only. Match its thick rounded dark-brown contours, simplified rounded shapes, and restrained 2D cartoon shading. Do not copy the reference subject or composition.

Framing: One compact composition, with the complete subject using about 80-90% of the square. Keep everything inside the frame.

Output: 512x512 PNG, RGBA, genuine transparent background. No text, speech balloons, explanatory captions, empty bubbles, numerals, logos or watermark.",作成済み,,references/invidious.png
prevention.png,予防,予防,"Subject: prevention, acting before a problem occurs.

Composition: Show a gardener stretching protective mesh over a bed of unripe strawberries before nearby birds can reach them. The intact plants remain unharmed beneath the taut covering, and the gardener secures its final corner to a low ground stake.

Style: Use the attached invidious.png for drawing style only. Match its thick rounded dark-brown contours, simplified rounded shapes, and restrained 2D cartoon shading. Do not copy the reference subject or composition.

Framing: One compact composition, with the complete subject using about 80-90% of the square. Keep everything inside the frame.

Output: 512x512 PNG, RGBA, genuine transparent background. No text, speech balloons, explanatory captions, empty bubbles, numerals, logos or watermark.",作成済み,,references/invidious.png
behalf.png,代理,代理,"Subject: behalf, acting as another person's representative.

Composition: Show an adult collecting a parcel for an older neighbor who waits seated beside the doorway. The collector receives the box from a courier and turns to carry it toward the neighbor, making the beneficiary and delegated action visibly connected.

Style: Use the attached invidious.png for drawing style only. Match its thick rounded dark-brown contours, simplified rounded shapes, and restrained 2D cartoon shading. Do not copy the reference subject or composition.

Framing: One compact composition, with the complete subject using about 80-90% of the square. Keep everything inside the frame.

Output: 512x512 PNG, RGBA, genuine transparent background. No text, speech balloons, explanatory captions, empty bubbles, numerals, logos or watermark.",作成済み,,references/invidious.png
diagram.png,図表,図表,"Subject: diagram, a simplified drawing explaining structure.

Composition: Show a student studying a clear line drawing of a bicycle on a large sheet, with its frame, wheels, and chain reduced to connected outlines. The actual small bicycle stands beside the desk, linking the simplified diagram to its physical subject.

Style: Use the attached invidious.png for drawing style only. Match its thick rounded dark-brown contours, simplified rounded shapes, and restrained 2D cartoon shading. Do not copy the reference subject or composition.

Framing: One compact composition, with the complete subject using about 80-90% of the square. Keep everything inside the frame.

Output: 512x512 PNG, RGBA, genuine transparent background. No text, speech balloons, explanatory captions, empty bubbles, numerals, logos or watermark.",作成済み,,references/invidious.png
extraction.png,抽出、血統,抽出,"Subject: extraction, removal of a substance from its source.

Composition: Show dark coffee dripping through a paper filter into a clear glass server, while wet grounds remain in the supported filter cone above. A person's hand steadies the kettle after pouring, emphasizing the soluble material carried into the collected liquid.

Style: Use the attached invidious.png for drawing style only. Match its thick rounded dark-brown contours, simplified rounded shapes, and restrained 2D cartoon shading. Do not copy the reference subject or composition.

Framing: One compact composition, with the complete subject using about 80-90% of the square. Keep everything inside the frame.

Output: 512x512 PNG, RGBA, genuine transparent background. No text, speech balloons, explanatory captions, empty bubbles, numerals, logos or watermark.",作成済み,,references/invidious.png
facility.png,施設、容易さ,施設,"Subject: facility, a place equipped for a particular service.

Composition: Show a compact community sports center interior containing a swimming lane, poolside ladder, and accessible changing-room entrance. One staff member holds folded towels beside the service counter, while the organized equipment and purpose-built space remain more prominent than the person.

Style: Use the attached invidious.png for drawing style only. Match its thick rounded dark-brown contours, simplified rounded shapes, and restrained 2D cartoon shading. Do not copy the reference subject or composition.

Framing: One compact composition, with the complete subject using about 80-90% of the square. Keep everything inside the frame.

Output: 512x512 PNG, RGBA, genuine transparent background. No text, speech balloons, explanatory captions, empty bubbles, numerals, logos or watermark.",作成済み,,references/invidious.png
judicial.png,司法の,司法の,"Subject: judicial, relating to courts and the administration of justice.

Composition: Show a judge seated at a raised courtroom bench listening attentively to two standing parties and a clerk. A case folder rests open before the judge, while the low rail and orderly arrangement establish a legal hearing without readable writing.

Style: Use the attached invidious.png for drawing style only. Match its thick rounded dark-brown contours, simplified rounded shapes, and restrained 2D cartoon shading. Do not copy the reference subject or composition.

Framing: One compact composition, with the complete subject using about 80-90% of the square. Keep everything inside the frame.

Output: 512x512 PNG, RGBA, genuine transparent background. No text, speech balloons, explanatory captions, empty bubbles, numerals, logos or watermark.",作成済み,,references/invidious.png
obligation.png,義務、恩義,義務,"Subject: obligation, a duty one is required to fulfill.

Composition: Show an adult returning a borrowed ladder to a neighbor at the agreed doorway despite carrying a heavy shopping bag. The neighbor waits with an expectant hand, and the borrower carefully sets the ladder down, fulfilling a visible responsibility.

Style: Use the attached invidious.png for drawing style only. Match its thick rounded dark-brown contours, simplified rounded shapes, and restrained 2D cartoon shading. Do not copy the reference subject or composition.

Framing: One compact composition, with the complete subject using about 80-90% of the square. Keep everything inside the frame.

Output: 512x512 PNG, RGBA, genuine transparent background. No text, speech balloons, explanatory captions, empty bubbles, numerals, logos or watermark.",作成済み,,references/invidious.png
precise.png,正確な,正確な,"Subject: precise, exact and carefully controlled.

Composition: Show a craftsperson placing one tiny brass pin into a matching hole in a watch mechanism using fine tweezers. The pin aligns centrally without touching neighboring gears, and both the mechanism and the person's steady wrists rest on a padded bench.

Style: Use the attached invidious.png for drawing style only. Match its thick rounded dark-brown contours, simplified rounded shapes, and restrained 2D cartoon shading. Do not copy the reference subject or composition.

Framing: One compact composition, with the complete subject using about 80-90% of the square. Keep everything inside the frame.

Output: 512x512 PNG, RGBA, genuine transparent background. No text, speech balloons, explanatory captions, empty bubbles, numerals, logos or watermark.",作成済み,,references/invidious.png
upset.png,動揺、番狂わせ,動揺,"Subject: upset, emotionally disturbed by an unwelcome event.

Composition: Show a child sitting beside a broken handmade model boat, shoulders slumped and eyes filling with tears. A loose sail lies on the table, while a nearby adult sits at the same level and offers quiet comfort without minimizing the disappointment.

Style: Use the attached invidious.png for drawing style only. Match its thick rounded dark-brown contours, simplified rounded shapes, and restrained 2D cartoon shading. Do not copy the reference subject or composition.

Framing: One compact composition, with the complete subject using about 80-90% of the square. Keep everything inside the frame.

Output: 512x512 PNG, RGBA, genuine transparent background. No text, speech balloons, explanatory captions, empty bubbles, numerals, logos or watermark.",作成済み,,references/invidious.png
beam.png,梁、光線,梁,"Subject: beam, a long structural support.

Composition: Show a carpenter checking one thick horizontal timber beam that spans between two upright posts beneath a small roof. Its ends rest securely on the posts, and the carpenter points to the load-bearing joint while the entire supported frame remains visible.

Style: Use the attached invidious.png for drawing style only. Match its thick rounded dark-brown contours, simplified rounded shapes, and restrained 2D cartoon shading. Do not copy the reference subject or composition.

Framing: One compact composition, with the complete subject using about 80-90% of the square. Keep everything inside the frame.

Output: 512x512 PNG, RGBA, genuine transparent background. No text, speech balloons, explanatory captions, empty bubbles, numerals, logos or watermark.",作成済み,,references/invidious.png
beneficial.png,有益な,有益な,"Subject: beneficial, producing a helpful effect.

Composition: Show a gardener watering a drooping potted plant, with the stream soaking directly into its dry soil. Nearby leaves remain attached and intact, and the gardener's careful measured action supplies the plant with what it needs without flooding the pot.

Style: Use the attached invidious.png for drawing style only. Match its thick rounded dark-brown contours, simplified rounded shapes, and restrained 2D cartoon shading. Do not copy the reference subject or composition.

Framing: One compact composition, with the complete subject using about 80-90% of the square. Keep everything inside the frame.

Output: 512x512 PNG, RGBA, genuine transparent background. No text, speech balloons, explanatory captions, empty bubbles, numerals, logos or watermark.",作成済み,,references/invidious.png
conception.png,概念、受胎,概念,"Subject: conception, an idea or mental model of something.

Composition: Show an inventor shaping the first rough clay model of a folding stool at a worktable. The simple form captures the intended seat and folding legs before detailed construction, while their thoughtful gaze and adjusting fingers emphasize an idea taking shape.

Style: Use the attached invidious.png for drawing style only. Match its thick rounded dark-brown contours, simplified rounded shapes, and restrained 2D cartoon shading. Do not copy the reference subject or composition.

Framing: One compact composition, with the complete subject using about 80-90% of the square. Keep everything inside the frame.

Output: 512x512 PNG, RGBA, genuine transparent background. No text, speech balloons, explanatory captions, empty bubbles, numerals, logos or watermark.",作成済み,,references/invidious.png
detect.png,見つける,見つける,"Subject: detect, finding a hidden or hard-to-notice thing.

Composition: Show a bicycle mechanic lowering an inflated inner tube into a water basin and noticing a small stream of bubbles from one puncture. Their fingertip indicates the exact bubbling spot, while both hands keep the tube supported in the shallow water.

Style: Use the attached invidious.png for drawing style only. Match its thick rounded dark-brown contours, simplified rounded shapes, and restrained 2D cartoon shading. Do not copy the reference subject or composition.

Framing: One compact composition, with the complete subject using about 80-90% of the square. Keep everything inside the frame.

Output: 512x512 PNG, RGBA, genuine transparent background. No text, speech balloons, explanatory captions, empty bubbles, numerals, logos or watermark.",作成済み,,references/invidious.png
predict.png,予測する,予測する,"Subject: predict, anticipating what will happen.

Composition: Show a camper spotting approaching dark rain clouds and moving a dry sleeping bag under the tent canopy before any drops arrive. Their upward glance connects the expected weather with the preventive action, while the tent and belongings remain in one scene.

Style: Use the attached invidious.png for drawing style only. Match its thick rounded dark-brown contours, simplified rounded shapes, and restrained 2D cartoon shading. Do not copy the reference subject or composition.

Framing: One compact composition, with the complete subject using about 80-90% of the square. Keep everything inside the frame.

Output: 512x512 PNG, RGBA, genuine transparent background. No text, speech balloons, explanatory captions, empty bubbles, numerals, logos or watermark.",作成済み,,references/invidious.png
schedule.png,予定表,予定表,"Subject: schedule, an organized timetable of planned activities.

Composition: Show an adult arranging small activity-picture cards into a row of time slots on a desktop planner. A breakfast bowl, bus, workbench, and bed icon occur in chronological order, with unnumbered clock faces above the slots and no written descriptions.

Style: Use the attached invidious.png for drawing style only. Match its thick rounded dark-brown contours, simplified rounded shapes, and restrained 2D cartoon shading. Do not copy the reference subject or composition.

Framing: One compact composition, with the complete subject using about 80-90% of the square. Keep everything inside the frame.

Output: 512x512 PNG, RGBA, genuine transparent background. No text, speech balloons, explanatory captions, empty bubbles, numerals, logos or watermark.",作成済み,,references/invidious.png
transportation.png,輸送,輸送,"Subject: transportation, moving people or goods between places.

Composition: Show a small delivery truck carrying securely stacked crates along a road from a farm gate toward a nearby market building. The driver remains visible through the cab window, and the loaded vehicle links departure and destination in one compact landscape.

Style: Use the attached invidious.png for drawing style only. Match its thick rounded dark-brown contours, simplified rounded shapes, and restrained 2D cartoon shading. Do not copy the reference subject or composition.

Framing: One compact composition, with the complete subject using about 80-90% of the square. Keep everything inside the frame.

Output: 512x512 PNG, RGBA, genuine transparent background. No text, speech balloons, explanatory captions, empty bubbles, numerals, logos or watermark.",作成済み,,references/invidious.png
worthy.png,値する,値する,"Subject: worthy, deserving a particular honor or benefit.

Composition: Show a volunteer who has repaired a community bench receiving a modest ribbon from a grateful neighbor. Their dusty tools rest beside the now sturdy seat, providing visible grounds for the recognition rather than relying on an unexplained award.

Style: Use the attached invidious.png for drawing style only. Match its thick rounded dark-brown contours, simplified rounded shapes, and restrained 2D cartoon shading. Do not copy the reference subject or composition.

Framing: One compact composition, with the complete subject using about 80-90% of the square. Keep everything inside the frame.

Output: 512x512 PNG, RGBA, genuine transparent background. No text, speech balloons, explanatory captions, empty bubbles, numerals, logos or watermark.",作成済み,,references/invidious.png
afterwards.png,あとで,あとで,"Subject: afterwards, at a later stage following an action.

Composition: Show a cook washing the mixing bowl after a finished cake has been placed on a cooling rack beside the sink. Residual batter in the bowl connects the completed baking with the subsequent cleanup, keeping both parts within one present scene.

Style: Use the attached invidious.png for drawing style only. Match its thick rounded dark-brown contours, simplified rounded shapes, and restrained 2D cartoon shading. Do not copy the reference subject or composition.

Framing: One compact composition, with the complete subject using about 80-90% of the square. Keep everything inside the frame.

Output: 512x512 PNG, RGBA, genuine transparent background. No text, speech balloons, explanatory captions, empty bubbles, numerals, logos or watermark.",作成済み,,references/invidious.png
attractive.png,魅力的な,魅力的な,"Subject: attractive, pleasing and drawing interest.

Composition: Show an adult pausing with an admiring smile before a beautifully arranged flower-filled window box. The vivid blossoms, balanced greenery, and neatly painted frame draw their gaze, while the rest of the simple doorway stays subdued and secondary.

Style: Use the attached invidious.png for drawing style only. Match its thick rounded dark-brown contours, simplified rounded shapes, and restrained 2D cartoon shading. Do not copy the reference subject or composition.

Framing: One compact composition, with the complete subject using about 80-90% of the square. Keep everything inside the frame.

Output: 512x512 PNG, RGBA, genuine transparent background. No text, speech balloons, explanatory captions, empty bubbles, numerals, logos or watermark.",作成済み,,references/invidious.png
dozen.png,ダース,ダース,"Subject: dozen, a group of twelve.

Composition: Show an open egg carton containing exactly twelve eggs in two straight rows of six. Keep every egg separately visible, with no additional eggs outside the carton; a baker's hand lightly steadies the open lid without hiding any of the count.

Style: Use the attached invidious.png for drawing style only. Match its thick rounded dark-brown contours, simplified rounded shapes, and restrained 2D cartoon shading. Do not copy the reference subject or composition.

Framing: One compact composition, with the complete subject using about 80-90% of the square. Keep everything inside the frame.

Output: 512x512 PNG, RGBA, genuine transparent background. No text, speech balloons, explanatory captions, empty bubbles, numerals, logos or watermark.",作成済み,,references/invidious.png
moderate.png,適度な,適度な,"Subject: moderate, neither too much nor too little.

Composition: Show an adult ladling a modest serving of stew into a bowl, stopping comfortably below the rim. A small piece of bread rests alongside, and their measured hand keeps the portion balanced rather than overflowing or barely covering the bottom.

Style: Use the attached invidious.png for drawing style only. Match its thick rounded dark-brown contours, simplified rounded shapes, and restrained 2D cartoon shading. Do not copy the reference subject or composition.

Framing: One compact composition, with the complete subject using about 80-90% of the square. Keep everything inside the frame.

Output: 512x512 PNG, RGBA, genuine transparent background. No text, speech balloons, explanatory captions, empty bubbles, numerals, logos or watermark.",作成済み,,references/invidious.png
pollution.png,汚染、堕落,汚染,"Subject: pollution, harmful contamination of the environment.

Composition: Show a stream beside a factory outlet where a murky discharge spreads into otherwise clear water. A few discarded containers collect along the bank, and an observer stands safely back with a concerned expression, emphasizing damaged water quality without sensational wildlife injury.

Style: Use the attached invidious.png for drawing style only. Match its thick rounded dark-brown contours, simplified rounded shapes, and restrained 2D cartoon shading. Do not copy the reference subject or composition.

Framing: One compact composition, with the complete subject using about 80-90% of the square. Keep everything inside the frame.

Output: 512x512 PNG, RGBA, genuine transparent background. No text, speech balloons, explanatory captions, empty bubbles, numerals, logos or watermark.",作成済み,,references/invidious.png
array.png,配列,配列,"Subject: array, an orderly arrangement of items.

Composition: Show a gardener setting small seedling pots into a neat rectangular arrangement on a nursery table. The pots form straight evenly spaced rows and columns, and one hand places the final pot in an open position matching the established pattern.

Style: Use the attached invidious.png for drawing style only. Match its thick rounded dark-brown contours, simplified rounded shapes, and restrained 2D cartoon shading. Do not copy the reference subject or composition.

Framing: One compact composition, with the complete subject using about 80-90% of the square. Keep everything inside the frame.

Output: 512x512 PNG, RGBA, genuine transparent background. No text, speech balloons, explanatory captions, empty bubbles, numerals, logos or watermark.",作成済み,,references/invidious.png
compensation.png,補償,補償,"Subject: compensation, something given to make up for a loss.

Composition: Show a delivery worker presenting a replacement ceramic bowl and refund coins to a customer whose delivered bowl arrived broken. The damaged bowl remains safely contained in its box, and the customer receives the remedy with a relieved expression.

Style: Use the attached invidious.png for drawing style only. Match its thick rounded dark-brown contours, simplified rounded shapes, and restrained 2D cartoon shading. Do not copy the reference subject or composition.

Framing: One compact composition, with the complete subject using about 80-90% of the square. Keep everything inside the frame.

Output: 512x512 PNG, RGBA, genuine transparent background. No text, speech balloons, explanatory captions, empty bubbles, numerals, logos or watermark.",作成済み,,references/invidious.png
defence.png,防御、弁護,防御,"Subject: defence, protection against an attack or threat.

Composition: Show two fencers wearing protective masks and padded fencing clothing, one deflecting the other's incoming practice foil with a controlled parry. Both hold their own foils securely and stand balanced on the same training strip, emphasizing defensive blocking rather than inflicting an injury.

Style: Use the attached invidious.png for drawing style only. Match its thick rounded dark-brown contours, simplified rounded shapes, and restrained 2D cartoon shading. Do not copy the reference subject or composition.

Framing: One compact composition, with the complete subject using about 80-90% of the square. Keep everything inside the frame.

Output: 512x512 PNG, RGBA, genuine transparent background. No text, speech balloons, explanatory captions, empty bubbles, numerals, logos or watermark.",作成済み,,references/invidious.png
explicit.png,明確な、露骨な,明確な,"Subject: explicit, clearly and unambiguously indicated.

Composition: Show an instructor placing one finger directly on the exact hinge screw a learner must tighten, while the learner's screwdriver approaches that same screw. Other screws remain visible farther away, making the intended target unmistakable without arrows, labels, or spoken instructions.

Style: Use the attached invidious.png for drawing style only. Match its thick rounded dark-brown contours, simplified rounded shapes, and restrained 2D cartoon shading. Do not copy the reference subject or composition.

Framing: One compact composition, with the complete subject using about 80-90% of the square. Keep everything inside the frame.

Output: 512x512 PNG, RGBA, genuine transparent background. No text, speech balloons, explanatory captions, empty bubbles, numerals, logos or watermark.",作成済み,,references/invidious.png
integrity.png,誠実、完全性,誠実,"Subject: integrity, honesty even when wrongdoing would be easy.

Composition: Show a shopkeeper returning an extra coin that a customer accidentally handed over. The customer's open purse and surprised grateful expression face the offered coin, while the shopkeeper keeps the correct payment separate on the counter without concealing anything.

Style: Use the attached invidious.png for drawing style only. Match its thick rounded dark-brown contours, simplified rounded shapes, and restrained 2D cartoon shading. Do not copy the reference subject or composition.

Framing: One compact composition, with the complete subject using about 80-90% of the square. Keep everything inside the frame.

Output: 512x512 PNG, RGBA, genuine transparent background. No text, speech balloons, explanatory captions, empty bubbles, numerals, logos or watermark.",作成済み,,references/invidious.png
investigate.png,調査する,調査する,"Subject: investigate, examining evidence to find an explanation.

Composition: Show a gardener following a trail of damp soil from a leaking pot to a puddle beneath the shelf. They lift the pot to inspect its cracked base, holding a small flashlight so the physical cause becomes visible.

Style: Use the attached invidious.png for drawing style only. Match its thick rounded dark-brown contours, simplified rounded shapes, and restrained 2D cartoon shading. Do not copy the reference subject or composition.

Framing: One compact composition, with the complete subject using about 80-90% of the square. Keep everything inside the frame.

Output: 512x512 PNG, RGBA, genuine transparent background. No text, speech balloons, explanatory captions, empty bubbles, numerals, logos or watermark.",作成済み,,references/invidious.png
methodology.png,方法論,方法論,"Subject: methodology, an organized approach to conducting an investigation.

Composition: Show a researcher using one consistent testing station to examine several identical fabric samples, wetting each with the same dropper and timing absorption. The neatly queued samples and repeated controlled setup emphasize the systematic method rather than a single accidental observation.

Style: Use the attached invidious.png for drawing style only. Match its thick rounded dark-brown contours, simplified rounded shapes, and restrained 2D cartoon shading. Do not copy the reference subject or composition.

Framing: One compact composition, with the complete subject using about 80-90% of the square. Keep everything inside the frame.

Output: 512x512 PNG, RGBA, genuine transparent background. No text, speech balloons, explanatory captions, empty bubbles, numerals, logos or watermark.",作成済み,,references/invidious.png
respiratory.png,呼吸の,呼吸の,"Subject: respiratory, relating to breathing.

Composition: Show an adult calmly breathing into a handheld spirometer while a clinician observes from beside the chair. Their lips seal around the mouthpiece and the tubing connects to the measuring unit, keeping the upright supported posture and breathing apparatus clear.

Style: Use the attached invidious.png for drawing style only. Match its thick rounded dark-brown contours, simplified rounded shapes, and restrained 2D cartoon shading. Do not copy the reference subject or composition.

Framing: One compact composition, with the complete subject using about 80-90% of the square. Keep everything inside the frame.

Output: 512x512 PNG, RGBA, genuine transparent background. No text, speech balloons, explanatory captions, empty bubbles, numerals, logos or watermark.",作成済み,,references/invidious.png
acceptable.png,容認できる,容認できる,"Subject: acceptable, meeting a sufficient standard.

Composition: Show a pottery instructor checking a learner's slightly uneven but sturdy bowl and giving a small approving nod. The bowl sits flat without wobbling and holds water without leaking, making its adequate function clear despite minor cosmetic imperfections.

Style: Use the attached invidious.png for drawing style only. Match its thick rounded dark-brown contours, simplified rounded shapes, and restrained 2D cartoon shading. Do not copy the reference subject or composition.

Framing: One compact composition, with the complete subject using about 80-90% of the square. Keep everything inside the frame.

Output: 512x512 PNG, RGBA, genuine transparent background. No text, speech balloons, explanatory captions, empty bubbles, numerals, logos or watermark.",作成済み,,references/invidious.png
adverse.png,不利な,不利な,"Subject: adverse, making progress more difficult.

Composition: Show a cyclist struggling uphill into strong wind and rain, leaning forward while pedaling slowly. Their coat streams backward, both wheels remain on the wet path, and the opposing weather visibly hinders rather than assists the effort.

Style: Use the attached invidious.png for drawing style only. Match its thick rounded dark-brown contours, simplified rounded shapes, and restrained 2D cartoon shading. Do not copy the reference subject or composition.

Framing: One compact composition, with the complete subject using about 80-90% of the square. Keep everything inside the frame.

Output: 512x512 PNG, RGBA, genuine transparent background. No text, speech balloons, explanatory captions, empty bubbles, numerals, logos or watermark.",作成済み,,references/invidious.png
embrace.png,抱き締める、受け入れる,抱き締める,"Subject: embrace, holding someone warmly in one's arms.

Composition: Show two reunited friends sharing a gentle full-body hug beside a small travel suitcase. Each wraps both arms naturally around the other's upper back, their feet remain balanced on the ground, and their relieved smiles convey mutual affection.

Style: Use the attached invidious.png for drawing style only. Match its thick rounded dark-brown contours, simplified rounded shapes, and restrained 2D cartoon shading. Do not copy the reference subject or composition.

Framing: One compact composition, with the complete subject using about 80-90% of the square. Keep everything inside the frame.

Output: 512x512 PNG, RGBA, genuine transparent background. No text, speech balloons, explanatory captions, empty bubbles, numerals, logos or watermark.",作成済み,,references/invidious.png
innocent.png,無罪の、無邪気な,無罪の,"Subject: innocent, not guilty of an alleged wrongdoing.

Composition: Show a bakery owner reassuring a falsely suspected child after finding a cat beside the toppled cake tray. The child holds clean empty hands while the cat's cream-covered paw rests near the mess, shifting the evidence away from the child.

Style: Use the attached invidious.png for drawing style only. Match its thick rounded dark-brown contours, simplified rounded shapes, and restrained 2D cartoon shading. Do not copy the reference subject or composition.

Framing: One compact composition, with the complete subject using about 80-90% of the square. Keep everything inside the frame.

Output: 512x512 PNG, RGBA, genuine transparent background. No text, speech balloons, explanatory captions, empty bubbles, numerals, logos or watermark.",作成済み,,references/invidious.png
physically.png,肉体的に,肉体的に,"Subject: physically, through bodily effort.

Composition: Show an adult moving a heavy cabinet by pushing with both palms, knees bent and feet braced against the floor. Their working arms and tense shoulders emphasize bodily exertion, while the cabinet slides a short distance on protective pads.

Style: Use the attached invidious.png for drawing style only. Match its thick rounded dark-brown contours, simplified rounded shapes, and restrained 2D cartoon shading. Do not copy the reference subject or composition.

Framing: One compact composition, with the complete subject using about 80-90% of the square. Keep everything inside the frame.

Output: 512x512 PNG, RGBA, genuine transparent background. No text, speech balloons, explanatory captions, empty bubbles, numerals, logos or watermark.",作成済み,,references/invidious.png
replace.png,取り替える,取り替える,"Subject: replace, putting a new item in place of an old one.

Composition: Show an adult removing a dead battery from a small flashlight and inserting a fresh matching battery into the open compartment. The used battery rests separately on the table, while the flashlight and both carefully positioned hands remain clearly visible.

Style: Use the attached invidious.png for drawing style only. Match its thick rounded dark-brown contours, simplified rounded shapes, and restrained 2D cartoon shading. Do not copy the reference subject or composition.

Framing: One compact composition, with the complete subject using about 80-90% of the square. Keep everything inside the frame.

Output: 512x512 PNG, RGBA, genuine transparent background. No text, speech balloons, explanatory captions, empty bubbles, numerals, logos or watermark.",作成済み,,references/invidious.png
reverse.png,逆の,逆の,"Subject: reverse, opposite in direction.

Composition: Show a small handcart being pulled backward out of a narrow storage bay, its handle facing the person behind it. The cart's front remains toward the bay while its wheels roll away, making the motion opposite to its usual forward orientation.

Style: Use the attached invidious.png for drawing style only. Match its thick rounded dark-brown contours, simplified rounded shapes, and restrained 2D cartoon shading. Do not copy the reference subject or composition.

Framing: One compact composition, with the complete subject using about 80-90% of the square. Keep everything inside the frame.

Output: 512x512 PNG, RGBA, genuine transparent background. No text, speech balloons, explanatory captions, empty bubbles, numerals, logos or watermark.",作成済み,,references/invidious.png
subsequently.png,その後,その後,"Subject: subsequently, after an earlier event.

Composition: Show a gardener putting freshly harvested carrots into a wash basin after pulling them from the nearby bed. Small empty planting holes and a soil-covered basket remain beside the water, connecting the completed harvest to the later cleaning action.

Style: Use the attached invidious.png for drawing style only. Match its thick rounded dark-brown contours, simplified rounded shapes, and restrained 2D cartoon shading. Do not copy the reference subject or composition.

Framing: One compact composition, with the complete subject using about 80-90% of the square. Keep everything inside the frame.

Output: 512x512 PNG, RGBA, genuine transparent background. No text, speech balloons, explanatory captions, empty bubbles, numerals, logos or watermark.",作成済み,,references/invidious.png
coefficient.png,係数,係数,"Subject: coefficient, a number multiplying a variable.

Composition: Show a student circling the 3 in the mathematical expression 3x on a small chalkboard. The numeral sits immediately before x without a plus sign, and the student's other hand steadies the board, keeping the multiplier relationship central and uncluttered.

Style: Use the attached invidious.png for drawing style only. Match its thick rounded dark-brown contours, simplified rounded shapes, and restrained 2D cartoon shading. Do not copy the reference subject or composition.

Framing: One compact composition, with the complete subject using about 80-90% of the square. Keep everything inside the frame.

Output: 512x512 PNG, RGBA, genuine transparent background. Allow only the essential mathematical expression 3x and a circle emphasizing the coefficient 3; no explanatory text. No incidental labels, logos or watermark.",作成済み,,references/invidious.png
constitute.png,構成する、制定する,構成する,"Subject: constitute, forming the parts of a whole.

Composition: Show a craftsperson completing a small wooden stool by fitting its last leg beneath the seat. The seat and all four supporting legs visibly join into one usable object, emphasizing how the connected parts together make up the whole.

Style: Use the attached invidious.png for drawing style only. Match its thick rounded dark-brown contours, simplified rounded shapes, and restrained 2D cartoon shading. Do not copy the reference subject or composition.

Framing: One compact composition, with the complete subject using about 80-90% of the square. Keep everything inside the frame.

Output: 512x512 PNG, RGBA, genuine transparent background. No text, speech balloons, explanatory captions, empty bubbles, numerals, logos or watermark.",作成済み,,references/invidious.png
distinguished.png,著名な,著名な,"Subject: distinguished, widely respected for notable achievement.

Composition: Show an accomplished older scientist receiving a formal medal from an academic host while two colleagues applaud. Their modest smile, ceremonial setting, and a completed research instrument on the table connect the public recognition with respected professional accomplishment.

Style: Use the attached invidious.png for drawing style only. Match its thick rounded dark-brown contours, simplified rounded shapes, and restrained 2D cartoon shading. Do not copy the reference subject or composition.

Framing: One compact composition, with the complete subject using about 80-90% of the square. Keep everything inside the frame.

Output: 512x512 PNG, RGBA, genuine transparent background. No text, speech balloons, explanatory captions, empty bubbles, numerals, logos or watermark.",作成済み,,references/invidious.png
efficacy.png,効き目,効き目,"Subject: efficacy, ability to produce an intended effect.

Composition: Show a person applying stain remover to one stained corner of a cloth, revealing a visibly clean patch exactly where the cleaner has worked. The cloth remains continuous in a shallow basin, and their hand points toward the localized successful result.

Style: Use the attached invidious.png for drawing style only. Match its thick rounded dark-brown contours, simplified rounded shapes, and restrained 2D cartoon shading. Do not copy the reference subject or composition.

Framing: One compact composition, with the complete subject using about 80-90% of the square. Keep everything inside the frame.

Output: 512x512 PNG, RGBA, genuine transparent background. No text, speech balloons, explanatory captions, empty bubbles, numerals, logos or watermark.",作成済み,,references/invidious.png
genuine.png,本物の,本物の,"Subject: genuine, authentic rather than an imitation.

Composition: Show a potter holding a handmade ceramic bowl whose real clay texture and maker's impressed thumb mark match the unfinished clay on their wheel. Their dusty hands and working tools establish the bowl's authentic origin without printed certificates or comparison labels.

Style: Use the attached invidious.png for drawing style only. Match its thick rounded dark-brown contours, simplified rounded shapes, and restrained 2D cartoon shading. Do not copy the reference subject or composition.

Framing: One compact composition, with the complete subject using about 80-90% of the square. Keep everything inside the frame.

Output: 512x512 PNG, RGBA, genuine transparent background. No text, speech balloons, explanatory captions, empty bubbles, numerals, logos or watermark.",作成済み,,references/invidious.png
repeat.png,繰り返す、再放送,繰り返す,"Subject: repeat, doing the same action again.

Composition: Show a woodworker pressing the same leaf-shaped stamp into a clay strip, adding another impression immediately beside several identical earlier impressions. Their lifted hand is poised over the next empty position, making a repeated action visible through its accumulated results.

Style: Use the attached invidious.png for drawing style only. Match its thick rounded dark-brown contours, simplified rounded shapes, and restrained 2D cartoon shading. Do not copy the reference subject or composition.

Framing: One compact composition, with the complete subject using about 80-90% of the square. Keep everything inside the frame.

Output: 512x512 PNG, RGBA, genuine transparent background. No text, speech balloons, explanatory captions, empty bubbles, numerals, logos or watermark.",作成済み,,references/invidious.png
spite.png,悪意,悪意,"Subject: spite, deliberate unkindness intended to upset someone.

Composition: Show a child secretly pushing a classmate's carefully stacked blocks off the table while watching the classmate's dismayed face. The deliberate hand movement and sidelong expression make the hurtful intent clear, without violence, group stereotypes, or exaggerated villain features.

Style: Use the attached invidious.png for drawing style only. Match its thick rounded dark-brown contours, simplified rounded shapes, and restrained 2D cartoon shading. Do not copy the reference subject or composition.

Framing: One compact composition, with the complete subject using about 80-90% of the square. Keep everything inside the frame.

Output: 512x512 PNG, RGBA, genuine transparent background. No text, speech balloons, explanatory captions, empty bubbles, numerals, logos or watermark.",作成済み,,references/invidious.png
acknowledge.png,認める、受領を知らせる,認める,"Subject: acknowledge, openly recognizing a fact or responsibility.

Composition: Show an adult nodding and touching their chest after a neighbor points to a flowerpot they accidentally knocked over. The adult begins gathering the broken pieces into a tray, while their contrite expression accepts responsibility rather than shifting blame.

Style: Use the attached invidious.png for drawing style only. Match its thick rounded dark-brown contours, simplified rounded shapes, and restrained 2D cartoon shading. Do not copy the reference subject or composition.

Framing: One compact composition, with the complete subject using about 80-90% of the square. Keep everything inside the frame.

Output: 512x512 PNG, RGBA, genuine transparent background. No text, speech balloons, explanatory captions, empty bubbles, numerals, logos or watermark.",作成済み,,references/invidious.png
expertise.png,専門知識,専門知識,"Subject: expertise, advanced knowledge and skill in a field.

Composition: Show a violin repairer carefully fitting a tiny bridge onto an instrument supported on a padded bench. Their precise hand position and attentive inspection of string clearance demonstrate specialized skill, while a customer watches the delicate adjustment from a safe distance.

Style: Use the attached invidious.png for drawing style only. Match its thick rounded dark-brown contours, simplified rounded shapes, and restrained 2D cartoon shading. Do not copy the reference subject or composition.

Framing: One compact composition, with the complete subject using about 80-90% of the square. Keep everything inside the frame.

Output: 512x512 PNG, RGBA, genuine transparent background. No text, speech balloons, explanatory captions, empty bubbles, numerals, logos or watermark.",作成済み,,references/invidious.png
interior.png,内部の、内陸の,内部の,"Subject: interior, located on the inside.

Composition: Show a dollhouse opened along its front, revealing a furnished room with a table, chair, and rug enclosed by its walls. A child's hand reaches through the open face to adjust the chair, clearly emphasizing the space within the structure.

Style: Use the attached invidious.png for drawing style only. Match its thick rounded dark-brown contours, simplified rounded shapes, and restrained 2D cartoon shading. Do not copy the reference subject or composition.

Framing: One compact composition, with the complete subject using about 80-90% of the square. Keep everything inside the frame.

Output: 512x512 PNG, RGBA, genuine transparent background. No text, speech balloons, explanatory captions, empty bubbles, numerals, logos or watermark.",作成済み,,references/invidious.png
reward.png,報酬,報酬,"Subject: reward, a benefit received for useful effort.

Composition: Show a child receiving a small wrapped gift after helping an adult plant a flower bed. The child's muddy gloves and empty seedling tray remain beside the finished plants, connecting the gift directly to completed helpful work rather than a birthday.

Style: Use the attached invidious.png for drawing style only. Match its thick rounded dark-brown contours, simplified rounded shapes, and restrained 2D cartoon shading. Do not copy the reference subject or composition.

Framing: One compact composition, with the complete subject using about 80-90% of the square. Keep everything inside the frame.

Output: 512x512 PNG, RGBA, genuine transparent background. No text, speech balloons, explanatory captions, empty bubbles, numerals, logos or watermark.",作成済み,,references/invidious.png
well-being.png,幸福,幸福,"Subject: well-being, being comfortable, healthy, and content.

Composition: Show an adult resting peacefully on a garden bench after a walk, with a water bottle, comfortable shoes, and a small bowl of fruit nearby. Their relaxed shoulders and contented smile accompany a calm, cared-for everyday setting without medical claims.

Style: Use the attached invidious.png for drawing style only. Match its thick rounded dark-brown contours, simplified rounded shapes, and restrained 2D cartoon shading. Do not copy the reference subject or composition.

Framing: One compact composition, with the complete subject using about 80-90% of the square. Keep everything inside the frame.

Output: 512x512 PNG, RGBA, genuine transparent background. No text, speech balloons, explanatory captions, empty bubbles, numerals, logos or watermark.",作成済み,,references/invidious.png
conceptual.png,概念の,概念の,"Subject: conceptual, concerned with an underlying idea.

Composition: Show a designer arranging a few simple wooden blocks into the rough idea of a future house, using broad shapes for walls and roof without detailed windows. Their thoughtful hand adjusts the basic relationship of parts before any finished building is attempted.

Style: Use the attached invidious.png for drawing style only. Match its thick rounded dark-brown contours, simplified rounded shapes, and restrained 2D cartoon shading. Do not copy the reference subject or composition.

Framing: One compact composition, with the complete subject using about 80-90% of the square. Keep everything inside the frame.

Output: 512x512 PNG, RGBA, genuine transparent background. No text, speech balloons, explanatory captions, empty bubbles, numerals, logos or watermark.",作成済み,,references/invidious.png
distinguish.png,区別する,区別する,"Subject: distinguish, recognizing the difference between similar things.

Composition: Show a birdwatcher comparing two similar fallen leaves, turning one over to inspect its serrated edge while the other has a smooth margin. Both rest clearly in their hands, and the focused gaze targets the distinguishing feature rather than color alone.

Style: Use the attached invidious.png for drawing style only. Match its thick rounded dark-brown contours, simplified rounded shapes, and restrained 2D cartoon shading. Do not copy the reference subject or composition.

Framing: One compact composition, with the complete subject using about 80-90% of the square. Keep everything inside the frame.

Output: 512x512 PNG, RGBA, genuine transparent background. No text, speech balloons, explanatory captions, empty bubbles, numerals, logos or watermark.",作成済み,,references/invidious.png
gentleman.png,紳士,紳士,"Subject: gentleman, a courteous and considerate man.

Composition: Show a neatly dressed man holding a heavy door open for another adult carrying two bulky bags. He steps aside to leave a clear passage and smiles politely, making considerate conduct central rather than relying solely on formal clothing or wealth.

Style: Use the attached invidious.png for drawing style only. Match its thick rounded dark-brown contours, simplified rounded shapes, and restrained 2D cartoon shading. Do not copy the reference subject or composition.

Framing: One compact composition, with the complete subject using about 80-90% of the square. Keep everything inside the frame.

Output: 512x512 PNG, RGBA, genuine transparent background. No text, speech balloons, explanatory captions, empty bubbles, numerals, logos or watermark.",作成済み,,references/invidious.png
symbol.png,象徴、記号,象徴,"Subject: symbol, an object standing for a broader idea.

Composition: Show a white dove sculpture with an olive branch in its beak being placed at the center of a community peace gathering. Two participants gently join hands beside the pedestal, linking the familiar symbolic object with reconciliation without written slogans.

Style: Use the attached invidious.png for drawing style only. Match its thick rounded dark-brown contours, simplified rounded shapes, and restrained 2D cartoon shading. Do not copy the reference subject or composition.

Framing: One compact composition, with the complete subject using about 80-90% of the square. Keep everything inside the frame.

Output: 512x512 PNG, RGBA, genuine transparent background. No text, speech balloons, explanatory captions, empty bubbles, numerals, logos or watermark.",作成済み,,references/invidious.png
besides.png,そのうえ,そのうえ,"Subject: besides, adding something further.

Composition: Show a picnic organizer placing a bowl of strawberries beside an already prepared plate of sandwiches. Their other hand holds a folded picnic blanket, while the newly added fruit clearly supplements the existing meal rather than replacing or removing any food.

Style: Use the attached invidious.png for drawing style only. Match its thick rounded dark-brown contours, simplified rounded shapes, and restrained 2D cartoon shading. Do not copy the reference subject or composition.

Framing: One compact composition, with the complete subject using about 80-90% of the square. Keep everything inside the frame.

Output: 512x512 PNG, RGBA, genuine transparent background. No text, speech balloons, explanatory captions, empty bubbles, numerals, logos or watermark.",作成済み,,references/invidious.png
configuration.png,構成,構成,"Subject: configuration, the arrangement of connected components.

Composition: Show a technician positioning a computer monitor, keyboard, and two speakers around one desktop tower, with their connecting cables clearly leading to the same machine. The monitor sits centrally and the speakers flank it, emphasizing the chosen arrangement as one functioning setup.

Style: Use the attached invidious.png for drawing style only. Match its thick rounded dark-brown contours, simplified rounded shapes, and restrained 2D cartoon shading. Do not copy the reference subject or composition.

Framing: One compact composition, with the complete subject using about 80-90% of the square. Keep everything inside the frame.

Output: 512x512 PNG, RGBA, genuine transparent background. No text, speech balloons, explanatory captions, empty bubbles, numerals, logos or watermark.",作成済み,,references/invidious.png
county.png,郡,郡,"Subject: county, a local administrative district.

Composition: Show a cartographer pointing to one outlined district on a small regional map laid across a desk. Several towns and connecting roads lie inside its boundary, while neighboring districts remain lightly drawn around it, establishing an administrative area without written place names.

Style: Use the attached invidious.png for drawing style only. Match its thick rounded dark-brown contours, simplified rounded shapes, and restrained 2D cartoon shading. Do not copy the reference subject or composition.

Framing: One compact composition, with the complete subject using about 80-90% of the square. Keep everything inside the frame.

Output: 512x512 PNG, RGBA, genuine transparent background. No text, speech balloons, explanatory captions, empty bubbles, numerals, logos or watermark.",作成済み,,references/invidious.png
discharge.png,排出する、解雇する,排出する,"Subject: discharge, releasing material from a container.

Composition: Show a water tanker emptying clean water through a connected hose into a storage basin. The stream flows visibly from the open outlet, and a worker holds the hose securely above the basin while the tank remains upright on its chassis.

Style: Use the attached invidious.png for drawing style only. Match its thick rounded dark-brown contours, simplified rounded shapes, and restrained 2D cartoon shading. Do not copy the reference subject or composition.

Framing: One compact composition, with the complete subject using about 80-90% of the square. Keep everything inside the frame.

Output: 512x512 PNG, RGBA, genuine transparent background. No text, speech balloons, explanatory captions, empty bubbles, numerals, logos or watermark.",作成済み,,references/invidious.png
faculty.png,能力、学部,能力,"Subject: faculty, an ability or capacity.

Composition: Show an adult solving a tactile shape puzzle with attentive concentration, using their fingertips to compare edges before fitting a piece. Their deliberate handling and accurate placement demonstrate a working mental and sensory ability, without depicting a university department or institution.

Style: Use the attached invidious.png for drawing style only. Match its thick rounded dark-brown contours, simplified rounded shapes, and restrained 2D cartoon shading. Do not copy the reference subject or composition.

Framing: One compact composition, with the complete subject using about 80-90% of the square. Keep everything inside the frame.

Output: 512x512 PNG, RGBA, genuine transparent background. No text, speech balloons, explanatory captions, empty bubbles, numerals, logos or watermark.",作成済み,,references/invidious.png
interval.png,間隔、休憩時間,間隔,"Subject: interval, a space between successive things.

Composition: Show five fence posts standing in a straight line with equal open gaps between them. A worker stretches a measuring cord across one gap to check its spacing, keeping the repeated intervals clear while all posts remain planted in the same ground.

Style: Use the attached invidious.png for drawing style only. Match its thick rounded dark-brown contours, simplified rounded shapes, and restrained 2D cartoon shading. Do not copy the reference subject or composition.

Framing: One compact composition, with the complete subject using about 80-90% of the square. Keep everything inside the frame.

Output: 512x512 PNG, RGBA, genuine transparent background. No text, speech balloons, explanatory captions, empty bubbles, numerals, logos or watermark.",作成済み,,references/invidious.png
relate.png,関係する、物語る,関係する,"Subject: relate, having a connection to something.

Composition: Show a mechanic matching a loose bicycle chain link to the gap in a bicycle's broken chain. Their hands bring the part beside its corresponding ends, making the practical relationship between this component and that mechanism visible without abstract connecting arrows.

Style: Use the attached invidious.png for drawing style only. Match its thick rounded dark-brown contours, simplified rounded shapes, and restrained 2D cartoon shading. Do not copy the reference subject or composition.

Framing: One compact composition, with the complete subject using about 80-90% of the square. Keep everything inside the frame.

Output: 512x512 PNG, RGBA, genuine transparent background. No text, speech balloons, explanatory captions, empty bubbles, numerals, logos or watermark.",作成済み,,references/invidious.png
transaction.png,取引、議事録,取引,"Subject: transaction, an exchange between parties.

Composition: Show a market seller handing a basket of apples to a customer while the customer offers payment coins across the same counter. Both exchanges occur together, with the fruit, money, and participating hands visible and no contracts or price labels needed.

Style: Use the attached invidious.png for drawing style only. Match its thick rounded dark-brown contours, simplified rounded shapes, and restrained 2D cartoon shading. Do not copy the reference subject or composition.

Framing: One compact composition, with the complete subject using about 80-90% of the square. Keep everything inside the frame.

Output: 512x512 PNG, RGBA, genuine transparent background. No text, speech balloons, explanatory captions, empty bubbles, numerals, logos or watermark.",作成済み,,references/invidious.png
valley.png,谷,谷,"Subject: valley, low land between hills or mountains.

Composition: Show a winding stream running along a broad green valley floor between two steep hills. A small farmhouse sits beside the stream, and the sloping sides rise clearly on both sides, making the landform's depressed central space easy to read.

Style: Use the attached invidious.png for drawing style only. Match its thick rounded dark-brown contours, simplified rounded shapes, and restrained 2D cartoon shading. Do not copy the reference subject or composition.

Framing: One compact composition, with the complete subject using about 80-90% of the square. Keep everything inside the frame.

Output: 512x512 PNG, RGBA, genuine transparent background. No text, speech balloons, explanatory captions, empty bubbles, numerals, logos or watermark.",作成済み,,references/invidious.png
degradation.png,劣化,劣化,"Subject: degradation, gradual deterioration of condition.

Composition: Show a once-painted wooden garden chair with peeling paint, weather-softened edges, and a weakening leg joint. A gardener gently tests the loose armrest while flaked paint lies beneath it, emphasizing accumulated material deterioration rather than sudden destruction.

Style: Use the attached invidious.png for drawing style only. Match its thick rounded dark-brown contours, simplified rounded shapes, and restrained 2D cartoon shading. Do not copy the reference subject or composition.

Framing: One compact composition, with the complete subject using about 80-90% of the square. Keep everything inside the frame.

Output: 512x512 PNG, RGBA, genuine transparent background. No text, speech balloons, explanatory captions, empty bubbles, numerals, logos or watermark.",作成済み,,references/invidious.png
hath.png,持っている,持っている,"Subject: hath, an older form meaning has.

Composition: Show one adult holding a small wooden box securely in both hands while a personal key hangs from their belt. Their calm ownership posture and the box's familiar worn handle provide a concrete possession scene without writing an archaic sentence.

Style: Use the attached invidious.png for drawing style only. Match its thick rounded dark-brown contours, simplified rounded shapes, and restrained 2D cartoon shading. Do not copy the reference subject or composition.

Framing: One compact composition, with the complete subject using about 80-90% of the square. Keep everything inside the frame.

Output: 512x512 PNG, RGBA, genuine transparent background. No text, speech balloons, explanatory captions, empty bubbles, numerals, logos or watermark.",作成済み,,references/invidious.png
prime.png,最も重要な、全盛期、素数の,最も重要な,"Subject: prime, most important or central.

Composition: Show a rescue coordinator placing a filled drinking-water container at the center of a relief trolley while setting decorative comfort items aside. The thirsty waiting family reaches toward the water first, making its priority over less necessary supplies visible.

Style: Use the attached invidious.png for drawing style only. Match its thick rounded dark-brown contours, simplified rounded shapes, and restrained 2D cartoon shading. Do not copy the reference subject or composition.

Framing: One compact composition, with the complete subject using about 80-90% of the square. Keep everything inside the frame.

Output: 512x512 PNG, RGBA, genuine transparent background. No text, speech balloons, explanatory captions, empty bubbles, numerals, logos or watermark.",作成済み,,references/invidious.png
protocol.png,儀礼、議定書、通信規約,儀礼,"Subject: protocol, formal ceremonial procedure.

Composition: Show a visiting dignitary and host standing at matched positions before a ceremonial doorway, exchanging a measured handshake as an usher indicates their places. Their orderly spacing and restrained postures emphasize prescribed etiquette rather than spontaneous casual greeting.

Style: Use the attached invidious.png for drawing style only. Match its thick rounded dark-brown contours, simplified rounded shapes, and restrained 2D cartoon shading. Do not copy the reference subject or composition.

Framing: One compact composition, with the complete subject using about 80-90% of the square. Keep everything inside the frame.

Output: 512x512 PNG, RGBA, genuine transparent background. No text, speech balloons, explanatory captions, empty bubbles, numerals, logos or watermark.",作成済み,,references/invidious.png
qualitative.png,質的な,質的な,"Subject: qualitative, concerned with qualities rather than amounts.

Composition: Show a textile maker feeling the softness of one fabric swatch and examining the rough weave of another under daylight. Both samples are similar in size, and the maker focuses on texture and feel without scales, counting marks, or numerical measurements.

Style: Use the attached invidious.png for drawing style only. Match its thick rounded dark-brown contours, simplified rounded shapes, and restrained 2D cartoon shading. Do not copy the reference subject or composition.

Framing: One compact composition, with the complete subject using about 80-90% of the square. Keep everything inside the frame.

Output: 512x512 PNG, RGBA, genuine transparent background. No text, speech balloons, explanatory captions, empty bubbles, numerals, logos or watermark.",作成済み,,references/invidious.png
verse.png,韻文、節,韻文,"Subject: verse, writing arranged in poetic lines.

Composition: Show an open poetry notebook with four short line-shaped groups of unreadable ink marks arranged as one stanza. A writer's pen rests at the end of the last line, and generous margins emphasize the poetic line structure rather than continuous prose.

Style: Use the attached invidious.png for drawing style only. Match its thick rounded dark-brown contours, simplified rounded shapes, and restrained 2D cartoon shading. Do not copy the reference subject or composition.

Framing: One compact composition, with the complete subject using about 80-90% of the square. Keep everything inside the frame.

Output: 512x512 PNG, RGBA, genuine transparent background. No text, speech balloons, explanatory captions, empty bubbles, numerals, logos or watermark.",作成済み,,references/invidious.png
disability.png,障害,障害,"Subject: disability, a condition affecting access or everyday function.

Composition: Show an adult wheelchair user independently approaching a building by its smooth access ramp, hands on the push rims. The nearby steps explain the environmental barrier, while the clear ramp and ordinary shopping bag emphasize capable participation without pity or caricature.

Style: Use the attached invidious.png for drawing style only. Match its thick rounded dark-brown contours, simplified rounded shapes, and restrained 2D cartoon shading. Do not copy the reference subject or composition.

Framing: One compact composition, with the complete subject using about 80-90% of the square. Keep everything inside the frame.

Output: 512x512 PNG, RGBA, genuine transparent background. No text, speech balloons, explanatory captions, empty bubbles, numerals, logos or watermark.",作成済み,,references/invidious.png
extraordinary.png,並外れた、臨時の,並外れた,"Subject: extraordinary, far beyond the ordinary.

Composition: Show a gardener standing beside a remarkably tall hollyhock whose flowers rise well above their head, while normal-sized plants fill the same bed. Their upward gaze and surprised smile register the exceptional growth, with the entire stem visibly rooted and supported.

Style: Use the attached invidious.png for drawing style only. Match its thick rounded dark-brown contours, simplified rounded shapes, and restrained 2D cartoon shading. Do not copy the reference subject or composition.

Framing: One compact composition, with the complete subject using about 80-90% of the square. Keep everything inside the frame.

Output: 512x512 PNG, RGBA, genuine transparent background. No text, speech balloons, explanatory captions, empty bubbles, numerals, logos or watermark.",作成済み,,references/invidious.png
inflammatory.png,扇動的な、炎症性の,扇動的な,"Subject: inflammatory, provoking anger or agitation.

Composition: Show an agitated speaker on a low platform thrusting an accusing finger toward a distant closed office while three listeners begin clenching fists and crowding forward. Keep the scene fictional and nonpartisan, with no weapons, written slogans, or targeted social group.

Style: Use the attached invidious.png for drawing style only. Match its thick rounded dark-brown contours, simplified rounded shapes, and restrained 2D cartoon shading. Do not copy the reference subject or composition.

Framing: One compact composition, with the complete subject using about 80-90% of the square. Keep everything inside the frame.

Output: 512x512 PNG, RGBA, genuine transparent background. No text, speech balloons, explanatory captions, empty bubbles, numerals, logos or watermark.",作成済み,,references/invidious.png
protective.png,保護する,保護する,"Subject: protective, shielding someone or something from harm.

Composition: Show an adult crouching beside a child and placing a bicycle helmet securely on their head before riding. One hand adjusts the chin strap while the other steadies the helmet, and the child's bicycle waits motionless beside them.

Style: Use the attached invidious.png for drawing style only. Match its thick rounded dark-brown contours, simplified rounded shapes, and restrained 2D cartoon shading. Do not copy the reference subject or composition.

Framing: One compact composition, with the complete subject using about 80-90% of the square. Keep everything inside the frame.

Output: 512x512 PNG, RGBA, genuine transparent background. No text, speech balloons, explanatory captions, empty bubbles, numerals, logos or watermark.",作成済み,,references/invidious.png
shore.png,岸,岸,"Subject: shore, land along the edge of water.

Composition: Show gentle waves meeting a curved strip of sandy shore, leaving wet sand darker near the waterline. A few rounded stones and a small grounded driftwood branch sit above the wash, clearly separating dry land, damp edge, and shallow water.

Style: Use the attached invidious.png for drawing style only. Match its thick rounded dark-brown contours, simplified rounded shapes, and restrained 2D cartoon shading. Do not copy the reference subject or composition.

Framing: One compact composition, with the complete subject using about 80-90% of the square. Keep everything inside the frame.

Output: 512x512 PNG, RGBA, genuine transparent background. No text, speech balloons, explanatory captions, empty bubbles, numerals, logos or watermark.",作成済み,,references/invidious.png
suspect.png,疑う,疑う,"Subject: suspect, considering that something may be true without certainty.

Composition: Show an adult noticing muddy pawprints leading from the garden toward a dog beside an overturned flowerpot. Their raised eyebrow and questioning gaze turn toward the dog, while the visible clues suggest a possibility without depicting a confession or confirmed culprit.

Style: Use the attached invidious.png for drawing style only. Match its thick rounded dark-brown contours, simplified rounded shapes, and restrained 2D cartoon shading. Do not copy the reference subject or composition.

Framing: One compact composition, with the complete subject using about 80-90% of the square. Keep everything inside the frame.

Output: 512x512 PNG, RGBA, genuine transparent background. No text, speech balloons, explanatory captions, empty bubbles, numerals, logos or watermark.",作成済み,,references/invidious.png
absorption.png,吸収、没頭,吸収,"Subject: absorption, taking liquid into a material.

Composition: Show a dry sponge partly lowered into a shallow spill of blue-tinted water on a tray. The sponge's lower portion darkens as liquid enters its pores, and the remaining puddle narrows beside it, showing uptake rather than merely pushing water aside.

Style: Use the attached invidious.png for drawing style only. Match its thick rounded dark-brown contours, simplified rounded shapes, and restrained 2D cartoon shading. Do not copy the reference subject or composition.

Framing: One compact composition, with the complete subject using about 80-90% of the square. Keep everything inside the frame.

Output: 512x512 PNG, RGBA, genuine transparent background. No text, speech balloons, explanatory captions, empty bubbles, numerals, logos or watermark.",作成済み,,references/invidious.png
council.png,評議会,評議会,"Subject: council, a body assembled to deliberate and decide.

Composition: Show five local representatives seated in a semicircle around one shared model of a town square. A chairperson among them invites a raised-hand contribution, and the others attend to the proposal, with the formal arrangement distinguishing council work from a casual meeting.

Style: Use the attached invidious.png for drawing style only. Match its thick rounded dark-brown contours, simplified rounded shapes, and restrained 2D cartoon shading. Do not copy the reference subject or composition.

Framing: One compact composition, with the complete subject using about 80-90% of the square. Keep everything inside the frame.

Output: 512x512 PNG, RGBA, genuine transparent background. No text, speech balloons, explanatory captions, empty bubbles, numerals, logos or watermark.",作成済み,,references/invidious.png
destination.png,目的地,目的地,"Subject: destination, the place a journey is directed toward.

Composition: Show a hiker following a winding trail toward a small mountain hut clearly visible at its far end. Their walking stick points along the final approach, and a welcoming lamp beside the hut's door draws the eye to the intended endpoint.

Style: Use the attached invidious.png for drawing style only. Match its thick rounded dark-brown contours, simplified rounded shapes, and restrained 2D cartoon shading. Do not copy the reference subject or composition.

Framing: One compact composition, with the complete subject using about 80-90% of the square. Keep everything inside the frame.

Output: 512x512 PNG, RGBA, genuine transparent background. No text, speech balloons, explanatory captions, empty bubbles, numerals, logos or watermark.",作成済み,,references/invidious.png
intelligent.png,聡明な,聡明な,"Subject: intelligent, using understanding to solve a problem.

Composition: Show a child creating a stable bridge across a toy stream by rotating a long wooden block to span both banks. Shorter unsuccessful blocks lie aside, and their focused smile follows the clever fit that lets a toy cart cross safely.

Style: Use the attached invidious.png for drawing style only. Match its thick rounded dark-brown contours, simplified rounded shapes, and restrained 2D cartoon shading. Do not copy the reference subject or composition.

Framing: One compact composition, with the complete subject using about 80-90% of the square. Keep everything inside the frame.

Output: 512x512 PNG, RGBA, genuine transparent background. No text, speech balloons, explanatory captions, empty bubbles, numerals, logos or watermark.",作成済み,,references/invidious.png
settle.png,解決する、定住する,解決する,"Subject: settle, bringing a disagreement to a resolution.

Composition: Show two neighbors agreeing on the position of a shared garden fence, shaking hands beside a taut boundary cord. One holds a measuring tape while the other sets down a fence post, and their relaxed expressions replace the earlier uncertainty with a practical agreement.

Style: Use the attached invidious.png for drawing style only. Match its thick rounded dark-brown contours, simplified rounded shapes, and restrained 2D cartoon shading. Do not copy the reference subject or composition.

Framing: One compact composition, with the complete subject using about 80-90% of the square. Keep everything inside the frame.

Output: 512x512 PNG, RGBA, genuine transparent background. No text, speech balloons, explanatory captions, empty bubbles, numerals, logos or watermark.",作成済み,,references/invidious.png
unexpected.png,予期しない,予期しない,"Subject: unexpected, occurring without anticipation.

Composition: Show a person opening a storage cupboard and reacting with wide-eyed surprise as their missing cat peers out from an empty basket inside. Their hand pauses on the door handle, and the cat's calm presence contrasts with the person's startled discovery.

Style: Use the attached invidious.png for drawing style only. Match its thick rounded dark-brown contours, simplified rounded shapes, and restrained 2D cartoon shading. Do not copy the reference subject or composition.

Framing: One compact composition, with the complete subject using about 80-90% of the square. Keep everything inside the frame.

Output: 512x512 PNG, RGBA, genuine transparent background. No text, speech balloons, explanatory captions, empty bubbles, numerals, logos or watermark.",作成済み,,references/invidious.png
cheese.png,チーズ、お偉方,チーズ,"Subject: cheese, a food made from milk curds.

Composition: Show a wedge of firm yellow cheese on a small wooden board, with one thin slice cut away and resting beside it. A cheese knife lies safely along the board's edge, and the exposed cut face clearly shows the food's dense texture.

Style: Use the attached invidious.png for drawing style only. Match its thick rounded dark-brown contours, simplified rounded shapes, and restrained 2D cartoon shading. Do not copy the reference subject or composition.

Framing: One compact composition, with the complete subject using about 80-90% of the square. Keep everything inside the frame.

Output: 512x512 PNG, RGBA, genuine transparent background. No text, speech balloons, explanatory captions, empty bubbles, numerals, logos or watermark.",作成済み,,references/invidious.png
confident.png,自信のある,自信のある,"Subject: confident, sure of one's ability.

Composition: Show a young speaker standing comfortably before three seated listeners, shoulders relaxed and head raised as they demonstrate a simple model. Their steady open-hand gesture and easy smile convey assurance, with the complete stance visible beside the presentation table.

Style: Use the attached invidious.png for drawing style only. Match its thick rounded dark-brown contours, simplified rounded shapes, and restrained 2D cartoon shading. Do not copy the reference subject or composition.

Framing: One compact composition, with the complete subject using about 80-90% of the square. Keep everything inside the frame.

Output: 512x512 PNG, RGBA, genuine transparent background. No text, speech balloons, explanatory captions, empty bubbles, numerals, logos or watermark.",作成済み,,references/invidious.png
couch.png,長いす,長いす,"Subject: couch, a long upholstered seat.

Composition: Show one comfortable three-seat couch with rounded arms, three cushions, and a folded throw over one end. A person sits relaxed at the opposite end, feet on the floor, establishing its generous length without covering most of the furniture.

Style: Use the attached invidious.png for drawing style only. Match its thick rounded dark-brown contours, simplified rounded shapes, and restrained 2D cartoon shading. Do not copy the reference subject or composition.

Framing: One compact composition, with the complete subject using about 80-90% of the square. Keep everything inside the frame.

Output: 512x512 PNG, RGBA, genuine transparent background. No text, speech balloons, explanatory captions, empty bubbles, numerals, logos or watermark.",作成済み,,references/invidious.png
neighborhood.png,近所,近所,"Subject: neighborhood, the nearby surrounding community.

Composition: Show a short residential street with three adjoining homes, a shared tree, and two neighbors greeting each other over a low fence. A child rides a scooter along the pavement, connecting the nearby dwellings through ordinary local activity.

Style: Use the attached invidious.png for drawing style only. Match its thick rounded dark-brown contours, simplified rounded shapes, and restrained 2D cartoon shading. Do not copy the reference subject or composition.

Framing: One compact composition, with the complete subject using about 80-90% of the square. Keep everything inside the frame.

Output: 512x512 PNG, RGBA, genuine transparent background. No text, speech balloons, explanatory captions, empty bubbles, numerals, logos or watermark.",作成済み,,references/invidious.png
promotion.png,昇進、販売促進,昇進,"Subject: promotion, advancement to a higher position.

Composition: Show a worker receiving the key to a larger supervisory desk from a manager while two colleagues congratulate them. Their former workbench remains visible nearby, and the new desk overlooks the same workshop, making advancement within the organization concrete.

Style: Use the attached invidious.png for drawing style only. Match its thick rounded dark-brown contours, simplified rounded shapes, and restrained 2D cartoon shading. Do not copy the reference subject or composition.

Framing: One compact composition, with the complete subject using about 80-90% of the square. Keep everything inside the frame.

Output: 512x512 PNG, RGBA, genuine transparent background. No text, speech balloons, explanatory captions, empty bubbles, numerals, logos or watermark.",作成済み,,references/invidious.png
accessible.png,近づきやすい、分かりやすい,近づきやすい,"Subject: accessible, easy to reach or enter.

Composition: Show an adult pushing a loaded stroller smoothly up a low ramp into a wide open library doorway. The entrance has no obstructing threshold, and a nearby handrail and generous turning space make straightforward physical access the focus.

Style: Use the attached invidious.png for drawing style only. Match its thick rounded dark-brown contours, simplified rounded shapes, and restrained 2D cartoon shading. Do not copy the reference subject or composition.

Framing: One compact composition, with the complete subject using about 80-90% of the square. Keep everything inside the frame.

Output: 512x512 PNG, RGBA, genuine transparent background. No text, speech balloons, explanatory captions, empty bubbles, numerals, logos or watermark.",作成済み,,references/invidious.png
actively.png,積極的に,積極的に,"Subject: actively, with engaged personal effort.

Composition: Show a volunteer energetically clearing weeds from a community garden while two others rest briefly on a bench nearby. Their hands pull a weed into a full collection bucket, and their focused forward-leaning posture makes active contribution unmistakable.

Style: Use the attached invidious.png for drawing style only. Match its thick rounded dark-brown contours, simplified rounded shapes, and restrained 2D cartoon shading. Do not copy the reference subject or composition.

Framing: One compact composition, with the complete subject using about 80-90% of the square. Keep everything inside the frame.

Output: 512x512 PNG, RGBA, genuine transparent background. No text, speech balloons, explanatory captions, empty bubbles, numerals, logos or watermark.",作成済み,,references/invidious.png
devoted.png,献身的な,献身的な,"Subject: devoted, giving sustained care and commitment.

Composition: Show an adult patiently feeding a recovering pet rabbit in a comfortable enclosure, holding a small food dish close while checking its clean bedding. Their attentive posture and neatly prepared water and hay emphasize committed everyday care rather than dramatic rescue.

Style: Use the attached invidious.png for drawing style only. Match its thick rounded dark-brown contours, simplified rounded shapes, and restrained 2D cartoon shading. Do not copy the reference subject or composition.

Framing: One compact composition, with the complete subject using about 80-90% of the square. Keep everything inside the frame.

Output: 512x512 PNG, RGBA, genuine transparent background. No text, speech balloons, explanatory captions, empty bubbles, numerals, logos or watermark.",作成済み,,references/invidious.png
noble.png,気高い、貴族の,気高い,"Subject: noble, showing admirable moral character.

Composition: Show a traveler giving their only dry coat to a shivering stranger at a bus shelter, keeping a calm generous expression despite their own wet sleeves. The recipient draws the coat around their shoulders, making the selfless act visible without aristocratic costume.

Style: Use the attached invidious.png for drawing style only. Match its thick rounded dark-brown contours, simplified rounded shapes, and restrained 2D cartoon shading. Do not copy the reference subject or composition.

Framing: One compact composition, with the complete subject using about 80-90% of the square. Keep everything inside the frame.

Output: 512x512 PNG, RGBA, genuine transparent background. No text, speech balloons, explanatory captions, empty bubbles, numerals, logos or watermark.",作成済み,,references/invidious.png
partnership.png,提携,提携,"Subject: partnership, two parties working together in a shared undertaking.

Composition: Show two bakery owners jointly opening their shop, one lifting a tray of bread into the display while the other unlocks the door. Matching aprons and equal control of the shared workspace emphasize a cooperative business relationship rather than supervision.

Style: Use the attached invidious.png for drawing style only. Match its thick rounded dark-brown contours, simplified rounded shapes, and restrained 2D cartoon shading. Do not copy the reference subject or composition.

Framing: One compact composition, with the complete subject using about 80-90% of the square. Keep everything inside the frame.

Output: 512x512 PNG, RGBA, genuine transparent background. No text, speech balloons, explanatory captions, empty bubbles, numerals, logos or watermark.",作成済み,,references/invidious.png
quantitative.png,量的な,量的な,"Subject: quantitative, concerned with measurable amounts.

Composition: Show a laboratory worker weighing a sample on a digital balance displaying exactly 25 g and measuring liquid in a cylinder with unnumbered graduation marks. Their attention focuses on the measured quantities, with both instruments supported on the same orderly laboratory bench.

Style: Use the attached invidious.png for drawing style only. Match its thick rounded dark-brown contours, simplified rounded shapes, and restrained 2D cartoon shading. Do not copy the reference subject or composition.

Framing: One compact composition, with the complete subject using about 80-90% of the square. Keep everything inside the frame.

Output: 512x512 PNG, RGBA, genuine transparent background. Allow only the measurement 25 g on the balance display and unnumbered graduation ticks on the cylinder; no other text or numerals. No incidental labels, logos or watermark.",作成済み,,references/invidious.png
altogether.png,まったく、全部で,まったく,"Subject: altogether, completely or in total.

Composition: Show a person turning an empty storage box upside down above a table after removing every object. Its bare interior is fully visible, and all formerly stored blocks lie together below, emphasizing that nothing remains inside at all.

Style: Use the attached invidious.png for drawing style only. Match its thick rounded dark-brown contours, simplified rounded shapes, and restrained 2D cartoon shading. Do not copy the reference subject or composition.

Framing: One compact composition, with the complete subject using about 80-90% of the square. Keep everything inside the frame.

Output: 512x512 PNG, RGBA, genuine transparent background. No text, speech balloons, explanatory captions, empty bubbles, numerals, logos or watermark.",作成済み,,references/invidious.png
appointment.png,予約、任命,予約,"Subject: appointment, a reserved time for a service or meeting.

Composition: Show a patient arriving at a clinic reception desk and presenting an appointment card while the receptionist checks a matching marked slot in a planner. A clock stands nearby, and a single waiting chair establishes an orderly scheduled visit without readable writing.

Style: Use the attached invidious.png for drawing style only. Match its thick rounded dark-brown contours, simplified rounded shapes, and restrained 2D cartoon shading. Do not copy the reference subject or composition.

Framing: One compact composition, with the complete subject using about 80-90% of the square. Keep everything inside the frame.

Output: 512x512 PNG, RGBA, genuine transparent background. No text, speech balloons, explanatory captions, empty bubbles, numerals, logos or watermark.",作成済み,,references/invidious.png
deny.png,否定する,否定する,"Subject: deny, rejecting an assertion as untrue.

Composition: Show an adult shaking their head firmly as another person points at a broken vase beside them. The accused person's palms face outward in a clear denial, while the fragments remain safely on a tray and no blame is visually confirmed.

Style: Use the attached invidious.png for drawing style only. Match its thick rounded dark-brown contours, simplified rounded shapes, and restrained 2D cartoon shading. Do not copy the reference subject or composition.

Framing: One compact composition, with the complete subject using about 80-90% of the square. Keep everything inside the frame.

Output: 512x512 PNG, RGBA, genuine transparent background. No text, speech balloons, explanatory captions, empty bubbles, numerals, logos or watermark.",作成済み,,references/invidious.png
dispute.png,論争,論争,"Subject: dispute, an active disagreement.

Composition: Show two gardeners pointing to different positions for a shared fence post, each holding one end of the same measuring tape. Their furrowed brows and opposed gestures focus the disagreement on the boundary, with both standing safely on the same patch of ground.

Style: Use the attached invidious.png for drawing style only. Match its thick rounded dark-brown contours, simplified rounded shapes, and restrained 2D cartoon shading. Do not copy the reference subject or composition.

Framing: One compact composition, with the complete subject using about 80-90% of the square. Keep everything inside the frame.

Output: 512x512 PNG, RGBA, genuine transparent background. No text, speech balloons, explanatory captions, empty bubbles, numerals, logos or watermark.",作成済み,,references/invidious.png
empire.png,帝国,帝国,"Subject: empire, a realm containing several territories under one ruler.

Composition: Show a fictional emperor seated beside a large relief map with several differently colored territories, all connected to one central capital marker. Three provincial delegates approach the same throne, illustrating rule over multiple regions without borrowing a real nation's flags or borders.

Style: Use the attached invidious.png for drawing style only. Match its thick rounded dark-brown contours, simplified rounded shapes, and restrained 2D cartoon shading. Do not copy the reference subject or composition.

Framing: One compact composition, with the complete subject using about 80-90% of the square. Keep everything inside the frame.

Output: 512x512 PNG, RGBA, genuine transparent background. No text, speech balloons, explanatory captions, empty bubbles, numerals, logos or watermark.",作成済み,,references/invidious.png
expense.png,費用,費用,"Subject: expense, money needed for something.

Composition: Show a homeowner placing a stack of coins beside a plumber's finished repair while studying an invoice with unreadable lines. The repaired pipe and collected tools remain visible beneath the sink, connecting the payment to a necessary household cost.

Style: Use the attached invidious.png for drawing style only. Match its thick rounded dark-brown contours, simplified rounded shapes, and restrained 2D cartoon shading. Do not copy the reference subject or composition.

Framing: One compact composition, with the complete subject using about 80-90% of the square. Keep everything inside the frame.

Output: 512x512 PNG, RGBA, genuine transparent background. No text, speech balloons, explanatory captions, empty bubbles, numerals, logos or watermark.",作成済み,,references/invidious.png
inquiry.png,問い合わせ,問い合わせ,"Subject: inquiry, a request for information.

Composition: Show a traveler approaching an information desk and pointing questioningly at an unfolded map while an attendant leans forward to help. The traveler's raised brows and open hand invite clarification, with both focused on the same map and no written dialogue.

Style: Use the attached invidious.png for drawing style only. Match its thick rounded dark-brown contours, simplified rounded shapes, and restrained 2D cartoon shading. Do not copy the reference subject or composition.

Framing: One compact composition, with the complete subject using about 80-90% of the square. Keep everything inside the frame.

Output: 512x512 PNG, RGBA, genuine transparent background. No text, speech balloons, explanatory captions, empty bubbles, numerals, logos or watermark.",作成済み,,references/invidious.png
partially.png,部分的に、不公平に,部分的に,"Subject: partially, to only a limited extent.

Composition: Show a painter coating the lower half of a wooden door while its upper half remains unpainted. Their brush touches the clear boundary between blue paint and bare wood, and a paint pot stands at their feet beside the single continuous door.

Style: Use the attached invidious.png for drawing style only. Match its thick rounded dark-brown contours, simplified rounded shapes, and restrained 2D cartoon shading. Do not copy the reference subject or composition.

Framing: One compact composition, with the complete subject using about 80-90% of the square. Keep everything inside the frame.

Output: 512x512 PNG, RGBA, genuine transparent background. No text, speech balloons, explanatory captions, empty bubbles, numerals, logos or watermark.",作成済み,,references/invidious.png
pursue.png,追う,追う,"Subject: pursue, following closely in order to catch.

Composition: Show a dog running after a rolling ball across a small grass patch, eyes fixed on the ball and ears streaming backward. The ball stays just ahead of its outstretched front paws, with all legs anatomically connected and the ground clearly supporting the chase.

Style: Use the attached invidious.png for drawing style only. Match its thick rounded dark-brown contours, simplified rounded shapes, and restrained 2D cartoon shading. Do not copy the reference subject or composition.

Framing: One compact composition, with the complete subject using about 80-90% of the square. Keep everything inside the frame.

Output: 512x512 PNG, RGBA, genuine transparent background. No text, speech balloons, explanatory captions, empty bubbles, numerals, logos or watermark.",作成済み,,references/invidious.png
agenda.png,議題,議題,"Subject: agenda, the subjects planned for a meeting.

Composition: Show a meeting chair arranging three topic cards beside physical models of a playground, a lamp post, and a planter on one table. The other participants study the ordered items, establishing the issues awaiting discussion without readable text or completed voting.

Style: Use the attached invidious.png for drawing style only. Match its thick rounded dark-brown contours, simplified rounded shapes, and restrained 2D cartoon shading. Do not copy the reference subject or composition.

Framing: One compact composition, with the complete subject using about 80-90% of the square. Keep everything inside the frame.

Output: 512x512 PNG, RGBA, genuine transparent background. No text, speech balloons, explanatory captions, empty bubbles, numerals, logos or watermark.",作成済み,,references/invidious.png
behavioral.png,行動の,行動の,"Subject: behavioral, relating to observable actions.

Composition: Show a researcher observing a dog choosing between two simple puzzle feeders, recording which lid it nudges first. The dog's actual nose and paw movements remain central, while the researcher watches quietly from a nearby chair without directing the choice.

Style: Use the attached invidious.png for drawing style only. Match its thick rounded dark-brown contours, simplified rounded shapes, and restrained 2D cartoon shading. Do not copy the reference subject or composition.

Framing: One compact composition, with the complete subject using about 80-90% of the square. Keep everything inside the frame.

Output: 512x512 PNG, RGBA, genuine transparent background. No text, speech balloons, explanatory captions, empty bubbles, numerals, logos or watermark.",作成済み,,references/invidious.png
distress.png,苦悩、遭難,苦悩,"Subject: distress, severe emotional discomfort.

Composition: Show an adult sitting on a bench after finding their home badly damaged by a storm, face strained and hands clasped tightly. A neighbor sits beside them and offers a blanket, keeping the focus on humane support and visible worry without graphic harm.

Style: Use the attached invidious.png for drawing style only. Match its thick rounded dark-brown contours, simplified rounded shapes, and restrained 2D cartoon shading. Do not copy the reference subject or composition.

Framing: One compact composition, with the complete subject using about 80-90% of the square. Keep everything inside the frame.

Output: 512x512 PNG, RGBA, genuine transparent background. No text, speech balloons, explanatory captions, empty bubbles, numerals, logos or watermark.",作成済み,,references/invidious.png
essay.png,随筆、試み,随筆,"Subject: essay, a reflective piece of prose writing.

Composition: Show a writer seated at a desk composing several connected paragraphs in a notebook, with a personal travel photograph and a shell beside it as reflective prompts. The handwriting remains unreadable, while their thoughtful pause and sustained prose layout suggest an essay.

Style: Use the attached invidious.png for drawing style only. Match its thick rounded dark-brown contours, simplified rounded shapes, and restrained 2D cartoon shading. Do not copy the reference subject or composition.

Framing: One compact composition, with the complete subject using about 80-90% of the square. Keep everything inside the frame.

Output: 512x512 PNG, RGBA, genuine transparent background. No text, speech balloons, explanatory captions, empty bubbles, numerals, logos or watermark.",作成済み,,references/invidious.png
progressive.png,進歩的な、累進的な,進歩的な,"Subject: progressive, favoring constructive new approaches.

Composition: Show a school principal replacing an inaccessible stepped entrance with a planned ramp while students and a wheelchair user examine the practical model together. The open inclusive discussion and improved access embody a forward-looking reform without political slogans or party symbols.

Style: Use the attached invidious.png for drawing style only. Match its thick rounded dark-brown contours, simplified rounded shapes, and restrained 2D cartoon shading. Do not copy the reference subject or composition.

Framing: One compact composition, with the complete subject using about 80-90% of the square. Keep everything inside the frame.

Output: 512x512 PNG, RGBA, genuine transparent background. No text, speech balloons, explanatory captions, empty bubbles, numerals, logos or watermark.",作成済み,,references/invidious.png
protest.png,抗議、主張する,抗議,"Subject: protest, expressing opposition to a decision or action.

Composition: Show three residents standing peacefully in front of a tree about to be removed, palms raised toward a halted work crew. Their determined expressions and protective position around the trunk convey objection without placards, slogans, threats, or damage to equipment.

Style: Use the attached invidious.png for drawing style only. Match its thick rounded dark-brown contours, simplified rounded shapes, and restrained 2D cartoon shading. Do not copy the reference subject or composition.

Framing: One compact composition, with the complete subject using about 80-90% of the square. Keep everything inside the frame.

Output: 512x512 PNG, RGBA, genuine transparent background. No text, speech balloons, explanatory captions, empty bubbles, numerals, logos or watermark.",作成済み,,references/invidious.png
theology.png,神学,神学,"Subject: theology, the systematic study of religious belief.

Composition: Show a scholar at a study desk comparing two substantial religious books beside a modest cross and a small model of a church. Their thoughtful attention and organized notes emphasize study and interpretation rather than a devotional service or unexplained ritual.

Style: Use the attached invidious.png for drawing style only. Match its thick rounded dark-brown contours, simplified rounded shapes, and restrained 2D cartoon shading. Do not copy the reference subject or composition.

Framing: One compact composition, with the complete subject using about 80-90% of the square. Keep everything inside the frame.

Output: 512x512 PNG, RGBA, genuine transparent background. No text, speech balloons, explanatory captions, empty bubbles, numerals, logos or watermark.",作成済み,,references/invidious.png
analyze.png,分析する,分析する,"Subject: analyze, examining parts to understand a whole.

Composition: Show a mechanic closely inspecting an opened but still assembled gearbox, tracing the interaction between its gears with a small probe. Their other hand steadies the housing, and the linked components remain together on a workbench rather than floating in an exploded diagram.

Style: Use the attached invidious.png for drawing style only. Match its thick rounded dark-brown contours, simplified rounded shapes, and restrained 2D cartoon shading. Do not copy the reference subject or composition.

Framing: One compact composition, with the complete subject using about 80-90% of the square. Keep everything inside the frame.

Output: 512x512 PNG, RGBA, genuine transparent background. No text, speech balloons, explanatory captions, empty bubbles, numerals, logos or watermark.",作成済み,,references/invidious.png
arrest.png,逮捕する、止める,逮捕する,"Subject: arrest, taking someone into lawful custody.

Composition: Show a uniformed police officer calmly placing handcuffs on an adult's wrists while the person stands beside a parked patrol car. Keep their posture cooperative and the scene non-graphic, without implying guilt from appearance or adding weapons, injuries, or aggressive force.

Style: Use the attached invidious.png for drawing style only. Match its thick rounded dark-brown contours, simplified rounded shapes, and restrained 2D cartoon shading. Do not copy the reference subject or composition.

Framing: One compact composition, with the complete subject using about 80-90% of the square. Keep everything inside the frame.

Output: 512x512 PNG, RGBA, genuine transparent background. No text, speech balloons, explanatory captions, empty bubbles, numerals, logos or watermark.",作成済み,,references/invidious.png
desperate.png,必死の,必死の,"Subject: desperate, making an urgent last effort.

Composition: Show a traveler sprinting toward a departing ferry's still-open boarding gate, reaching forward with a ticket in one hand and pulling a small suitcase with the other. Their strained face and hurried balanced stride convey urgency without unsafe jumping or imminent injury.

Style: Use the attached invidious.png for drawing style only. Match its thick rounded dark-brown contours, simplified rounded shapes, and restrained 2D cartoon shading. Do not copy the reference subject or composition.

Framing: One compact composition, with the complete subject using about 80-90% of the square. Keep everything inside the frame.

Output: 512x512 PNG, RGBA, genuine transparent background. No text, speech balloons, explanatory captions, empty bubbles, numerals, logos or watermark.",作成済み,,references/invidious.png
expand.png,拡大する,拡大する,"Subject: expand, making something larger.

Composition: Show a person inflating a folded air mattress with a foot pump, the mattress swelling into its full rectangular shape as creases open. The hose stays connected to its valve, and their grounded foot presses the pump steadily beside the growing mattress.

Style: Use the attached invidious.png for drawing style only. Match its thick rounded dark-brown contours, simplified rounded shapes, and restrained 2D cartoon shading. Do not copy the reference subject or composition.

Framing: One compact composition, with the complete subject using about 80-90% of the square. Keep everything inside the frame.

Output: 512x512 PNG, RGBA, genuine transparent background. No text, speech balloons, explanatory captions, empty bubbles, numerals, logos or watermark.",作成済み,,references/invidious.png
promising.png,前途有望な,前途有望な,"Subject: promising, showing signs of future success.

Composition: Show a young musician playing a short passage on a violin while an experienced teacher listens with an impressed smile. The learner's careful posture and confident bowing, despite a simple beginner's instrument, suggest developing potential rather than a completed professional triumph.

Style: Use the attached invidious.png for drawing style only. Match its thick rounded dark-brown contours, simplified rounded shapes, and restrained 2D cartoon shading. Do not copy the reference subject or composition.

Framing: One compact composition, with the complete subject using about 80-90% of the square. Keep everything inside the frame.

Output: 512x512 PNG, RGBA, genuine transparent background. No text, speech balloons, explanatory captions, empty bubbles, numerals, logos or watermark.",作成済み,,references/invidious.png
quantum.png,量,量,"Subject: quantum, an amount or quantity.

Composition: Show a merchant pouring a measured amount of grain from a scoop into a shallow weighing pan. The grain forms a distinct contained mound, while the remaining supply stays in a sack beside the counter, emphasizing quantity without quantum-physics imagery.

Style: Use the attached invidious.png for drawing style only. Match its thick rounded dark-brown contours, simplified rounded shapes, and restrained 2D cartoon shading. Do not copy the reference subject or composition.

Framing: One compact composition, with the complete subject using about 80-90% of the square. Keep everything inside the frame.

Output: 512x512 PNG, RGBA, genuine transparent background. No text, speech balloons, explanatory captions, empty bubbles, numerals, logos or watermark.",作成済み,,references/invidious.png
sampling.png,標本抽出,標本抽出,"Subject: sampling, selecting a subset for examination.

Composition: Show a researcher taking several apples from different parts of one large harvest crate and placing them into a small inspection tray. Most apples remain in the crate, and the selected few represent the larger batch rather than the entire harvest.

Style: Use the attached invidious.png for drawing style only. Match its thick rounded dark-brown contours, simplified rounded shapes, and restrained 2D cartoon shading. Do not copy the reference subject or composition.

Framing: One compact composition, with the complete subject using about 80-90% of the square. Keep everything inside the frame.

Output: 512x512 PNG, RGBA, genuine transparent background. No text, speech balloons, explanatory captions, empty bubbles, numerals, logos or watermark.",作成済み,,references/invidious.png
unlikely.png,起こりそうもない,起こりそうもない,"Subject: unlikely, having a low chance of happening.

Composition: Show a child attempting to toss a soft ring over a very distant narrow peg across a broad lawn. The small ring and tiny faraway target make success doubtful, while their hopeful throwing stance remains safely grounded and the intervening space clearly visible.

Style: Use the attached invidious.png for drawing style only. Match its thick rounded dark-brown contours, simplified rounded shapes, and restrained 2D cartoon shading. Do not copy the reference subject or composition.

Framing: One compact composition, with the complete subject using about 80-90% of the square. Keep everything inside the frame.

Output: 512x512 PNG, RGBA, genuine transparent background. No text, speech balloons, explanatory captions, empty bubbles, numerals, logos or watermark.",作成済み,,references/invidious.png
copper.png,巡査,巡査,"Subject: copper, an informal word for a police constable.

Composition: Show one uniformed constable standing at a neighborhood crossing, holding a clear stopping palm toward traffic while guiding a pedestrian across. A simple police cap and radio establish the role, with no copper-colored metal object, weapon display, or readable insignia.

Style: Use the attached invidious.png for drawing style only. Match its thick rounded dark-brown contours, simplified rounded shapes, and restrained 2D cartoon shading. Do not copy the reference subject or composition.

Framing: One compact composition, with the complete subject using about 80-90% of the square. Keep everything inside the frame.

Output: 512x512 PNG, RGBA, genuine transparent background. No text, speech balloons, explanatory captions, empty bubbles, numerals, logos or watermark.",作成済み,,references/invidious.png
defend.png,守る,守る,"Subject: defend, protecting against a threat.

Composition: Show a goalkeeper blocking an incoming football with both gloved hands just in front of the goal line. Their bent knees and balanced stance face the ball, while the net remains intact behind them and the whole play occupies one compact pitch area.

Style: Use the attached invidious.png for drawing style only. Match its thick rounded dark-brown contours, simplified rounded shapes, and restrained 2D cartoon shading. Do not copy the reference subject or composition.

Framing: One compact composition, with the complete subject using about 80-90% of the square. Keep everything inside the frame.

Output: 512x512 PNG, RGBA, genuine transparent background. No text, speech balloons, explanatory captions, empty bubbles, numerals, logos or watermark.",作成済み,,references/invidious.png
productive.png,生産的な,生産的な,"Subject: productive, yielding a useful amount of output.

Composition: Show a baker actively shaping another loaf while a nearby cooling rack already holds several evenly baked loaves. Flour-dusted hands, an orderly bench, and the accumulated finished bread connect ongoing work with tangible output without exaggerated speed streaks or repeated figures.

Style: Use the attached invidious.png for drawing style only. Match its thick rounded dark-brown contours, simplified rounded shapes, and restrained 2D cartoon shading. Do not copy the reference subject or composition.

Framing: One compact composition, with the complete subject using about 80-90% of the square. Keep everything inside the frame.

Output: 512x512 PNG, RGBA, genuine transparent background. No text, speech balloons, explanatory captions, empty bubbles, numerals, logos or watermark.",作成済み,,references/invidious.png
resist.png,抵抗する,抵抗する,"Subject: resist, opposing a force trying to move something.

Composition: Show a person bracing their feet to resist a controlled pull from a dog wearing a well-fitted chest harness. The lead attaches to the harness rather than the neck, and the person's slight backward lean counters the dog's forward movement without jerking or distress.

Style: Use the attached invidious.png for drawing style only. Match its thick rounded dark-brown contours, simplified rounded shapes, and restrained 2D cartoon shading. Do not copy the reference subject or composition.

Framing: One compact composition, with the complete subject using about 80-90% of the square. Keep everything inside the frame.

Output: 512x512 PNG, RGBA, genuine transparent background. No text, speech balloons, explanatory captions, empty bubbles, numerals, logos or watermark.",作成済み,,references/invidious.png
comparative.png,比較の,比較の,"Subject: comparative, examining things in relation to each other.

Composition: Show a shopper holding two similar winter gloves side by side, feeling the thickness of their linings and checking their lengths. Both gloves remain equally visible in the same hands, making direct comparison of corresponding features the central action.

Style: Use the attached invidious.png for drawing style only. Match its thick rounded dark-brown contours, simplified rounded shapes, and restrained 2D cartoon shading. Do not copy the reference subject or composition.

Framing: One compact composition, with the complete subject using about 80-90% of the square. Keep everything inside the frame.

Output: 512x512 PNG, RGBA, genuine transparent background. No text, speech balloons, explanatory captions, empty bubbles, numerals, logos or watermark.",作成済み,,references/invidious.png
constitution.png,憲法,憲法,"Subject: constitution, a country's foundational legal document.

Composition: Show a substantial bound constitutional document resting open on a formal desk while two lawmakers refer to it before considering another proposal. A small national assembly model stands nearby, and the book's pages contain unreadable structured lines rather than invented legal wording.

Style: Use the attached invidious.png for drawing style only. Match its thick rounded dark-brown contours, simplified rounded shapes, and restrained 2D cartoon shading. Do not copy the reference subject or composition.

Framing: One compact composition, with the complete subject using about 80-90% of the square. Keep everything inside the frame.

Output: 512x512 PNG, RGBA, genuine transparent background. No text, speech balloons, explanatory captions, empty bubbles, numerals, logos or watermark.",作成済み,,references/invidious.png
cousin.png,いとこ,いとこ,"Subject: cousin, the child of one's aunt or uncle.

Composition: Show two children playing together while their respective parents stand behind them and a shared grandparent welcomes all four with open arms. Arrange the two family pairs around the grandparent, making a connected extended-family scene without a labeled family-tree diagram.

Style: Use the attached invidious.png for drawing style only. Match its thick rounded dark-brown contours, simplified rounded shapes, and restrained 2D cartoon shading. Do not copy the reference subject or composition.

Framing: One compact composition, with the complete subject using about 80-90% of the square. Keep everything inside the frame.

Output: 512x512 PNG, RGBA, genuine transparent background. No text, speech balloons, explanatory captions, empty bubbles, numerals, logos or watermark.",作成済み,,references/invidious.png
default.png,不履行,不履行,"Subject: default, failing to fulfill a required obligation.

Composition: Show a borrower at a payment desk opening an empty purse while a clerk waits beside an unpaid installment ledger. A small repayment tray remains empty between them, and the borrower's worried posture conveys failure to meet the due payment without legible text.

Style: Use the attached invidious.png for drawing style only. Match its thick rounded dark-brown contours, simplified rounded shapes, and restrained 2D cartoon shading. Do not copy the reference subject or composition.

Framing: One compact composition, with the complete subject using about 80-90% of the square. Keep everything inside the frame.

Output: 512x512 PNG, RGBA, genuine transparent background. No text, speech balloons, explanatory captions, empty bubbles, numerals, logos or watermark.",作成済み,,references/invidious.png
diabetes.png,糖尿病,糖尿病,"Subject: diabetes, a condition involving elevated blood glucose.

Composition: Show a fictional adult with diabetes checking a blood-glucose meter at a kitchen table while a clinician reviews the routine with them. Keep the small finger check discreet and non-graphic, the display unreadable, and ordinary food nearby without suggesting a stereotyped body type.

Style: Use the attached invidious.png for drawing style only. Match its thick rounded dark-brown contours, simplified rounded shapes, and restrained 2D cartoon shading. Do not copy the reference subject or composition.

Framing: One compact composition, with the complete subject using about 80-90% of the square. Keep everything inside the frame.

Output: 512x512 PNG, RGBA, genuine transparent background. No text, speech balloons, explanatory captions, empty bubbles, numerals, logos or watermark.",作成済み,,references/invidious.png
ecological.png,生態学的な,生態学的な,"Subject: ecological, concerning relationships among organisms and their environment.

Composition: Show a bee visiting a flowering plant growing beside a small pond, with a frog resting at the water's edge and leaf litter on the soil. The connected habitat and ordinary interactions remain one continuous ecosystem scene rather than separated specimen panels.

Style: Use the attached invidious.png for drawing style only. Match its thick rounded dark-brown contours, simplified rounded shapes, and restrained 2D cartoon shading. Do not copy the reference subject or composition.

Framing: One compact composition, with the complete subject using about 80-90% of the square. Keep everything inside the frame.

Output: 512x512 PNG, RGBA, genuine transparent background. No text, speech balloons, explanatory captions, empty bubbles, numerals, logos or watermark.",作成済み,,references/invidious.png
engaging.png,魅力のある,魅力のある,"Subject: engaging, holding another person's interest pleasantly.

Composition: Show a storyteller using an expressive hand gesture while demonstrating a small wooden puppet to two attentive children. Their warm smile and the children's forward-leaning curiosity make the presentation engaging, without dialogue, bubbles, or distracting written material.

Style: Use the attached invidious.png for drawing style only. Match its thick rounded dark-brown contours, simplified rounded shapes, and restrained 2D cartoon shading. Do not copy the reference subject or composition.

Framing: One compact composition, with the complete subject using about 80-90% of the square. Keep everything inside the frame.

Output: 512x512 PNG, RGBA, genuine transparent background. No text, speech balloons, explanatory captions, empty bubbles, numerals, logos or watermark.",作成済み,,references/invidious.png
testimony.png,証言,証言,"Subject: testimony, evidence given by a witness.

Composition: Show a witness seated beside a courtroom bench, one hand raised and the other pointing toward a physical object presented as evidence. The judge and clerk attend carefully, making formal witnessing clear without specifying a real case or readable oath.

Style: Use the attached invidious.png for drawing style only. Match its thick rounded dark-brown contours, simplified rounded shapes, and restrained 2D cartoon shading. Do not copy the reference subject or composition.

Framing: One compact composition, with the complete subject using about 80-90% of the square. Keep everything inside the frame.

Output: 512x512 PNG, RGBA, genuine transparent background. No text, speech balloons, explanatory captions, empty bubbles, numerals, logos or watermark.",作成済み,,references/invidious.png
transform.png,変化する,変化する,"Subject: transform, changing into a markedly different form.

Composition: Show a craftsperson reshaping an old wooden crate into a planted window box, fitting a liner and filling it with soil. The original crate boards remain recognizable, while new flowers and mounting brackets establish its changed form and purpose.

Style: Use the attached invidious.png for drawing style only. Match its thick rounded dark-brown contours, simplified rounded shapes, and restrained 2D cartoon shading. Do not copy the reference subject or composition.

Framing: One compact composition, with the complete subject using about 80-90% of the square. Keep everything inside the frame.

Output: 512x512 PNG, RGBA, genuine transparent background. No text, speech balloons, explanatory captions, empty bubbles, numerals, logos or watermark.",作成済み,,references/invidious.png
Philadelphia.png,フィラデルフィア,フィラデルフィア,"Subject: Philadelphia, the city represented by Independence Hall.

Composition: Show Philadelphia's red-brick Independence Hall with its pale upper steeple and central clock tower rising above the symmetrical facade. Include a small paved foreground and two understated pedestrians for scale, keeping the landmark's complete building silhouette central and recognizable.

Style: Use the attached invidious.png for drawing style only. Match its thick rounded dark-brown contours, simplified rounded shapes, and restrained 2D cartoon shading. Do not copy the reference subject or composition.

Framing: One compact composition, with the complete subject using about 80-90% of the square. Keep everything inside the frame.

Output: 512x512 PNG, RGBA, genuine transparent background. No text, speech balloons, explanatory captions, empty bubbles, numerals, logos or watermark.",作成済み,,references/invidious.png
absent.png,不在の,不在の,"Subject: absent, not present where expected.

Composition: Show a family dinner table with three occupied places and one empty chair pulled back from a prepared plate. One seated person glances toward the unused place, making the missing expected participant visible without showing a ghost, photograph, or written explanation.

Style: Use the attached invidious.png for drawing style only. Match its thick rounded dark-brown contours, simplified rounded shapes, and restrained 2D cartoon shading. Do not copy the reference subject or composition.

Framing: One compact composition, with the complete subject using about 80-90% of the square. Keep everything inside the frame.

Output: 512x512 PNG, RGBA, genuine transparent background. No text, speech balloons, explanatory captions, empty bubbles, numerals, logos or watermark.",作成済み,,references/invidious.png
excessive.png,過度の,過度の,"Subject: excessive, more than is reasonable or needed.

Composition: Show a person squeezing an enormous mound of toothpaste onto a small toothbrush, with paste spilling over the bristles into the sink. Their surprised expression and the visibly overloaded brush make the disproportion clear without numerical dosage advice.

Style: Use the attached invidious.png for drawing style only. Match its thick rounded dark-brown contours, simplified rounded shapes, and restrained 2D cartoon shading. Do not copy the reference subject or composition.

Framing: One compact composition, with the complete subject using about 80-90% of the square. Keep everything inside the frame.

Output: 512x512 PNG, RGBA, genuine transparent background. No text, speech balloons, explanatory captions, empty bubbles, numerals, logos or watermark.",作成済み,,references/invidious.png
pilot.png,パイロット,パイロット,"Subject: pilot, a person who operates an aircraft.

Composition: Show a pilot seated upright in a small aircraft cockpit, hands on the control yoke and eyes directed through the windshield. A headset, instrument panel, and secured seat establish the role, while the aircraft remains safely stationary on the ground.

Style: Use the attached invidious.png for drawing style only. Match its thick rounded dark-brown contours, simplified rounded shapes, and restrained 2D cartoon shading. Do not copy the reference subject or composition.

Framing: One compact composition, with the complete subject using about 80-90% of the square. Keep everything inside the frame.

Output: 512x512 PNG, RGBA, genuine transparent background. No text, speech balloons, explanatory captions, empty bubbles, numerals, logos or watermark.",作成済み,,references/invidious.png
profound.png,深い,深い,"Subject: profound, very deep in emotional effect.

Composition: Show an older adult receiving a long-lost family photograph from a relative, pausing with tears in their eyes and one hand pressed gently to their chest. Their deeply moved expression and careful hold on the photograph convey a powerful emotional impact.

Style: Use the attached invidious.png for drawing style only. Match its thick rounded dark-brown contours, simplified rounded shapes, and restrained 2D cartoon shading. Do not copy the reference subject or composition.

Framing: One compact composition, with the complete subject using about 80-90% of the square. Keep everything inside the frame.

Output: 512x512 PNG, RGBA, genuine transparent background. No text, speech balloons, explanatory captions, empty bubbles, numerals, logos or watermark.",作成済み,,references/invidious.png
composite.png,合成の,合成の,"Subject: composite, made by combining different materials.

Composition: Show a craftsperson inspecting a cut edge of plywood, where several thin wooden layers are visibly bonded into one strong board. The board remains intact on a workbench, and their fingertip follows the alternating layers rather than separating them into floating pieces.

Style: Use the attached invidious.png for drawing style only. Match its thick rounded dark-brown contours, simplified rounded shapes, and restrained 2D cartoon shading. Do not copy the reference subject or composition.

Framing: One compact composition, with the complete subject using about 80-90% of the square. Keep everything inside the frame.

Output: 512x512 PNG, RGBA, genuine transparent background. No text, speech balloons, explanatory captions, empty bubbles, numerals, logos or watermark.",作成済み,,references/invidious.png
elite.png,エリート,エリート,"Subject: elite, a highly selected top-performing group.

Composition: Show three exceptionally skilled cyclists training together at the front of a track session, their disciplined positions and coordinated pace clear. A coach watches with a stopwatch, and ordinary equipment avoids equating elite ability with wealth, ancestry, or social exclusion.

Style: Use the attached invidious.png for drawing style only. Match its thick rounded dark-brown contours, simplified rounded shapes, and restrained 2D cartoon shading. Do not copy the reference subject or composition.

Framing: One compact composition, with the complete subject using about 80-90% of the square. Keep everything inside the frame.

Output: 512x512 PNG, RGBA, genuine transparent background. No text, speech balloons, explanatory captions, empty bubbles, numerals, logos or watermark.",作成済み,,references/invidious.png
emergence.png,出現,出現,"Subject: emergence, the act of coming into view.

Composition: Show the rounded head and front paws of a rabbit appearing from its burrow, pushing aside a little loose soil at the entrance. Its body remains naturally connected inside the tunnel, and fresh daylight catches the newly visible face.

Style: Use the attached invidious.png for drawing style only. Match its thick rounded dark-brown contours, simplified rounded shapes, and restrained 2D cartoon shading. Do not copy the reference subject or composition.

Framing: One compact composition, with the complete subject using about 80-90% of the square. Keep everything inside the frame.

Output: 512x512 PNG, RGBA, genuine transparent background. No text, speech balloons, explanatory captions, empty bubbles, numerals, logos or watermark.",作成済み,,references/invidious.png
informal.png,形式ばらない,形式ばらない,"Subject: informal, relaxed and without ceremonial formality.

Composition: Show three colleagues discussing a small project model while seated casually around a kitchen table in comfortable everyday clothes. One sits sideways with a mug, and the others lean in naturally, with no podium, official seating order, or formal documents dominating.

Style: Use the attached invidious.png for drawing style only. Match its thick rounded dark-brown contours, simplified rounded shapes, and restrained 2D cartoon shading. Do not copy the reference subject or composition.

Framing: One compact composition, with the complete subject using about 80-90% of the square. Keep everything inside the frame.

Output: 512x512 PNG, RGBA, genuine transparent background. No text, speech balloons, explanatory captions, empty bubbles, numerals, logos or watermark.",作成済み,,references/invidious.png
mate.png,仲間,仲間,"Subject: mate, a companion sharing an activity.

Composition: Show two hiking companions resting together on a low rock, one passing a water bottle to the other. Their backpacks lean side by side against the rock, and their relaxed mutual attention establishes friendly companionship rather than a romantic or animal-mating scene.

Style: Use the attached invidious.png for drawing style only. Match its thick rounded dark-brown contours, simplified rounded shapes, and restrained 2D cartoon shading. Do not copy the reference subject or composition.

Framing: One compact composition, with the complete subject using about 80-90% of the square. Keep everything inside the frame.

Output: 512x512 PNG, RGBA, genuine transparent background. No text, speech balloons, explanatory captions, empty bubbles, numerals, logos or watermark.",作成済み,,references/invidious.png
residence.png,居住地,居住地,"Subject: residence, a place where someone lives.

Composition: Show an adult unlocking their front door after returning with groceries, while familiar shoes and a coat rack are visible just inside. A potted plant beside the entrance and their personal key establish the dwelling as an occupied home rather than a hotel.

Style: Use the attached invidious.png for drawing style only. Match its thick rounded dark-brown contours, simplified rounded shapes, and restrained 2D cartoon shading. Do not copy the reference subject or composition.

Framing: One compact composition, with the complete subject using about 80-90% of the square. Keep everything inside the frame.

Output: 512x512 PNG, RGBA, genuine transparent background. No text, speech balloons, explanatory captions, empty bubbles, numerals, logos or watermark.",作成済み,,references/invidious.png
suicide.png,自殺,自殺,"Subject: suicide, represented through support after a bereavement.

Composition: Show a grieving adult seated with a counselor in a quiet room, holding a closed family photograph album while the counselor offers a tissue. Keep their expressions compassionate and restrained, with no depiction of a death, method, injury, farewell message, or romanticized memorial.

Style: Use the attached invidious.png for drawing style only. Match its thick rounded dark-brown contours, simplified rounded shapes, and restrained 2D cartoon shading. Do not copy the reference subject or composition.

Framing: One compact composition, with the complete subject using about 80-90% of the square. Keep everything inside the frame.

Output: 512x512 PNG, RGBA, genuine transparent background. No text, speech balloons, explanatory captions, empty bubbles, numerals, logos or watermark.",作成済み,,references/invidious.png
tender.png,柔らかい,柔らかい,"Subject: tender, soft and easy to cut or bite.

Composition: Show a fork gently separating a piece of slow-cooked carrot on a dinner plate, with the soft flesh yielding cleanly under light pressure. A seated diner's relaxed hand provides the action, while the rest of the meal remains unobtrusive.

Style: Use the attached invidious.png for drawing style only. Match its thick rounded dark-brown contours, simplified rounded shapes, and restrained 2D cartoon shading. Do not copy the reference subject or composition.

Framing: One compact composition, with the complete subject using about 80-90% of the square. Keep everything inside the frame.

Output: 512x512 PNG, RGBA, genuine transparent background. No text, speech balloons, explanatory captions, empty bubbles, numerals, logos or watermark.",作成済み,,references/invidious.png
assistant.png,助手,助手,"Subject: assistant, someone helping a principal worker.

Composition: Show a laboratory assistant handing a clean sample container to a researcher who is occupied adjusting a microscope. Both face the same workbench, and the assistant's prepared tray of supplies makes their supporting role concrete without implying inferiority or menial caricature.

Style: Use the attached invidious.png for drawing style only. Match its thick rounded dark-brown contours, simplified rounded shapes, and restrained 2D cartoon shading. Do not copy the reference subject or composition.

Framing: One compact composition, with the complete subject using about 80-90% of the square. Keep everything inside the frame.

Output: 512x512 PNG, RGBA, genuine transparent background. No text, speech balloons, explanatory captions, empty bubbles, numerals, logos or watermark.",作成済み,,references/invidious.png
inequality.png,不平等,不平等,"Subject: inequality, an unfair difference in treatment or allocation.

Composition: Show two workers who have each completed an identical stack of boxes receiving visibly different amounts of pay from the same supervisor. Their equal output remains clear behind them, while the worker with fewer coins looks at the unequal distribution with concern.

Style: Use the attached invidious.png for drawing style only. Match its thick rounded dark-brown contours, simplified rounded shapes, and restrained 2D cartoon shading. Do not copy the reference subject or composition.

Framing: One compact composition, with the complete subject using about 80-90% of the square. Keep everything inside the frame.

Output: 512x512 PNG, RGBA, genuine transparent background. No text, speech balloons, explanatory captions, empty bubbles, numerals, logos or watermark.",作成済み,,references/invidious.png
sufficiently.png,十分に,十分に,"Subject: sufficiently, to an extent that meets the need.

Composition: Show a person filling a watering can until it contains enough to water one small row of seedlings, then closing the tap. The ready can and compact row remain beside each other, with no overflow or exaggerated surplus to distract from adequacy.

Style: Use the attached invidious.png for drawing style only. Match its thick rounded dark-brown contours, simplified rounded shapes, and restrained 2D cartoon shading. Do not copy the reference subject or composition.

Framing: One compact composition, with the complete subject using about 80-90% of the square. Keep everything inside the frame.

Output: 512x512 PNG, RGBA, genuine transparent background. No text, speech balloons, explanatory captions, empty bubbles, numerals, logos or watermark.",作成済み,,references/invidious.png
conclude.png,結論する,結論する,"Subject: conclude, reaching a judgment from evidence.

Composition: Show a mechanic examining a visibly punctured bicycle tube beside the sharp thorn removed from it, then nodding with understanding. The escaping bubbles in a shallow testing basin and the matching thorn connect the evidence to a settled explanation.

Style: Use the attached invidious.png for drawing style only. Match its thick rounded dark-brown contours, simplified rounded shapes, and restrained 2D cartoon shading. Do not copy the reference subject or composition.

Framing: One compact composition, with the complete subject using about 80-90% of the square. Keep everything inside the frame.

Output: 512x512 PNG, RGBA, genuine transparent background. No text, speech balloons, explanatory captions, empty bubbles, numerals, logos or watermark.",作成済み,,references/invidious.png
employer.png,雇用者,雇用者,"Subject: employer, a person or organization providing paid work.

Composition: Show a bakery owner giving work aprons and a pay envelope to a newly hired baker at the shop counter. The owner indicates the equipped baking station, while the new worker receives the materials, making the employment relationship tangible without legal text.

Style: Use the attached invidious.png for drawing style only. Match its thick rounded dark-brown contours, simplified rounded shapes, and restrained 2D cartoon shading. Do not copy the reference subject or composition.

Framing: One compact composition, with the complete subject using about 80-90% of the square. Keep everything inside the frame.

Output: 512x512 PNG, RGBA, genuine transparent background. No text, speech balloons, explanatory captions, empty bubbles, numerals, logos or watermark.",作成済み,,references/invidious.png
exit.png,出口,出口,"Subject: exit, a way out of a place.

Composition: Show a person leaving a small theater through a wide open doorway into daylight, with rows of seats receding behind them. Their body moves across the threshold toward the outside, and the clear unobstructed passage makes the function readable without an exit sign.

Style: Use the attached invidious.png for drawing style only. Match its thick rounded dark-brown contours, simplified rounded shapes, and restrained 2D cartoon shading. Do not copy the reference subject or composition.

Framing: One compact composition, with the complete subject using about 80-90% of the square. Keep everything inside the frame.

Output: 512x512 PNG, RGBA, genuine transparent background. No text, speech balloons, explanatory captions, empty bubbles, numerals, logos or watermark.",作成済み,,references/invidious.png
proceed.png,進む,進む,"Subject: proceed, continuing forward after a pause.

Composition: Show a traveler moving onward through an opened station gate after an attendant has lifted the barrier. One foot crosses the threshold and the suitcase rolls behind, while their gaze remains directed along the now clear route ahead.

Style: Use the attached invidious.png for drawing style only. Match its thick rounded dark-brown contours, simplified rounded shapes, and restrained 2D cartoon shading. Do not copy the reference subject or composition.

Framing: One compact composition, with the complete subject using about 80-90% of the square. Keep everything inside the frame.

Output: 512x512 PNG, RGBA, genuine transparent background. No text, speech balloons, explanatory captions, empty bubbles, numerals, logos or watermark.",作成済み,,references/invidious.png
resolve.png,決心する,決心する,"Subject: resolve, deciding firmly to act.

Composition: Show an adult tying their running shoes at dawn beside a prepared water bottle and folded exercise clothes. Their determined face and tightened grip on the laces mark a deliberate commitment to begin, with the open doorway leading to the walking path.

Style: Use the attached invidious.png for drawing style only. Match its thick rounded dark-brown contours, simplified rounded shapes, and restrained 2D cartoon shading. Do not copy the reference subject or composition.

Framing: One compact composition, with the complete subject using about 80-90% of the square. Keep everything inside the frame.

Output: 512x512 PNG, RGBA, genuine transparent background. No text, speech balloons, explanatory captions, empty bubbles, numerals, logos or watermark.",作成済み,,references/invidious.png
circular.png,円形の,円形の,"Subject: circular, shaped like a circle.

Composition: Show a perfectly round wooden tabletop resting on a central pedestal, viewed slightly from above so its continuous circular edge is clear. A person places a round placemat at the center, reinforcing the shared shape without geometric labels or formulas.

Style: Use the attached invidious.png for drawing style only. Match its thick rounded dark-brown contours, simplified rounded shapes, and restrained 2D cartoon shading. Do not copy the reference subject or composition.

Framing: One compact composition, with the complete subject using about 80-90% of the square. Keep everything inside the frame.

Output: 512x512 PNG, RGBA, genuine transparent background. No text, speech balloons, explanatory captions, empty bubbles, numerals, logos or watermark.",作成済み,,references/invidious.png
consensus.png,合意,合意,"Subject: consensus, agreement shared by a group.

Composition: Show four neighbors gathered around one garden model, all nodding and placing a hand near the same proposed bench location. Their relaxed faces and converging attention make a shared decision visible, with no dissenting gestures or written voting marks.

Style: Use the attached invidious.png for drawing style only. Match its thick rounded dark-brown contours, simplified rounded shapes, and restrained 2D cartoon shading. Do not copy the reference subject or composition.

Framing: One compact composition, with the complete subject using about 80-90% of the square. Keep everything inside the frame.

Output: 512x512 PNG, RGBA, genuine transparent background. No text, speech balloons, explanatory captions, empty bubbles, numerals, logos or watermark.",作成済み,,references/invidious.png
conservation.png,保護,保護,"Subject: conservation, protecting something valuable from damage or loss.

Composition: Show a park worker placing a low protective fence around a fragile young tree while a visitor follows the clear path around it. The tree remains healthy and rooted, and the small barrier prevents trampling without isolating the whole landscape.

Style: Use the attached invidious.png for drawing style only. Match its thick rounded dark-brown contours, simplified rounded shapes, and restrained 2D cartoon shading. Do not copy the reference subject or composition.

Framing: One compact composition, with the complete subject using about 80-90% of the square. Keep everything inside the frame.

Output: 512x512 PNG, RGBA, genuine transparent background. No text, speech balloons, explanatory captions, empty bubbles, numerals, logos or watermark.",作成済み,,references/invidious.png
optical.png,光学の,光学の,"Subject: optical, relating to light and its behavior.

Composition: Show a student directing a broad parallel beam through a convex lens, with the emerging rays converging onto a bright point on a white card beyond it. Lens and card stand on stable supports, and no eye lies in the light path.

Style: Use the attached invidious.png for drawing style only. Match its thick rounded dark-brown contours, simplified rounded shapes, and restrained 2D cartoon shading. Do not copy the reference subject or composition.

Framing: One compact composition, with the complete subject using about 80-90% of the square. Keep everything inside the frame.

Output: 512x512 PNG, RGBA, genuine transparent background. No text, speech balloons, explanatory captions, empty bubbles, numerals, logos or watermark.",作成済み,,references/invidious.png
organ.png,器官,器官,"Subject: organ, a specialized part of the body.

Composition: Show a teacher holding a simple anatomical heart model mounted on a sturdy base, with its main attached blood vessels visible at the top. Their fingertip indicates the muscular body, emphasizing one complete organ without detached pieces, gore, or a musical instrument.

Style: Use the attached invidious.png for drawing style only. Match its thick rounded dark-brown contours, simplified rounded shapes, and restrained 2D cartoon shading. Do not copy the reference subject or composition.

Framing: One compact composition, with the complete subject using about 80-90% of the square. Keep everything inside the frame.

Output: 512x512 PNG, RGBA, genuine transparent background. No text, speech balloons, explanatory captions, empty bubbles, numerals, logos or watermark.",作成済み,,references/invidious.png
handsome.png,ハンサムな,ハンサムな,"Subject: handsome, a pleasingly attractive man's appearance.

Composition: Show an adult man with neatly groomed hair and a warm relaxed smile adjusting the cuff of a well-fitting plain jacket. His full upright posture and composed face are central, with no wealth symbols, celebrity resemblance, or exaggerated idealized anatomy.

Style: Use the attached invidious.png for drawing style only. Match its thick rounded dark-brown contours, simplified rounded shapes, and restrained 2D cartoon shading. Do not copy the reference subject or composition.

Framing: One compact composition, with the complete subject using about 80-90% of the square. Keep everything inside the frame.

Output: 512x512 PNG, RGBA, genuine transparent background. No text, speech balloons, explanatory captions, empty bubbles, numerals, logos or watermark.",作成済み,,references/invidious.png
occurrence.png,出来事,出来事,"Subject: occurrence, a particular event that happens.

Composition: Show a passerby stopping as a gust lifts a loose hat from another person's head and drops it onto a nearby bush. Both react to the same small unexpected event, with the caught hat and moving leaves grounding the happening concretely.

Style: Use the attached invidious.png for drawing style only. Match its thick rounded dark-brown contours, simplified rounded shapes, and restrained 2D cartoon shading. Do not copy the reference subject or composition.

Framing: One compact composition, with the complete subject using about 80-90% of the square. Keep everything inside the frame.

Output: 512x512 PNG, RGBA, genuine transparent background. No text, speech balloons, explanatory captions, empty bubbles, numerals, logos or watermark.",作成済み,,references/invidious.png
solely.png,単に,単に,"Subject: solely, only for one limited purpose.

Composition: Show an adult using a plain wooden stool only as a stand for a single potted plant, with no person seated on it and no other items stored beneath. Their hand adjusts the pot at the center, emphasizing this one uncomplicated use.

Style: Use the attached invidious.png for drawing style only. Match its thick rounded dark-brown contours, simplified rounded shapes, and restrained 2D cartoon shading. Do not copy the reference subject or composition.

Framing: One compact composition, with the complete subject using about 80-90% of the square. Keep everything inside the frame.

Output: 512x512 PNG, RGBA, genuine transparent background. No text, speech balloons, explanatory captions, empty bubbles, numerals, logos or watermark.",作成済み,,references/invidious.png
thoroughly.png,徹底的に,徹底的に,"Subject: thoroughly, completely and with close attention.

Composition: Show a cleaner scrubbing every corner of an empty tiled basin, lifting the drain cover to reach the concealed rim. A brush touches the last small dirty patch while the rest shines clean, making the depth and completeness of the work visible.

Style: Use the attached invidious.png for drawing style only. Match its thick rounded dark-brown contours, simplified rounded shapes, and restrained 2D cartoon shading. Do not copy the reference subject or composition.

Framing: One compact composition, with the complete subject using about 80-90% of the square. Keep everything inside the frame.

Output: 512x512 PNG, RGBA, genuine transparent background. No text, speech balloons, explanatory captions, empty bubbles, numerals, logos or watermark.",作成済み,,references/invidious.png
conservative.png,保守的な,保守的な,"Subject: conservative, preferring established ways over change.

Composition: Show a carpenter choosing a familiar manual plane from an old tool rack while a new electric planer remains unused on the bench. Their comfortable practiced grip and attention to the traditional tool suggest preference for an established method without political coding.

Style: Use the attached invidious.png for drawing style only. Match its thick rounded dark-brown contours, simplified rounded shapes, and restrained 2D cartoon shading. Do not copy the reference subject or composition.

Framing: One compact composition, with the complete subject using about 80-90% of the square. Keep everything inside the frame.

Output: 512x512 PNG, RGBA, genuine transparent background. No text, speech balloons, explanatory captions, empty bubbles, numerals, logos or watermark.",作成済み,,references/invidious.png
defeat.png,〜に勝つ,〜に勝つ,"Subject: defeat, winning against an opponent.

Composition: Show a tennis player smiling with relief after the final ball lands beyond their opponent's reach inside the court. The opponent lowers their racket and offers a respectful handshake across the net, making the completed victory clear without a score display.

Style: Use the attached invidious.png for drawing style only. Match its thick rounded dark-brown contours, simplified rounded shapes, and restrained 2D cartoon shading. Do not copy the reference subject or composition.

Framing: One compact composition, with the complete subject using about 80-90% of the square. Keep everything inside the frame.

Output: 512x512 PNG, RGBA, genuine transparent background. No text, speech balloons, explanatory captions, empty bubbles, numerals, logos or watermark.",作成済み,,references/invidious.png
exploration.png,探検,探検,"Subject: exploration, traveling to examine an unfamiliar place.

Composition: Show two hikers entering a previously unvisited rocky valley, one studying a compass while the other examines the branching trail ahead. Their backpacks and careful attentive posture support a discovery journey, with no treasure-map captions or invented historical claims.

Style: Use the attached invidious.png for drawing style only. Match its thick rounded dark-brown contours, simplified rounded shapes, and restrained 2D cartoon shading. Do not copy the reference subject or composition.

Framing: One compact composition, with the complete subject using about 80-90% of the square. Keep everything inside the frame.

Output: 512x512 PNG, RGBA, genuine transparent background. No text, speech balloons, explanatory captions, empty bubbles, numerals, logos or watermark.",作成済み,,references/invidious.png
indigenous.png,固有の,固有の,"Subject: indigenous, native to a particular place.

Composition: Show a mature saguaro cactus growing naturally among smaller desert plants on a rocky Sonoran Desert slope. Its ribbed trunk and raised branching arms remain rooted in the local soil, with no pot, transplanting equipment, or human figure implying imported cultivation.

Style: Use the attached invidious.png for drawing style only. Match its thick rounded dark-brown contours, simplified rounded shapes, and restrained 2D cartoon shading. Do not copy the reference subject or composition.

Framing: One compact composition, with the complete subject using about 80-90% of the square. Keep everything inside the frame.

Output: 512x512 PNG, RGBA, genuine transparent background. No text, speech balloons, explanatory captions, empty bubbles, numerals, logos or watermark.",作成済み,,references/invidious.png
inherent.png,固有の,固有の,"Subject: inherent, present as a natural part of something.

Composition: Show a magnet attracting small iron nails across a workbench without anyone touching the nails. The magnet's solid shape and the nails drawn toward its ends make an intrinsic property visible through its physical effect rather than an added attachment.

Style: Use the attached invidious.png for drawing style only. Match its thick rounded dark-brown contours, simplified rounded shapes, and restrained 2D cartoon shading. Do not copy the reference subject or composition.

Framing: One compact composition, with the complete subject using about 80-90% of the square. Keep everything inside the frame.

Output: 512x512 PNG, RGBA, genuine transparent background. No text, speech balloons, explanatory captions, empty bubbles, numerals, logos or watermark.",作成済み,,references/invidious.png
innovative.png,革新的な,革新的な,"Subject: innovative, introducing a useful new approach.

Composition: Show a gardener testing a newly devised pedal-operated watering pump that frees both hands to guide a hose. The simple connected pedals, pump, and water container form one practical prototype, while the gardener's pleased expression responds to its helpful operation.

Style: Use the attached invidious.png for drawing style only. Match its thick rounded dark-brown contours, simplified rounded shapes, and restrained 2D cartoon shading. Do not copy the reference subject or composition.

Framing: One compact composition, with the complete subject using about 80-90% of the square. Keep everything inside the frame.

Output: 512x512 PNG, RGBA, genuine transparent background. No text, speech balloons, explanatory captions, empty bubbles, numerals, logos or watermark.",作成済み,,references/invidious.png
interact.png,交流する,交流する,"Subject: interact, responding to and engaging with one another.

Composition: Show two children rolling a ball back and forth while seated facing each other on the floor. One has just released it and the other reaches to receive it, with mutual attention and matched playful expressions connecting their actions.

Style: Use the attached invidious.png for drawing style only. Match its thick rounded dark-brown contours, simplified rounded shapes, and restrained 2D cartoon shading. Do not copy the reference subject or composition.

Framing: One compact composition, with the complete subject using about 80-90% of the square. Keep everything inside the frame.

Output: 512x512 PNG, RGBA, genuine transparent background. No text, speech balloons, explanatory captions, empty bubbles, numerals, logos or watermark.",作成済み,,references/invidious.png
posterior.png,後ろの,後ろの,"Subject: posterior, toward the back.

Composition: Show a teacher indicating the back surface of a standing anatomical torso model viewed from a rear three-quarter angle. The model's face points away and its shoulder blades are visible, making the rear region clear without disassembled anatomy or written labels.

Style: Use the attached invidious.png for drawing style only. Match its thick rounded dark-brown contours, simplified rounded shapes, and restrained 2D cartoon shading. Do not copy the reference subject or composition.

Framing: One compact composition, with the complete subject using about 80-90% of the square. Keep everything inside the frame.

Output: 512x512 PNG, RGBA, genuine transparent background. No text, speech balloons, explanatory captions, empty bubbles, numerals, logos or watermark.",作成済み,,references/invidious.png
anterior.png,前の,前の,"Subject: anterior, toward the front.

Composition: Show a teacher indicating the chest surface of a standing anatomical torso model facing the viewer. The model's face, breastbone region, and forward-facing palms establish its front, while the complete base supports the figure and no internal organs are exposed.

Style: Use the attached invidious.png for drawing style only. Match its thick rounded dark-brown contours, simplified rounded shapes, and restrained 2D cartoon shading. Do not copy the reference subject or composition.

Framing: One compact composition, with the complete subject using about 80-90% of the square. Keep everything inside the frame.

Output: 512x512 PNG, RGBA, genuine transparent background. No text, speech balloons, explanatory captions, empty bubbles, numerals, logos or watermark.",作成済み,,references/invidious.png
emerge.png,出現する,出現する,"Subject: emerge, coming out from concealment.

Composition: Show a small turtle extending its head and front legs from its shell after resting, with its full shell supported on a flat stone. The newly visible head faces the daylight while the limbs remain naturally connected and unobstructed.

Style: Use the attached invidious.png for drawing style only. Match its thick rounded dark-brown contours, simplified rounded shapes, and restrained 2D cartoon shading. Do not copy the reference subject or composition.

Framing: One compact composition, with the complete subject using about 80-90% of the square. Keep everything inside the frame.

Output: 512x512 PNG, RGBA, genuine transparent background. No text, speech balloons, explanatory captions, empty bubbles, numerals, logos or watermark.",作成済み,,references/invidious.png
excuse.png,許す,許す,"Subject: excuse, forgiving a small mistake or lapse.

Composition: Show a host reassuring a guest who accidentally spilled a little tea, offering a warm dismissive hand gesture while handing them a cloth. The guest's apologetic posture relaxes, and the small spill remains on the table as an ordinary forgivable mishap.

Style: Use the attached invidious.png for drawing style only. Match its thick rounded dark-brown contours, simplified rounded shapes, and restrained 2D cartoon shading. Do not copy the reference subject or composition.

Framing: One compact composition, with the complete subject using about 80-90% of the square. Keep everything inside the frame.

Output: 512x512 PNG, RGBA, genuine transparent background. No text, speech balloons, explanatory captions, empty bubbles, numerals, logos or watermark.",作成済み,,references/invidious.png
football.png,フットボール,フットボール,"Subject: football, a ball game played by opposing teams.

Composition: Show two players contesting a black-and-white football on a grass pitch, one guiding it with a foot while the other attempts a safe interception. A goal stands in the background, and both complete bodies remain balanced without dangerous contact.

Style: Use the attached invidious.png for drawing style only. Match its thick rounded dark-brown contours, simplified rounded shapes, and restrained 2D cartoon shading. Do not copy the reference subject or composition.

Framing: One compact composition, with the complete subject using about 80-90% of the square. Keep everything inside the frame.

Output: 512x512 PNG, RGBA, genuine transparent background. No text, speech balloons, explanatory captions, empty bubbles, numerals, logos or watermark.",作成済み,,references/invidious.png
inter.png,埋葬する,埋葬する,"Subject: inter, placing a deceased person in a grave.

Composition: Show two cemetery workers tending straps on a secure grave-side lowering frame as a closed coffin descends into a prepared grave. One mourner stands quietly at a safe distance; keep the coffin mechanically supported, the scene respectful, and all human remains concealed.

Style: Use the attached invidious.png for drawing style only. Match its thick rounded dark-brown contours, simplified rounded shapes, and restrained 2D cartoon shading. Do not copy the reference subject or composition.

Framing: One compact composition, with the complete subject using about 80-90% of the square. Keep everything inside the frame.

Output: 512x512 PNG, RGBA, genuine transparent background. No text, speech balloons, explanatory captions, empty bubbles, numerals, logos or watermark.",作成済み,,references/invidious.png
physician.png,内科医,内科医,"Subject: physician, a doctor providing medical care.

Composition: Show a physician listening to a seated adult's chest with a stethoscope in a calm examination room. The patient remains clothed and comfortable, and the doctor's attentive posture, examination chair, and nearby blood-pressure cuff establish ordinary internal-medicine practice.

Style: Use the attached invidious.png for drawing style only. Match its thick rounded dark-brown contours, simplified rounded shapes, and restrained 2D cartoon shading. Do not copy the reference subject or composition.

Framing: One compact composition, with the complete subject using about 80-90% of the square. Keep everything inside the frame.

Output: 512x512 PNG, RGBA, genuine transparent background. No text, speech balloons, explanatory captions, empty bubbles, numerals, logos or watermark.",作成済み,,references/invidious.png
screening.png,映写,映写,"Subject: screening, projecting a film for viewing.

Composition: Show a film projector casting a visible beam onto a small cinema screen where a simple moving landscape appears. Three viewers sit facing the screen, and the projector remains supported behind them, making film projection central rather than medical testing or filtering.

Style: Use the attached invidious.png for drawing style only. Match its thick rounded dark-brown contours, simplified rounded shapes, and restrained 2D cartoon shading. Do not copy the reference subject or composition.

Framing: One compact composition, with the complete subject using about 80-90% of the square. Keep everything inside the frame.

Output: 512x512 PNG, RGBA, genuine transparent background. No text, speech balloons, explanatory captions, empty bubbles, numerals, logos or watermark.",作成済み,,references/invidious.png
birthday.png,誕生日,誕生日,"Subject: birthday, the anniversary of someone's birth.

Composition: Show one child seated before a small birthday cake with several lit candles while two family members present a wrapped gift. Their cheerful attention focuses on the child, and the cake, gift, and shared table establish a birthday celebration without lettering.

Style: Use the attached invidious.png for drawing style only. Match its thick rounded dark-brown contours, simplified rounded shapes, and restrained 2D cartoon shading. Do not copy the reference subject or composition.

Framing: One compact composition, with the complete subject using about 80-90% of the square. Keep everything inside the frame.

Output: 512x512 PNG, RGBA, genuine transparent background. No text, speech balloons, explanatory captions, empty bubbles, numerals, logos or watermark.",作成済み,,references/invidious.png
confirm.png,確認する,確認する,"Subject: confirm, checking that something is correct.

Composition: Show a traveler comparing the matching shape on a luggage claim token with the same simple shape attached to a suitcase handle. Their fingertip touches the match and their face relaxes with certainty, grounding confirmation in a visible verification step.

Style: Use the attached invidious.png for drawing style only. Match its thick rounded dark-brown contours, simplified rounded shapes, and restrained 2D cartoon shading. Do not copy the reference subject or composition.

Framing: One compact composition, with the complete subject using about 80-90% of the square. Keep everything inside the frame.

Output: 512x512 PNG, RGBA, genuine transparent background. No text, speech balloons, explanatory captions, empty bubbles, numerals, logos or watermark.",作成済み,,references/invidious.png
custom.png,習慣,習慣,"Subject: custom, an established habitual practice.

Composition: Show a family removing their shoes before stepping onto the raised floor of their home, placing them neatly beside the entrance. An adult guides a child through the familiar routine, with an orderly row of household slippers ready inside.

Style: Use the attached invidious.png for drawing style only. Match its thick rounded dark-brown contours, simplified rounded shapes, and restrained 2D cartoon shading. Do not copy the reference subject or composition.

Framing: One compact composition, with the complete subject using about 80-90% of the square. Keep everything inside the frame.

Output: 512x512 PNG, RGBA, genuine transparent background. No text, speech balloons, explanatory captions, empty bubbles, numerals, logos or watermark.",作成済み,,references/invidious.png
eager.png,熱望している,熱望している,"Subject: eager, strongly wanting to begin or obtain something.

Composition: Show a child waiting beside a closed craft box, leaning forward with bright eyes and both hands poised as an adult lifts its lid. Their excited posture faces the newly revealed modeling clay, while they remain seated and safely balanced.

Style: Use the attached invidious.png for drawing style only. Match its thick rounded dark-brown contours, simplified rounded shapes, and restrained 2D cartoon shading. Do not copy the reference subject or composition.

Framing: One compact composition, with the complete subject using about 80-90% of the square. Keep everything inside the frame.

Output: 512x512 PNG, RGBA, genuine transparent background. No text, speech balloons, explanatory captions, empty bubbles, numerals, logos or watermark.",作成済み,,references/invidious.png
exhibit.png,展示する,展示する,"Subject: exhibit, displaying something for others to see.

Composition: Show a potter setting a finished vase on a small display pedestal while two visitors stand back to admire it. The vase is evenly lit and unobstructed, and the artist's open hand presents the work without labels or written commentary.

Style: Use the attached invidious.png for drawing style only. Match its thick rounded dark-brown contours, simplified rounded shapes, and restrained 2D cartoon shading. Do not copy the reference subject or composition.

Framing: One compact composition, with the complete subject using about 80-90% of the square. Keep everything inside the frame.

Output: 512x512 PNG, RGBA, genuine transparent background. No text, speech balloons, explanatory captions, empty bubbles, numerals, logos or watermark.",作成済み,,references/invidious.png
seemingly.png,一見したところ,一見したところ,"Subject: seemingly, giving an appearance that may be misleading.

Composition: Show a shopper admiring what looks like a plump peach while its underside reveals a small fabric seam to the viewer. The fruit rests naturally in the shopper's hand, making the plausible surface appearance distinct from its concealed artificial construction.

Style: Use the attached invidious.png for drawing style only. Match its thick rounded dark-brown contours, simplified rounded shapes, and restrained 2D cartoon shading. Do not copy the reference subject or composition.

Framing: One compact composition, with the complete subject using about 80-90% of the square. Keep everything inside the frame.

Output: 512x512 PNG, RGBA, genuine transparent background. No text, speech balloons, explanatory captions, empty bubbles, numerals, logos or watermark.",作成済み,,references/invidious.png
static.png,静止した,静止した,"Subject: static, remaining still without movement.

Composition: Show a playground swing hanging perfectly vertical on a windless day, its seat level and chains straight. Fallen leaves rest motionless beneath it, and no person touches the frame, emphasizing a settled stationary state rather than a frozen action pose.

Style: Use the attached invidious.png for drawing style only. Match its thick rounded dark-brown contours, simplified rounded shapes, and restrained 2D cartoon shading. Do not copy the reference subject or composition.

Framing: One compact composition, with the complete subject using about 80-90% of the square. Keep everything inside the frame.

Output: 512x512 PNG, RGBA, genuine transparent background. No text, speech balloons, explanatory captions, empty bubbles, numerals, logos or watermark.",作成済み,,references/invidious.png
corruption.png,腐敗,腐敗,"Subject: corruption, misuse of entrusted power for private gain.

Composition: Show a licensing official secretly receiving a thick envelope beneath the counter while pushing a favored applicant's folder ahead of an orderly waiting stack. Their concealed exchange and sidelong attention expose the improper favoritism without identifying any real office or social group.

Style: Use the attached invidious.png for drawing style only. Match its thick rounded dark-brown contours, simplified rounded shapes, and restrained 2D cartoon shading. Do not copy the reference subject or composition.

Framing: One compact composition, with the complete subject using about 80-90% of the square. Keep everything inside the frame.

Output: 512x512 PNG, RGBA, genuine transparent background. No text, speech balloons, explanatory captions, empty bubbles, numerals, logos or watermark.",作成済み,,references/invidious.png
crown.png,王冠,王冠,"Subject: crown, a ceremonial headpiece of royalty.

Composition: Show a single gold crown resting on a dark velvet cushion, its upright points and inset colored stones forming a clear continuous band. An attendant's gloved hands carefully position the cushion on a low table, keeping the complete crown unobstructed.

Style: Use the attached invidious.png for drawing style only. Match its thick rounded dark-brown contours, simplified rounded shapes, and restrained 2D cartoon shading. Do not copy the reference subject or composition.

Framing: One compact composition, with the complete subject using about 80-90% of the square. Keep everything inside the frame.

Output: 512x512 PNG, RGBA, genuine transparent background. No text, speech balloons, explanatory captions, empty bubbles, numerals, logos or watermark.",作成済み,,references/invidious.png
forgive.png,許す,許す,"Subject: forgive, letting go of blame after a wrong.

Composition: Show two friends making up beside a repaired broken toy, one offering an apologetic open hand while the other accepts it warmly. Their softened expressions and renewed eye contact show forgiveness, with the toy's visible repair providing context for the earlier harm.

Style: Use the attached invidious.png for drawing style only. Match its thick rounded dark-brown contours, simplified rounded shapes, and restrained 2D cartoon shading. Do not copy the reference subject or composition.

Framing: One compact composition, with the complete subject using about 80-90% of the square. Keep everything inside the frame.

Output: 512x512 PNG, RGBA, genuine transparent background. No text, speech balloons, explanatory captions, empty bubbles, numerals, logos or watermark.",作成済み,,references/invidious.png
ion.png,イオン,イオン,"Subject: ion, a particle with a net electric charge.

Composition: Show a simple scientific model of a sodium ion as one sphere bearing Na⁺, set on a small laboratory display base. A student points specifically to the superscript plus sign, emphasizing net positive charge without depicting it as a neutral atom.

Style: Use the attached invidious.png for drawing style only. Match its thick rounded dark-brown contours, simplified rounded shapes, and restrained 2D cartoon shading. Do not copy the reference subject or composition.

Framing: One compact composition, with the complete subject using about 80-90% of the square. Keep everything inside the frame.

Output: 512x512 PNG, RGBA, genuine transparent background. Allow only the essential scientific notation Na⁺ on the ion model; no other text or explanatory labels. No incidental labels, logos or watermark.",作成済み,,references/invidious.png
legitimate.png,合法の,合法の,"Subject: legitimate, permitted by law.

Composition: Show a vendor setting up a street stall after an official checks and returns their stamped permit. The official then opens the designated stall space, and the vendor begins arranging produce inside its boundary, making authorized activity visible without readable legal text.

Style: Use the attached invidious.png for drawing style only. Match its thick rounded dark-brown contours, simplified rounded shapes, and restrained 2D cartoon shading. Do not copy the reference subject or composition.

Framing: One compact composition, with the complete subject using about 80-90% of the square. Keep everything inside the frame.

Output: 512x512 PNG, RGBA, genuine transparent background. No text, speech balloons, explanatory captions, empty bubbles, numerals, logos or watermark.",作成済み,,references/invidious.png
privilege.png,特権,特権,"Subject: privilege, a special advantage or permission.

Composition: Show one theater guest being admitted through a side rope into a reserved front-row seat while other guests wait in the regular entrance line. Their distinctive pass and the attendant's selective gesture make the special access concrete without suggesting superior human worth.

Style: Use the attached invidious.png for drawing style only. Match its thick rounded dark-brown contours, simplified rounded shapes, and restrained 2D cartoon shading. Do not copy the reference subject or composition.

Framing: One compact composition, with the complete subject using about 80-90% of the square. Keep everything inside the frame.

Output: 512x512 PNG, RGBA, genuine transparent background. No text, speech balloons, explanatory captions, empty bubbles, numerals, logos or watermark.",作成済み,,references/invidious.png
illegal.png,違法の,違法の,"Subject: illegal, forbidden by law.

Composition: Show three adults beside a bicycle rack: an owner holding the bike's key, a thief pulling the bicycle away from its broken lock, and an officer intervening with a stopping hand. The owner reaches toward their bicycle, making the unauthorized taking clear without graphic force.

Style: Use the attached invidious.png for drawing style only. Match its thick rounded dark-brown contours, simplified rounded shapes, and restrained 2D cartoon shading. Do not copy the reference subject or composition.

Framing: One compact composition, with the complete subject using about 80-90% of the square. Keep everything inside the frame.

Output: 512x512 PNG, RGBA, genuine transparent background. No text, speech balloons, explanatory captions, empty bubbles, numerals, logos or watermark.",作成済み,,references/invidious.png
manuscript.png,原稿,原稿,"Subject: manuscript, an author's original written draft.

Composition: Show a writer revising a stack of handwritten pages at a desk, with crossed-out unreadable lines and a fresh handwritten paragraph on the top sheet. Their pen and thoughtful posture emphasize an original working text rather than a printed finished book.

Style: Use the attached invidious.png for drawing style only. Match its thick rounded dark-brown contours, simplified rounded shapes, and restrained 2D cartoon shading. Do not copy the reference subject or composition.

Framing: One compact composition, with the complete subject using about 80-90% of the square. Keep everything inside the frame.

Output: 512x512 PNG, RGBA, genuine transparent background. No text, speech balloons, explanatory captions, empty bubbles, numerals, logos or watermark.",作成済み,,references/invidious.png
refuse.png,拒否する,拒否する,"Subject: refuse, declining to accept or do something.

Composition: Show a seated adult firmly but politely pushing an offered cigarette packet away with an open hand. Their head turns slightly aside, and the other person keeps the packet at a respectful distance, making refusal clear without moralizing or written messages.

Style: Use the attached invidious.png for drawing style only. Match its thick rounded dark-brown contours, simplified rounded shapes, and restrained 2D cartoon shading. Do not copy the reference subject or composition.

Framing: One compact composition, with the complete subject using about 80-90% of the square. Keep everything inside the frame.

Output: 512x512 PNG, RGBA, genuine transparent background. No text, speech balloons, explanatory captions, empty bubbles, numerals, logos or watermark.",作成済み,,references/invidious.png
symbolic.png,象徴的な,象徴的な,"Subject: symbolic, carrying meaning beyond literal use.

Composition: Show two former rivals planting a small tree together in a shared courtyard, each holding the same spade handle briefly as they finish. Their reconciled expressions make the planting a gesture of renewed cooperation, rather than merely routine gardening.

Style: Use the attached invidious.png for drawing style only. Match its thick rounded dark-brown contours, simplified rounded shapes, and restrained 2D cartoon shading. Do not copy the reference subject or composition.

Framing: One compact composition, with the complete subject using about 80-90% of the square. Keep everything inside the frame.

Output: 512x512 PNG, RGBA, genuine transparent background. No text, speech balloons, explanatory captions, empty bubbles, numerals, logos or watermark.",作成済み,,references/invidious.png
tank.png,タンク,タンク,"Subject: tank, a large container for storing liquid.

Composition: Show a cylindrical water tank standing securely on short legs beside a greenhouse, with a pipe entering near the top and a tap near the base. A gardener fills a watering can from the tap, establishing storage and practical use.

Style: Use the attached invidious.png for drawing style only. Match its thick rounded dark-brown contours, simplified rounded shapes, and restrained 2D cartoon shading. Do not copy the reference subject or composition.

Framing: One compact composition, with the complete subject using about 80-90% of the square. Keep everything inside the frame.

Output: 512x512 PNG, RGBA, genuine transparent background. No text, speech balloons, explanatory captions, empty bubbles, numerals, logos or watermark.",作成済み,,references/invidious.png
accumulation.png,蓄積,蓄積,"Subject: accumulation, a growing collection over time.

Composition: Show fallen leaves building into a deep mound at the base of a garden wall, with one fresh leaf drifting onto the top. Older flattened layers remain visible beneath the loose surface, emphasizing gradual buildup in the same place.

Style: Use the attached invidious.png for drawing style only. Match its thick rounded dark-brown contours, simplified rounded shapes, and restrained 2D cartoon shading. Do not copy the reference subject or composition.

Framing: One compact composition, with the complete subject using about 80-90% of the square. Keep everything inside the frame.

Output: 512x512 PNG, RGBA, genuine transparent background. No text, speech balloons, explanatory captions, empty bubbles, numerals, logos or watermark.",作成済み,,references/invidious.png
circulation.png,循環,循環,"Subject: circulation, continuous movement around a returning path.

Composition: Show a tabletop fountain with water pumped up a central tube, spilling into a bowl, and returning through a visible clear hose to its reservoir. The connected closed path remains intact, making recirculation concrete without disconnected arrows or separate stages.

Style: Use the attached invidious.png for drawing style only. Match its thick rounded dark-brown contours, simplified rounded shapes, and restrained 2D cartoon shading. Do not copy the reference subject or composition.

Framing: One compact composition, with the complete subject using about 80-90% of the square. Keep everything inside the frame.

Output: 512x512 PNG, RGBA, genuine transparent background. No text, speech balloons, explanatory captions, empty bubbles, numerals, logos or watermark.",作成済み,,references/invidious.png
factory.png,工場,工場,"Subject: factory, a building where goods are manufactured.

Composition: Show a compact shoe factory interior with two workers at a continuous production bench, one stitching uppers and the other attaching soles. Several completed shoes travel on a short conveyor, and installed machines and organized materials establish industrial production.

Style: Use the attached invidious.png for drawing style only. Match its thick rounded dark-brown contours, simplified rounded shapes, and restrained 2D cartoon shading. Do not copy the reference subject or composition.

Framing: One compact composition, with the complete subject using about 80-90% of the square. Keep everything inside the frame.

Output: 512x512 PNG, RGBA, genuine transparent background. No text, speech balloons, explanatory captions, empty bubbles, numerals, logos or watermark.",作成済み,,references/invidious.png
initiative.png,主導権,主導権,"Subject: initiative, taking the lead in starting action.

Composition: Show one neighbor beginning to clear litter from a neglected shared garden while two others notice and pick up tools to join. The first person's already filled bag and active rake make their initiating role visible before the group becomes fully organized.

Style: Use the attached invidious.png for drawing style only. Match its thick rounded dark-brown contours, simplified rounded shapes, and restrained 2D cartoon shading. Do not copy the reference subject or composition.

Framing: One compact composition, with the complete subject using about 80-90% of the square. Keep everything inside the frame.

Output: 512x512 PNG, RGBA, genuine transparent background. No text, speech balloons, explanatory captions, empty bubbles, numerals, logos or watermark.",作成済み,,references/invidious.png
intimate.png,親密な,親密な,"Subject: intimate, emotionally close and familiar.

Composition: Show two adult partners seated close together on a sofa, one resting their head on the other's shoulder while they look through a personal photograph album. Their relaxed touch and private comfortable setting convey closeness without sexual detail or written conversation.

Style: Use the attached invidious.png for drawing style only. Match its thick rounded dark-brown contours, simplified rounded shapes, and restrained 2D cartoon shading. Do not copy the reference subject or composition.

Framing: One compact composition, with the complete subject using about 80-90% of the square. Keep everything inside the frame.

Output: 512x512 PNG, RGBA, genuine transparent background. No text, speech balloons, explanatory captions, empty bubbles, numerals, logos or watermark.",作成済み,,references/invidious.png
somebody.png,誰か,誰か,"Subject: somebody, an unspecified person.

Composition: Show a single adult partly visible behind a frosted glass door, their hand reaching toward the handle from the far side. A recognizable human silhouette is clear while facial identity remains obscured, illustrating an unspecified person without inventing a biography.

Style: Use the attached invidious.png for drawing style only. Match its thick rounded dark-brown contours, simplified rounded shapes, and restrained 2D cartoon shading. Do not copy the reference subject or composition.

Framing: One compact composition, with the complete subject using about 80-90% of the square. Keep everything inside the frame.

Output: 512x512 PNG, RGBA, genuine transparent background. No text, speech balloons, explanatory captions, empty bubbles, numerals, logos or watermark.",作成済み,,references/invidious.png
