ファイル名,語義,対象語義,画像生成プロンプト,プロンプト準備状況,要確認理由,画風参照画像
spotlight.png,スポット,スポット,"Subject: A bright stage spotlight.

Composition: A suspended theater lamp casts one narrow cone of warm light onto a lone violinist standing on a small wooden stage, leaving the surrounding stage unlit.

Style: Use the attached invidious.png for drawing style only. Match its thick rounded dark-brown contours, simplified rounded shapes, and restrained 2D cartoon shading. Do not copy the reference subject or composition.

Framing: One compact composition, with the complete subject using about 80-90% of the square. Keep everything inside the frame.

Output: 512x512 PNG, RGBA, genuine transparent background. No text, numerals, labels, logos or watermark.",作成済み,,references/invidious.png
swamp.png,湿地,湿地,"Subject: A waterlogged wetland.

Composition: Shallow brown water spreads between clumps of reeds and exposed tree roots, with a heron standing on a muddy tuft and small puddles filling every low spot.

Style: Use the attached invidious.png for drawing style only. Match its thick rounded dark-brown contours, simplified rounded shapes, and restrained 2D cartoon shading. Do not copy the reference subject or composition.

Framing: One compact composition, with the complete subject using about 80-90% of the square. Keep everything inside the frame.

Output: 512x512 PNG, RGBA, genuine transparent background. No text, numerals, labels, logos or watermark.",作成済み,,references/invidious.png
toxin.png,毒素,毒素,"Subject: Venom containing a biological toxin.

Composition: A close view of a snake's open mouth shows a clear droplet of venom hanging from one hollow fang above a small glass collection dish.

Style: Use the attached invidious.png for drawing style only. Match its thick rounded dark-brown contours, simplified rounded shapes, and restrained 2D cartoon shading. Do not copy the reference subject or composition.

Framing: One compact composition, with the complete subject using about 80-90% of the square. Keep everything inside the frame.

Output: 512x512 PNG, RGBA, genuine transparent background. No text, numerals, labels, logos or watermark.",作成済み,,references/invidious.png
trumpet.png,トランペット,トランペット,"Subject: A brass trumpet.

Composition: Place one golden trumpet diagonally across the image, with its flared bell facing the viewer, three valve buttons on top, and the mouthpiece fully visible at the opposite end.

Style: Use the attached invidious.png for drawing style only. Match its thick rounded dark-brown contours, simplified rounded shapes, and restrained 2D cartoon shading. Do not copy the reference subject or composition.

Framing: One compact composition, with the complete subject using about 80-90% of the square. Keep everything inside the frame.

Output: 512x512 PNG, RGBA, genuine transparent background. No text, numerals, labels, logos or watermark.",作成済み,,references/invidious.png
tuition.png,授業料,授業料,"Subject: Payment for school lessons.

Composition: At a school office counter, a parent hands banknotes to a clerk while a child beside the parent holds a schoolbag and looks through an open doorway toward classroom desks.

Style: Use the attached invidious.png for drawing style only. Match its thick rounded dark-brown contours, simplified rounded shapes, and restrained 2D cartoon shading. Do not copy the reference subject or composition.

Framing: One compact composition, with the complete subject using about 80-90% of the square. Keep everything inside the frame.

Output: 512x512 PNG, RGBA, genuine transparent background. No text, numerals, labels, logos or watermark.",作成済み,,references/invidious.png
unavailable.png,入手できない、得られない,入手できない,"Subject: An item that cannot be obtained.

Composition: A shopper reaches toward the completely empty compartment of a bread shelf while a baker shows both empty palms, with only a few crumbs remaining on the shelf.

Style: Use the attached invidious.png for drawing style only. Match its thick rounded dark-brown contours, simplified rounded shapes, and restrained 2D cartoon shading. Do not copy the reference subject or composition.

Framing: One compact composition, with the complete subject using about 80-90% of the square. Keep everything inside the frame.

Output: 512x512 PNG, RGBA, genuine transparent background. No text, numerals, labels, logos or watermark.",作成済み,,references/invidious.png
unmistakable.png,間違いない、明白な,明白な,"Subject: Unmistakable evidence of muddy paws.

Composition: A muddy dog stands at the end of a fresh trail of matching pawprints across a pale rug, while its owner points directly from the tracks to the dog's mud-covered feet.

Style: Use the attached invidious.png for drawing style only. Match its thick rounded dark-brown contours, simplified rounded shapes, and restrained 2D cartoon shading. Do not copy the reference subject or composition.

Framing: One compact composition, with the complete subject using about 80-90% of the square. Keep everything inside the frame.

Output: 512x512 PNG, RGBA, genuine transparent background. No text, numerals, labels, logos or watermark.",作成済み,,references/invidious.png
Alexis.png,アレクシス、聖アレクシス,アレクシス,"Subject: An ordinary adult named Alexis.

Composition: Show a friendly young adult with short dark curls, a green cardigan, and blue trousers standing in a relaxed pose with one hand raised in greeting.

Style: Use the attached invidious.png for drawing style only. Match its thick rounded dark-brown contours, simplified rounded shapes, and restrained 2D cartoon shading. Do not copy the reference subject or composition.

Framing: One compact composition, with the complete subject using about 80-90% of the square. Keep everything inside the frame.

Output: 512x512 PNG, RGBA, genuine transparent background. No text, numerals, labels, logos or watermark.",作成済み,,references/invidious.png
Bosnia.png,ボスニア,ボスニア,"Subject: A Bosnian urban landmark in Sarajevo.

Composition: Center Sarajevo's wooden Sebilj fountain with its broad domed roof on a cobbled square, placing low red-roofed bazaar shops behind it and wooded Bosnian hills in the distance.

Style: Use the attached invidious.png for drawing style only. Match its thick rounded dark-brown contours, simplified rounded shapes, and restrained 2D cartoon shading. Do not copy the reference subject or composition.

Framing: One compact composition, with the complete subject using about 80-90% of the square. Keep everything inside the frame.

Output: 512x512 PNG, RGBA, genuine transparent background. No text, numerals, labels, logos or watermark.",作成済み,,references/invidious.png
Judas.png,ジューダス,ジューダス,"Subject: Judas Iscariot from the biblical account.

Composition: Show Judas as a first-century man in a plain robe holding a small purse of silver coins close to his chest and looking uneasily toward Jesus walking away in the background.

Style: Use the attached invidious.png for drawing style only. Match its thick rounded dark-brown contours, simplified rounded shapes, and restrained 2D cartoon shading. Do not copy the reference subject or composition.

Framing: One compact composition, with the complete subject using about 80-90% of the square. Keep everything inside the frame.

Output: 512x512 PNG, RGBA, genuine transparent background. No text, numerals, labels, logos or watermark.",作成済み,,references/invidious.png
Nan.png,ナン,ナン,"Subject: Indian naan bread.

Composition: Place one soft oval naan on a shallow plate, showing blistered golden patches, a puffed uneven rim, and a torn edge that reveals the tender interior.

Style: Use the attached invidious.png for drawing style only. Match its thick rounded dark-brown contours, simplified rounded shapes, and restrained 2D cartoon shading. Do not copy the reference subject or composition.

Framing: One compact composition, with the complete subject using about 80-90% of the square. Keep everything inside the frame.

Output: 512x512 PNG, RGBA, genuine transparent background. No text, numerals, labels, logos or watermark.",作成済み,,references/invidious.png
Presbyterian.png,長老派の,長老派の,"Subject: A Presbyterian church council.

Composition: A minister in a black preaching robe sits at a table with three lay elders, all discussing an open Bible together, with a plain wooden pulpit and cross behind them.

Style: Use the attached invidious.png for drawing style only. Match its thick rounded dark-brown contours, simplified rounded shapes, and restrained 2D cartoon shading. Do not copy the reference subject or composition.

Framing: One compact composition, with the complete subject using about 80-90% of the square. Keep everything inside the frame.

Output: 512x512 PNG, RGBA, genuine transparent background. No text, numerals, labels, logos or watermark.",作成済み,,references/invidious.png
Rwanda.png,ルワンダ,ルワンダ,"Subject: Rwanda's hilly landscape.

Composition: Show a winding footpath climbing through green cultivated hills dotted with small red-roofed houses, with the steep volcanic peaks of northern Rwanda rising behind the fields.

Style: Use the attached invidious.png for drawing style only. Match its thick rounded dark-brown contours, simplified rounded shapes, and restrained 2D cartoon shading. Do not copy the reference subject or composition.

Framing: One compact composition, with the complete subject using about 80-90% of the square. Keep everything inside the frame.

Output: 512x512 PNG, RGBA, genuine transparent background. No text, numerals, labels, logos or watermark.",作成済み,,references/invidious.png
cartoon.png,漫画,漫画,"Subject: A single-panel comic drawing.

Composition: An artist holds a sheet bearing one large comic panel in which a mischievous cat tips over a flowerpot beside a startled owner, with expressive faces and an empty speech balloon.

Style: Use the attached invidious.png for drawing style only. Match its thick rounded dark-brown contours, simplified rounded shapes, and restrained 2D cartoon shading. Do not copy the reference subject or composition.

Framing: One compact composition, with the complete subject using about 80-90% of the square. Keep everything inside the frame.

Output: 512x512 PNG, RGBA, genuine transparent background. No text, numerals, labels, logos or watermark.",作成済み,,references/invidious.png
coercive.png,強制的な、高圧的な,強制的な,"Subject: A person forcing another to comply.

Composition: A stern supervisor blocks a worker's exit with an outstretched arm and points insistently at a heavy crate, while the reluctant worker recoils with tense shoulders and open hands.

Style: Use the attached invidious.png for drawing style only. Match its thick rounded dark-brown contours, simplified rounded shapes, and restrained 2D cartoon shading. Do not copy the reference subject or composition.

Framing: One compact composition, with the complete subject using about 80-90% of the square. Keep everything inside the frame.

Output: 512x512 PNG, RGBA, genuine transparent background. No text, numerals, labels, logos or watermark.",作成済み,,references/invidious.png
containment.png,封じ込め、抑制,封じ込め,"Subject: Containing an oil spill.

Composition: A bright floating containment boom forms a closed curve around a dark slick on a small patch of water, with clean blue water visibly remaining outside the barrier.

Style: Use the attached invidious.png for drawing style only. Match its thick rounded dark-brown contours, simplified rounded shapes, and restrained 2D cartoon shading. Do not copy the reference subject or composition.

Framing: One compact composition, with the complete subject using about 80-90% of the square. Keep everything inside the frame.

Output: 512x512 PNG, RGBA, genuine transparent background. No text, numerals, labels, logos or watermark.",作成済み,,references/invidious.png
fertilization.png,肥沃化、施肥,施肥,"Subject: Applying fertilizer to plants.

Composition: A gardener kneels beside a young tomato plant and scatters a small handful of fertilizer granules over the soil around its roots, with an open plain sack beside the gardener.

Style: Use the attached invidious.png for drawing style only. Match its thick rounded dark-brown contours, simplified rounded shapes, and restrained 2D cartoon shading. Do not copy the reference subject or composition.

Framing: One compact composition, with the complete subject using about 80-90% of the square. Keep everything inside the frame.

Output: 512x512 PNG, RGBA, genuine transparent background. No text, numerals, labels, logos or watermark.",作成済み,,references/invidious.png
fuse.png,溶解する,溶解する,"Subject: Metal melting in a crucible.

Composition: Inside a tilted heatproof crucible, a remaining silver-colored metal lump softens into a glowing liquid pool that pours in a thick stream into a simple mold.

Style: Use the attached invidious.png for drawing style only. Match its thick rounded dark-brown contours, simplified rounded shapes, and restrained 2D cartoon shading. Do not copy the reference subject or composition.

Framing: One compact composition, with the complete subject using about 80-90% of the square. Keep everything inside the frame.

Output: 512x512 PNG, RGBA, genuine transparent background. No text, numerals, labels, logos or watermark.",作成済み,,references/invidious.png
galaxy.png,銀河,銀河,"Subject: A spiral galaxy.

Composition: Show a single tilted spiral galaxy with a bright rounded central bulge and broad curved arms of densely packed stars, keeping the entire luminous disk visible.

Style: Use the attached invidious.png for drawing style only. Match its thick rounded dark-brown contours, simplified rounded shapes, and restrained 2D cartoon shading. Do not copy the reference subject or composition.

Framing: One compact composition, with the complete subject using about 80-90% of the square. Keep everything inside the frame.

Output: 512x512 PNG, RGBA, genuine transparent background. No text, numerals, labels, logos or watermark.",作成済み,,references/invidious.png
ingestion.png,摂取,摂取,"Subject: Taking food into the body.

Composition: A seated adult lifts a spoonful of vegetable soup into an open mouth while holding the bowl close beneath the spoon, making the act of swallowing food the focus.

Style: Use the attached invidious.png for drawing style only. Match its thick rounded dark-brown contours, simplified rounded shapes, and restrained 2D cartoon shading. Do not copy the reference subject or composition.

Framing: One compact composition, with the complete subject using about 80-90% of the square. Keep everything inside the frame.

Output: 512x512 PNG, RGBA, genuine transparent background. No text, numerals, labels, logos or watermark.",作成済み,,references/invidious.png
mute.png,無言の,無言の,"Subject: A person remaining silent.

Composition: Two adults face one another; the listener keeps their lips firmly closed and responds only with a small nod while the other gestures with an open hand.

Style: Use the attached invidious.png for drawing style only. Match its thick rounded dark-brown contours, simplified rounded shapes, and restrained 2D cartoon shading. Do not copy the reference subject or composition.

Framing: One compact composition, with the complete subject using about 80-90% of the square. Keep everything inside the frame.

Output: 512x512 PNG, RGBA, genuine transparent background. No text, numerals, labels, logos or watermark.",作成済み,,references/invidious.png
planar.png,平面の,平面の,"Subject: A flat planar surface.

Composition: Show a wide, perfectly flat glass sheet resting horizontally on four short supports, with a straight ruler lying flush across its smooth uncurved surface.

Style: Use the attached invidious.png for drawing style only. Match its thick rounded dark-brown contours, simplified rounded shapes, and restrained 2D cartoon shading. Do not copy the reference subject or composition.

Framing: One compact composition, with the complete subject using about 80-90% of the square. Keep everything inside the frame.

Output: 512x512 PNG, RGBA, genuine transparent background. No text, numerals, labels, logos or watermark.",作成済み,,references/invidious.png
prism.png,プリズム,プリズム,"Subject: A triangular glass prism.

Composition: A transparent triangular glass prism sits on one rectangular face as a narrow white beam enters one side and emerges from the other as a small spread of rainbow colors.

Style: Use the attached invidious.png for drawing style only. Match its thick rounded dark-brown contours, simplified rounded shapes, and restrained 2D cartoon shading. Do not copy the reference subject or composition.

Framing: One compact composition, with the complete subject using about 80-90% of the square. Keep everything inside the frame.

Output: 512x512 PNG, RGBA, genuine transparent background. No text, numerals, labels, logos or watermark.",作成済み,,references/invidious.png
psychiatrist.png,精神科医,精神科医,"Subject: A psychiatrist meeting a patient.

Composition: A calm doctor sits opposite an anxious adult in two comfortable chairs, listening closely while holding a clinical notebook, with a small brain model on the doctor's side table.

Style: Use the attached invidious.png for drawing style only. Match its thick rounded dark-brown contours, simplified rounded shapes, and restrained 2D cartoon shading. Do not copy the reference subject or composition.

Framing: One compact composition, with the complete subject using about 80-90% of the square. Keep everything inside the frame.

Output: 512x512 PNG, RGBA, genuine transparent background. No text, numerals, labels, logos or watermark.",作成済み,,references/invidious.png
redistribution.png,再分配,再分配,"Subject: Redistributing supplies.

Composition: An organizer moves apples from one overflowing basket into two nearly empty baskets belonging to two waiting people, keeping all three baskets close together on one table.

Style: Use the attached invidious.png for drawing style only. Match its thick rounded dark-brown contours, simplified rounded shapes, and restrained 2D cartoon shading. Do not copy the reference subject or composition.

Framing: One compact composition, with the complete subject using about 80-90% of the square. Keep everything inside the frame.

Output: 512x512 PNG, RGBA, genuine transparent background. No text, numerals, labels, logos or watermark.",作成済み,,references/invidious.png
sac.png,嚢,嚢,"Subject: A fluid-filled anatomical sac.

Composition: Show a simple upper-abdomen cutaway with a small pear-shaped gallbladder hanging beneath the liver, its translucent wall enclosing greenish bile and narrowing into a short duct.

Style: Use the attached invidious.png for drawing style only. Match its thick rounded dark-brown contours, simplified rounded shapes, and restrained 2D cartoon shading. Do not copy the reference subject or composition.

Framing: One compact composition, with the complete subject using about 80-90% of the square. Keep everything inside the frame.

Output: 512x512 PNG, RGBA, genuine transparent background. No text, numerals, labels, logos or watermark.",作成済み,,references/invidious.png
saucepan.png,ソースパン、片手鍋,片手鍋,"Subject: A small saucepan.

Composition: Show a deep round metal saucepan with one long handle extending to the right and a fitted lid slightly lifted above the rim, revealing a small amount of soup inside.

Style: Use the attached invidious.png for drawing style only. Match its thick rounded dark-brown contours, simplified rounded shapes, and restrained 2D cartoon shading. Do not copy the reference subject or composition.

Framing: One compact composition, with the complete subject using about 80-90% of the square. Keep everything inside the frame.

Output: 512x512 PNG, RGBA, genuine transparent background. No text, numerals, labels, logos or watermark.",作成済み,,references/invidious.png
sinner.png,罪人、罪を犯した人,罪を犯した人,"Subject: A remorseful person who has sinned.

Composition: A man in ordinary clothes kneels with bowed head before a church cross, his hands clasped above an open stolen coin purse that he has set down in remorse.

Style: Use the attached invidious.png for drawing style only. Match its thick rounded dark-brown contours, simplified rounded shapes, and restrained 2D cartoon shading. Do not copy the reference subject or composition.

Framing: One compact composition, with the complete subject using about 80-90% of the square. Keep everything inside the frame.

Output: 512x512 PNG, RGBA, genuine transparent background. No text, numerals, labels, logos or watermark.",作成済み,,references/invidious.png
tow@taw.png,麻くず,麻くず,"Subject: Coarse leftover flax fibers.

Composition: Show a loose tangled handful of short pale flax fibers on a work surface beside a small wooden spinning spindle, emphasizing the frayed, irregular fiber ends.

Style: Use the attached invidious.png for drawing style only. Match its thick rounded dark-brown contours, simplified rounded shapes, and restrained 2D cartoon shading. Do not copy the reference subject or composition.

Framing: One compact composition, with the complete subject using about 80-90% of the square. Keep everything inside the frame.

Output: 512x512 PNG, RGBA, genuine transparent background. No text, numerals, labels, logos or watermark.",作成済み,,references/invidious.png
vertebral.png,脊椎の,脊椎の,"Subject: The vertebral column.

Composition: Show a rear three-quarter view of a translucent upper body with the spine clearly exposed inside, its stacked vertebrae continuing from the neck down to the pelvis.

Style: Use the attached invidious.png for drawing style only. Match its thick rounded dark-brown contours, simplified rounded shapes, and restrained 2D cartoon shading. Do not copy the reference subject or composition.

Framing: One compact composition, with the complete subject using about 80-90% of the square. Keep everything inside the frame.

Output: 512x512 PNG, RGBA, genuine transparent background. No text, numerals, labels, logos or watermark.",作成済み,,references/invidious.png
Guatemala.png,グアテマラ,グアテマラ,"Subject: Guatemala's Maya heritage at Tikal.

Composition: Tikal's Temple I rises above dense tropical foliage, with its steep central staircase, layered stone pyramid, and tall narrow roof comb clearly visible as one coherent jungle scene.

Style: Use the attached invidious.png for drawing style only. Match its thick rounded dark-brown contours, simplified rounded shapes, and restrained 2D cartoon shading. Do not copy the reference subject or composition.

Framing: One compact composition, with the complete subject using about 80-90% of the square. Keep everything inside the frame.

Output: 512x512 PNG, RGBA, genuine transparent background. No text, numerals, labels, logos or watermark.",作成済み,,references/invidious.png
Hindi.png,ヒンジ、ヒンディ,ヒンディ,"Subject: Written Hindi.

Composition: Show an open notebook with the clearly handwritten Hindi greeting नमस्ते on its upper line and the simple sentence आप कैसे हैं? beneath it, with a fountain pen resting beside the page.

Style: Use the attached invidious.png for drawing style only. Match its thick rounded dark-brown contours, simplified rounded shapes, and restrained 2D cartoon shading. Do not copy the reference subject or composition.

Framing: One compact composition, with the complete subject using about 80-90% of the square. Keep everything inside the frame.

Output: 512x512 PNG, RGBA, genuine transparent background. Only the Hindi writing नमस्ते and आप कैसे हैं? is permitted on the notebook page. No incidental labels, logos or watermark.",作成済み,,references/invidious.png
Wikipedia.png,ウィキペディア,ウィキペディア,"Subject: A Wikipedia encyclopedia article.

Composition: A laptop displays a Wikipedia article with the small site heading Wikipedia, the article title Moon, a lunar photograph, the sentence The Moon orbits Earth, a Contents sidebar, and an Edit tab.

Style: Use the attached invidious.png for drawing style only. Match its thick rounded dark-brown contours, simplified rounded shapes, and restrained 2D cartoon shading. Do not copy the reference subject or composition.

Framing: One compact composition, with the complete subject using about 80-90% of the square. Keep everything inside the frame.

Output: 512x512 PNG, RGBA, genuine transparent background. Only the interface text Wikipedia, Moon, The Moon orbits Earth, Contents, and Edit is permitted; omit the site logo. No incidental labels, logos or watermark.",作成済み,,references/invidious.png
afar.png,遠くに、遠く,遠くに,"Subject: A boat far away.

Composition: A person on a rocky shore shades their eyes and looks across a wide stretch of water toward a tiny sailboat close to the distant horizon.

Style: Use the attached invidious.png for drawing style only. Match its thick rounded dark-brown contours, simplified rounded shapes, and restrained 2D cartoon shading. Do not copy the reference subject or composition.

Framing: One compact composition, with the complete subject using about 80-90% of the square. Keep everything inside the frame.

Output: 512x512 PNG, RGBA, genuine transparent background. No text, numerals, labels, logos or watermark.",作成済み,,references/invidious.png
anthropological.png,人類学の,人類学の,"Subject: Anthropological fieldwork.

Composition: An anthropologist sits beside a basket maker, carefully observing the weaving technique and sketching it in a notebook while the craftsperson demonstrates how reeds interlock.

Style: Use the attached invidious.png for drawing style only. Match its thick rounded dark-brown contours, simplified rounded shapes, and restrained 2D cartoon shading. Do not copy the reference subject or composition.

Framing: One compact composition, with the complete subject using about 80-90% of the square. Keep everything inside the frame.

Output: 512x512 PNG, RGBA, genuine transparent background. No text, numerals, labels, logos or watermark.",作成済み,,references/invidious.png
beverage.png,飲料,飲料,"Subject: A refreshing drink.

Composition: Show a tall clear glass filled with orange juice, with a few ice cubes near the surface and small condensation droplets on the outside of the glass.

Style: Use the attached invidious.png for drawing style only. Match its thick rounded dark-brown contours, simplified rounded shapes, and restrained 2D cartoon shading. Do not copy the reference subject or composition.

Framing: One compact composition, with the complete subject using about 80-90% of the square. Keep everything inside the frame.

Output: 512x512 PNG, RGBA, genuine transparent background. No text, numerals, labels, logos or watermark.",作成済み,,references/invidious.png
chunk.png,大きいかたまり,大きいかたまり,"Subject: A large chunk of wood.

Composition: A thick irregular block of freshly split wood rests beside the much larger log from which it broke, with rough fibers and a broad pale fracture face clearly visible.

Style: Use the attached invidious.png for drawing style only. Match its thick rounded dark-brown contours, simplified rounded shapes, and restrained 2D cartoon shading. Do not copy the reference subject or composition.

Framing: One compact composition, with the complete subject using about 80-90% of the square. Keep everything inside the frame.

Output: 512x512 PNG, RGBA, genuine transparent background. No text, numerals, labels, logos or watermark.",作成済み,,references/invidious.png
clumsy.png,不器用な、ぎこちない,不器用な,"Subject: A clumsy person handling dishes.

Composition: An adult carries a stack of bowls with an awkward grip, elbows splayed and eyes wide, as the top bowl tilts sideways and a spoon slips toward the floor.

Style: Use the attached invidious.png for drawing style only. Match its thick rounded dark-brown contours, simplified rounded shapes, and restrained 2D cartoon shading. Do not copy the reference subject or composition.

Framing: One compact composition, with the complete subject using about 80-90% of the square. Keep everything inside the frame.

Output: 512x512 PNG, RGBA, genuine transparent background. No text, numerals, labels, logos or watermark.",作成済み,,references/invidious.png
cosmopolitan.png,世界主義的な、国際的な,国際的な,"Subject: An internationally connected gathering.

Composition: At one cafe table, three travelers of different backgrounds share conversation over a folded world map and cups of coffee, with varied luggage tucked neatly beside their chairs.

Style: Use the attached invidious.png for drawing style only. Match its thick rounded dark-brown contours, simplified rounded shapes, and restrained 2D cartoon shading. Do not copy the reference subject or composition.

Framing: One compact composition, with the complete subject using about 80-90% of the square. Keep everything inside the frame.

Output: 512x512 PNG, RGBA, genuine transparent background. No text, numerals, labels, logos or watermark.",作成済み,,references/invidious.png
creamy.png,クリーム状の、クリームを含む,クリーム状の,"Subject: A creamy texture.

Composition: A spoon lifts a thick smooth ribbon of pale vanilla custard from a bowl, leaving soft rounded folds and a glossy swirl that holds its shape below.

Style: Use the attached invidious.png for drawing style only. Match its thick rounded dark-brown contours, simplified rounded shapes, and restrained 2D cartoon shading. Do not copy the reference subject or composition.

Framing: One compact composition, with the complete subject using about 80-90% of the square. Keep everything inside the frame.

Output: 512x512 PNG, RGBA, genuine transparent background. No text, numerals, labels, logos or watermark.",作成済み,,references/invidious.png
dignified.png,堂々とした、威厳のある,威厳のある,"Subject: A dignified older person.

Composition: An older woman in a simple formal suit stands upright with composed eyes, a level chin, and hands calmly folded before her while a seated listener looks up respectfully.

Style: Use the attached invidious.png for drawing style only. Match its thick rounded dark-brown contours, simplified rounded shapes, and restrained 2D cartoon shading. Do not copy the reference subject or composition.

Framing: One compact composition, with the complete subject using about 80-90% of the square. Keep everything inside the frame.

Output: 512x512 PNG, RGBA, genuine transparent background. No text, numerals, labels, logos or watermark.",作成済み,,references/invidious.png
diode.png,ダイオード,ダイオード,"Subject: A small electronic diode.

Composition: Show one black cylindrical diode enlarged above a simple circuit board, with a silver band around one end and a metal lead projecting from each end into two board holes.

Style: Use the attached invidious.png for drawing style only. Match its thick rounded dark-brown contours, simplified rounded shapes, and restrained 2D cartoon shading. Do not copy the reference subject or composition.

Framing: One compact composition, with the complete subject using about 80-90% of the square. Keep everything inside the frame.

Output: 512x512 PNG, RGBA, genuine transparent background. No text, numerals, labels, logos or watermark.",作成済み,,references/invidious.png
font@gheu.png,書体,書体,"Subject: A serif typeface on a specimen sheet.

Composition: A sheet of paper displays the characters Aa Bb Cc in one clear serif typeface, with the letter shapes enlarged enough to show their consistent thick strokes and small finishing serifs.

Style: Use the attached invidious.png for drawing style only. Match its thick rounded dark-brown contours, simplified rounded shapes, and restrained 2D cartoon shading. Do not copy the reference subject or composition.

Framing: One compact composition, with the complete subject using about 80-90% of the square. Keep everything inside the frame.

Output: 512x512 PNG, RGBA, genuine transparent background. Only the type specimens Aa Bb Cc are permitted on the paper. No incidental labels, logos or watermark.",作成済み,,references/invidious.png
gestation.png,妊娠,妊娠,"Subject: A pregnant adult.

Composition: Show a pregnant woman in a loose maternity dress in side view, one hand supporting the underside of her rounded abdomen and the other resting gently above it.

Style: Use the attached invidious.png for drawing style only. Match its thick rounded dark-brown contours, simplified rounded shapes, and restrained 2D cartoon shading. Do not copy the reference subject or composition.

Framing: One compact composition, with the complete subject using about 80-90% of the square. Keep everything inside the frame.

Output: 512x512 PNG, RGBA, genuine transparent background. No text, numerals, labels, logos or watermark.",作成済み,,references/invidious.png
justly.png,公正に、正当に,公正に,"Subject: Dividing a reward fairly.

Composition: A referee places equal piles of identical prize tokens before two competitors who are shaking hands across a table, keeping both piles clearly visible and equal in size.

Style: Use the attached invidious.png for drawing style only. Match its thick rounded dark-brown contours, simplified rounded shapes, and restrained 2D cartoon shading. Do not copy the reference subject or composition.

Framing: One compact composition, with the complete subject using about 80-90% of the square. Keep everything inside the frame.

Output: 512x512 PNG, RGBA, genuine transparent background. No text, numerals, labels, logos or watermark.",作成済み,,references/invidious.png
materialism.png,唯物論,唯物論,"Subject: A materialist account of thought.

Composition: A philosopher points to a transparent head model whose visible brain and emerging apple-shaped thought are built from the same tiny solid colored particles, with the particle-built thought still physically connected to the brain.

Style: Use the attached invidious.png for drawing style only. Match its thick rounded dark-brown contours, simplified rounded shapes, and restrained 2D cartoon shading. Do not copy the reference subject or composition.

Framing: One compact composition, with the complete subject using about 80-90% of the square. Keep everything inside the frame.

Output: 512x512 PNG, RGBA, genuine transparent background. No text, numerals, labels, logos or watermark.",作成済み,,references/invidious.png
multidimensional.png,多次元の,多次元の,"Subject: A three-dimensional coordinate model.

Composition: Show a transparent cube pierced through its center by three mutually perpendicular red, blue, and green axes, with the cube's height, width, and depth all visible in one angled view.

Style: Use the attached invidious.png for drawing style only. Match its thick rounded dark-brown contours, simplified rounded shapes, and restrained 2D cartoon shading. Do not copy the reference subject or composition.

Framing: One compact composition, with the complete subject using about 80-90% of the square. Keep everything inside the frame.

Output: 512x512 PNG, RGBA, genuine transparent background. No text, numerals, labels, logos or watermark.",作成済み,,references/invidious.png
plunge.png,突っ込む,突っ込む,"Subject: Diving straight into water.

Composition: A swimmer plunges headfirst into a pool with arms stretched together ahead of the head, the hands already breaking the surface while the legs remain above a small splash.

Style: Use the attached invidious.png for drawing style only. Match its thick rounded dark-brown contours, simplified rounded shapes, and restrained 2D cartoon shading. Do not copy the reference subject or composition.

Framing: One compact composition, with the complete subject using about 80-90% of the square. Keep everything inside the frame.

Output: 512x512 PNG, RGBA, genuine transparent background. No text, numerals, labels, logos or watermark.",作成済み,,references/invidious.png
poker.png,つつく人,つつく人,"Subject: A person poking something.

Composition: A curious child leans forward and pokes a soft cushion with one extended index finger, making a deep dent while watching the contact point closely.

Style: Use the attached invidious.png for drawing style only. Match its thick rounded dark-brown contours, simplified rounded shapes, and restrained 2D cartoon shading. Do not copy the reference subject or composition.

Framing: One compact composition, with the complete subject using about 80-90% of the square. Keep everything inside the frame.

Output: 512x512 PNG, RGBA, genuine transparent background. No text, numerals, labels, logos or watermark.",作成済み,,references/invidious.png
rigidity.png,剛性,剛性,"Subject: A rigid beam under a load.

Composition: A straight steel beam spans two sturdy blocks and supports a heavy stone at its midpoint without visibly bending, with the beam's perfectly straight lower edge fully exposed.

Style: Use the attached invidious.png for drawing style only. Match its thick rounded dark-brown contours, simplified rounded shapes, and restrained 2D cartoon shading. Do not copy the reference subject or composition.

Framing: One compact composition, with the complete subject using about 80-90% of the square. Keep everything inside the frame.

Output: 512x512 PNG, RGBA, genuine transparent background. No text, numerals, labels, logos or watermark.",作成済み,,references/invidious.png
sacrificial.png,いけにえの、犠牲の,いけにえの,"Subject: An animal prepared as a ritual offering.

Composition: In a restrained ancient ceremonial scene, a robed attendant leads a garlanded ram toward a low stone altar with a small flame, showing the animal alive and unharmed.

Style: Use the attached invidious.png for drawing style only. Match its thick rounded dark-brown contours, simplified rounded shapes, and restrained 2D cartoon shading. Do not copy the reference subject or composition.

Framing: One compact composition, with the complete subject using about 80-90% of the square. Keep everything inside the frame.

Output: 512x512 PNG, RGBA, genuine transparent background. No text, numerals, labels, logos or watermark.",作成済み,,references/invidious.png
sclerosis.png,硬化症,硬化症,"Subject: Pathological hardening of tissue.

Composition: Show a medical cutaway of a hand with thickened, tightly packed connective tissue beneath taut skin, while a doctor gently tests a stiff finger that cannot bend fully.

Style: Use the attached invidious.png for drawing style only. Match its thick rounded dark-brown contours, simplified rounded shapes, and restrained 2D cartoon shading. Do not copy the reference subject or composition.

Framing: One compact composition, with the complete subject using about 80-90% of the square. Keep everything inside the frame.

Output: 512x512 PNG, RGBA, genuine transparent background. No text, numerals, labels, logos or watermark.",作成済み,,references/invidious.png
seafood.png,海産食品,海産食品,"Subject: Seafood prepared for cooking.

Composition: A shallow tray holds a cleaned whole fish, several pink shrimp, and a few closed mussels on crushed ice, with their distinct edible forms clearly separated within the same tray.

Style: Use the attached invidious.png for drawing style only. Match its thick rounded dark-brown contours, simplified rounded shapes, and restrained 2D cartoon shading. Do not copy the reference subject or composition.

Framing: One compact composition, with the complete subject using about 80-90% of the square. Keep everything inside the frame.

Output: 512x512 PNG, RGBA, genuine transparent background. No text, numerals, labels, logos or watermark.",作成済み,,references/invidious.png
signified.png,シニフィエ、所記,シニフィエ,"Subject: The mental concept evoked by a sign.

Composition: A reader holds a small card bearing TREE while a large connected thought bubble contains a leafy tree with trunk and roots; emphasize the tree concept inside the reader's mind.

Style: Use the attached invidious.png for drawing style only. Match its thick rounded dark-brown contours, simplified rounded shapes, and restrained 2D cartoon shading. Do not copy the reference subject or composition.

Framing: One compact composition, with the complete subject using about 80-90% of the square. Keep everything inside the frame.

Output: 512x512 PNG, RGBA, genuine transparent background. Only TREE is permitted on the small sign card. No incidental labels, logos or watermark.",作成済み,,references/invidious.png
staple.png,主食,主食,"Subject: Rice as a staple food.

Composition: Center a large bowl of steamed rice on a modest dining mat, with a pair of chopsticks and two much smaller side dishes showing that the rice is the main part of the meal.

Style: Use the attached invidious.png for drawing style only. Match its thick rounded dark-brown contours, simplified rounded shapes, and restrained 2D cartoon shading. Do not copy the reference subject or composition.

Framing: One compact composition, with the complete subject using about 80-90% of the square. Keep everything inside the frame.

Output: 512x512 PNG, RGBA, genuine transparent background. No text, numerals, labels, logos or watermark.",作成済み,,references/invidious.png
syringe.png,注射器,注射器,"Subject: A medical syringe.

Composition: Show one clean syringe diagonally, with a clear barrel, visible rubber plunger, finger grips, and a slender needle with its protective cap placed alongside.

Style: Use the attached invidious.png for drawing style only. Match its thick rounded dark-brown contours, simplified rounded shapes, and restrained 2D cartoon shading. Do not copy the reference subject or composition.

Framing: One compact composition, with the complete subject using about 80-90% of the square. Keep everything inside the frame.

Output: 512x512 PNG, RGBA, genuine transparent background. No text, numerals, labels, logos or watermark.",作成済み,,references/invidious.png
unreliable.png,信頼できない、信頼性のない,信頼性のない,"Subject: An unreliable chair.

Composition: A person cautiously sits on a chair whose loose leg folds outward, gripping the seat in alarm as a screw drops to the floor and the chair tips.

Style: Use the attached invidious.png for drawing style only. Match its thick rounded dark-brown contours, simplified rounded shapes, and restrained 2D cartoon shading. Do not copy the reference subject or composition.

Framing: One compact composition, with the complete subject using about 80-90% of the square. Keep everything inside the frame.

Output: 512x512 PNG, RGBA, genuine transparent background. No text, numerals, labels, logos or watermark.",作成済み,,references/invidious.png
vile.png,卑しむべき,卑しむべき,"Subject: A contemptible selfish act.

Composition: A well-dressed adult secretly takes coins from a blind street musician's open collection bowl while the musician continues playing, making the furtive hand and the victim's situation unmistakable.

Style: Use the attached invidious.png for drawing style only. Match its thick rounded dark-brown contours, simplified rounded shapes, and restrained 2D cartoon shading. Do not copy the reference subject or composition.

Framing: One compact composition, with the complete subject using about 80-90% of the square. Keep everything inside the frame.

Output: 512x512 PNG, RGBA, genuine transparent background. No text, numerals, labels, logos or watermark.",作成済み,,references/invidious.png
Anglican.png,アングリア人、アングリアの,アングリアの,"Subject: An East Anglian landscape.

Composition: Show Horsey Windpump's tall brick tower, dark cap, and four sails beside a reed-lined waterway, with flat grazing marshes extending behind it in the Norfolk Broads.

Style: Use the attached invidious.png for drawing style only. Match its thick rounded dark-brown contours, simplified rounded shapes, and restrained 2D cartoon shading. Do not copy the reference subject or composition.

Framing: One compact composition, with the complete subject using about 80-90% of the square. Keep everything inside the frame.

Output: 512x512 PNG, RGBA, genuine transparent background. No text, numerals, labels, logos or watermark.",作成済み,,references/invidious.png
Athena.png,アシーナ,アシーナ,"Subject: Athena, the Greek goddess of wisdom.

Composition: Athena stands in a long peplos and crested helmet, holding an upright spear and round shield, with a small owl perched close beside her shoulder.

Style: Use the attached invidious.png for drawing style only. Match its thick rounded dark-brown contours, simplified rounded shapes, and restrained 2D cartoon shading. Do not copy the reference subject or composition.

Framing: One compact composition, with the complete subject using about 80-90% of the square. Keep everything inside the frame.

Output: 512x512 PNG, RGBA, genuine transparent background. No text, numerals, labels, logos or watermark.",作成済み,,references/invidious.png
Cartesian.png,デカルトの,デカルトの,"Subject: The philosopher Rene Descartes at work.

Composition: Depict Descartes with shoulder-length dark hair, a narrow mustache, a black seventeenth-century doublet, and broad white collar, drawing two perpendicular axes and a curve on a sheet at his desk.

Style: Use the attached invidious.png for drawing style only. Match its thick rounded dark-brown contours, simplified rounded shapes, and restrained 2D cartoon shading. Do not copy the reference subject or composition.

Framing: One compact composition, with the complete subject using about 80-90% of the square. Keep everything inside the frame.

Output: 512x512 PNG, RGBA, genuine transparent background. Permit only the two perpendicular coordinate axes and a single curve on the paper, without axis letters or numerals. No incidental labels, logos or watermark.",作成済み,,references/invidious.png
Dover.png,ドーバー,ドーバー,"Subject: The Old State House in Dover, Delaware.

Composition: Center Dover's red-brick Old State House, with its white-trimmed central entrance, upper Palladian window, and small roof cupola, seen across the edge of the historic Green.

Style: Use the attached invidious.png for drawing style only. Match its thick rounded dark-brown contours, simplified rounded shapes, and restrained 2D cartoon shading. Do not copy the reference subject or composition.

Framing: One compact composition, with the complete subject using about 80-90% of the square. Keep everything inside the frame.

Output: 512x512 PNG, RGBA, genuine transparent background. No text, numerals, labels, logos or watermark.",作成済み,,references/invidious.png
Lutheran.png,ルター派,ルター派,"Subject: A Lutheran worship service.

Composition: Two worshippers hold an open hymnal before a wooden church altar, with a traditional Luther rose on the altar cloth: a black cross inside a red heart, surrounded by a white rose on blue.

Style: Use the attached invidious.png for drawing style only. Match its thick rounded dark-brown contours, simplified rounded shapes, and restrained 2D cartoon shading. Do not copy the reference subject or composition.

Framing: One compact composition, with the complete subject using about 80-90% of the square. Keep everything inside the frame.

Output: 512x512 PNG, RGBA, genuine transparent background. Permit the traditional Luther rose religious emblem described in the composition; omit organizational logos and all lettering. No incidental labels, logos or watermark.",作成済み,,references/invidious.png
Marianne.png,マリアン、マリアンヌ,マリアンヌ,"Subject: An ordinary adult named Marianne.

Composition: Show a smiling adult woman with shoulder-length brown hair, a mustard cardigan, and dark trousers seated comfortably with a closed book resting on her lap.

Style: Use the attached invidious.png for drawing style only. Match its thick rounded dark-brown contours, simplified rounded shapes, and restrained 2D cartoon shading. Do not copy the reference subject or composition.

Framing: One compact composition, with the complete subject using about 80-90% of the square. Keep everything inside the frame.

Output: 512x512 PNG, RGBA, genuine transparent background. No text, numerals, labels, logos or watermark.",作成済み,,references/invidious.png
Truman.png,トルーマン,トルーマン,"Subject: Harry S. Truman.

Composition: Depict Truman as a gray-haired older man with round wire-rim glasses and a dark mid-twentieth-century suit, seated upright at a presidential desk with one hand resting beside a fountain pen.

Style: Use the attached invidious.png for drawing style only. Match its thick rounded dark-brown contours, simplified rounded shapes, and restrained 2D cartoon shading. Do not copy the reference subject or composition.

Framing: One compact composition, with the complete subject using about 80-90% of the square. Keep everything inside the frame.

Output: 512x512 PNG, RGBA, genuine transparent background. No text, numerals, labels, logos or watermark.",作成済み,,references/invidious.png
ale.png,エール,エール,"Subject: A glass of ale.

Composition: Show a sturdy glass tankard filled with amber ale and topped by a dense cream-colored head of foam, with tiny bubbles rising through the drink.

Style: Use the attached invidious.png for drawing style only. Match its thick rounded dark-brown contours, simplified rounded shapes, and restrained 2D cartoon shading. Do not copy the reference subject or composition.

Framing: One compact composition, with the complete subject using about 80-90% of the square. Keep everything inside the frame.

Output: 512x512 PNG, RGBA, genuine transparent background. No text, numerals, labels, logos or watermark.",作成済み,,references/invidious.png
archival.png,記録文書の、古文書の,古文書の,"Subject: Historical records preserved in an archive.

Composition: A gloved archivist lifts a yellowed parchment bearing the old handwritten entry Three sacks of wheat received from an open protective storage box, with a tied bundle of aged letters lying inside beside it.

Style: Use the attached invidious.png for drawing style only. Match its thick rounded dark-brown contours, simplified rounded shapes, and restrained 2D cartoon shading. Do not copy the reference subject or composition.

Framing: One compact composition, with the complete subject using about 80-90% of the square. Keep everything inside the frame.

Output: 512x512 PNG, RGBA, genuine transparent background. Only the short archival entry Three sacks of wheat received is permitted on the parchment. No incidental labels, logos or watermark.",作成済み,,references/invidious.png
ballot.png,投票,投票,"Subject: Casting a ballot.

Composition: A voter lowers a folded paper ballot into the narrow slot of a sealed ballot box while an election attendant watches from the other side of the table.

Style: Use the attached invidious.png for drawing style only. Match its thick rounded dark-brown contours, simplified rounded shapes, and restrained 2D cartoon shading. Do not copy the reference subject or composition.

Framing: One compact composition, with the complete subject using about 80-90% of the square. Keep everything inside the frame.

Output: 512x512 PNG, RGBA, genuine transparent background. No text, numerals, labels, logos or watermark.",作成済み,,references/invidious.png
businessman.png,実業家,実業家,"Subject: A businessman managing a company.

Composition: A middle-aged man in a business suit sits at a desk reviewing a small factory model and an open ledger, while a colleague presents a neatly stacked set of product samples.

Style: Use the attached invidious.png for drawing style only. Match its thick rounded dark-brown contours, simplified rounded shapes, and restrained 2D cartoon shading. Do not copy the reference subject or composition.

Framing: One compact composition, with the complete subject using about 80-90% of the square. Keep everything inside the frame.

Output: 512x512 PNG, RGBA, genuine transparent background. No text, numerals, labels, logos or watermark.",作成済み,,references/invidious.png
civilisation.png,文明,文明,"Subject: An organized ancient civilization.

Composition: Show a compact ancient river city with mud-brick houses, a stepped temple, an irrigation channel, and people moving grain in baskets along an orderly street within the same settlement.

Style: Use the attached invidious.png for drawing style only. Match its thick rounded dark-brown contours, simplified rounded shapes, and restrained 2D cartoon shading. Do not copy the reference subject or composition.

Framing: One compact composition, with the complete subject using about 80-90% of the square. Keep everything inside the frame.

Output: 512x512 PNG, RGBA, genuine transparent background. No text, numerals, labels, logos or watermark.",作成済み,,references/invidious.png
dialectical.png,弁証的な,弁証的な,"Subject: Reasoning through questioning and disagreement.

Composition: Two thinkers discuss a straight stick partly submerged in a glass of water; one points at its apparently bent section while the other gestures toward the straight exposed end and challenges the claim.

Style: Use the attached invidious.png for drawing style only. Match its thick rounded dark-brown contours, simplified rounded shapes, and restrained 2D cartoon shading. Do not copy the reference subject or composition.

Framing: One compact composition, with the complete subject using about 80-90% of the square. Keep everything inside the frame.

Output: 512x512 PNG, RGBA, genuine transparent background. No text, numerals, labels, logos or watermark.",作成済み,,references/invidious.png
distillation.png,蒸留,蒸留,"Subject: A simple distillation apparatus.

Composition: A heated round flask sends vapor through a sloping water-cooled condenser into a separate receiving flask, where clear condensed droplets fall and collect at the bottom.

Style: Use the attached invidious.png for drawing style only. Match its thick rounded dark-brown contours, simplified rounded shapes, and restrained 2D cartoon shading. Do not copy the reference subject or composition.

Framing: One compact composition, with the complete subject using about 80-90% of the square. Keep everything inside the frame.

Output: 512x512 PNG, RGBA, genuine transparent background. No text, numerals, labels, logos or watermark.",作成済み,,references/invidious.png
flask.png,フラスコ,フラスコ,"Subject: A laboratory flask.

Composition: Show one clear conical laboratory flask with a broad flat base and narrow open neck, containing a shallow pool of blue liquid with a gently curved meniscus.

Style: Use the attached invidious.png for drawing style only. Match its thick rounded dark-brown contours, simplified rounded shapes, and restrained 2D cartoon shading. Do not copy the reference subject or composition.

Framing: One compact composition, with the complete subject using about 80-90% of the square. Keep everything inside the frame.

Output: 512x512 PNG, RGBA, genuine transparent background. No text, numerals, labels, logos or watermark.",作成済み,,references/invidious.png
foyer.png,ロビー、待合室,ロビー,"Subject: A theater lobby.

Composition: Show the entrance area of a small theater with a ticket counter to one side, a cushioned bench, and open double doors leading directly into rows of auditorium seats.

Style: Use the attached invidious.png for drawing style only. Match its thick rounded dark-brown contours, simplified rounded shapes, and restrained 2D cartoon shading. Do not copy the reference subject or composition.

Framing: One compact composition, with the complete subject using about 80-90% of the square. Keep everything inside the frame.

Output: 512x512 PNG, RGBA, genuine transparent background. No text, numerals, labels, logos or watermark.",作成済み,,references/invidious.png
hemoglobin.png,ヘモグロビン、血色素,ヘモグロビン,"Subject: A hemoglobin molecule carrying oxygen.

Composition: Show one compact molecular model composed of four rounded folded protein lobes, each enclosing a small ring-shaped heme group with an iron center and a paired oxygen molecule attached.

Style: Use the attached invidious.png for drawing style only. Match its thick rounded dark-brown contours, simplified rounded shapes, and restrained 2D cartoon shading. Do not copy the reference subject or composition.

Framing: One compact composition, with the complete subject using about 80-90% of the square. Keep everything inside the frame.

Output: 512x512 PNG, RGBA, genuine transparent background. No text, numerals, labels, logos or watermark.",作成済み,,references/invidious.png
housekeeper.png,家政婦、お手伝いさん,家政婦,"Subject: A housekeeper at work.

Composition: An adult housekeeper wearing a practical apron straightens the cushions on a sofa while holding a cleaning cloth, with a small bucket and neatly arranged cleaning tools beside the sofa.

Style: Use the attached invidious.png for drawing style only. Match its thick rounded dark-brown contours, simplified rounded shapes, and restrained 2D cartoon shading. Do not copy the reference subject or composition.

Framing: One compact composition, with the complete subject using about 80-90% of the square. Keep everything inside the frame.

Output: 512x512 PNG, RGBA, genuine transparent background. No text, numerals, labels, logos or watermark.",作成済み,,references/invidious.png
illustrative.png,理解を助ける、説明に役立つ,説明に役立つ,"Subject: A demonstration that clarifies an idea.

Composition: A teacher uses a wooden plank balanced on a small block to lift a heavy stone, while a student leans close and points at the rising stone with a newly understanding smile.

Style: Use the attached invidious.png for drawing style only. Match its thick rounded dark-brown contours, simplified rounded shapes, and restrained 2D cartoon shading. Do not copy the reference subject or composition.

Framing: One compact composition, with the complete subject using about 80-90% of the square. Keep everything inside the frame.

Output: 512x512 PNG, RGBA, genuine transparent background. No text, numerals, labels, logos or watermark.",作成済み,,references/invidious.png
macro-.png,「大きい」「長い」の意,大きい,"Subject: The prefix macro- expressing large size.

Composition: A person stands beneath a towering sunflower whose broad flower head and enormous leaves dwarf the person, with the entire tall stalk and both subjects' bases visible.

Style: Use the attached invidious.png for drawing style only. Match its thick rounded dark-brown contours, simplified rounded shapes, and restrained 2D cartoon shading. Do not copy the reference subject or composition.

Framing: One compact composition, with the complete subject using about 80-90% of the square. Keep everything inside the frame.

Output: 512x512 PNG, RGBA, genuine transparent background. No text, numerals, labels, logos or watermark.",作成済み,,references/invidious.png
manhood.png,成人男子であること,成人男子であること,"Subject: An adult man.

Composition: Show a fully grown man with a short beard and mature facial features standing upright in a plain shirt and trousers, his relaxed adult posture and proportions clearly visible.

Style: Use the attached invidious.png for drawing style only. Match its thick rounded dark-brown contours, simplified rounded shapes, and restrained 2D cartoon shading. Do not copy the reference subject or composition.

Framing: One compact composition, with the complete subject using about 80-90% of the square. Keep everything inside the frame.

Output: 512x512 PNG, RGBA, genuine transparent background. No text, numerals, labels, logos or watermark.",作成済み,,references/invidious.png
motto.png,標語、モットー,モットー,"Subject: A personal motto.

Composition: A craftsperson works carefully at a small bench beneath a pinned handwritten note reading Keep trying, with a repaired wooden toy in their hands and a few tools within reach.

Style: Use the attached invidious.png for drawing style only. Match its thick rounded dark-brown contours, simplified rounded shapes, and restrained 2D cartoon shading. Do not copy the reference subject or composition.

Framing: One compact composition, with the complete subject using about 80-90% of the square. Keep everything inside the frame.

Output: 512x512 PNG, RGBA, genuine transparent background. Only Keep trying is permitted on the motto note. No incidental labels, logos or watermark.",作成済み,,references/invidious.png
penal.png,刑罰の,刑罰の,"Subject: Punitive confinement.

Composition: An adult prisoner stands behind a locked cell door while a uniformed guard closes the heavy lock from outside, with the bars and confined space forming the central relationship.

Style: Use the attached invidious.png for drawing style only. Match its thick rounded dark-brown contours, simplified rounded shapes, and restrained 2D cartoon shading. Do not copy the reference subject or composition.

Framing: One compact composition, with the complete subject using about 80-90% of the square. Keep everything inside the frame.

Output: 512x512 PNG, RGBA, genuine transparent background. No text, numerals, labels, logos or watermark.",作成済み,,references/invidious.png
qi.png,気,気,"Subject: The traditional Chinese concept of qi.

Composition: A tai chi practitioner stands with bent knees and rounded arms, while a soft translucent ribbon curls from the lower abdomen along the arms to suggest the traditional idea of circulating inner energy.

Style: Use the attached invidious.png for drawing style only. Match its thick rounded dark-brown contours, simplified rounded shapes, and restrained 2D cartoon shading. Do not copy the reference subject or composition.

Framing: One compact composition, with the complete subject using about 80-90% of the square. Keep everything inside the frame.

Output: 512x512 PNG, RGBA, genuine transparent background. No text, numerals, labels, logos or watermark.",作成済み,,references/invidious.png
rhyme.png,韻,韻,"Subject: Rhyming words in a short verse.

Composition: An open notebook displays the two lines A little cat and Wore a red hat, with cat and hat placed at the right ends and underlined in the same color.

Style: Use the attached invidious.png for drawing style only. Match its thick rounded dark-brown contours, simplified rounded shapes, and restrained 2D cartoon shading. Do not copy the reference subject or composition.

Framing: One compact composition, with the complete subject using about 80-90% of the square. Keep everything inside the frame.

Output: 512x512 PNG, RGBA, genuine transparent background. Only the two verse lines A little cat and Wore a red hat, with underlines beneath cat and hat, are permitted. No incidental labels, logos or watermark.",作成済み,,references/invidious.png
richly.png,富裕に、豊かに,富裕に,"Subject: Living in wealth.

Composition: A relaxed adult reclines in a plush armchair in a richly furnished room, with a marble-topped table, a silver tea service, and a large jeweled ring visible on one hand.

Style: Use the attached invidious.png for drawing style only. Match its thick rounded dark-brown contours, simplified rounded shapes, and restrained 2D cartoon shading. Do not copy the reference subject or composition.

Framing: One compact composition, with the complete subject using about 80-90% of the square. Keep everything inside the frame.

Output: 512x512 PNG, RGBA, genuine transparent background. No text, numerals, labels, logos or watermark.",作成済み,,references/invidious.png
rogue.png,いたずらっ子、わんぱく小僧,いたずらっ子,"Subject: A mischievous child.

Composition: A grinning child crouches behind a chair after placing a harmless rubber frog on its seat, watching as an unsuspecting older sibling approaches the chair.

Style: Use the attached invidious.png for drawing style only. Match its thick rounded dark-brown contours, simplified rounded shapes, and restrained 2D cartoon shading. Do not copy the reference subject or composition.

Framing: One compact composition, with the complete subject using about 80-90% of the square. Keep everything inside the frame.

Output: 512x512 PNG, RGBA, genuine transparent background. No text, numerals, labels, logos or watermark.",作成済み,,references/invidious.png
slogan.png,スローガン,スローガン,"Subject: A short campaign slogan.

Composition: Two volunteers planting a sapling stand beside one hand-painted placard reading Plant a tree, with the bold short phrase clearly occupying the upper half of the sign.

Style: Use the attached invidious.png for drawing style only. Match its thick rounded dark-brown contours, simplified rounded shapes, and restrained 2D cartoon shading. Do not copy the reference subject or composition.

Framing: One compact composition, with the complete subject using about 80-90% of the square. Keep everything inside the frame.

Output: 512x512 PNG, RGBA, genuine transparent background. Only Plant a tree is permitted on the placard. No incidental labels, logos or watermark.",作成済み,,references/invidious.png
subcutaneous.png,皮下の,皮下の,"Subject: Something located beneath the skin.

Composition: Show a close medical cutaway of an arm with the skin lifted back slightly, exposing a small pale implant resting entirely within the yellow fatty layer directly beneath the skin.

Style: Use the attached invidious.png for drawing style only. Match its thick rounded dark-brown contours, simplified rounded shapes, and restrained 2D cartoon shading. Do not copy the reference subject or composition.

Framing: One compact composition, with the complete subject using about 80-90% of the square. Keep everything inside the frame.

Output: 512x512 PNG, RGBA, genuine transparent background. No text, numerals, labels, logos or watermark.",作成済み,,references/invidious.png
suction.png,吸引,吸引,"Subject: Suction pulling up debris.

Composition: A vacuum-cleaner nozzle hovers just above scattered paper scraps on a rug, with the nearest scraps lifting and curling into its opening as the tube extends out behind it.

Style: Use the attached invidious.png for drawing style only. Match its thick rounded dark-brown contours, simplified rounded shapes, and restrained 2D cartoon shading. Do not copy the reference subject or composition.

Framing: One compact composition, with the complete subject using about 80-90% of the square. Keep everything inside the frame.

Output: 512x512 PNG, RGBA, genuine transparent background. No text, numerals, labels, logos or watermark.",作成済み,,references/invidious.png
thud.png,ドスンという音、ゴツンという一撃,ドスンという音,"Subject: A heavy object landing with a thud.

Composition: A heavy wooden crate has just struck the floor beside a startled mover, with a compact burst of dust and short impact lines concentrated beneath the crate's flat base.

Style: Use the attached invidious.png for drawing style only. Match its thick rounded dark-brown contours, simplified rounded shapes, and restrained 2D cartoon shading. Do not copy the reference subject or composition.

Framing: One compact composition, with the complete subject using about 80-90% of the square. Keep everything inside the frame.

Output: 512x512 PNG, RGBA, genuine transparent background. No text, numerals, labels, logos or watermark.",作成済み,,references/invidious.png
woodland.png,森林地帯、森林,森林,"Subject: A patch of woodland.

Composition: Show a close stand of broadleaf trees with overlapping leafy crowns, sturdy trunks, low ferns, and a narrow earthen path winding between the trunks.

Style: Use the attached invidious.png for drawing style only. Match its thick rounded dark-brown contours, simplified rounded shapes, and restrained 2D cartoon shading. Do not copy the reference subject or composition.

Framing: One compact composition, with the complete subject using about 80-90% of the square. Keep everything inside the frame.

Output: 512x512 PNG, RGBA, genuine transparent background. No text, numerals, labels, logos or watermark.",作成済み,,references/invidious.png
Lyon.png,リヨン,リヨン,"Subject: Lyon beside the Saone.

Composition: Show warm-colored Renaissance buildings lining the Saone in Old Lyon, with Fourviere hill rising directly behind them and the pale basilica visible at its summit.

Style: Use the attached invidious.png for drawing style only. Match its thick rounded dark-brown contours, simplified rounded shapes, and restrained 2D cartoon shading. Do not copy the reference subject or composition.

Framing: One compact composition, with the complete subject using about 80-90% of the square. Keep everything inside the frame.

Output: 512x512 PNG, RGBA, genuine transparent background. No text, numerals, labels, logos or watermark.",作成済み,,references/invidious.png
Tobias.png,トバイアス、トビアス,トビアス,"Subject: Tobias from the Book of Tobit.

Composition: A young Tobias in a simple traveling tunic walks beside the winged angel Raphael, carrying a large silver fish by a cord while a small dog follows their feet.

Style: Use the attached invidious.png for drawing style only. Match its thick rounded dark-brown contours, simplified rounded shapes, and restrained 2D cartoon shading. Do not copy the reference subject or composition.

Framing: One compact composition, with the complete subject using about 80-90% of the square. Keep everything inside the frame.

Output: 512x512 PNG, RGBA, genuine transparent background. No text, numerals, labels, logos or watermark.",作成済み,,references/invidious.png
auto-.png,自動車,自動車,"Subject: A passenger car.

Composition: Show one compact blue car in three-quarter view, with four wheels, clear windows, two visible doors, and the full body from front bumper to rear bumper unobstructed.

Style: Use the attached invidious.png for drawing style only. Match its thick rounded dark-brown contours, simplified rounded shapes, and restrained 2D cartoon shading. Do not copy the reference subject or composition.

Framing: One compact composition, with the complete subject using about 80-90% of the square. Keep everything inside the frame.

Output: 512x512 PNG, RGBA, genuine transparent background. No text, numerals, labels, logos or watermark.",作成済み,,references/invidious.png
conceptualization.png,概念化,概念化,"Subject: Forming a general concept from examples.

Composition: A designer studies a wooden stool and an upholstered chair beside the desk, then sketches one stripped-down seat-and-back outline in a notebook, extracting their shared structure.

Style: Use the attached invidious.png for drawing style only. Match its thick rounded dark-brown contours, simplified rounded shapes, and restrained 2D cartoon shading. Do not copy the reference subject or composition.

Framing: One compact composition, with the complete subject using about 80-90% of the square. Keep everything inside the frame.

Output: 512x512 PNG, RGBA, genuine transparent background. No text, numerals, labels, logos or watermark.",作成済み,,references/invidious.png
deserving.png,当然受けるべきで,当然受けるべきで,"Subject: Someone deserving a reward.

Composition: A muddy rescue worker cradles a puppy brought safely from floodwater while its relieved owner gratefully offers the worker a medal, keeping the rescued puppy and thankful expressions prominent.

Style: Use the attached invidious.png for drawing style only. Match its thick rounded dark-brown contours, simplified rounded shapes, and restrained 2D cartoon shading. Do not copy the reference subject or composition.

Framing: One compact composition, with the complete subject using about 80-90% of the square. Keep everything inside the frame.

Output: 512x512 PNG, RGBA, genuine transparent background. No text, numerals, labels, logos or watermark.",作成済み,,references/invidious.png
dew.png,露,露,"Subject: Dew on a leaf.

Composition: Show a broad fresh green leaf covered in rounded clear dew beads, with one large droplet hanging from its pointed tip and catching a small morning highlight.

Style: Use the attached invidious.png for drawing style only. Match its thick rounded dark-brown contours, simplified rounded shapes, and restrained 2D cartoon shading. Do not copy the reference subject or composition.

Framing: One compact composition, with the complete subject using about 80-90% of the square. Keep everything inside the frame.

Output: 512x512 PNG, RGBA, genuine transparent background. No text, numerals, labels, logos or watermark.",作成済み,,references/invidious.png
entitlement.png,資格の付与,資格の付与,"Subject: Granting a qualification.

Composition: A training examiner hands a certificate and a rescue whistle to a newly qualified lifeguard beside a pool, while the recipient stands proudly next to a rescue buoy.

Style: Use the attached invidious.png for drawing style only. Match its thick rounded dark-brown contours, simplified rounded shapes, and restrained 2D cartoon shading. Do not copy the reference subject or composition.

Framing: One compact composition, with the complete subject using about 80-90% of the square. Keep everything inside the frame.

Output: 512x512 PNG, RGBA, genuine transparent background. No text, numerals, labels, logos or watermark.",作成済み,,references/invidious.png
eve.png,前日、前夜,前夜,"Subject: The night before Christmas.

Composition: A parent quietly places the last wrapped gift beneath a decorated Christmas tree while a child sleeps nearby under a blanket and a crescent moon is visible through the window.

Style: Use the attached invidious.png for drawing style only. Match its thick rounded dark-brown contours, simplified rounded shapes, and restrained 2D cartoon shading. Do not copy the reference subject or composition.

Framing: One compact composition, with the complete subject using about 80-90% of the square. Keep everything inside the frame.

Output: 512x512 PNG, RGBA, genuine transparent background. No text, numerals, labels, logos or watermark.",作成済み,,references/invidious.png
fraudulent.png,人をだます、詐欺行為を行う,人をだます,"Subject: A dishonest seller deceiving a buyer.

Composition: A produce seller secretly presses a thumb on the weighing pan beneath a pile of apples while smiling at a customer who is opening a coin purse on the opposite side.

Style: Use the attached invidious.png for drawing style only. Match its thick rounded dark-brown contours, simplified rounded shapes, and restrained 2D cartoon shading. Do not copy the reference subject or composition.

Framing: One compact composition, with the complete subject using about 80-90% of the square. Keep everything inside the frame.

Output: 512x512 PNG, RGBA, genuine transparent background. No text, numerals, labels, logos or watermark.",作成済み,,references/invidious.png
grease.png,グリース、潤滑油,グリース,"Subject: Thick lubricating grease.

Composition: A mechanic spreads a thick amber dollop of grease between exposed gear teeth with a small applicator, leaving the sticky lubricant visibly clinging to the metal surfaces.

Style: Use the attached invidious.png for drawing style only. Match its thick rounded dark-brown contours, simplified rounded shapes, and restrained 2D cartoon shading. Do not copy the reference subject or composition.

Framing: One compact composition, with the complete subject using about 80-90% of the square. Keep everything inside the frame.

Output: 512x512 PNG, RGBA, genuine transparent background. No text, numerals, labels, logos or watermark.",作成済み,,references/invidious.png
groove.png,溝,溝,"Subject: A groove cut into wood.

Composition: Show a carpenter's wooden board with one long narrow recessed channel running along its length, with a chisel resting at the channel's open end and fresh shavings beside it.

Style: Use the attached invidious.png for drawing style only. Match its thick rounded dark-brown contours, simplified rounded shapes, and restrained 2D cartoon shading. Do not copy the reference subject or composition.

Framing: One compact composition, with the complete subject using about 80-90% of the square. Keep everything inside the frame.

Output: 512x512 PNG, RGBA, genuine transparent background. No text, numerals, labels, logos or watermark.",作成済み,,references/invidious.png
hurricane.png,ハリケーン,ハリケーン,"Subject: A hurricane seen from above.

Composition: Show a powerful tropical cyclone over ocean water, with thick curved cloud bands wrapping tightly around a clearly open central eye and a small coastline at the outer edge.

Style: Use the attached invidious.png for drawing style only. Match its thick rounded dark-brown contours, simplified rounded shapes, and restrained 2D cartoon shading. Do not copy the reference subject or composition.

Framing: One compact composition, with the complete subject using about 80-90% of the square. Keep everything inside the frame.

Output: 512x512 PNG, RGBA, genuine transparent background. No text, numerals, labels, logos or watermark.",作成済み,,references/invidious.png
interdependence.png,持ちつ持たれつの関係、相互依存,相互依存,"Subject: Two people depending on one another.

Composition: Two climbers on a steep rock face are connected by a taut safety rope, with the upper climber holding the rope while the lower climber steadies the upper climber's foot on a secure ledge.

Style: Use the attached invidious.png for drawing style only. Match its thick rounded dark-brown contours, simplified rounded shapes, and restrained 2D cartoon shading. Do not copy the reference subject or composition.

Framing: One compact composition, with the complete subject using about 80-90% of the square. Keep everything inside the frame.

Output: 512x512 PNG, RGBA, genuine transparent background. No text, numerals, labels, logos or watermark.",作成済み,,references/invidious.png
mare@marko.png,雌馬,雌馬,"Subject: A mare with her foal.

Composition: Show a calm adult mare in side view while her small foal nurses beneath her belly, keeping the mare's head, legs, mane, and tail fully visible.

Style: Use the attached invidious.png for drawing style only. Match its thick rounded dark-brown contours, simplified rounded shapes, and restrained 2D cartoon shading. Do not copy the reference subject or composition.

Framing: One compact composition, with the complete subject using about 80-90% of the square. Keep everything inside the frame.

Output: 512x512 PNG, RGBA, genuine transparent background. No text, numerals, labels, logos or watermark.",作成済み,,references/invidious.png
mismatch.png,不適当に組み合わせる,不適当に組み合わせる,"Subject: Trying to fit mismatched parts.

Composition: A person tries to screw a thick bolt into a visibly smaller nut, holding the incompatible parts together while frowning at the bolt that cannot enter the opening.

Style: Use the attached invidious.png for drawing style only. Match its thick rounded dark-brown contours, simplified rounded shapes, and restrained 2D cartoon shading. Do not copy the reference subject or composition.

Framing: One compact composition, with the complete subject using about 80-90% of the square. Keep everything inside the frame.

Output: 512x512 PNG, RGBA, genuine transparent background. No text, numerals, labels, logos or watermark.",作成済み,,references/invidious.png
preterm.png,出産予定日より早い,出産予定日より早い,"Subject: A prematurely born baby.

Composition: A very small newborn rests under a soft blanket inside a clear neonatal incubator, while a parent places a careful hand through its round access port beside the baby's tiny hand.

Style: Use the attached invidious.png for drawing style only. Match its thick rounded dark-brown contours, simplified rounded shapes, and restrained 2D cartoon shading. Do not copy the reference subject or composition.

Framing: One compact composition, with the complete subject using about 80-90% of the square. Keep everything inside the frame.

Output: 512x512 PNG, RGBA, genuine transparent background. No text, numerals, labels, logos or watermark.",作成済み,,references/invidious.png
rag.png,布くず,布くず,"Subject: A scrap of old cloth.

Composition: Show a crumpled piece of faded cotton cloth with ragged torn edges and fraying threads, lying beside a small spill that it has partly wiped away.

Style: Use the attached invidious.png for drawing style only. Match its thick rounded dark-brown contours, simplified rounded shapes, and restrained 2D cartoon shading. Do not copy the reference subject or composition.

Framing: One compact composition, with the complete subject using about 80-90% of the square. Keep everything inside the frame.

Output: 512x512 PNG, RGBA, genuine transparent background. No text, numerals, labels, logos or watermark.",作成済み,,references/invidious.png
razor.png,かみそり,かみそり,"Subject: A safety razor.

Composition: Place one clean metal safety razor diagonally with its broad shaving head nearest the viewer and textured handle extending away, beside a small mound of shaving foam.

Style: Use the attached invidious.png for drawing style only. Match its thick rounded dark-brown contours, simplified rounded shapes, and restrained 2D cartoon shading. Do not copy the reference subject or composition.

Framing: One compact composition, with the complete subject using about 80-90% of the square. Keep everything inside the frame.

Output: 512x512 PNG, RGBA, genuine transparent background. No text, numerals, labels, logos or watermark.",作成済み,,references/invidious.png
remuneration.png,報酬,報酬,"Subject: Payment for completed work.

Composition: A homeowner hands an envelope of banknotes to a carpenter standing beside a freshly repaired wooden chair, while the carpenter holds a hammer loosely at their side.

Style: Use the attached invidious.png for drawing style only. Match its thick rounded dark-brown contours, simplified rounded shapes, and restrained 2D cartoon shading. Do not copy the reference subject or composition.

Framing: One compact composition, with the complete subject using about 80-90% of the square. Keep everything inside the frame.

Output: 512x512 PNG, RGBA, genuine transparent background. No text, numerals, labels, logos or watermark.",作成済み,,references/invidious.png
shadowy.png,影の多い,影の多い,"Subject: A shadow-filled passage.

Composition: Show a narrow stone walkway beneath dense overhanging branches, where overlapping dark shadows cover most of the paving and only a few small patches of light reach the ground.

Style: Use the attached invidious.png for drawing style only. Match its thick rounded dark-brown contours, simplified rounded shapes, and restrained 2D cartoon shading. Do not copy the reference subject or composition.

Framing: One compact composition, with the complete subject using about 80-90% of the square. Keep everything inside the frame.

Output: 512x512 PNG, RGBA, genuine transparent background. No text, numerals, labels, logos or watermark.",作成済み,,references/invidious.png
thinner.png,シンナー、薄め液,薄め液,"Subject: Paint thinner being used.

Composition: A gloved painter tips a small amount of clear thinner from a plain metal can into a pot of thick blue paint, while a mixing stick lifts a smoother, more fluid ribbon from the mixture.

Style: Use the attached invidious.png for drawing style only. Match its thick rounded dark-brown contours, simplified rounded shapes, and restrained 2D cartoon shading. Do not copy the reference subject or composition.

Framing: One compact composition, with the complete subject using about 80-90% of the square. Keep everything inside the frame.

Output: 512x512 PNG, RGBA, genuine transparent background. No text, numerals, labels, logos or watermark.",作成済み,,references/invidious.png
unspoken.png,言葉にしない、暗黙の,言葉にしない,"Subject: A feeling conveyed without words.

Composition: Two close friends sit side by side in silence; one looks worried while the other gently covers the friend's hand and gives a steady reassuring look.

Style: Use the attached invidious.png for drawing style only. Match its thick rounded dark-brown contours, simplified rounded shapes, and restrained 2D cartoon shading. Do not copy the reference subject or composition.

Framing: One compact composition, with the complete subject using about 80-90% of the square. Keep everything inside the frame.

Output: 512x512 PNG, RGBA, genuine transparent background. No text, numerals, labels, logos or watermark.",作成済み,,references/invidious.png
upbringing.png,しつけ、養育,しつけ,"Subject: Teaching a child good habits.

Composition: A parent patiently guides a young child to put muddy shoes neatly on a tray by the door, while the child places the second shoe beside the first.

Style: Use the attached invidious.png for drawing style only. Match its thick rounded dark-brown contours, simplified rounded shapes, and restrained 2D cartoon shading. Do not copy the reference subject or composition.

Framing: One compact composition, with the complete subject using about 80-90% of the square. Keep everything inside the frame.

Output: 512x512 PNG, RGBA, genuine transparent background. No text, numerals, labels, logos or watermark.",作成済み,,references/invidious.png
urea.png,尿素,尿素,"Subject: A sample of urea crystals.

Composition: Show a small laboratory dish filled with white urea crystals beside a single ball-and-stick molecule with one central carbon, one double-bonded oxygen, and two nitrogen groups each bearing two hydrogens.

Style: Use the attached invidious.png for drawing style only. Match its thick rounded dark-brown contours, simplified rounded shapes, and restrained 2D cartoon shading. Do not copy the reference subject or composition.

Framing: One compact composition, with the complete subject using about 80-90% of the square. Keep everything inside the frame.

Output: 512x512 PNG, RGBA, genuine transparent background. No text, numerals, labels, logos or watermark.",作成済み,,references/invidious.png
utopian.png,夢想家,夢想家,"Subject: An idealistic dreamer.

Composition: A dreamy adult sits with chin in hand over an unfinished city model, imagining in one connected thought bubble a spotless town where neighbors share gardens and every small house has flowering trees.

Style: Use the attached invidious.png for drawing style only. Match its thick rounded dark-brown contours, simplified rounded shapes, and restrained 2D cartoon shading. Do not copy the reference subject or composition.

Framing: One compact composition, with the complete subject using about 80-90% of the square. Keep everything inside the frame.

Output: 512x512 PNG, RGBA, genuine transparent background. No text, numerals, labels, logos or watermark.",作成済み,,references/invidious.png
vent@bheid.png,上着の切れ込み,上着の切れ込み,"Subject: The rear vent of a jacket.

Composition: Show the back of a fitted suit jacket on a standing adult, with the lower center vent opening slightly as one leg steps forward, exposing the overlapping fabric edges.

Style: Use the attached invidious.png for drawing style only. Match its thick rounded dark-brown contours, simplified rounded shapes, and restrained 2D cartoon shading. Do not copy the reference subject or composition.

Framing: One compact composition, with the complete subject using about 80-90% of the square. Keep everything inside the frame.

Output: 512x512 PNG, RGBA, genuine transparent background. No text, numerals, labels, logos or watermark.",作成済み,,references/invidious.png
Bethany.png,ベサニー,ベサニー,"Subject: The biblical village of Bethany.

Composition: Show a small cluster of pale flat-roofed stone houses on the eastern side of the Mount of Olives, with olive trees along the path and a rock-cut tomb entrance outside the village below it.

Style: Use the attached invidious.png for drawing style only. Match its thick rounded dark-brown contours, simplified rounded shapes, and restrained 2D cartoon shading. Do not copy the reference subject or composition.

Framing: One compact composition, with the complete subject using about 80-90% of the square. Keep everything inside the frame.

Output: 512x512 PNG, RGBA, genuine transparent background. No text, numerals, labels, logos or watermark.",作成済み,,references/invidious.png
Euclidean.png,ユークリッドの,ユークリッドの,"Subject: Euclidean geometric construction.

Composition: A hand uses a compass and straightedge on a flat sheet to construct an equilateral triangle from two intersecting circles, keeping the three straight sides and circular construction arcs clearly visible.

Style: Use the attached invidious.png for drawing style only. Match its thick rounded dark-brown contours, simplified rounded shapes, and restrained 2D cartoon shading. Do not copy the reference subject or composition.

Framing: One compact composition, with the complete subject using about 80-90% of the square. Keep everything inside the frame.

Output: 512x512 PNG, RGBA, genuine transparent background. Permit only the straight triangle sides and compass-drawn circular construction arcs, without labels, numerals, or formulas. No incidental labels, logos or watermark.",作成済み,,references/invidious.png
Kuwait.png,クウェート,クウェート,"Subject: Kuwait's coastal towers.

Composition: Show the three slender Kuwait Towers beside the Persian Gulf, with two blue-green spheres on the tallest tower, one sphere on the second, and the third tower remaining a plain pointed shaft.

Style: Use the attached invidious.png for drawing style only. Match its thick rounded dark-brown contours, simplified rounded shapes, and restrained 2D cartoon shading. Do not copy the reference subject or composition.

Framing: One compact composition, with the complete subject using about 80-90% of the square. Keep everything inside the frame.

Output: 512x512 PNG, RGBA, genuine transparent background. No text, numerals, labels, logos or watermark.",作成済み,,references/invidious.png
Lenin.png,レーニン,レーニン,"Subject: Vladimir Lenin.

Composition: Depict Lenin with a bald crown, short pointed beard, and mustache, wearing a dark early-twentieth-century suit and tie as he stands at a simple lectern with one hand raised.

Style: Use the attached invidious.png for drawing style only. Match its thick rounded dark-brown contours, simplified rounded shapes, and restrained 2D cartoon shading. Do not copy the reference subject or composition.

Framing: One compact composition, with the complete subject using about 80-90% of the square. Keep everything inside the frame.

Output: 512x512 PNG, RGBA, genuine transparent background. No text, numerals, labels, logos or watermark.",作成済み,,references/invidious.png
Prussia.png,プロイセン、プロシア,プロイセン,"Subject: The historical kingdom of Prussia.

Composition: Show Sanssouci Palace in Potsdam with its long low yellow facade and central dome above tiered vineyard terraces, keeping the palace and descending central stairway in one coherent view.

Style: Use the attached invidious.png for drawing style only. Match its thick rounded dark-brown contours, simplified rounded shapes, and restrained 2D cartoon shading. Do not copy the reference subject or composition.

Framing: One compact composition, with the complete subject using about 80-90% of the square. Keep everything inside the frame.

Output: 512x512 PNG, RGBA, genuine transparent background. No text, numerals, labels, logos or watermark.",作成済み,,references/invidious.png
aback.png,後方へ,後方へ,"Subject: Moving backward.

Composition: A person suddenly steps backward away from a bouncing ball, leaning their torso back with one foot retreating behind the other and their hands lifted in surprise.

Style: Use the attached invidious.png for drawing style only. Match its thick rounded dark-brown contours, simplified rounded shapes, and restrained 2D cartoon shading. Do not copy the reference subject or composition.

Framing: One compact composition, with the complete subject using about 80-90% of the square. Keep everything inside the frame.

Output: 512x512 PNG, RGBA, genuine transparent background. No text, numerals, labels, logos or watermark.",作成済み,,references/invidious.png
ardent.png,情熱的な,情熱的な,"Subject: An ardent musician.

Composition: A young violinist leans intensely into a performance with focused eyes, a flushed face, and a sweeping bow arm, holding the instrument firmly against the shoulder.

Style: Use the attached invidious.png for drawing style only. Match its thick rounded dark-brown contours, simplified rounded shapes, and restrained 2D cartoon shading. Do not copy the reference subject or composition.

Framing: One compact composition, with the complete subject using about 80-90% of the square. Keep everything inside the frame.

Output: 512x512 PNG, RGBA, genuine transparent background. No text, numerals, labels, logos or watermark.",作成済み,,references/invidious.png
canine.png,犬の,犬の,"Subject: A canine paw.

Composition: Show a dog's front leg and large paw resting forward, with short fur, blunt claws, and the soft dark paw pads visible as the animal lifts the paw slightly.

Style: Use the attached invidious.png for drawing style only. Match its thick rounded dark-brown contours, simplified rounded shapes, and restrained 2D cartoon shading. Do not copy the reference subject or composition.

Framing: One compact composition, with the complete subject using about 80-90% of the square. Keep everything inside the frame.

Output: 512x512 PNG, RGBA, genuine transparent background. No text, numerals, labels, logos or watermark.",作成済み,,references/invidious.png
chalk.png,チョーク、白墨,チョーク,"Subject: A stick of classroom chalk.

Composition: A hand grips a short white chalk stick against a dark slate board, leaving one broad pale curved stroke while small chalk dust particles gather beneath the tip.

Style: Use the attached invidious.png for drawing style only. Match its thick rounded dark-brown contours, simplified rounded shapes, and restrained 2D cartoon shading. Do not copy the reference subject or composition.

Framing: One compact composition, with the complete subject using about 80-90% of the square. Keep everything inside the frame.

Output: 512x512 PNG, RGBA, genuine transparent background. No text, numerals, labels, logos or watermark.",作成済み,,references/invidious.png
cohesive.png,粘着性がある,粘着性がある,"Subject: A cohesive sticky substance.

Composition: Two hands slowly pull apart a lump of soft dough, which stretches into a thick continuous band rather than breaking, with the sticky dough clinging to both palms.

Style: Use the attached invidious.png for drawing style only. Match its thick rounded dark-brown contours, simplified rounded shapes, and restrained 2D cartoon shading. Do not copy the reference subject or composition.

Framing: One compact composition, with the complete subject using about 80-90% of the square. Keep everything inside the frame.

Output: 512x512 PNG, RGBA, genuine transparent background. No text, numerals, labels, logos or watermark.",作成済み,,references/invidious.png
commandment.png,戒律、命令,命令,"Subject: A direct command.

Composition: A worksite foreman points firmly at a stack of beams and extends an open hand toward a worker, who immediately turns to lift the nearest beam in response.

Style: Use the attached invidious.png for drawing style only. Match its thick rounded dark-brown contours, simplified rounded shapes, and restrained 2D cartoon shading. Do not copy the reference subject or composition.

Framing: One compact composition, with the complete subject using about 80-90% of the square. Keep everything inside the frame.

Output: 512x512 PNG, RGBA, genuine transparent background. No text, numerals, labels, logos or watermark.",作成済み,,references/invidious.png
conveniently.png,都合よく、好都合に,好都合に,"Subject: Something conveniently within reach.

Composition: A person caught in sudden rain reaches into an umbrella stand positioned directly beside the open front door, taking an umbrella without stepping out into the wet doorway.

Style: Use the attached invidious.png for drawing style only. Match its thick rounded dark-brown contours, simplified rounded shapes, and restrained 2D cartoon shading. Do not copy the reference subject or composition.

Framing: One compact composition, with the complete subject using about 80-90% of the square. Keep everything inside the frame.

Output: 512x512 PNG, RGBA, genuine transparent background. No text, numerals, labels, logos or watermark.",作成済み,,references/invidious.png
deliverance.png,出産、発話,出産,"Subject: Childbirth just completed.

Composition: A tired but smiling mother reclines in a hospital bed as a midwife gently places a freshly swaddled newborn in her arms, with the delivery-bed setting kept simple and non-graphic.

Style: Use the attached invidious.png for drawing style only. Match its thick rounded dark-brown contours, simplified rounded shapes, and restrained 2D cartoon shading. Do not copy the reference subject or composition.

Framing: One compact composition, with the complete subject using about 80-90% of the square. Keep everything inside the frame.

Output: 512x512 PNG, RGBA, genuine transparent background. No text, numerals, labels, logos or watermark.",作成済み,,references/invidious.png
disapproval.png,不賛成、非難すること,不賛成,"Subject: Expressing disapproval.

Composition: An adult frowns and shakes their head with arms folded while another person proposes climbing a visibly broken ladder, keeping the rejecting expression and damaged ladder clearly visible.

Style: Use the attached invidious.png for drawing style only. Match its thick rounded dark-brown contours, simplified rounded shapes, and restrained 2D cartoon shading. Do not copy the reference subject or composition.

Framing: One compact composition, with the complete subject using about 80-90% of the square. Keep everything inside the frame.

Output: 512x512 PNG, RGBA, genuine transparent background. No text, numerals, labels, logos or watermark.",作成済み,,references/invidious.png
discontent.png,不満な、不機嫌な,不満な,"Subject: A dissatisfied customer.

Composition: A customer sits with a sour expression before a nearly empty soup bowl, folding one arm across the chest and pointing at the meager portion with the other hand while a server listens.

Style: Use the attached invidious.png for drawing style only. Match its thick rounded dark-brown contours, simplified rounded shapes, and restrained 2D cartoon shading. Do not copy the reference subject or composition.

Framing: One compact composition, with the complete subject using about 80-90% of the square. Keep everything inside the frame.

Output: 512x512 PNG, RGBA, genuine transparent background. No text, numerals, labels, logos or watermark.",作成済み,,references/invidious.png
dwarf.png,小人,小人,"Subject: An adult with very short stature.

Composition: Show a short-statured adult with a mature face and short limbs standing comfortably beside an ordinary kitchen counter, using a stable low step to reach a cup without caricature or mockery.

Style: Use the attached invidious.png for drawing style only. Match its thick rounded dark-brown contours, simplified rounded shapes, and restrained 2D cartoon shading. Do not copy the reference subject or composition.

Framing: One compact composition, with the complete subject using about 80-90% of the square. Keep everything inside the frame.

Output: 512x512 PNG, RGBA, genuine transparent background. No text, numerals, labels, logos or watermark.",作成済み,,references/invidious.png
fin.png,5ドル紙幣,5ドル紙幣,"Subject: A United States five-dollar bill.

Composition: Show one simplified green-gray banknote lying flat at a slight angle, with Lincoln's small oval portrait centered and clear numeral 5 denominations in the corners.

Style: Use the attached invidious.png for drawing style only. Match its thick rounded dark-brown contours, simplified rounded shapes, and restrained 2D cartoon shading. Do not copy the reference subject or composition.

Framing: One compact composition, with the complete subject using about 80-90% of the square. Keep everything inside the frame.

Output: 512x512 PNG, RGBA, genuine transparent background. Only the essential denomination numeral 5 is permitted on the simplified banknote; omit serial numbers and other print. No incidental labels, logos or watermark.",作成済み,,references/invidious.png
fright.png,強い恐怖,強い恐怖,"Subject: Sudden intense fright.

Composition: A hiker recoils from a snake coiled on the path, eyes wide, mouth open, shoulders raised, and both hands pulled close to the chest.

Style: Use the attached invidious.png for drawing style only. Match its thick rounded dark-brown contours, simplified rounded shapes, and restrained 2D cartoon shading. Do not copy the reference subject or composition.

Framing: One compact composition, with the complete subject using about 80-90% of the square. Keep everything inside the frame.

Output: 512x512 PNG, RGBA, genuine transparent background. No text, numerals, labels, logos or watermark.",作成済み,,references/invidious.png
homage.png,敬意,敬意,"Subject: Showing respect to an elder.

Composition: A young adult stands with a lowered head and respectfully offers a seat to an older person, keeping one open hand directed toward the chair and a warm attentive expression.

Style: Use the attached invidious.png for drawing style only. Match its thick rounded dark-brown contours, simplified rounded shapes, and restrained 2D cartoon shading. Do not copy the reference subject or composition.

Framing: One compact composition, with the complete subject using about 80-90% of the square. Keep everything inside the frame.

Output: 512x512 PNG, RGBA, genuine transparent background. No text, numerals, labels, logos or watermark.",作成済み,,references/invidious.png
horrific.png,恐ろしい、ゾッとするような,恐ろしい,"Subject: A terrifying sight.

Composition: A lone traveler freezes at a doorway as an enormous dark creature with long claws and glowing eyes looms just beyond it, with the traveler's frightened face visible in profile.

Style: Use the attached invidious.png for drawing style only. Match its thick rounded dark-brown contours, simplified rounded shapes, and restrained 2D cartoon shading. Do not copy the reference subject or composition.

Framing: One compact composition, with the complete subject using about 80-90% of the square. Keep everything inside the frame.

Output: 512x512 PNG, RGBA, genuine transparent background. No text, numerals, labels, logos or watermark.",作成済み,,references/invidious.png
incarceration.png,投獄、監禁,投獄,"Subject: Being placed in prison.

Composition: A uniformed guard escorts a subdued adult through an open barred cell doorway, one hand indicating the small bed inside while the heavy door stands ready to close.

Style: Use the attached invidious.png for drawing style only. Match its thick rounded dark-brown contours, simplified rounded shapes, and restrained 2D cartoon shading. Do not copy the reference subject or composition.

Framing: One compact composition, with the complete subject using about 80-90% of the square. Keep everything inside the frame.

Output: 512x512 PNG, RGBA, genuine transparent background. No text, numerals, labels, logos or watermark.",作成済み,,references/invidious.png
modular.png,モジュール式の,モジュール式の,"Subject: Modular shelving.

Composition: A person slides one identical square storage unit onto two connected shelf units, with exposed matching pegs and sockets showing how the separate boxes lock together.

Style: Use the attached invidious.png for drawing style only. Match its thick rounded dark-brown contours, simplified rounded shapes, and restrained 2D cartoon shading. Do not copy the reference subject or composition.

Framing: One compact composition, with the complete subject using about 80-90% of the square. Keep everything inside the frame.

Output: 512x512 PNG, RGBA, genuine transparent background. No text, numerals, labels, logos or watermark.",作成済み,,references/invidious.png
nomination.png,指名,指名,"Subject: Nominating a person.

Composition: At a small committee table, the chairperson points to one surprised member who touches their own chest, while the other two members turn toward that selected person.

Style: Use the attached invidious.png for drawing style only. Match its thick rounded dark-brown contours, simplified rounded shapes, and restrained 2D cartoon shading. Do not copy the reference subject or composition.

Framing: One compact composition, with the complete subject using about 80-90% of the square. Keep everything inside the frame.

Output: 512x512 PNG, RGBA, genuine transparent background. No text, numerals, labels, logos or watermark.",作成済み,,references/invidious.png
primacy.png,最重要、第1位,第1位,"Subject: First place in a competition.

Composition: A smiling athlete wearing a gold medal stands on the highest central podium block, with two other athletes on lower blocks to either side and the winner raising a small trophy.

Style: Use the attached invidious.png for drawing style only. Match its thick rounded dark-brown contours, simplified rounded shapes, and restrained 2D cartoon shading. Do not copy the reference subject or composition.

Framing: One compact composition, with the complete subject using about 80-90% of the square. Keep everything inside the frame.

Output: 512x512 PNG, RGBA, genuine transparent background. No text, numerals, labels, logos or watermark.",作成済み,,references/invidious.png
reef.png,礁,礁,"Subject: A shallow reef.

Composition: Show a submerged rocky ridge covered with branching corals just beneath a strip of clear sea surface, with two small fish swimming around the ridge and a little wave breaking above it.

Style: Use the attached invidious.png for drawing style only. Match its thick rounded dark-brown contours, simplified rounded shapes, and restrained 2D cartoon shading. Do not copy the reference subject or composition.

Framing: One compact composition, with the complete subject using about 80-90% of the square. Keep everything inside the frame.

Output: 512x512 PNG, RGBA, genuine transparent background. No text, numerals, labels, logos or watermark.",作成済み,,references/invidious.png
self-interest.png,利己心、私欲,利己心,"Subject: Acting out of self-interest.

Composition: At a shared table, one person pulls the platter toward themselves and takes nearly all the cake slices onto their own plate, while two companions stare at their empty plates.

Style: Use the attached invidious.png for drawing style only. Match its thick rounded dark-brown contours, simplified rounded shapes, and restrained 2D cartoon shading. Do not copy the reference subject or composition.

Framing: One compact composition, with the complete subject using about 80-90% of the square. Keep everything inside the frame.

Output: 512x512 PNG, RGBA, genuine transparent background. No text, numerals, labels, logos or watermark.",作成済み,,references/invidious.png
spirited.png,元気のよい,元気のよい,"Subject: An energetic child.

Composition: A cheerful child bounds forward in a high skipping step, knees lifted and arms swinging, with a broad open smile and both shoes fully visible.

Style: Use the attached invidious.png for drawing style only. Match its thick rounded dark-brown contours, simplified rounded shapes, and restrained 2D cartoon shading. Do not copy the reference subject or composition.

Framing: One compact composition, with the complete subject using about 80-90% of the square. Keep everything inside the frame.

Output: 512x512 PNG, RGBA, genuine transparent background. No text, numerals, labels, logos or watermark.",作成済み,,references/invidious.png
stratification.png,成層、地層,地層,"Subject: Layers of rock in the ground.

Composition: Show a single exposed cliff face with clearly stacked horizontal bands of sandstone, dark shale, and pale limestone, with a few small pebbles at its base.

Style: Use the attached invidious.png for drawing style only. Match its thick rounded dark-brown contours, simplified rounded shapes, and restrained 2D cartoon shading. Do not copy the reference subject or composition.

Framing: One compact composition, with the complete subject using about 80-90% of the square. Keep everything inside the frame.

Output: 512x512 PNG, RGBA, genuine transparent background. No text, numerals, labels, logos or watermark.",作成済み,,references/invidious.png
thinker.png,思想家、考え方が～な人,思想家,"Subject: A philosopher in deep thought.

Composition: An older thinker sits at a plain desk with chin resting on one hand, studying an open book beside a small human statuette and a globe while the other hand holds a quill above paper.

Style: Use the attached invidious.png for drawing style only. Match its thick rounded dark-brown contours, simplified rounded shapes, and restrained 2D cartoon shading. Do not copy the reference subject or composition.

Framing: One compact composition, with the complete subject using about 80-90% of the square. Keep everything inside the frame.

Output: 512x512 PNG, RGBA, genuine transparent background. No text, numerals, labels, logos or watermark.",作成済み,,references/invidious.png
tighten.png,堅く締める、締め付ける,堅く締める,"Subject: Tightening a bolt.

Composition: A mechanic turns a spanner firmly around the nut on a metal bracket, drawing the two bracket plates snugly together while the other hand braces the assembly.

Style: Use the attached invidious.png for drawing style only. Match its thick rounded dark-brown contours, simplified rounded shapes, and restrained 2D cartoon shading. Do not copy the reference subject or composition.

Framing: One compact composition, with the complete subject using about 80-90% of the square. Keep everything inside the frame.

Output: 512x512 PNG, RGBA, genuine transparent background. No text, numerals, labels, logos or watermark.",作成済み,,references/invidious.png
whereabouts.png,どの辺りに,どの辺りに,"Subject: Asking approximately where a place is.

Composition: A visitor holds a small picture of a red-roofed house and looks questioningly at a local resident, who gestures broadly toward a cluster of nearby houses rather than a single doorway.

Style: Use the attached invidious.png for drawing style only. Match its thick rounded dark-brown contours, simplified rounded shapes, and restrained 2D cartoon shading. Do not copy the reference subject or composition.

Framing: One compact composition, with the complete subject using about 80-90% of the square. Keep everything inside the frame.

Output: 512x512 PNG, RGBA, genuine transparent background. No text, numerals, labels, logos or watermark.",作成済み,,references/invidious.png
Afro-.png,アフロ型,アフロ型,"Subject: An Afro hairstyle.

Composition: Show a head-and-shoulders portrait of a smiling adult whose dense tight curls form a full rounded halo of hair, with the complete curved outline of the hairstyle clearly visible.

Style: Use the attached invidious.png for drawing style only. Match its thick rounded dark-brown contours, simplified rounded shapes, and restrained 2D cartoon shading. Do not copy the reference subject or composition.

Framing: One compact composition, with the complete subject using about 80-90% of the square. Keep everything inside the frame.

Output: 512x512 PNG, RGBA, genuine transparent background. No text, numerals, labels, logos or watermark.",作成済み,,references/invidious.png
Doris.png,ドリス,ドリス,"Subject: Ancient Doris in central Greece.

Composition: Show a narrow green river valley enclosed by the rugged slopes of Mount Oeta and Mount Parnassus, with a small ancient stone settlement clustered above the riverbank.

Style: Use the attached invidious.png for drawing style only. Match its thick rounded dark-brown contours, simplified rounded shapes, and restrained 2D cartoon shading. Do not copy the reference subject or composition.

Framing: One compact composition, with the complete subject using about 80-90% of the square. Keep everything inside the frame.

Output: 512x512 PNG, RGBA, genuine transparent background. No text, numerals, labels, logos or watermark.",作成済み,,references/invidious.png
Galatians.png,ガラテヤ人への手紙、ガラテヤ書,ガラテヤ人への手紙,"Subject: Paul's Letter to the Galatians.

Composition: Show an open New Testament with a ribbon marking a page headed Galatians, followed by the brief opening Paul, to the churches of Galatia and Grace and peace to you, with a quill laid beside the book.

Style: Use the attached invidious.png for drawing style only. Match its thick rounded dark-brown contours, simplified rounded shapes, and restrained 2D cartoon shading. Do not copy the reference subject or composition.

Framing: One compact composition, with the complete subject using about 80-90% of the square. Keep everything inside the frame.

Output: 512x512 PNG, RGBA, genuine transparent background. Only Galatians, Paul, to the churches of Galatia, and Grace and peace to you are permitted on the open book. No incidental labels, logos or watermark.",作成済み,,references/invidious.png
ark.png,方舟,方舟,"Subject: Noah's ark.

Composition: A large wooden ark with a broad rounded hull and boxlike upper shelter floats on floodwater, with paired giraffe heads and two small birds visible near its open upper windows.

Style: Use the attached invidious.png for drawing style only. Match its thick rounded dark-brown contours, simplified rounded shapes, and restrained 2D cartoon shading. Do not copy the reference subject or composition.

Framing: One compact composition, with the complete subject using about 80-90% of the square. Keep everything inside the frame.

Output: 512x512 PNG, RGBA, genuine transparent background. No text, numerals, labels, logos or watermark.",作成済み,,references/invidious.png
armchair.png,肘掛け椅子,肘掛け椅子,"Subject: A padded armchair.

Composition: Show one comfortable upholstered armchair at a slight angle, with a broad seat cushion, tall rounded back, two substantial padded armrests, and four short wooden legs.

Style: Use the attached invidious.png for drawing style only. Match its thick rounded dark-brown contours, simplified rounded shapes, and restrained 2D cartoon shading. Do not copy the reference subject or composition.

Framing: One compact composition, with the complete subject using about 80-90% of the square. Keep everything inside the frame.

Output: 512x512 PNG, RGBA, genuine transparent background. No text, numerals, labels, logos or watermark.",作成済み,,references/invidious.png
articular.png,関節の,関節の,"Subject: The surfaces of a knee joint.

Composition: Show a clean cutaway of a bent knee, with the rounded end of the femur meeting the top of the tibia and their smooth pale cartilage surfaces clearly separated by the joint space.

Style: Use the attached invidious.png for drawing style only. Match its thick rounded dark-brown contours, simplified rounded shapes, and restrained 2D cartoon shading. Do not copy the reference subject or composition.

Framing: One compact composition, with the complete subject using about 80-90% of the square. Keep everything inside the frame.

Output: 512x512 PNG, RGBA, genuine transparent background. No text, numerals, labels, logos or watermark.",作成済み,,references/invidious.png
awaken.png,覚める,覚める,"Subject: Waking from sleep.

Composition: A person sits up in bed with newly opened eyes and a stretching yawn, one hand pushing aside the blanket as early light enters through a nearby window.

Style: Use the attached invidious.png for drawing style only. Match its thick rounded dark-brown contours, simplified rounded shapes, and restrained 2D cartoon shading. Do not copy the reference subject or composition.

Framing: One compact composition, with the complete subject using about 80-90% of the square. Keep everything inside the frame.

Output: 512x512 PNG, RGBA, genuine transparent background. No text, numerals, labels, logos or watermark.",作成済み,,references/invidious.png
bartender.png,バーテンダー,バーテンダー,"Subject: A bartender serving a drink.

Composition: A bartender in a vest stands behind a bar and pours a mixed drink from a metal shaker into a stemmed glass, with one waiting customer resting an elbow on the counter.

Style: Use the attached invidious.png for drawing style only. Match its thick rounded dark-brown contours, simplified rounded shapes, and restrained 2D cartoon shading. Do not copy the reference subject or composition.

Framing: One compact composition, with the complete subject using about 80-90% of the square. Keep everything inside the frame.

Output: 512x512 PNG, RGBA, genuine transparent background. No text, numerals, labels, logos or watermark.",作成済み,,references/invidious.png
caffeine.png,カフェイン,カフェイン,"Subject: Caffeine isolated from coffee.

Composition: Show a laboratory watch glass holding a small mound of white needlelike caffeine crystals, with a cup of black coffee and a few roasted beans immediately beside it.

Style: Use the attached invidious.png for drawing style only. Match its thick rounded dark-brown contours, simplified rounded shapes, and restrained 2D cartoon shading. Do not copy the reference subject or composition.

Framing: One compact composition, with the complete subject using about 80-90% of the square. Keep everything inside the frame.

Output: 512x512 PNG, RGBA, genuine transparent background. No text, numerals, labels, logos or watermark.",作成済み,,references/invidious.png
caravan.png,キャラバン,キャラバン,"Subject: A traveling camel caravan.

Composition: Three loaded camels walk nose-to-tail along one sandy track between low dunes, each carrying tied bundles while a guide leads the front camel by a rope.

Style: Use the attached invidious.png for drawing style only. Match its thick rounded dark-brown contours, simplified rounded shapes, and restrained 2D cartoon shading. Do not copy the reference subject or composition.

Framing: One compact composition, with the complete subject using about 80-90% of the square. Keep everything inside the frame.

Output: 512x512 PNG, RGBA, genuine transparent background. No text, numerals, labels, logos or watermark.",作成済み,,references/invidious.png
clutch.png,ぐいとつかむ,ぐいとつかむ,"Subject: Grasping suddenly and tightly.

Composition: A person abruptly catches a slipping backpack by its top handle, fingers tightly clenched around the strap while the bag hangs just above the floor.

Style: Use the attached invidious.png for drawing style only. Match its thick rounded dark-brown contours, simplified rounded shapes, and restrained 2D cartoon shading. Do not copy the reference subject or composition.

Framing: One compact composition, with the complete subject using about 80-90% of the square. Keep everything inside the frame.

Output: 512x512 PNG, RGBA, genuine transparent background. No text, numerals, labels, logos or watermark.",作成済み,,references/invidious.png
cozy.png,暖かい、居心地が良い,居心地が良い,"Subject: A cozy resting place.

Composition: A relaxed adult curls up in a cushioned armchair under a thick knitted blanket, holding a steaming mug beside a small fireplace covered by a protective screen.

Style: Use the attached invidious.png for drawing style only. Match its thick rounded dark-brown contours, simplified rounded shapes, and restrained 2D cartoon shading. Do not copy the reference subject or composition.

Framing: One compact composition, with the complete subject using about 80-90% of the square. Keep everything inside the frame.

Output: 512x512 PNG, RGBA, genuine transparent background. No text, numerals, labels, logos or watermark.",作成済み,,references/invidious.png
disobedience.png,不服従、反抗,不服従,"Subject: Refusing to obey.

Composition: A parent points toward a toy box while a stubborn child turns away with arms crossed, leaving several toys scattered on the floor between the child and the box.

Style: Use the attached invidious.png for drawing style only. Match its thick rounded dark-brown contours, simplified rounded shapes, and restrained 2D cartoon shading. Do not copy the reference subject or composition.

Framing: One compact composition, with the complete subject using about 80-90% of the square. Keep everything inside the frame.

Output: 512x512 PNG, RGBA, genuine transparent background. No text, numerals, labels, logos or watermark.",作成済み,,references/invidious.png
earl.png,伯爵,伯爵,"Subject: A British earl in ceremonial dress.

Composition: Show an adult nobleman in a crimson robe with an ermine cape, holding a coronet whose rim has alternating low strawberry leaves and tall pearl-tipped stalks.

Style: Use the attached invidious.png for drawing style only. Match its thick rounded dark-brown contours, simplified rounded shapes, and restrained 2D cartoon shading. Do not copy the reference subject or composition.

Framing: One compact composition, with the complete subject using about 80-90% of the square. Keep everything inside the frame.

Output: 512x512 PNG, RGBA, genuine transparent background. No text, numerals, labels, logos or watermark.",作成済み,,references/invidious.png
ethylene.png,エチレン,エチレン,"Subject: An ethylene molecule.

Composition: Show one flat ball-and-stick model with two black carbon atoms joined by a double bond, each carbon bonded to two white hydrogen atoms arranged around the outer edges.

Style: Use the attached invidious.png for drawing style only. Match its thick rounded dark-brown contours, simplified rounded shapes, and restrained 2D cartoon shading. Do not copy the reference subject or composition.

Framing: One compact composition, with the complete subject using about 80-90% of the square. Keep everything inside the frame.

Output: 512x512 PNG, RGBA, genuine transparent background. No text, numerals, labels, logos or watermark.",作成済み,,references/invidious.png
far-reaching.png,広範囲に及ぶ、遠くまで伝わる,遠くまで伝わる,"Subject: A signal reaching far away.

Composition: A lighthouse on a rocky headland projects a long narrow beam across a wide stretch of sea to a small ship near the distant horizon, keeping the beam continuous between them.

Style: Use the attached invidious.png for drawing style only. Match its thick rounded dark-brown contours, simplified rounded shapes, and restrained 2D cartoon shading. Do not copy the reference subject or composition.

Framing: One compact composition, with the complete subject using about 80-90% of the square. Keep everything inside the frame.

Output: 512x512 PNG, RGBA, genuine transparent background. No text, numerals, labels, logos or watermark.",作成済み,,references/invidious.png
gravely.png,重大に、厳かに,厳かに,"Subject: Acting solemnly at a memorial.

Composition: A formally dressed adult lowers their head and slowly lays a wreath before a plain memorial stone, with still shoulders, closed lips, and a second mourner standing quietly behind.

Style: Use the attached invidious.png for drawing style only. Match its thick rounded dark-brown contours, simplified rounded shapes, and restrained 2D cartoon shading. Do not copy the reference subject or composition.

Framing: One compact composition, with the complete subject using about 80-90% of the square. Keep everything inside the frame.

Output: 512x512 PNG, RGBA, genuine transparent background. No text, numerals, labels, logos or watermark.",作成済み,,references/invidious.png
hydrocarbon.png,炭化水素,炭化水素,"Subject: A simple hydrocarbon molecule.

Composition: Show a methane ball-and-stick model with one central black carbon atom bonded to exactly four white hydrogen atoms in a tetrahedral arrangement, with no other kinds of atoms present.

Style: Use the attached invidious.png for drawing style only. Match its thick rounded dark-brown contours, simplified rounded shapes, and restrained 2D cartoon shading. Do not copy the reference subject or composition.

Framing: One compact composition, with the complete subject using about 80-90% of the square. Keep everything inside the frame.

Output: 512x512 PNG, RGBA, genuine transparent background. No text, numerals, labels, logos or watermark.",作成済み,,references/invidious.png
medal.png,メダル,メダル,"Subject: An award medal.

Composition: Show a round gold medal hanging from a folded red-and-blue ribbon, with a raised laurel wreath surrounding a simple star on its face and the full ribbon loop visible.

Style: Use the attached invidious.png for drawing style only. Match its thick rounded dark-brown contours, simplified rounded shapes, and restrained 2D cartoon shading. Do not copy the reference subject or composition.

Framing: One compact composition, with the complete subject using about 80-90% of the square. Keep everything inside the frame.

Output: 512x512 PNG, RGBA, genuine transparent background. No text, numerals, labels, logos or watermark.",作成済み,,references/invidious.png
memorandum.png,覚え書き,覚え書き,"Subject: A written reminder note.

Composition: A small notepad beside a pair of keys carries the brief handwritten reminder Bring the keys, with a pencil laid across the lower blank half of the page.

Style: Use the attached invidious.png for drawing style only. Match its thick rounded dark-brown contours, simplified rounded shapes, and restrained 2D cartoon shading. Do not copy the reference subject or composition.

Framing: One compact composition, with the complete subject using about 80-90% of the square. Keep everything inside the frame.

Output: 512x512 PNG, RGBA, genuine transparent background. Only Bring the keys is permitted on the reminder note. No incidental labels, logos or watermark.",作成済み,,references/invidious.png
porcelain.png,磁器,磁器,"Subject: A porcelain teacup.

Composition: Show a thin-walled white porcelain teacup on its matching saucer, with a delicate blue floral pattern, a curved handle, and a subtly translucent rim catching the light.

Style: Use the attached invidious.png for drawing style only. Match its thick rounded dark-brown contours, simplified rounded shapes, and restrained 2D cartoon shading. Do not copy the reference subject or composition.

Framing: One compact composition, with the complete subject using about 80-90% of the square. Keep everything inside the frame.

Output: 512x512 PNG, RGBA, genuine transparent background. No text, numerals, labels, logos or watermark.",作成済み,,references/invidious.png
puberty.png,思春期、年頃,思春期,"Subject: A teenager noticing puberty.

Composition: A fully clothed teenage boy looks into a bathroom mirror and gently touches a few new spots on his cheek, with a faint first mustache and a slightly self-conscious expression.

Style: Use the attached invidious.png for drawing style only. Match its thick rounded dark-brown contours, simplified rounded shapes, and restrained 2D cartoon shading. Do not copy the reference subject or composition.

Framing: One compact composition, with the complete subject using about 80-90% of the square. Keep everything inside the frame.

Output: 512x512 PNG, RGBA, genuine transparent background. No text, numerals, labels, logos or watermark.",作成済み,,references/invidious.png
reset.png,リセットされた状態になる,リセットされた状態になる,"Subject: A stopwatch returned to its starting state.

Composition: A finger presses the reset button of an analog stopwatch whose main hand and small subdial hand have both returned vertically to their starting tick marks.

Style: Use the attached invidious.png for drawing style only. Match its thick rounded dark-brown contours, simplified rounded shapes, and restrained 2D cartoon shading. Do not copy the reference subject or composition.

Framing: One compact composition, with the complete subject using about 80-90% of the square. Keep everything inside the frame.

Output: 512x512 PNG, RGBA, genuine transparent background. Permit only the unnumbered dial tick marks needed to show both hands at their starting positions. No incidental labels, logos or watermark.",作成済み,,references/invidious.png
seasoned.png,熟練した,熟練した,"Subject: An experienced craftsperson.

Composition: An older carpenter confidently guides a hand plane along a wooden board, producing one long even shaving while inspecting the smooth surface with a practiced, calm expression.

Style: Use the attached invidious.png for drawing style only. Match its thick rounded dark-brown contours, simplified rounded shapes, and restrained 2D cartoon shading. Do not copy the reference subject or composition.

Framing: One compact composition, with the complete subject using about 80-90% of the square. Keep everything inside the frame.

Output: 512x512 PNG, RGBA, genuine transparent background. No text, numerals, labels, logos or watermark.",作成済み,,references/invidious.png
slate.png,粘板岩,粘板岩,"Subject: A piece of slate rock.

Composition: Show a dark gray slate slab with thin parallel layers visible along its broken edge, with one small flake lifting cleanly from the smooth flat surface.

Style: Use the attached invidious.png for drawing style only. Match its thick rounded dark-brown contours, simplified rounded shapes, and restrained 2D cartoon shading. Do not copy the reference subject or composition.

Framing: One compact composition, with the complete subject using about 80-90% of the square. Keep everything inside the frame.

Output: 512x512 PNG, RGBA, genuine transparent background. No text, numerals, labels, logos or watermark.",作成済み,,references/invidious.png
speeding.png,スピード違反,スピード違反,"Subject: A driver exceeding the posted speed limit.

Composition: A car rushes past a roadside sign marked 40 while a traffic officer's radar display reads 80; the officer raises one hand to signal the speeding driver to stop.

Style: Use the attached invidious.png for drawing style only. Match its thick rounded dark-brown contours, simplified rounded shapes, and restrained 2D cartoon shading. Do not copy the reference subject or composition.

Framing: One compact composition, with the complete subject using about 80-90% of the square. Keep everything inside the frame.

Output: 512x512 PNG, RGBA, genuine transparent background. Only 40 on the road sign and 80 on the radar display are permitted, making the exceeded limit explicit. No incidental labels, logos or watermark.",作成済み,,references/invidious.png
steward.png,スチュワード,スチュワード,"Subject: A male cabin steward.

Composition: A male flight attendant in a neat uniform stands in an aircraft aisle and hands a glass of water from a service trolley to a seated passenger.

Style: Use the attached invidious.png for drawing style only. Match its thick rounded dark-brown contours, simplified rounded shapes, and restrained 2D cartoon shading. Do not copy the reference subject or composition.

Framing: One compact composition, with the complete subject using about 80-90% of the square. Keep everything inside the frame.

Output: 512x512 PNG, RGBA, genuine transparent background. No text, numerals, labels, logos or watermark.",作成済み,,references/invidious.png
stringent.png,厳しい,厳しい,"Subject: Strict inspection.

Composition: A stern quality inspector holds a tiny cracked ceramic cup under a magnifying glass and firmly pushes it away from a tray of accepted cups while the maker watches attentively.

Style: Use the attached invidious.png for drawing style only. Match its thick rounded dark-brown contours, simplified rounded shapes, and restrained 2D cartoon shading. Do not copy the reference subject or composition.

Framing: One compact composition, with the complete subject using about 80-90% of the square. Keep everything inside the frame.

Output: 512x512 PNG, RGBA, genuine transparent background. No text, numerals, labels, logos or watermark.",作成済み,,references/invidious.png
supervisory.png,監督の,監督の,"Subject: A supervisor overseeing work.

Composition: A construction supervisor in a hard hat watches two workers align a beam, pointing at the correct position while holding a clipboard close to the chest.

Style: Use the attached invidious.png for drawing style only. Match its thick rounded dark-brown contours, simplified rounded shapes, and restrained 2D cartoon shading. Do not copy the reference subject or composition.

Framing: One compact composition, with the complete subject using about 80-90% of the square. Keep everything inside the frame.

Output: 512x512 PNG, RGBA, genuine transparent background. No text, numerals, labels, logos or watermark.",作成済み,,references/invidious.png
transporter.png,トランスポータ、運送人,運送人,"Subject: A carrier delivering a load.

Composition: A delivery worker pushes a hand truck stacked with securely strapped cardboard boxes toward an open warehouse doorway, leaning forward to guide the heavy load over the threshold.

Style: Use the attached invidious.png for drawing style only. Match its thick rounded dark-brown contours, simplified rounded shapes, and restrained 2D cartoon shading. Do not copy the reference subject or composition.

Framing: One compact composition, with the complete subject using about 80-90% of the square. Keep everything inside the frame.

Output: 512x512 PNG, RGBA, genuine transparent background. No text, numerals, labels, logos or watermark.",作成済み,,references/invidious.png
unspecified.png,特定されていない、詳細不明の,特定されていない,"Subject: An unspecified delivery destination.

Composition: A delivery worker holds a parcel whose address label is completely blank, looking uncertainly between two nearby house entrances while keeping the empty label facing the viewer.

Style: Use the attached invidious.png for drawing style only. Match its thick rounded dark-brown contours, simplified rounded shapes, and restrained 2D cartoon shading. Do not copy the reference subject or composition.

Framing: One compact composition, with the complete subject using about 80-90% of the square. Keep everything inside the frame.

Output: 512x512 PNG, RGBA, genuine transparent background. No text, numerals, labels, logos or watermark.",作成済み,,references/invidious.png
vegetarian.png,菜食主義者,菜食主義者,"Subject: A vegetarian eating a plant-based meal.

Composition: Show an adult seated at a small table, lifting a forkful of broccoli from a plate containing chickpeas, carrots, and rice. A bowl of leafy salad sits beside the plate, and the diner smiles contentedly.

Style: Use the attached invidious.png for drawing style only. Match its thick rounded dark-brown contours, simplified rounded shapes, and restrained 2D cartoon shading. Do not copy the reference subject or composition.

Framing: One compact composition, with the complete subject using about 80-90% of the square. Keep everything inside the frame.

Output: 512x512 PNG, RGBA, genuine transparent background. No text, numerals, labels, logos or watermark.",作成済み,,references/invidious.png
Kazakhstan.png,カザフスタン,カザフスタン,"Subject: Kazakhstan, centered on the Bayterek Tower in Astana.

Composition: Show the tall white branching supports and large golden sphere of Bayterek Tower rising above a compact paved plaza. A small turquoise Kazakh flag with a gold sun and eagle flies beside the tower.

Style: Use the attached invidious.png for drawing style only. Match its thick rounded dark-brown contours, simplified rounded shapes, and restrained 2D cartoon shading. Do not copy the reference subject or composition.

Framing: One compact composition, with the complete subject using about 80-90% of the square. Keep everything inside the frame.

Output: 512x512 PNG, RGBA, genuine transparent background. No text, numerals, labels, logos or watermark.",作成済み,,references/invidious.png
Magnus.png,マグヌス,マグヌス,"Subject: Magnus, an ordinary adult man.

Composition: Show a broad-shouldered adult man with short sandy hair and a neat beard wearing a dark green wool sweater and brown trousers. He stands comfortably with one hand raised in a friendly greeting.

Style: Use the attached invidious.png for drawing style only. Match its thick rounded dark-brown contours, simplified rounded shapes, and restrained 2D cartoon shading. Do not copy the reference subject or composition.

Framing: One compact composition, with the complete subject using about 80-90% of the square. Keep everything inside the frame.

Output: 512x512 PNG, RGBA, genuine transparent background. No text, numerals, labels, logos or watermark.",作成済み,,references/invidious.png
Sammy.png,サミー,サミー,"Subject: Sammy, an ordinary young adult.

Composition: Show a young adult with short curly brown hair wearing a blue jacket, cream shirt, and sneakers. They stand with a small backpack over one shoulder and wave cheerfully toward the viewer.

Style: Use the attached invidious.png for drawing style only. Match its thick rounded dark-brown contours, simplified rounded shapes, and restrained 2D cartoon shading. Do not copy the reference subject or composition.

Framing: One compact composition, with the complete subject using about 80-90% of the square. Keep everything inside the frame.

Output: 512x512 PNG, RGBA, genuine transparent background. No text, numerals, labels, logos or watermark.",作成済み,,references/invidious.png
Shiva.png,シバ,シバ,"Subject: Shiva, the Hindu deity.

Composition: Show Shiva seated calmly cross-legged on a tiger-skin mat, with blue skin, a third eye, matted hair bearing a crescent moon, and a serpent around his neck. Place his upright trident beside him and keep his expression serene.

Style: Use the attached invidious.png for drawing style only. Match its thick rounded dark-brown contours, simplified rounded shapes, and restrained 2D cartoon shading. Do not copy the reference subject or composition.

Framing: One compact composition, with the complete subject using about 80-90% of the square. Keep everything inside the frame.

Output: 512x512 PNG, RGBA, genuine transparent background. No text, numerals, labels, logos or watermark.",作成済み,,references/invidious.png
Yemen.png,イエメン,イエメン,"Subject: Yemen, shown through the historic architecture of Sanaa.

Composition: Show a compact street of tall brown earthen tower houses with white geometric plaster trim around arched windows. Include a narrow stone lane between the buildings and a small Yemeni red-white-black flag on one roof.

Style: Use the attached invidious.png for drawing style only. Match its thick rounded dark-brown contours, simplified rounded shapes, and restrained 2D cartoon shading. Do not copy the reference subject or composition.

Framing: One compact composition, with the complete subject using about 80-90% of the square. Keep everything inside the frame.

Output: 512x512 PNG, RGBA, genuine transparent background. No text, numerals, labels, logos or watermark.",作成済み,,references/invidious.png
aluminium.png,アルミニウム,アルミニウム,"Subject: Aluminium metal in a foil roll.

Composition: Show a silver aluminium foil roll with one broad sheet unrolled across the foreground. Curl one corner upward and give the thin sheet soft crinkles and bright metallic highlights.

Style: Use the attached invidious.png for drawing style only. Match its thick rounded dark-brown contours, simplified rounded shapes, and restrained 2D cartoon shading. Do not copy the reference subject or composition.

Framing: One compact composition, with the complete subject using about 80-90% of the square. Keep everything inside the frame.

Output: 512x512 PNG, RGBA, genuine transparent background. No text, numerals, labels, logos or watermark.",作成済み,,references/invidious.png
amine.png,アミン,アミン,"Subject: An amine molecule, using methylamine as the concrete example.

Composition: Show one ball-and-stick methylamine molecule with a black carbon bonded to three white hydrogen spheres and one blue nitrogen. Bond that nitrogen to two additional white hydrogen spheres, leaving the carbon-nitrogen bond unobstructed.

Style: Use the attached invidious.png for drawing style only. Match its thick rounded dark-brown contours, simplified rounded shapes, and restrained 2D cartoon shading. Do not copy the reference subject or composition.

Framing: One compact composition, with the complete subject using about 80-90% of the square. Keep everything inside the frame.

Output: 512x512 PNG, RGBA, genuine transparent background. No text, numerals, labels, logos or watermark.",作成済み,,references/invidious.png
banker.png,銀行家,銀行家,"Subject: A banker working at a bank.

Composition: Show an adult banker in a neat suit seated behind a desk, carefully counting a short stack of banknotes for a customer opposite. A large circular bank-vault door stands directly behind the banker.

Style: Use the attached invidious.png for drawing style only. Match its thick rounded dark-brown contours, simplified rounded shapes, and restrained 2D cartoon shading. Do not copy the reference subject or composition.

Framing: One compact composition, with the complete subject using about 80-90% of the square. Keep everything inside the frame.

Output: 512x512 PNG, RGBA, genuine transparent background. No text, numerals, labels, logos or watermark.",作成済み,,references/invidious.png
biodegradable.png,生分解性の、生分解可能な,生分解性の,"Subject: A biodegradable seedling pot breaking down in soil.

Composition: Show a cutaway of moist soil containing one brown plant-fiber seedling pot with softened, crumbling walls. A green seedling grows from the pot while its roots pass through gaps where the pot has broken into small fragments.

Style: Use the attached invidious.png for drawing style only. Match its thick rounded dark-brown contours, simplified rounded shapes, and restrained 2D cartoon shading. Do not copy the reference subject or composition.

Framing: One compact composition, with the complete subject using about 80-90% of the square. Keep everything inside the frame.

Output: 512x512 PNG, RGBA, genuine transparent background. No text, numerals, labels, logos or watermark.",作成済み,,references/invidious.png
buffalo.png,バッファロー,バッファロー,"Subject: A buffalo.

Composition: Show one sturdy dark water buffalo standing in shallow mud, with a broad muzzle and long horns curving outward and backward. Keep all four legs and the full sweep of both horns visible.

Style: Use the attached invidious.png for drawing style only. Match its thick rounded dark-brown contours, simplified rounded shapes, and restrained 2D cartoon shading. Do not copy the reference subject or composition.

Framing: One compact composition, with the complete subject using about 80-90% of the square. Keep everything inside the frame.

Output: 512x512 PNG, RGBA, genuine transparent background. No text, numerals, labels, logos or watermark.",作成済み,,references/invidious.png
charismatic.png,カリスマ的な、カリスマ性のある,カリスマ性のある,"Subject: A charismatic speaker holding an audience’s attention.

Composition: Show an adult speaker standing confidently with an open smile and one hand extended toward four seated listeners. The listeners lean forward and look directly at the speaker with engaged, admiring expressions.

Style: Use the attached invidious.png for drawing style only. Match its thick rounded dark-brown contours, simplified rounded shapes, and restrained 2D cartoon shading. Do not copy the reference subject or composition.

Framing: One compact composition, with the complete subject using about 80-90% of the square. Keep everything inside the frame.

Output: 512x512 PNG, RGBA, genuine transparent background. No text, numerals, labels, logos or watermark.",作成済み,,references/invidious.png
claw.png,鉤爪、爪,鉤爪,"Subject: A curved animal claw.

Composition: Show a close view of an eagle’s foot gripping a short branch with its scaly toes. Make the sharply curved dark talons large and clear, with one hooked tip extending visibly below the branch.

Style: Use the attached invidious.png for drawing style only. Match its thick rounded dark-brown contours, simplified rounded shapes, and restrained 2D cartoon shading. Do not copy the reference subject or composition.

Framing: One compact composition, with the complete subject using about 80-90% of the square. Keep everything inside the frame.

Output: 512x512 PNG, RGBA, genuine transparent background. No text, numerals, labels, logos or watermark.",作成済み,,references/invidious.png
cyst.png,嚢胞,嚢胞,"Subject: A fluid-filled cyst beneath the skin.

Composition: Show one clean medical cutaway of a small patch of skin containing a round, thin-walled sac filled with pale translucent fluid. The intact surface forms a smooth bump directly above the enclosed sac, with no blood or open wound.

Style: Use the attached invidious.png for drawing style only. Match its thick rounded dark-brown contours, simplified rounded shapes, and restrained 2D cartoon shading. Do not copy the reference subject or composition.

Framing: One compact composition, with the complete subject using about 80-90% of the square. Keep everything inside the frame.

Output: 512x512 PNG, RGBA, genuine transparent background. No text, numerals, labels, logos or watermark.",作成済み,,references/invidious.png
flutter.png,ひらひら舞う,ひらひら舞う,"Subject: A butterfly fluttering through the air.

Composition: Show one small butterfly flying above a single flower, with its delicate wings tilted at different angles. Add two short curved motion strokes close to the wings to convey light, wavering flight.

Style: Use the attached invidious.png for drawing style only. Match its thick rounded dark-brown contours, simplified rounded shapes, and restrained 2D cartoon shading. Do not copy the reference subject or composition.

Framing: One compact composition, with the complete subject using about 80-90% of the square. Keep everything inside the frame.

Output: 512x512 PNG, RGBA, genuine transparent background. No text, numerals, labels, logos or watermark.",作成済み,,references/invidious.png
gardening.png,造園,造園,"Subject: A gardener laying out a garden.

Composition: Show a gardener kneeling beside a curved flower bed, planting a flowering shrub inside a border of newly arranged stones. A small spade and two unplanted shrubs in pots sit within reach.

Style: Use the attached invidious.png for drawing style only. Match its thick rounded dark-brown contours, simplified rounded shapes, and restrained 2D cartoon shading. Do not copy the reference subject or composition.

Framing: One compact composition, with the complete subject using about 80-90% of the square. Keep everything inside the frame.

Output: 512x512 PNG, RGBA, genuine transparent background. No text, numerals, labels, logos or watermark.",作成済み,,references/invidious.png
hairy.png,毛深い、毛で覆われた,毛深い,"Subject: A hairy forearm.

Composition: Show an adult’s bent forearm and open hand, with dense brown hair clearly covering the forearm. Keep the fingertips, wrist, and elbow visible so the hair reads as growing naturally from the skin.

Style: Use the attached invidious.png for drawing style only. Match its thick rounded dark-brown contours, simplified rounded shapes, and restrained 2D cartoon shading. Do not copy the reference subject or composition.

Framing: One compact composition, with the complete subject using about 80-90% of the square. Keep everything inside the frame.

Output: 512x512 PNG, RGBA, genuine transparent background. No text, numerals, labels, logos or watermark.",作成済み,,references/invidious.png
haunt.png,出没する,出没する,"Subject: A ghost appearing in a familiar haunt.

Composition: Show a pale translucent ghost drifting out of a dark doorway in an old house. An elderly resident beside the doorway turns toward it with a startled expression while holding a candle.

Style: Use the attached invidious.png for drawing style only. Match its thick rounded dark-brown contours, simplified rounded shapes, and restrained 2D cartoon shading. Do not copy the reference subject or composition.

Framing: One compact composition, with the complete subject using about 80-90% of the square. Keep everything inside the frame.

Output: 512x512 PNG, RGBA, genuine transparent background. No text, numerals, labels, logos or watermark.",作成済み,,references/invidious.png
insightful.png,洞察力のある、物事の実態を見抜く力のある,洞察力のある,"Subject: An insightful investigator noticing a revealing detail.

Composition: Show an investigator crouching beside a muddy footprint while pointing to the matching zigzag tread on a nearby boot. Their raised eyebrow and focused expression show that they have recognized the connection.

Style: Use the attached invidious.png for drawing style only. Match its thick rounded dark-brown contours, simplified rounded shapes, and restrained 2D cartoon shading. Do not copy the reference subject or composition.

Framing: One compact composition, with the complete subject using about 80-90% of the square. Keep everything inside the frame.

Output: 512x512 PNG, RGBA, genuine transparent background. No text, numerals, labels, logos or watermark.",作成済み,,references/invidious.png
maple.png,カエデ、モミジ,カエデ,"Subject: A maple tree.

Composition: Show a small maple tree with a slim branching trunk and a broad crown of red five-lobed leaves. Place one large fallen maple leaf near the trunk so its pointed lobes are especially clear.

Style: Use the attached invidious.png for drawing style only. Match its thick rounded dark-brown contours, simplified rounded shapes, and restrained 2D cartoon shading. Do not copy the reference subject or composition.

Framing: One compact composition, with the complete subject using about 80-90% of the square. Keep everything inside the frame.

Output: 512x512 PNG, RGBA, genuine transparent background. No text, numerals, labels, logos or watermark.",作成済み,,references/invidious.png
merciful.png,安堵を与える,安堵を与える,"Subject: Relief provided to an exhausted traveler.

Composition: Show a weary traveler seated under a broad shade umbrella, gratefully accepting a cup of water from a helper. The traveler’s shoulders relax and their tense face softens as they receive the drink.

Style: Use the attached invidious.png for drawing style only. Match its thick rounded dark-brown contours, simplified rounded shapes, and restrained 2D cartoon shading. Do not copy the reference subject or composition.

Framing: One compact composition, with the complete subject using about 80-90% of the square. Keep everything inside the frame.

Output: 512x512 PNG, RGBA, genuine transparent background. No text, numerals, labels, logos or watermark.",作成済み,,references/invidious.png
moderation.png,節度、適度,節度,"Subject: Moderation when serving dessert.

Composition: Show an adult calmly placing one small slice of cake on a dessert plate while leaving most of the cake on its stand. Their free hand gently declines a second slice offered on a cake server.

Style: Use the attached invidious.png for drawing style only. Match its thick rounded dark-brown contours, simplified rounded shapes, and restrained 2D cartoon shading. Do not copy the reference subject or composition.

Framing: One compact composition, with the complete subject using about 80-90% of the square. Keep everything inside the frame.

Output: 512x512 PNG, RGBA, genuine transparent background. No text, numerals, labels, logos or watermark.",作成済み,,references/invidious.png
revolver.png,回転式拳銃、リボルバー,回転式拳銃,"Subject: A revolver with a rotating cylinder.

Composition: Show one closed, unloaded-looking revolver lying diagonally with its grip, short barrel, trigger guard, and fluted cylinder fully visible. Present it as an isolated inert object with no person, ammunition, or firing action.

Style: Use the attached invidious.png for drawing style only. Match its thick rounded dark-brown contours, simplified rounded shapes, and restrained 2D cartoon shading. Do not copy the reference subject or composition.

Framing: One compact composition, with the complete subject using about 80-90% of the square. Keep everything inside the frame.

Output: 512x512 PNG, RGBA, genuine transparent background. No text, numerals, labels, logos or watermark.",作成済み,,references/invidious.png
slam.png,バタンと閉める,バタンと閉める,"Subject: A person slamming a door shut.

Composition: Show an annoyed adult forcefully pushing a wooden door toward its frame with one palm. Short impact strokes at the door jamb and the person’s braced stance convey a loud, abrupt closure.

Style: Use the attached invidious.png for drawing style only. Match its thick rounded dark-brown contours, simplified rounded shapes, and restrained 2D cartoon shading. Do not copy the reference subject or composition.

Framing: One compact composition, with the complete subject using about 80-90% of the square. Keep everything inside the frame.

Output: 512x512 PNG, RGBA, genuine transparent background. No text, numerals, labels, logos or watermark.",作成済み,,references/invidious.png
steamer.png,気船,気船,"Subject: A steam-powered ship.

Composition: Show a compact old-fashioned steamship moving across a small patch of blue water. Give it a tall smokestack emitting a soft plume, a white passenger deck, and a large side paddlewheel churning the water.

Style: Use the attached invidious.png for drawing style only. Match its thick rounded dark-brown contours, simplified rounded shapes, and restrained 2D cartoon shading. Do not copy the reference subject or composition.

Framing: One compact composition, with the complete subject using about 80-90% of the square. Keep everything inside the frame.

Output: 512x512 PNG, RGBA, genuine transparent background. No text, numerals, labels, logos or watermark.",作成済み,,references/invidious.png
strain@stere.png,血統,血統,"Subject: A dog’s family lineage.

Composition: Show an adult golden dog seated beside two small puppies with the same distinctive white forehead patch and curled tail. Arrange the puppies close against the parent so their inherited resemblance is immediately visible.

Style: Use the attached invidious.png for drawing style only. Match its thick rounded dark-brown contours, simplified rounded shapes, and restrained 2D cartoon shading. Do not copy the reference subject or composition.

Framing: One compact composition, with the complete subject using about 80-90% of the square. Keep everything inside the frame.

Output: 512x512 PNG, RGBA, genuine transparent background. No text, numerals, labels, logos or watermark.",作成済み,,references/invidious.png
suitability.png,適していること、適切なこと,適していること,"Subject: A glove fitting a hand properly.

Composition: Show an adult pulling a work glove snugly over one hand, with each finger aligned neatly inside its matching glove finger. The fitted glove has no loose folds or stretched seams, and the wearer checks it with a satisfied smile.

Style: Use the attached invidious.png for drawing style only. Match its thick rounded dark-brown contours, simplified rounded shapes, and restrained 2D cartoon shading. Do not copy the reference subject or composition.

Framing: One compact composition, with the complete subject using about 80-90% of the square. Keep everything inside the frame.

Output: 512x512 PNG, RGBA, genuine transparent background. No text, numerals, labels, logos or watermark.",作成済み,,references/invidious.png
tremor.png,震え,震え,"Subject: Trembling hands.

Composition: Show an adult holding a small teacup with both hands while the hands visibly quiver. Close-set motion strokes surround the fingers, and a few ripples disturb the tea inside the cup.

Style: Use the attached invidious.png for drawing style only. Match its thick rounded dark-brown contours, simplified rounded shapes, and restrained 2D cartoon shading. Do not copy the reference subject or composition.

Framing: One compact composition, with the complete subject using about 80-90% of the square. Keep everything inside the frame.

Output: 512x512 PNG, RGBA, genuine transparent background. No text, numerals, labels, logos or watermark.",作成済み,,references/invidious.png
wired.png,針金で補強した,針金で補強した,"Subject: Wire-reinforced glass.

Composition: Show one thick rectangular glass pane standing slightly tilted, with a square mesh of dark metal wire embedded visibly inside it. A small chipped corner exposes the wire within the glass thickness.

Style: Use the attached invidious.png for drawing style only. Match its thick rounded dark-brown contours, simplified rounded shapes, and restrained 2D cartoon shading. Do not copy the reference subject or composition.

Framing: One compact composition, with the complete subject using about 80-90% of the square. Keep everything inside the frame.

Output: 512x512 PNG, RGBA, genuine transparent background. No text, numerals, labels, logos or watermark.",作成済み,,references/invidious.png
Croatia.png,クロアチア,クロアチア,"Subject: Croatia, shown through Dubrovnik’s old city.

Composition: Show Dubrovnik’s massive pale stone coastal walls curving around clustered terracotta rooftops beside the deep blue Adriatic Sea. Include a compact round defensive tower at the water’s edge and a small Croatian flag above it.

Style: Use the attached invidious.png for drawing style only. Match its thick rounded dark-brown contours, simplified rounded shapes, and restrained 2D cartoon shading. Do not copy the reference subject or composition.

Framing: One compact composition, with the complete subject using about 80-90% of the square. Keep everything inside the frame.

Output: 512x512 PNG, RGBA, genuine transparent background. No text, numerals, labels, logos or watermark.",作成済み,,references/invidious.png
Laurence.png,ローレンス、ローランス,ローレンス,"Subject: Margaret Laurence, the Canadian author.

Composition: Show a middle-aged woman writer with short wavy hair seated at a mid-twentieth-century desk, working at a typewriter. Place a neat pile of manuscript pages and two closed books beside her, keeping her thoughtful face prominent.

Style: Use the attached invidious.png for drawing style only. Match its thick rounded dark-brown contours, simplified rounded shapes, and restrained 2D cartoon shading. Do not copy the reference subject or composition.

Framing: One compact composition, with the complete subject using about 80-90% of the square. Keep everything inside the frame.

Output: 512x512 PNG, RGBA, genuine transparent background. No text, numerals, labels, logos or watermark.",作成済み,,references/invidious.png
Leeds.png,リーズ,リーズ,"Subject: Leeds, centered on Leeds Town Hall.

Composition: Show the grand pale stone front of Leeds Town Hall with its broad columns and tall central clock tower topped by a dark dome. A short flight of steps and the stone lion sculptures flank the entrance in one compact view.

Style: Use the attached invidious.png for drawing style only. Match its thick rounded dark-brown contours, simplified rounded shapes, and restrained 2D cartoon shading. Do not copy the reference subject or composition.

Framing: One compact composition, with the complete subject using about 80-90% of the square. Keep everything inside the frame.

Output: 512x512 PNG, RGBA, genuine transparent background. No text, numerals, labels, logos or watermark.",作成済み,,references/invidious.png
Romeo.png,ロメオ,ロメオ,"Subject: Romeo courting Juliet.

Composition: Show a young Renaissance man in a fitted doublet standing below a small stone balcony, reaching one hand upward. A young woman leans over the balcony rail toward him, and both look at each other affectionately.

Style: Use the attached invidious.png for drawing style only. Match its thick rounded dark-brown contours, simplified rounded shapes, and restrained 2D cartoon shading. Do not copy the reference subject or composition.

Framing: One compact composition, with the complete subject using about 80-90% of the square. Keep everything inside the frame.

Output: 512x512 PNG, RGBA, genuine transparent background. No text, numerals, labels, logos or watermark.",作成済み,,references/invidious.png
Serena.png,セレーナ、セレナ,セレーナ,"Subject: Serena, an ordinary adult woman.

Composition: Show an adult woman with long dark hair wearing a lavender blouse and dark trousers. She stands with a relaxed smile and holds a small closed book against her chest.

Style: Use the attached invidious.png for drawing style only. Match its thick rounded dark-brown contours, simplified rounded shapes, and restrained 2D cartoon shading. Do not copy the reference subject or composition.

Framing: One compact composition, with the complete subject using about 80-90% of the square. Keep everything inside the frame.

Output: 512x512 PNG, RGBA, genuine transparent background. No text, numerals, labels, logos or watermark.",作成済み,,references/invidious.png
arbitral.png,仲裁の,仲裁の,"Subject: An arbiter settling a dispute in a chess game.

Composition: Show two chess players seated opposite each other at a board while a neutral arbiter stands beside them. The arbiter points firmly to the checked king, and both players pause to listen to the ruling.

Style: Use the attached invidious.png for drawing style only. Match its thick rounded dark-brown contours, simplified rounded shapes, and restrained 2D cartoon shading. Do not copy the reference subject or composition.

Framing: One compact composition, with the complete subject using about 80-90% of the square. Keep everything inside the frame.

Output: 512x512 PNG, RGBA, genuine transparent background. No text, numerals, labels, logos or watermark.",作成済み,,references/invidious.png
art@er1.png,〜である,〜である,"Subject: The archaic English copula in a complete sentence.

Composition: Show an open grammar notebook containing the single example sentence “Thou art kind.” A pencil underlines “art,” with the whole sentence clearly legible and no additional headings.

Style: Use the attached invidious.png for drawing style only. Match its thick rounded dark-brown contours, simplified rounded shapes, and restrained 2D cartoon shading. Do not copy the reference subject or composition.

Framing: One compact composition, with the complete subject using about 80-90% of the square. Keep everything inside the frame.

Output: 512x512 PNG, RGBA, genuine transparent background. Only the complete example sentence “Thou art kind.” and the underline beneath “art” are permitted. No incidental labels, logos or watermark.",作成済み,,references/invidious.png
bandage.png,包帯、帯具,包帯,"Subject: A cloth bandage wrapped around an arm.

Composition: Show an adult’s forearm wrapped in a clean white bandage, with a loose roll still attached to the final strip. A second hand gently smooths the overlapping layers, and no wound or blood is visible.

Style: Use the attached invidious.png for drawing style only. Match its thick rounded dark-brown contours, simplified rounded shapes, and restrained 2D cartoon shading. Do not copy the reference subject or composition.

Framing: One compact composition, with the complete subject using about 80-90% of the square. Keep everything inside the frame.

Output: 512x512 PNG, RGBA, genuine transparent background. No text, numerals, labels, logos or watermark.",作成済み,,references/invidious.png
brace.png,補強材,補強材,"Subject: A diagonal structural brace.

Composition: Show a wooden table viewed from a low angle, with one thick diagonal timber joining the underside of the tabletop to a leg. Make the brace and its two bolted ends prominent while keeping the complete table visible.

Style: Use the attached invidious.png for drawing style only. Match its thick rounded dark-brown contours, simplified rounded shapes, and restrained 2D cartoon shading. Do not copy the reference subject or composition.

Framing: One compact composition, with the complete subject using about 80-90% of the square. Keep everything inside the frame.

Output: 512x512 PNG, RGBA, genuine transparent background. No text, numerals, labels, logos or watermark.",作成済み,,references/invidious.png
chilly.png,肌寒い,肌寒い,"Subject: A person feeling slightly cold.

Composition: Show an adult outdoors pulling the edges of a light cardigan together over their chest. Their shoulders hunch slightly and a small breeze lifts their hair, while their face shows mild discomfort rather than extreme freezing.

Style: Use the attached invidious.png for drawing style only. Match its thick rounded dark-brown contours, simplified rounded shapes, and restrained 2D cartoon shading. Do not copy the reference subject or composition.

Framing: One compact composition, with the complete subject using about 80-90% of the square. Keep everything inside the frame.

Output: 512x512 PNG, RGBA, genuine transparent background. No text, numerals, labels, logos or watermark.",作成済み,,references/invidious.png
coloring.png,着色,着色,"Subject: A child coloring a drawing.

Composition: Show a child seated at a small desk, filling the petals of a large outlined flower with a red crayon. Keep several uncolored petals visible on the same sheet and place two other crayons beside it.

Style: Use the attached invidious.png for drawing style only. Match its thick rounded dark-brown contours, simplified rounded shapes, and restrained 2D cartoon shading. Do not copy the reference subject or composition.

Framing: One compact composition, with the complete subject using about 80-90% of the square. Keep everything inside the frame.

Output: 512x512 PNG, RGBA, genuine transparent background. No text, numerals, labels, logos or watermark.",作成済み,,references/invidious.png
dummy.png,模造品、代用品,模造品,"Subject: A realistic imitation fruit.

Composition: Show a hand lifting a glossy artificial apple from a shallow bowl. A small split in the apple’s underside reveals hollow plastic and a molded seam, making its manufactured construction clear.

Style: Use the attached invidious.png for drawing style only. Match its thick rounded dark-brown contours, simplified rounded shapes, and restrained 2D cartoon shading. Do not copy the reference subject or composition.

Framing: One compact composition, with the complete subject using about 80-90% of the square. Keep everything inside the frame.

Output: 512x512 PNG, RGBA, genuine transparent background. No text, numerals, labels, logos or watermark.",作成済み,,references/invidious.png
homosexuality.png,同性愛,同性愛,"Subject: Romantic affection between two men.

Composition: Show two adult men sitting close together on a park bench, holding hands between them. They lean gently toward each other with affectionate smiles and relaxed shoulders.

Style: Use the attached invidious.png for drawing style only. Match its thick rounded dark-brown contours, simplified rounded shapes, and restrained 2D cartoon shading. Do not copy the reference subject or composition.

Framing: One compact composition, with the complete subject using about 80-90% of the square. Keep everything inside the frame.

Output: 512x512 PNG, RGBA, genuine transparent background. No text, numerals, labels, logos or watermark.",作成済み,,references/invidious.png
insufficiency.png,不足、不十分,不足,"Subject: Too few chairs for a group.

Composition: Show four adults gathered around a small table with only three chairs. Three people are seated while the fourth stands beside an empty gap, looking at the missing place with puzzled disappointment.

Style: Use the attached invidious.png for drawing style only. Match its thick rounded dark-brown contours, simplified rounded shapes, and restrained 2D cartoon shading. Do not copy the reference subject or composition.

Framing: One compact composition, with the complete subject using about 80-90% of the square. Keep everything inside the frame.

Output: 512x512 PNG, RGBA, genuine transparent background. No text, numerals, labels, logos or watermark.",作成済み,,references/invidious.png
lament.png,嘆く,嘆く,"Subject: A person lamenting a loss.

Composition: Show an adult kneeling beside a broken clay vase, raising both open hands in distress. Tears gather in their eyes as they look down at the scattered large fragments and fallen flowers.

Style: Use the attached invidious.png for drawing style only. Match its thick rounded dark-brown contours, simplified rounded shapes, and restrained 2D cartoon shading. Do not copy the reference subject or composition.

Framing: One compact composition, with the complete subject using about 80-90% of the square. Keep everything inside the frame.

Output: 512x512 PNG, RGBA, genuine transparent background. No text, numerals, labels, logos or watermark.",作成済み,,references/invidious.png
lapse.png,終わる,終わる,"Subject: A timed interval coming to an end.

Composition: Show an hourglass with its upper bulb empty and all the sand settled in the lower bulb. Beside it, a person lowers the hand they were using to work and looks at the finished timer.

Style: Use the attached invidious.png for drawing style only. Match its thick rounded dark-brown contours, simplified rounded shapes, and restrained 2D cartoon shading. Do not copy the reference subject or composition.

Framing: One compact composition, with the complete subject using about 80-90% of the square. Keep everything inside the frame.

Output: 512x512 PNG, RGBA, genuine transparent background. No text, numerals, labels, logos or watermark.",作成済み,,references/invidious.png
lavender.png,ラベンダー,ラベンダー,"Subject: Lavender flowers.

Composition: Show a compact lavender plant with narrow gray-green leaves and several slender stems topped by dense violet flower spikes. Tie two cut stems loosely with plain twine at the base of the living plant.

Style: Use the attached invidious.png for drawing style only. Match its thick rounded dark-brown contours, simplified rounded shapes, and restrained 2D cartoon shading. Do not copy the reference subject or composition.

Framing: One compact composition, with the complete subject using about 80-90% of the square. Keep everything inside the frame.

Output: 512x512 PNG, RGBA, genuine transparent background. No text, numerals, labels, logos or watermark.",作成済み,,references/invidious.png
liturgical.png,典礼の,典礼の,"Subject: A Christian liturgical ceremony.

Composition: Show a vested priest standing at a small church altar, holding an open service book beside a chalice. Two lit candles stand symmetrically on the altar, and the priest’s raised hand gives a solemn blessing.

Style: Use the attached invidious.png for drawing style only. Match its thick rounded dark-brown contours, simplified rounded shapes, and restrained 2D cartoon shading. Do not copy the reference subject or composition.

Framing: One compact composition, with the complete subject using about 80-90% of the square. Keep everything inside the frame.

Output: 512x512 PNG, RGBA, genuine transparent background. No text, numerals, labels, logos or watermark.",作成済み,,references/invidious.png
lucrative.png,儲かる,儲かる,"Subject: A profitable bakery stall.

Composition: Show a smiling baker behind a small stall with an almost-empty pastry tray and a brimming cash box. One customer hands over coins for the last fresh bun, while a small bag of flour sits below the counter.

Style: Use the attached invidious.png for drawing style only. Match its thick rounded dark-brown contours, simplified rounded shapes, and restrained 2D cartoon shading. Do not copy the reference subject or composition.

Framing: One compact composition, with the complete subject using about 80-90% of the square. Keep everything inside the frame.

Output: 512x512 PNG, RGBA, genuine transparent background. No text, numerals, labels, logos or watermark.",作成済み,,references/invidious.png
multilingual.png,多言語の,多言語の,"Subject: A multilingual greeting sign.

Composition: Show one welcoming signboard displaying “Hello,” “こんにちは,” and “Hola” on three clean lines. A smiling receptionist stands beside the board with an open hand directed toward visitors.

Style: Use the attached invidious.png for drawing style only. Match its thick rounded dark-brown contours, simplified rounded shapes, and restrained 2D cartoon shading. Do not copy the reference subject or composition.

Framing: One compact composition, with the complete subject using about 80-90% of the square. Keep everything inside the frame.

Output: 512x512 PNG, RGBA, genuine transparent background. Only the greetings “Hello”, “こんにちは”, and “Hola” are permitted on the signboard. No incidental labels, logos or watermark.",作成済み,,references/invidious.png
ostensibly.png,うわべは、表向きは,うわべは,"Subject: A pleasant appearance concealing resentment.

Composition: Show an adult facing a visitor with a broad polite smile while secretly clenching one fist behind their back. Angle the view so the visitor sees only the smiling face and the viewer also sees the hidden fist.

Style: Use the attached invidious.png for drawing style only. Match its thick rounded dark-brown contours, simplified rounded shapes, and restrained 2D cartoon shading. Do not copy the reference subject or composition.

Framing: One compact composition, with the complete subject using about 80-90% of the square. Keep everything inside the frame.

Output: 512x512 PNG, RGBA, genuine transparent background. No text, numerals, labels, logos or watermark.",作成済み,,references/invidious.png
outreach.png,～より遠くに届く、～を超える,～より遠くに届く,"Subject: One reach extending beyond another.

Composition: Show two adults standing side by side beneath a high shelf and stretching one arm upward. The taller adult’s fingertips reach a jar beyond the shorter adult’s outstretched hand, keeping both feet flat on the floor.

Style: Use the attached invidious.png for drawing style only. Match its thick rounded dark-brown contours, simplified rounded shapes, and restrained 2D cartoon shading. Do not copy the reference subject or composition.

Framing: One compact composition, with the complete subject using about 80-90% of the square. Keep everything inside the frame.

Output: 512x512 PNG, RGBA, genuine transparent background. No text, numerals, labels, logos or watermark.",作成済み,,references/invidious.png
populism.png,ポピュリズム、大衆迎合主義,ポピュリズム,"Subject: A political appeal to ordinary people against a privileged establishment.

Composition: Show a politician speaking from a low platform among factory workers and a farmer, gesturing warmly toward the crowd. Behind a short fence nearby, two formally dressed officials stand apart with folded arms while the crowd turns toward the speaker.

Style: Use the attached invidious.png for drawing style only. Match its thick rounded dark-brown contours, simplified rounded shapes, and restrained 2D cartoon shading. Do not copy the reference subject or composition.

Framing: One compact composition, with the complete subject using about 80-90% of the square. Keep everything inside the frame.

Output: 512x512 PNG, RGBA, genuine transparent background. No text, numerals, labels, logos or watermark.",作成済み,,references/invidious.png
reap.png,刈る,刈る,"Subject: A farmer reaping grain.

Composition: Show a farmer bending toward ripe wheat, gathering a handful of stalks with one hand and cutting them near the base with a curved sickle. Place one tied sheaf beside the farmer’s feet.

Style: Use the attached invidious.png for drawing style only. Match its thick rounded dark-brown contours, simplified rounded shapes, and restrained 2D cartoon shading. Do not copy the reference subject or composition.

Framing: One compact composition, with the complete subject using about 80-90% of the square. Keep everything inside the frame.

Output: 512x512 PNG, RGBA, genuine transparent background. No text, numerals, labels, logos or watermark.",作成済み,,references/invidious.png
simmer.png,ぐつぐつ煮える,ぐつぐつ煮える,"Subject: Soup simmering gently.

Composition: Show an uncovered saucepan of vegetable soup on a small burner, with a few small bubbles rising through the surface. Carrot pieces and beans remain visible beneath gentle curls of steam, with no violent splashing.

Style: Use the attached invidious.png for drawing style only. Match its thick rounded dark-brown contours, simplified rounded shapes, and restrained 2D cartoon shading. Do not copy the reference subject or composition.

Framing: One compact composition, with the complete subject using about 80-90% of the square. Keep everything inside the frame.

Output: 512x512 PNG, RGBA, genuine transparent background. No text, numerals, labels, logos or watermark.",作成済み,,references/invidious.png
sufficiency.png,十分な数、多数,十分な数,"Subject: Enough cups for every guest.

Composition: Show four adults seated around a small table with one filled teacup directly in front of each person. Center a teapot within everyone’s reach, with all four guests comfortably served.

Style: Use the attached invidious.png for drawing style only. Match its thick rounded dark-brown contours, simplified rounded shapes, and restrained 2D cartoon shading. Do not copy the reference subject or composition.

Framing: One compact composition, with the complete subject using about 80-90% of the square. Keep everything inside the frame.

Output: 512x512 PNG, RGBA, genuine transparent background. No text, numerals, labels, logos or watermark.",作成済み,,references/invidious.png
toddler.png,2～4歳ぐらいの幼児、よちよち歩きの小児,よちよち歩きの小児,"Subject: A toddler taking unsteady steps.

Composition: Show a small toddler walking with feet spread wide and both arms held out for balance. A seated parent nearby holds open hands toward the child without touching them.

Style: Use the attached invidious.png for drawing style only. Match its thick rounded dark-brown contours, simplified rounded shapes, and restrained 2D cartoon shading. Do not copy the reference subject or composition.

Framing: One compact composition, with the complete subject using about 80-90% of the square. Keep everything inside the frame.

Output: 512x512 PNG, RGBA, genuine transparent background. No text, numerals, labels, logos or watermark.",作成済み,,references/invidious.png
tonic.png,強壮剤,強壮剤,"Subject: A bottled medicinal tonic.

Composition: Show a small amber glass medicine bottle beside a spoon filled with dark liquid. An older adult seated at a table carefully holds the spoon near the bottle, keeping the tonic and its measured serving central.

Style: Use the attached invidious.png for drawing style only. Match its thick rounded dark-brown contours, simplified rounded shapes, and restrained 2D cartoon shading. Do not copy the reference subject or composition.

Framing: One compact composition, with the complete subject using about 80-90% of the square. Keep everything inside the frame.

Output: 512x512 PNG, RGBA, genuine transparent background. No text, numerals, labels, logos or watermark.",作成済み,,references/invidious.png
unintended.png,意図されたものでない、意図的でない,意図的でない,"Subject: An accidental spill.

Composition: Show an adult turning toward a ringing telephone and unintentionally knocking a water glass with their elbow. The glass tips across the tabletop as the person looks back with wide-eyed surprise.

Style: Use the attached invidious.png for drawing style only. Match its thick rounded dark-brown contours, simplified rounded shapes, and restrained 2D cartoon shading. Do not copy the reference subject or composition.

Framing: One compact composition, with the complete subject using about 80-90% of the square. Keep everything inside the frame.

Output: 512x512 PNG, RGBA, genuine transparent background. No text, numerals, labels, logos or watermark.",作成済み,,references/invidious.png
vegan.png,菜食主義者,菜食主義者,"Subject: A vegan diner eating a plant-based meal.

Composition: Show an adult seated with a bowl of tofu cubes, brown rice, broccoli, and chickpeas, raising one spoonful to their mouth. Place a halved avocado beside the bowl and keep the meal entirely plant-based.

Style: Use the attached invidious.png for drawing style only. Match its thick rounded dark-brown contours, simplified rounded shapes, and restrained 2D cartoon shading. Do not copy the reference subject or composition.

Framing: One compact composition, with the complete subject using about 80-90% of the square. Keep everything inside the frame.

Output: 512x512 PNG, RGBA, genuine transparent background. No text, numerals, labels, logos or watermark.",作成済み,,references/invidious.png
whore.png,娼婦,娼婦,"Subject: An adult sex worker negotiating with a client.

Composition: Show a fully clothed adult woman seated across from an adult client at a discreet reception table, with a room key and a small stack of banknotes between them. She gestures toward the payment with a businesslike expression, with no nudity or sexual contact.

Style: Use the attached invidious.png for drawing style only. Match its thick rounded dark-brown contours, simplified rounded shapes, and restrained 2D cartoon shading. Do not copy the reference subject or composition.

Framing: One compact composition, with the complete subject using about 80-90% of the square. Keep everything inside the frame.

Output: 512x512 PNG, RGBA, genuine transparent background. No text, numerals, labels, logos or watermark.",作成済み,,references/invidious.png
Ada.png,エイダ,エイダ,"Subject: Ada, the programming language.

Composition: Show a laptop screen displaying the short Ada program “procedure Hello is” followed by “begin”, “null;”, and “end Hello;” on separate lines. A programmer’s hand rests beside the keyboard, leaving the entire code example clearly visible.

Style: Use the attached invidious.png for drawing style only. Match its thick rounded dark-brown contours, simplified rounded shapes, and restrained 2D cartoon shading. Do not copy the reference subject or composition.

Framing: One compact composition, with the complete subject using about 80-90% of the square. Keep everything inside the frame.

Output: 512x512 PNG, RGBA, genuine transparent background. Only the four lines of Ada code “procedure Hello is”, “begin”, “null;”, and “end Hello;” are permitted on the screen. No incidental labels, logos or watermark.",作成済み,,references/invidious.png
Hammond.png,ハモンド,ハモンド,"Subject: John Hays Hammond, the mining engineer.

Composition: Show an older late-nineteenth-century mining engineer with a mustache, wearing a dark suit and waistcoat, inspecting a rock sample in one hand. Place him beside the timber-framed entrance of a mine with a small ore cart behind him.

Style: Use the attached invidious.png for drawing style only. Match its thick rounded dark-brown contours, simplified rounded shapes, and restrained 2D cartoon shading. Do not copy the reference subject or composition.

Framing: One compact composition, with the complete subject using about 80-90% of the square. Keep everything inside the frame.

Output: 512x512 PNG, RGBA, genuine transparent background. No text, numerals, labels, logos or watermark.",作成済み,,references/invidious.png
Taliban.png,タリバン,タリバン,"Subject: Taliban representatives in an Afghan governmental setting.

Composition: Show two adult male Taliban representatives with beards, black turbans, long pale tunics, and dark waistcoats seated formally behind a plain desk. A white flag bearing black shahada calligraphy stands beside the desk, with no triumphant pose or combat scene.

Style: Use the attached invidious.png for drawing style only. Match its thick rounded dark-brown contours, simplified rounded shapes, and restrained 2D cartoon shading. Do not copy the reference subject or composition.

Framing: One compact composition, with the complete subject using about 80-90% of the square. Keep everything inside the frame.

Output: 512x512 PNG, RGBA, genuine transparent background. Only the black Arabic shahada calligraphy belonging to the Taliban’s white flag is permitted; no slogans, captions, or other text. No incidental labels, logos or watermark.",作成済み,,references/invidious.png
abiding.png,長続きする,長続きする,"Subject: An enduring friendship.

Composition: Show two elderly friends sitting closely on a bench, smiling while sharing an old photograph of themselves together as young adults. The photo is held between them, and one friend rests a hand affectionately on the other’s shoulder.

Style: Use the attached invidious.png for drawing style only. Match its thick rounded dark-brown contours, simplified rounded shapes, and restrained 2D cartoon shading. Do not copy the reference subject or composition.

Framing: One compact composition, with the complete subject using about 80-90% of the square. Keep everything inside the frame.

Output: 512x512 PNG, RGBA, genuine transparent background. No text, numerals, labels, logos or watermark.",作成済み,,references/invidious.png
biodiesel.png,バイオディーゼル,バイオディーゼル,"Subject: Biodiesel fuel used in farm equipment.

Composition: Show a worker filling the fuel tank of a compact tractor with a pump nozzle beside a small fuel tank. A basket of rapeseed pods and a clear jar of pale golden processed fuel rest together at the pump’s base, linking the fuel to its plant source.

Style: Use the attached invidious.png for drawing style only. Match its thick rounded dark-brown contours, simplified rounded shapes, and restrained 2D cartoon shading. Do not copy the reference subject or composition.

Framing: One compact composition, with the complete subject using about 80-90% of the square. Keep everything inside the frame.

Output: 512x512 PNG, RGBA, genuine transparent background. No text, numerals, labels, logos or watermark.",作成済み,,references/invidious.png
dashboard.png,計器盤、ダッシュボード,計器盤,"Subject: A car’s dashboard.

Composition: Show the interior of a car from the driver’s seat, with the steering wheel partly framing two large circular instrument dials. Include clearly shaped needles, dashboard air vents, and simple controls beneath the windshield, without brand marks or written markings.

Style: Use the attached invidious.png for drawing style only. Match its thick rounded dark-brown contours, simplified rounded shapes, and restrained 2D cartoon shading. Do not copy the reference subject or composition.

Framing: One compact composition, with the complete subject using about 80-90% of the square. Keep everything inside the frame.

Output: 512x512 PNG, RGBA, genuine transparent background. No text, numerals, labels, logos or watermark.",作成済み,,references/invidious.png
dat.png,ドパミントランスポーター,ドパミントランスポーター,"Subject: A dopamine transporter returning dopamine into a nerve terminal.

Composition: Show a close biological cutaway of a presynaptic membrane with one large folded transporter protein spanning its thickness. Several small dopamine molecules approach from the synaptic space, with one molecule inside the protein’s passage and a curved arrow leading into the nerve terminal.

Style: Use the attached invidious.png for drawing style only. Match its thick rounded dark-brown contours, simplified rounded shapes, and restrained 2D cartoon shading. Do not copy the reference subject or composition.

Framing: One compact composition, with the complete subject using about 80-90% of the square. Keep everything inside the frame.

Output: 512x512 PNG, RGBA, genuine transparent background. Only the small directional arrow showing transport into the nerve terminal is permitted; no written labels. No incidental labels, logos or watermark.",作成済み,,references/invidious.png
dendritic.png,樹木状の,樹木状の,"Subject: A tree-like branching shape.

Composition: Show one neuron with a round cell body and many slender dendrites splitting repeatedly into smaller branches. Spread the branches outward like a bare tree crown while one longer axon extends downward from the cell body.

Style: Use the attached invidious.png for drawing style only. Match its thick rounded dark-brown contours, simplified rounded shapes, and restrained 2D cartoon shading. Do not copy the reference subject or composition.

Framing: One compact composition, with the complete subject using about 80-90% of the square. Keep everything inside the frame.

Output: 512x512 PNG, RGBA, genuine transparent background. No text, numerals, labels, logos or watermark.",作成済み,,references/invidious.png
dissimilar.png,似ていない,似ていない,"Subject: Two objects that look very different.

Composition: Show a person holding a soft round red ball in one hand and a long jagged gray rock in the other. Their hands are close together at chest height so the objects’ contrasting shape, texture, and color are easy to see.

Style: Use the attached invidious.png for drawing style only. Match its thick rounded dark-brown contours, simplified rounded shapes, and restrained 2D cartoon shading. Do not copy the reference subject or composition.

Framing: One compact composition, with the complete subject using about 80-90% of the square. Keep everything inside the frame.

Output: 512x512 PNG, RGBA, genuine transparent background. No text, numerals, labels, logos or watermark.",作成済み,,references/invidious.png
grind.png,研ぐ,研ぐ,"Subject: Sharpening a kitchen knife.

Composition: Show two hands holding a kitchen knife at a shallow angle against a rectangular whetstone on a workbench. The blade slides along the wet stone, with a small smear of gray sharpening slurry beside its edge.

Style: Use the attached invidious.png for drawing style only. Match its thick rounded dark-brown contours, simplified rounded shapes, and restrained 2D cartoon shading. Do not copy the reference subject or composition.

Framing: One compact composition, with the complete subject using about 80-90% of the square. Keep everything inside the frame.

Output: 512x512 PNG, RGBA, genuine transparent background. No text, numerals, labels, logos or watermark.",作成済み,,references/invidious.png
half-life.png,半減期,半減期,"Subject: The half-life of a radioactive sample.

Composition: Show one transparent sample tray containing eight large atom symbols, four still orange and four changed to gray, beside a stopwatch. Place the compact equation “N = N₀/2” directly below the tray to identify the remaining parent nuclei after one half-life.

Style: Use the attached invidious.png for drawing style only. Match its thick rounded dark-brown contours, simplified rounded shapes, and restrained 2D cartoon shading. Do not copy the reference subject or composition.

Framing: One compact composition, with the complete subject using about 80-90% of the square. Keep everything inside the frame.

Output: 512x512 PNG, RGBA, genuine transparent background. Only the equation “N = N₀/2” is permitted; no labels or other writing. No incidental labels, logos or watermark.",作成済み,,references/invidious.png
haunting.png,しばしば心に浮かぶ,しばしば心に浮かぶ,"Subject: A memory that keeps returning to mind.

Composition: Show an adult sitting quietly with a wistful expression while holding an old house key. A single soft-edged thought bubble above them contains the familiar small house associated with the key, keeping the memory tied to the present moment.

Style: Use the attached invidious.png for drawing style only. Match its thick rounded dark-brown contours, simplified rounded shapes, and restrained 2D cartoon shading. Do not copy the reference subject or composition.

Framing: One compact composition, with the complete subject using about 80-90% of the square. Keep everything inside the frame.

Output: 512x512 PNG, RGBA, genuine transparent background. No text, numerals, labels, logos or watermark.",作成済み,,references/invidious.png
hide@kei1.png,土地面積の単位,土地面積の単位,"Subject: A hide, an old English unit of land holding.

Composition: Show a parchment estate map held open by a medieval surveyor, with one enclosed group of cultivated strips and a small farmhouse inside a bold boundary. Write “1 hide” within that boundary, keeping all land in one continuous holding rather than assigning a fixed modern acreage.

Style: Use the attached invidious.png for drawing style only. Match its thick rounded dark-brown contours, simplified rounded shapes, and restrained 2D cartoon shading. Do not copy the reference subject or composition.

Framing: One compact composition, with the complete subject using about 80-90% of the square. Keep everything inside the frame.

Output: 512x512 PNG, RGBA, genuine transparent background. Only the land-measure notation “1 hide” is permitted inside the estate boundary. No incidental labels, logos or watermark.",作成済み,,references/invidious.png
nucleic.png,核の,核の,"Subject: The nucleus of a cell.

Composition: Show one cutaway animal cell with a large round purple nucleus enclosed by its own double membrane at the center. Keep the surrounding cytoplasm pale and simple so the nucleus and its darker nucleolus dominate the view.

Style: Use the attached invidious.png for drawing style only. Match its thick rounded dark-brown contours, simplified rounded shapes, and restrained 2D cartoon shading. Do not copy the reference subject or composition.

Framing: One compact composition, with the complete subject using about 80-90% of the square. Keep everything inside the frame.

Output: 512x512 PNG, RGBA, genuine transparent background. No text, numerals, labels, logos or watermark.",作成済み,,references/invidious.png
performative.png,遂行的な,遂行的な,"Subject: A performative utterance that enacts a marriage.

Composition: Show a wedding officiant facing two adults who stand hand in hand, with a speech bubble containing “I pronounce you married.” The officiant speaks with one open hand raised while the couple turn toward each other as the declaration takes effect.

Style: Use the attached invidious.png for drawing style only. Match its thick rounded dark-brown contours, simplified rounded shapes, and restrained 2D cartoon shading. Do not copy the reference subject or composition.

Framing: One compact composition, with the complete subject using about 80-90% of the square. Keep everything inside the frame.

Output: 512x512 PNG, RGBA, genuine transparent background. Only the speech-bubble utterance “I pronounce you married.” is permitted. No incidental labels, logos or watermark.",作成済み,,references/invidious.png
platinum.png,白金,白金,"Subject: Platinum metal.

Composition: Show one heavy silver-white platinum ingot beside a plain polished platinum ring on a small dark jeweler’s pad. Give the metal cool muted highlights and keep both objects free of stamps or lettering.

Style: Use the attached invidious.png for drawing style only. Match its thick rounded dark-brown contours, simplified rounded shapes, and restrained 2D cartoon shading. Do not copy the reference subject or composition.

Framing: One compact composition, with the complete subject using about 80-90% of the square. Keep everything inside the frame.

Output: 512x512 PNG, RGBA, genuine transparent background. No text, numerals, labels, logos or watermark.",作成済み,,references/invidious.png
priesthood.png,司祭職,司祭職,"Subject: A person serving in the priesthood.

Composition: Show a priest in a white alb and colored stole standing at a small church altar, holding a chalice with both hands. An open liturgical book rests on the altar beside him as he carries out the rite solemnly.

Style: Use the attached invidious.png for drawing style only. Match its thick rounded dark-brown contours, simplified rounded shapes, and restrained 2D cartoon shading. Do not copy the reference subject or composition.

Framing: One compact composition, with the complete subject using about 80-90% of the square. Keep everything inside the frame.

Output: 512x512 PNG, RGBA, genuine transparent background. No text, numerals, labels, logos or watermark.",作成済み,,references/invidious.png
purchaser.png,購入者、買い手,購入者,"Subject: A customer purchasing an item.

Composition: Show an adult buyer handing coins across a shop counter while receiving a small wrapped parcel from the shopkeeper. Center the exchange between the buyer’s outstretched hands and the parcel.

Style: Use the attached invidious.png for drawing style only. Match its thick rounded dark-brown contours, simplified rounded shapes, and restrained 2D cartoon shading. Do not copy the reference subject or composition.

Framing: One compact composition, with the complete subject using about 80-90% of the square. Keep everything inside the frame.

Output: 512x512 PNG, RGBA, genuine transparent background. No text, numerals, labels, logos or watermark.",作成済み,,references/invidious.png
soak.png,浸る,浸る,"Subject: Cloth soaking in water.

Composition: Show a folded cotton shirt completely submerged in a wide basin of clear water. Two hands press its last floating edge below the surface, with small bubbles escaping from the fabric.

Style: Use the attached invidious.png for drawing style only. Match its thick rounded dark-brown contours, simplified rounded shapes, and restrained 2D cartoon shading. Do not copy the reference subject or composition.

Framing: One compact composition, with the complete subject using about 80-90% of the square. Keep everything inside the frame.

Output: 512x512 PNG, RGBA, genuine transparent background. No text, numerals, labels, logos or watermark.",作成済み,,references/invidious.png
timid.png,臆病な,臆病な,"Subject: A timid child approaching a dog.

Composition: Show a child hiding partly behind a parent’s leg while peeking cautiously at a small calm dog sitting a short distance away. The child clutches the parent’s clothing and keeps their shoulders drawn inward.

Style: Use the attached invidious.png for drawing style only. Match its thick rounded dark-brown contours, simplified rounded shapes, and restrained 2D cartoon shading. Do not copy the reference subject or composition.

Framing: One compact composition, with the complete subject using about 80-90% of the square. Keep everything inside the frame.

Output: 512x512 PNG, RGBA, genuine transparent background. No text, numerals, labels, logos or watermark.",作成済み,,references/invidious.png
truthful.png,正直な、裏表のない,正直な,"Subject: A child honestly admitting a mistake.

Composition: Show a child standing beside a broken flowerpot, pointing toward their own chest while facing a parent. The child’s open posture and apologetic expression make the admission clear, and the parent listens calmly.

Style: Use the attached invidious.png for drawing style only. Match its thick rounded dark-brown contours, simplified rounded shapes, and restrained 2D cartoon shading. Do not copy the reference subject or composition.

Framing: One compact composition, with the complete subject using about 80-90% of the square. Keep everything inside the frame.

Output: 512x512 PNG, RGBA, genuine transparent background. No text, numerals, labels, logos or watermark.",作成済み,,references/invidious.png
unmarried.png,結婚していない、独身の,独身の,"Subject: An unmarried adult living independently.

Composition: Show one adult seated comfortably at a small dining table set for one, holding a cup in a clearly visible left hand without a wedding band. A single coat hangs beside the doorway of the compact home, and the person looks relaxed and self-sufficient.

Style: Use the attached invidious.png for drawing style only. Match its thick rounded dark-brown contours, simplified rounded shapes, and restrained 2D cartoon shading. Do not copy the reference subject or composition.

Framing: One compact composition, with the complete subject using about 80-90% of the square. Keep everything inside the frame.

Output: 512x512 PNG, RGBA, genuine transparent background. No text, numerals, labels, logos or watermark.",作成済み,,references/invidious.png
yoke.png,くびき,くびき,"Subject: A wooden yoke joining two oxen.

Composition: Show two oxen standing shoulder to shoulder with a thick curved wooden yoke resting across their necks. Large wooden bows hold the yoke in place, and a central wooden pole extends behind them toward a small cart.

Style: Use the attached invidious.png for drawing style only. Match its thick rounded dark-brown contours, simplified rounded shapes, and restrained 2D cartoon shading. Do not copy the reference subject or composition.

Framing: One compact composition, with the complete subject using about 80-90% of the square. Keep everything inside the frame.

Output: 512x512 PNG, RGBA, genuine transparent background. No text, numerals, labels, logos or watermark.",作成済み,,references/invidious.png
Lazarus.png,ラザロ,ラザロ,"Subject: Lazarus emerging alive from his tomb.

Composition: Show Lazarus standing at the entrance of a stone tomb with loose burial cloths still wrapped around his body. Jesus stands nearby extending one open hand toward him, while Lazarus looks awake and newly steady on his feet.

Style: Use the attached invidious.png for drawing style only. Match its thick rounded dark-brown contours, simplified rounded shapes, and restrained 2D cartoon shading. Do not copy the reference subject or composition.

Framing: One compact composition, with the complete subject using about 80-90% of the square. Keep everything inside the frame.

Output: 512x512 PNG, RGBA, genuine transparent background. No text, numerals, labels, logos or watermark.",作成済み,,references/invidious.png
Randolph.png,ランドルフ,ランドルフ,"Subject: A. Philip Randolph, the labor leader.

Composition: Show an older Black man with neatly combed short hair and a small mustache, wearing a dark mid-twentieth-century suit and tie, speaking beside a railway carriage. Two uniformed sleeping-car porters listen closely as he gestures with an open hand.

Style: Use the attached invidious.png for drawing style only. Match its thick rounded dark-brown contours, simplified rounded shapes, and restrained 2D cartoon shading. Do not copy the reference subject or composition.

Framing: One compact composition, with the complete subject using about 80-90% of the square. Keep everything inside the frame.

Output: 512x512 PNG, RGBA, genuine transparent background. No text, numerals, labels, logos or watermark.",作成済み,,references/invidious.png
accessory.png,アクセサリー、服飾品,アクセサリー,"Subject: A decorative clothing accessory.

Composition: Show a woman fastening a small gold brooch onto the lapel of a plain blue jacket. Keep the brooch, her fingertips, and the fabric lapel large and central, with her smiling face visible above.

Style: Use the attached invidious.png for drawing style only. Match its thick rounded dark-brown contours, simplified rounded shapes, and restrained 2D cartoon shading. Do not copy the reference subject or composition.

Framing: One compact composition, with the complete subject using about 80-90% of the square. Keep everything inside the frame.

Output: 512x512 PNG, RGBA, genuine transparent background. No text, numerals, labels, logos or watermark.",作成済み,,references/invidious.png
allele.png,対立遺伝子,対立遺伝子,"Subject: Two alleles at the same locus on homologous chromosomes.

Composition: Show a single homologous pair of upright chromosomes side by side, equal in length and shape. Mark the same band position on both, one with a red bead and the other with a blue bead, making the corresponding location and different variants clear.

Style: Use the attached invidious.png for drawing style only. Match its thick rounded dark-brown contours, simplified rounded shapes, and restrained 2D cartoon shading. Do not copy the reference subject or composition.

Framing: One compact composition, with the complete subject using about 80-90% of the square. Keep everything inside the frame.

Output: 512x512 PNG, RGBA, genuine transparent background. No text, numerals, labels, logos or watermark.",作成済み,,references/invidious.png
binder.png,バインダー、しばる道具,バインダー,"Subject: A ring binder holding loose papers.

Composition: Show one open three-ring binder with its metal rings sprung apart and several punched sheets resting on one side. A hand lowers one new sheet toward the rings so the binding mechanism is prominent.

Style: Use the attached invidious.png for drawing style only. Match its thick rounded dark-brown contours, simplified rounded shapes, and restrained 2D cartoon shading. Do not copy the reference subject or composition.

Framing: One compact composition, with the complete subject using about 80-90% of the square. Keep everything inside the frame.

Output: 512x512 PNG, RGBA, genuine transparent background. No text, numerals, labels, logos or watermark.",作成済み,,references/invidious.png
butcher.png,肉屋,肉屋,"Subject: A butcher at a meat counter.

Composition: Show a butcher wearing a clean white apron behind a refrigerated counter containing a few neatly arranged cuts of meat. The butcher wraps one steak in plain paper on a wooden counter, with no slaughter scene or gore.

Style: Use the attached invidious.png for drawing style only. Match its thick rounded dark-brown contours, simplified rounded shapes, and restrained 2D cartoon shading. Do not copy the reference subject or composition.

Framing: One compact composition, with the complete subject using about 80-90% of the square. Keep everything inside the frame.

Output: 512x512 PNG, RGBA, genuine transparent background. No text, numerals, labels, logos or watermark.",作成済み,,references/invidious.png
choke.png,窒息させる、絞殺する,窒息させる,"Subject: An obstructed airway causing choking.

Composition: Show an adult clutching their throat with both hands, wide-eyed and unable to breathe comfortably. Use a small transparent cutaway over the neck to reveal a single piece of food lodged in the upper airway, keeping the image non-graphic.

Style: Use the attached invidious.png for drawing style only. Match its thick rounded dark-brown contours, simplified rounded shapes, and restrained 2D cartoon shading. Do not copy the reference subject or composition.

Framing: One compact composition, with the complete subject using about 80-90% of the square. Keep everything inside the frame.

Output: 512x512 PNG, RGBA, genuine transparent background. No text, numerals, labels, logos or watermark.",作成済み,,references/invidious.png
cohorts.png,仲間たち,仲間たち,"Subject: A close group of companions.

Composition: Show four adult hikers standing together at the end of a trail, with their arms resting across one another’s shoulders. Their dusty boots, small backpacks, and shared relaxed smiles convey a group that has traveled together.

Style: Use the attached invidious.png for drawing style only. Match its thick rounded dark-brown contours, simplified rounded shapes, and restrained 2D cartoon shading. Do not copy the reference subject or composition.

Framing: One compact composition, with the complete subject using about 80-90% of the square. Keep everything inside the frame.

Output: 512x512 PNG, RGBA, genuine transparent background. No text, numerals, labels, logos or watermark.",作成済み,,references/invidious.png
conversational.png,会話の、砕けた,会話の,"Subject: A relaxed conversation between two people.

Composition: Show two adults seated opposite each other at a small café table, leaning forward and taking turns gesturing with open hands. Their faces show friendly interest, and two cups sit between them.

Style: Use the attached invidious.png for drawing style only. Match its thick rounded dark-brown contours, simplified rounded shapes, and restrained 2D cartoon shading. Do not copy the reference subject or composition.

Framing: One compact composition, with the complete subject using about 80-90% of the square. Keep everything inside the frame.

Output: 512x512 PNG, RGBA, genuine transparent background. No text, numerals, labels, logos or watermark.",作成済み,,references/invidious.png
demonic.png,悪魔のような、凶暴な,悪魔のような,"Subject: A demonic creature.

Composition: Show one horned fantasy creature crouching with clawed hands spread and a fierce grin exposing pointed teeth. Give it dark red skin, narrowed glowing eyes, and a thin curling tail, with no injured victim.

Style: Use the attached invidious.png for drawing style only. Match its thick rounded dark-brown contours, simplified rounded shapes, and restrained 2D cartoon shading. Do not copy the reference subject or composition.

Framing: One compact composition, with the complete subject using about 80-90% of the square. Keep everything inside the frame.

Output: 512x512 PNG, RGBA, genuine transparent background. No text, numerals, labels, logos or watermark.",作成済み,,references/invidious.png
donkey.png,ロバ,ロバ,"Subject: A donkey.

Composition: Show a small gray donkey standing in profile with long upright ears, a short bristly mane, slender legs, and a tufted tail. Turn its pale muzzle slightly toward the viewer and keep its whole body visible.

Style: Use the attached invidious.png for drawing style only. Match its thick rounded dark-brown contours, simplified rounded shapes, and restrained 2D cartoon shading. Do not copy the reference subject or composition.

Framing: One compact composition, with the complete subject using about 80-90% of the square. Keep everything inside the frame.

Output: 512x512 PNG, RGBA, genuine transparent background. No text, numerals, labels, logos or watermark.",作成済み,,references/invidious.png
economist.png,経済学者,経済学者,"Subject: An economist analyzing an economic model.

Composition: Show an adult economist seated at a desk, studying a plotted supply-and-demand graph on a large sheet. They use a pencil to point at the crossing of an upward line and a downward line, with a calculator beside the paper.

Style: Use the attached invidious.png for drawing style only. Match its thick rounded dark-brown contours, simplified rounded shapes, and restrained 2D cartoon shading. Do not copy the reference subject or composition.

Framing: One compact composition, with the complete subject using about 80-90% of the square. Keep everything inside the frame.

Output: 512x512 PNG, RGBA, genuine transparent background. No text, numerals, labels, logos or watermark.",作成済み,,references/invidious.png
grandeur.png,雄大さ、壮大さ,雄大さ,"Subject: The grandeur of a vast mountain landscape.

Composition: Show a towering snow-capped mountain rising above a deep forested valley, with one tiny hiker standing on a foreground ridge. Use the hiker’s small scale to emphasize the immense cliffs and sweeping mountain slopes.

Style: Use the attached invidious.png for drawing style only. Match its thick rounded dark-brown contours, simplified rounded shapes, and restrained 2D cartoon shading. Do not copy the reference subject or composition.

Framing: One compact composition, with the complete subject using about 80-90% of the square. Keep everything inside the frame.

Output: 512x512 PNG, RGBA, genuine transparent background. No text, numerals, labels, logos or watermark.",作成済み,,references/invidious.png
indefinitely.png,無期限に、無制限に,無期限に,"Subject: A closure lasting for an unspecified time.

Composition: Show a person waiting beside a closed door while one long continuous calendar strip unrolls across the floor and curls into the distance without a final page. The calendar has only empty day boxes, and the person rests their cheek in one hand while watching the door.

Style: Use the attached invidious.png for drawing style only. Match its thick rounded dark-brown contours, simplified rounded shapes, and restrained 2D cartoon shading. Do not copy the reference subject or composition.

Framing: One compact composition, with the complete subject using about 80-90% of the square. Keep everything inside the frame.

Output: 512x512 PNG, RGBA, genuine transparent background. No text, numerals, labels, logos or watermark.",作成済み,,references/invidious.png
investigative.png,調査の,調査の,"Subject: An investigative examination of evidence.

Composition: Show an investigator kneeling beside a broken window, examining a small shard through a magnifying glass. A notebook and pencil lie open beside them while their attention stays fixed on the physical evidence.

Style: Use the attached invidious.png for drawing style only. Match its thick rounded dark-brown contours, simplified rounded shapes, and restrained 2D cartoon shading. Do not copy the reference subject or composition.

Framing: One compact composition, with the complete subject using about 80-90% of the square. Keep everything inside the frame.

Output: 512x512 PNG, RGBA, genuine transparent background. No text, numerals, labels, logos or watermark.",作成済み,,references/invidious.png
marvellous.png,すばらしい,すばらしい,"Subject: A wonderful piece of craftsmanship.

Composition: Show a child gazing with wide eyes and an open delighted smile at a beautifully carved wooden sailing ship. The detailed little ship sits on a low table directly in front of the child, who clasps both hands in admiration.

Style: Use the attached invidious.png for drawing style only. Match its thick rounded dark-brown contours, simplified rounded shapes, and restrained 2D cartoon shading. Do not copy the reference subject or composition.

Framing: One compact composition, with the complete subject using about 80-90% of the square. Keep everything inside the frame.

Output: 512x512 PNG, RGBA, genuine transparent background. No text, numerals, labels, logos or watermark.",作成済み,,references/invidious.png
materially.png,実質的に,実質的に,"Subject: A change that makes a substantial practical difference.

Composition: Show a worker sliding a thick wooden support beneath a visibly sagging shelf loaded with books. The support takes the weight at the center while the worker steadies the shelf, making the meaningful structural improvement clear.

Style: Use the attached invidious.png for drawing style only. Match its thick rounded dark-brown contours, simplified rounded shapes, and restrained 2D cartoon shading. Do not copy the reference subject or composition.

Framing: One compact composition, with the complete subject using about 80-90% of the square. Keep everything inside the frame.

Output: 512x512 PNG, RGBA, genuine transparent background. No text, numerals, labels, logos or watermark.",作成済み,,references/invidious.png
nun.png,修道女,修道女,"Subject: A nun.

Composition: Show an adult nun wearing a simple black habit and white wimple, holding a small prayer book in both hands. She stands calmly beside a short stone convent doorway with a gentle, thoughtful expression.

Style: Use the attached invidious.png for drawing style only. Match its thick rounded dark-brown contours, simplified rounded shapes, and restrained 2D cartoon shading. Do not copy the reference subject or composition.

Framing: One compact composition, with the complete subject using about 80-90% of the square. Keep everything inside the frame.

Output: 512x512 PNG, RGBA, genuine transparent background. No text, numerals, labels, logos or watermark.",作成済み,,references/invidious.png
paw.png,足、手,足,"Subject: An animal’s paw.

Composition: Show a dog sitting with one front paw lifted toward the viewer. Make the soft underside prominent, with one large central pad, four smaller toe pads, and short claws clearly visible.

Style: Use the attached invidious.png for drawing style only. Match its thick rounded dark-brown contours, simplified rounded shapes, and restrained 2D cartoon shading. Do not copy the reference subject or composition.

Framing: One compact composition, with the complete subject using about 80-90% of the square. Keep everything inside the frame.

Output: 512x512 PNG, RGBA, genuine transparent background. No text, numerals, labels, logos or watermark.",作成済み,,references/invidious.png
scowl.png,しかめ面をする、顔をしかめる,しかめ面をする,"Subject: A person scowling.

Composition: Show a close view of an adult’s face with eyebrows pulled sharply inward, forehead creased, and lips pressed into a downward curve. Their arms are crossed beneath the face and their eyes glare straight ahead.

Style: Use the attached invidious.png for drawing style only. Match its thick rounded dark-brown contours, simplified rounded shapes, and restrained 2D cartoon shading. Do not copy the reference subject or composition.

Framing: One compact composition, with the complete subject using about 80-90% of the square. Keep everything inside the frame.

Output: 512x512 PNG, RGBA, genuine transparent background. No text, numerals, labels, logos or watermark.",作成済み,,references/invidious.png
surf.png,打ち寄せる波,打ち寄せる波,"Subject: Surf breaking on a beach.

Composition: Show a blue-green wave curling forward and collapsing into white foam at a sandy shore. Let a thin wash of foamy water spread around two small stones in the foreground.

Style: Use the attached invidious.png for drawing style only. Match its thick rounded dark-brown contours, simplified rounded shapes, and restrained 2D cartoon shading. Do not copy the reference subject or composition.

Framing: One compact composition, with the complete subject using about 80-90% of the square. Keep everything inside the frame.

Output: 512x512 PNG, RGBA, genuine transparent background. No text, numerals, labels, logos or watermark.",作成済み,,references/invidious.png
thermodynamic.png,熱力学の,熱力学の,"Subject: A thermodynamic heat-engine demonstration.

Composition: Show a small educational heat engine with a metal cylinder heated from below by a flame, its piston connected to a flywheel. A cutaway exposes gas pushing the piston outward while the wheel turns, keeping the entire apparatus in one coherent view.

Style: Use the attached invidious.png for drawing style only. Match its thick rounded dark-brown contours, simplified rounded shapes, and restrained 2D cartoon shading. Do not copy the reference subject or composition.

Framing: One compact composition, with the complete subject using about 80-90% of the square. Keep everything inside the frame.

Output: 512x512 PNG, RGBA, genuine transparent background. No text, numerals, labels, logos or watermark.",作成済み,,references/invidious.png
trade-off.png,交換、トレードオフ,トレードオフ,"Subject: A trade-off between carrying capacity and weight.

Composition: Show a hiker crouching beside an overfilled backpack, removing a comfortable thick blanket to make room for a large water bottle. The hiker looks thoughtfully between the blanket in one hand and the tightly packed bag.

Style: Use the attached invidious.png for drawing style only. Match its thick rounded dark-brown contours, simplified rounded shapes, and restrained 2D cartoon shading. Do not copy the reference subject or composition.

Framing: One compact composition, with the complete subject using about 80-90% of the square. Keep everything inside the frame.

Output: 512x512 PNG, RGBA, genuine transparent background. No text, numerals, labels, logos or watermark.",作成済み,,references/invidious.png
tumbling.png,タンブリング,タンブリング,"Subject: A gymnast performing a floor handspring.

Composition: Show one gymnast in the middle of a handspring on a narrow floor mat, with both palms planted and straight legs sweeping overhead. Keep the arched body, hands, and pointed toes fully visible in a single captured movement.

Style: Use the attached invidious.png for drawing style only. Match its thick rounded dark-brown contours, simplified rounded shapes, and restrained 2D cartoon shading. Do not copy the reference subject or composition.

Framing: One compact composition, with the complete subject using about 80-90% of the square. Keep everything inside the frame.

Output: 512x512 PNG, RGBA, genuine transparent background. No text, numerals, labels, logos or watermark.",作成済み,,references/invidious.png
wrongly.png,間違って,間違って,"Subject: Putting an object in the wrong place.

Composition: Show a child trying to push a square wooden block into a round hole in a shape-sorting box. The corners catch visibly on the rim, and the child looks puzzled at the mismatch.

Style: Use the attached invidious.png for drawing style only. Match its thick rounded dark-brown contours, simplified rounded shapes, and restrained 2D cartoon shading. Do not copy the reference subject or composition.

Framing: One compact composition, with the complete subject using about 80-90% of the square. Keep everything inside the frame.

Output: 512x512 PNG, RGBA, genuine transparent background. No text, numerals, labels, logos or watermark.",作成済み,,references/invidious.png
yogurt.png,ヨーグルト、発酵乳,ヨーグルト,"Subject: A bowl of yogurt.

Composition: Show a small ceramic bowl filled with thick white yogurt, with a spoon lifting a soft spoonful above it. Form a smooth swirl on the surface and place two blueberries at the bowl’s edge.

Style: Use the attached invidious.png for drawing style only. Match its thick rounded dark-brown contours, simplified rounded shapes, and restrained 2D cartoon shading. Do not copy the reference subject or composition.

Framing: One compact composition, with the complete subject using about 80-90% of the square. Keep everything inside the frame.

Output: 512x512 PNG, RGBA, genuine transparent background. No text, numerals, labels, logos or watermark.",作成済み,,references/invidious.png
Gerard.png,ジェラード,ジェラード,"Subject: Gerard, an ordinary adult man.

Composition: Show an adult man with short dark hair and light stubble wearing a brown jacket over a cream shirt. He stands in a relaxed posture with one hand in his pocket and a friendly half-smile.

Style: Use the attached invidious.png for drawing style only. Match its thick rounded dark-brown contours, simplified rounded shapes, and restrained 2D cartoon shading. Do not copy the reference subject or composition.

Framing: One compact composition, with the complete subject using about 80-90% of the square. Keep everything inside the frame.

Output: 512x512 PNG, RGBA, genuine transparent background. No text, numerals, labels, logos or watermark.",作成済み,,references/invidious.png
Herr.png,…氏,…氏,"Subject: The German courtesy title used before a man’s surname.

Composition: Show a formal envelope addressed only to “Herr Müller,” held beside the hand of a politely dressed adult man. Make the title and surname clearly readable as one address line, without adding any other writing.

Style: Use the attached invidious.png for drawing style only. Match its thick rounded dark-brown contours, simplified rounded shapes, and restrained 2D cartoon shading. Do not copy the reference subject or composition.

Framing: One compact composition, with the complete subject using about 80-90% of the square. Keep everything inside the frame.

Output: 512x512 PNG, RGBA, genuine transparent background. Only the address line “Herr Müller” is permitted on the envelope. No incidental labels, logos or watermark.",作成済み,,references/invidious.png
Windsor.png,ウィンザー,ウィンザー,"Subject: The House of Windsor, the British royal family.

Composition: Show King George V with his neat beard in a dark military uniform, Queen Mary in a high-necked gown and tiara, and their clean-shaven adult son Edward in formal uniform, grouped for a family portrait. Place them in a stone room at Windsor Castle with a crown resting on a cushion beside the seated king.

Style: Use the attached invidious.png for drawing style only. Match its thick rounded dark-brown contours, simplified rounded shapes, and restrained 2D cartoon shading. Do not copy the reference subject or composition.

Framing: One compact composition, with the complete subject using about 80-90% of the square. Keep everything inside the frame.

Output: 512x512 PNG, RGBA, genuine transparent background. No text, numerals, labels, logos or watermark.",作成済み,,references/invidious.png
agrarian.png,農業の,農業の,"Subject: An agricultural landscape.

Composition: Show a farmer guiding a small tractor along neat rows of freshly cultivated crops. Keep a plowed strip, green seedlings, and a compact wooden barn together within one small farm scene.

Style: Use the attached invidious.png for drawing style only. Match its thick rounded dark-brown contours, simplified rounded shapes, and restrained 2D cartoon shading. Do not copy the reference subject or composition.

Framing: One compact composition, with the complete subject using about 80-90% of the square. Keep everything inside the frame.

Output: 512x512 PNG, RGBA, genuine transparent background. No text, numerals, labels, logos or watermark.",作成済み,,references/invidious.png
almond.png,アーモンド,アーモンド,"Subject: Almonds.

Composition: Show a cracked tan almond shell with one ridged brown almond kernel resting halfway out. Place two whole kernels and one small almond leaf beside it in a compact cluster.

Style: Use the attached invidious.png for drawing style only. Match its thick rounded dark-brown contours, simplified rounded shapes, and restrained 2D cartoon shading. Do not copy the reference subject or composition.

Framing: One compact composition, with the complete subject using about 80-90% of the square. Keep everything inside the frame.

Output: 512x512 PNG, RGBA, genuine transparent background. No text, numerals, labels, logos or watermark.",作成済み,,references/invidious.png
dissipation.png,消散、消失,消散,"Subject: Smoke dissipating into the air.

Composition: Show a recently extinguished candle with a thin wisp of gray smoke rising from its wick. The smoke begins dense near the wick and spreads into increasingly faint, widely separated curls above it.

Style: Use the attached invidious.png for drawing style only. Match its thick rounded dark-brown contours, simplified rounded shapes, and restrained 2D cartoon shading. Do not copy the reference subject or composition.

Framing: One compact composition, with the complete subject using about 80-90% of the square. Keep everything inside the frame.

Output: 512x512 PNG, RGBA, genuine transparent background. No text, numerals, labels, logos or watermark.",作成済み,,references/invidious.png
duality.png,二重性、二元性,二重性,"Subject: Two opposing aspects within one person.

Composition: Show one theater mask held upright by a hand, with its left half shaped into a smiling cheek and upward mouth corner and its right half shaped into a tearful frown. Keep the two expressions fused into the same single face rather than separate masks.

Style: Use the attached invidious.png for drawing style only. Match its thick rounded dark-brown contours, simplified rounded shapes, and restrained 2D cartoon shading. Do not copy the reference subject or composition.

Framing: One compact composition, with the complete subject using about 80-90% of the square. Keep everything inside the frame.

Output: 512x512 PNG, RGBA, genuine transparent background. No text, numerals, labels, logos or watermark.",作成済み,,references/invidious.png
gallant.png,勇敢な,勇敢な,"Subject: A brave rescue.

Composition: Show a firefighter stepping through a smoky doorway while carrying a small dog securely against their chest. Their stance is steady and determined, with the dog shielded inside the crook of one arm.

Style: Use the attached invidious.png for drawing style only. Match its thick rounded dark-brown contours, simplified rounded shapes, and restrained 2D cartoon shading. Do not copy the reference subject or composition.

Framing: One compact composition, with the complete subject using about 80-90% of the square. Keep everything inside the frame.

Output: 512x512 PNG, RGBA, genuine transparent background. No text, numerals, labels, logos or watermark.",作成済み,,references/invidious.png
granular.png,粒状の,粒状の,"Subject: A granular material.

Composition: Show a scoop tipped over a shallow bowl so coarse tan sugar grains tumble into a small mound. Make the individual irregular grains large and distinct near the front of the bowl.

Style: Use the attached invidious.png for drawing style only. Match its thick rounded dark-brown contours, simplified rounded shapes, and restrained 2D cartoon shading. Do not copy the reference subject or composition.

Framing: One compact composition, with the complete subject using about 80-90% of the square. Keep everything inside the frame.

Output: 512x512 PNG, RGBA, genuine transparent background. No text, numerals, labels, logos or watermark.",作成済み,,references/invidious.png
hormonal.png,ホルモンの,ホルモンの,"Subject: Hormonal signaling through the bloodstream.

Composition: Show a simplified biological cutaway with a small endocrine gland releasing round messenger molecules into a curved blood vessel. Downstream in the same vessel, matching molecules bind to receptors on a nearby target cell’s surface.

Style: Use the attached invidious.png for drawing style only. Match its thick rounded dark-brown contours, simplified rounded shapes, and restrained 2D cartoon shading. Do not copy the reference subject or composition.

Framing: One compact composition, with the complete subject using about 80-90% of the square. Keep everything inside the frame.

Output: 512x512 PNG, RGBA, genuine transparent background. No text, numerals, labels, logos or watermark.",作成済み,,references/invidious.png
humid.png,湿度の高い,湿度の高い,"Subject: Hot, humid air.

Composition: Show an adult standing inside a small greenhouse with fogged glass panes and broad damp leaves close around them. Sweat beads on their forehead as they fan their face with one hand, conveying heavy moisture-laden air.

Style: Use the attached invidious.png for drawing style only. Match its thick rounded dark-brown contours, simplified rounded shapes, and restrained 2D cartoon shading. Do not copy the reference subject or composition.

Framing: One compact composition, with the complete subject using about 80-90% of the square. Keep everything inside the frame.

Output: 512x512 PNG, RGBA, genuine transparent background. No text, numerals, labels, logos or watermark.",作成済み,,references/invidious.png
jagged.png,のこぎりの歯のような,のこぎりの歯のような,"Subject: A sharply jagged edge.

Composition: Show one torn metal sheet with a long edge forming irregular pointed teeth. Tilt the sheet so the alternating sharp peaks and deep notches create a clear saw-like silhouette.

Style: Use the attached invidious.png for drawing style only. Match its thick rounded dark-brown contours, simplified rounded shapes, and restrained 2D cartoon shading. Do not copy the reference subject or composition.

Framing: One compact composition, with the complete subject using about 80-90% of the square. Keep everything inside the frame.

Output: 512x512 PNG, RGBA, genuine transparent background. No text, numerals, labels, logos or watermark.",作成済み,,references/invidious.png
madam.png,奥様,奥様,"Subject: A married lady being addressed politely.

Composition: Show an elegantly dressed adult woman standing beside her husband at a doorway, with a wedding band visible on her resting hand. A courteous attendant faces her and gives a small respectful bow.

Style: Use the attached invidious.png for drawing style only. Match its thick rounded dark-brown contours, simplified rounded shapes, and restrained 2D cartoon shading. Do not copy the reference subject or composition.

Framing: One compact composition, with the complete subject using about 80-90% of the square. Keep everything inside the frame.

Output: 512x512 PNG, RGBA, genuine transparent background. No text, numerals, labels, logos or watermark.",作成済み,,references/invidious.png
makeshift.png,その場しのぎをすること,その場しのぎをすること,"Subject: A makeshift repair.

Composition: Show a person stabilizing a wobbly table by sliding a folded piece of cardboard under its shortest leg. The improvised shim is clearly visible while the person presses the tabletop to test it.

Style: Use the attached invidious.png for drawing style only. Match its thick rounded dark-brown contours, simplified rounded shapes, and restrained 2D cartoon shading. Do not copy the reference subject or composition.

Framing: One compact composition, with the complete subject using about 80-90% of the square. Keep everything inside the frame.

Output: 512x512 PNG, RGBA, genuine transparent background. No text, numerals, labels, logos or watermark.",作成済み,,references/invidious.png
motel.png,モーテル,モーテル,"Subject: A roadside motel.

Composition: Show a low single-story building with three guest-room doors opening directly onto an outdoor parking area. Park one car immediately outside a room where a traveler carries a suitcase toward the door.

Style: Use the attached invidious.png for drawing style only. Match its thick rounded dark-brown contours, simplified rounded shapes, and restrained 2D cartoon shading. Do not copy the reference subject or composition.

Framing: One compact composition, with the complete subject using about 80-90% of the square. Keep everything inside the frame.

Output: 512x512 PNG, RGBA, genuine transparent background. No text, numerals, labels, logos or watermark.",作成済み,,references/invidious.png
newest.png,最新の,最新の,"Subject: The newest copy coming off a printing press.

Composition: Show a press operator lifting the top freshly printed newspaper from the delivery tray of a compact printing press. The sheet has crisp edges and still-curled corners, with earlier copies stacked underneath in the same tray.

Style: Use the attached invidious.png for drawing style only. Match its thick rounded dark-brown contours, simplified rounded shapes, and restrained 2D cartoon shading. Do not copy the reference subject or composition.

Framing: One compact composition, with the complete subject using about 80-90% of the square. Keep everything inside the frame.

Output: 512x512 PNG, RGBA, genuine transparent background. No text, numerals, labels, logos or watermark.",作成済み,,references/invidious.png
pony.png,ポニー,ポニー,"Subject: A pony.

Composition: Show a small sturdy pony with short legs, a rounded body, and a thick shaggy mane standing beside a low paddock fence. A child gently strokes its neck, giving a clear sense of the animal’s small size.

Style: Use the attached invidious.png for drawing style only. Match its thick rounded dark-brown contours, simplified rounded shapes, and restrained 2D cartoon shading. Do not copy the reference subject or composition.

Framing: One compact composition, with the complete subject using about 80-90% of the square. Keep everything inside the frame.

Output: 512x512 PNG, RGBA, genuine transparent background. No text, numerals, labels, logos or watermark.",作成済み,,references/invidious.png
psychoanalysis.png,精神分析学,精神分析学,"Subject: A psychoanalytic session.

Composition: Show an adult patient reclining comfortably on a couch, speaking while gazing upward. An analyst sits in a chair just behind the patient’s head, listening attentively with a notebook on their lap.

Style: Use the attached invidious.png for drawing style only. Match its thick rounded dark-brown contours, simplified rounded shapes, and restrained 2D cartoon shading. Do not copy the reference subject or composition.

Framing: One compact composition, with the complete subject using about 80-90% of the square. Keep everything inside the frame.

Output: 512x512 PNG, RGBA, genuine transparent background. No text, numerals, labels, logos or watermark.",作成済み,,references/invidious.png
purposeful.png,目的がある、意図した,目的がある,"Subject: An action directed toward a clear goal.

Composition: Show an adult walking briskly toward a door while carrying a toolbox and looking at its visibly loose hinge. Their focused gaze, forward stride, and ready tools make the intended repair clear.

Style: Use the attached invidious.png for drawing style only. Match its thick rounded dark-brown contours, simplified rounded shapes, and restrained 2D cartoon shading. Do not copy the reference subject or composition.

Framing: One compact composition, with the complete subject using about 80-90% of the square. Keep everything inside the frame.

Output: 512x512 PNG, RGBA, genuine transparent background. No text, numerals, labels, logos or watermark.",作成済み,,references/invidious.png
reassurance.png,安心させる言葉,安心させる言葉,"Subject: Reassuring words spoken to a frightened person.

Composition: Show a calm adult kneeling beside a frightened child in a safe doorway, resting a gentle hand on the child’s shoulder. A small speech bubble from the adult reads “You’re safe now,” while the child begins to relax.

Style: Use the attached invidious.png for drawing style only. Match its thick rounded dark-brown contours, simplified rounded shapes, and restrained 2D cartoon shading. Do not copy the reference subject or composition.

Framing: One compact composition, with the complete subject using about 80-90% of the square. Keep everything inside the frame.

Output: 512x512 PNG, RGBA, genuine transparent background. Only the speech-bubble utterance “You’re safe now” is permitted. No incidental labels, logos or watermark.",作成済み,,references/invidious.png
ripple.png,亜麻こき,亜麻こき,"Subject: A ripple used to strip seed heads from flax.

Composition: Show a wooden bench fitted with a single upright row of long iron comb teeth. A worker pulls a bundle of flax stalks through the teeth, stripping round seed capsules into a shallow basket below.

Style: Use the attached invidious.png for drawing style only. Match its thick rounded dark-brown contours, simplified rounded shapes, and restrained 2D cartoon shading. Do not copy the reference subject or composition.

Framing: One compact composition, with the complete subject using about 80-90% of the square. Keep everything inside the frame.

Output: 512x512 PNG, RGBA, genuine transparent background. No text, numerals, labels, logos or watermark.",作成済み,,references/invidious.png
Antony.png,アントニー,アントニー,"Subject: Antony, an ordinary adult man.

Composition: Show a young adult man with wavy dark hair wearing a rust-colored shirt and charcoal trousers. He stands holding a folded jacket over one forearm and gives a relaxed friendly smile.

Style: Use the attached invidious.png for drawing style only. Match its thick rounded dark-brown contours, simplified rounded shapes, and restrained 2D cartoon shading. Do not copy the reference subject or composition.

Framing: One compact composition, with the complete subject using about 80-90% of the square. Keep everything inside the frame.

Output: 512x512 PNG, RGBA, genuine transparent background. No text, numerals, labels, logos or watermark.",作成済み,,references/invidious.png
Burma.png,ビルマ,ビルマ,"Subject: Burma, shown through the temples of Bagan.

Composition: Show a compact view across Bagan’s dry green plain with a large brick temple and two smaller pointed stupas nearby. A narrow path winds between the monuments, with a strip of the Ayeyarwady River visible beyond.

Style: Use the attached invidious.png for drawing style only. Match its thick rounded dark-brown contours, simplified rounded shapes, and restrained 2D cartoon shading. Do not copy the reference subject or composition.

Framing: One compact composition, with the complete subject using about 80-90% of the square. Keep everything inside the frame.

Output: 512x512 PNG, RGBA, genuine transparent background. No text, numerals, labels, logos or watermark.",作成済み,,references/invidious.png
Clarence.png,クラレンス、クレランス,クラレンス,"Subject: Clarence, an ordinary adult man.

Composition: Show an older man with short silver hair, round glasses, and a neatly trimmed mustache wearing a navy cardigan. He sits upright on a simple chair with both hands resting on a closed book in his lap.

Style: Use the attached invidious.png for drawing style only. Match its thick rounded dark-brown contours, simplified rounded shapes, and restrained 2D cartoon shading. Do not copy the reference subject or composition.

Framing: One compact composition, with the complete subject using about 80-90% of the square. Keep everything inside the frame.

Output: 512x512 PNG, RGBA, genuine transparent background. No text, numerals, labels, logos or watermark.",作成済み,,references/invidious.png
Mandy.png,マンディ、マンディー,マンディ,"Subject: Mandy, an ordinary adult woman.

Composition: Show a young adult woman with shoulder-length auburn hair wearing a yellow sweater and blue jeans. She stands with a canvas shoulder bag at her hip and waves with a cheerful smile.

Style: Use the attached invidious.png for drawing style only. Match its thick rounded dark-brown contours, simplified rounded shapes, and restrained 2D cartoon shading. Do not copy the reference subject or composition.

Framing: One compact composition, with the complete subject using about 80-90% of the square. Keep everything inside the frame.

Output: 512x512 PNG, RGBA, genuine transparent background. No text, numerals, labels, logos or watermark.",作成済み,,references/invidious.png
airborne.png,空中を通る,空中を通る,"Subject: A ball traveling through the air.

Composition: Show a tennis ball flying in a high arc between an outstretched hand and an open basket on the ground. Short trailing motion strokes follow the ball, with a clear gap of air beneath it.

Style: Use the attached invidious.png for drawing style only. Match its thick rounded dark-brown contours, simplified rounded shapes, and restrained 2D cartoon shading. Do not copy the reference subject or composition.

Framing: One compact composition, with the complete subject using about 80-90% of the square. Keep everything inside the frame.

Output: 512x512 PNG, RGBA, genuine transparent background. No text, numerals, labels, logos or watermark.",作成済み,,references/invidious.png
bedtime.png,就寝時刻,就寝時刻,"Subject: Bedtime.

Composition: Show a sleepy child in pajamas climbing into a small bed while a parent pulls back the blanket. A dim bedside lamp and a dark window with a crescent moon establish that it is time to sleep.

Style: Use the attached invidious.png for drawing style only. Match its thick rounded dark-brown contours, simplified rounded shapes, and restrained 2D cartoon shading. Do not copy the reference subject or composition.

Framing: One compact composition, with the complete subject using about 80-90% of the square. Keep everything inside the frame.

Output: 512x512 PNG, RGBA, genuine transparent background. No text, numerals, labels, logos or watermark.",作成済み,,references/invidious.png
blaze@bhel1.png,炎,炎,"Subject: A bright flame.

Composition: Show a compact stack of two logs burning with large orange and yellow flames rising above them. Make the curling flame tongues dominant, with only a few glowing embers below.

Style: Use the attached invidious.png for drawing style only. Match its thick rounded dark-brown contours, simplified rounded shapes, and restrained 2D cartoon shading. Do not copy the reference subject or composition.

Framing: One compact composition, with the complete subject using about 80-90% of the square. Keep everything inside the frame.

Output: 512x512 PNG, RGBA, genuine transparent background. No text, numerals, labels, logos or watermark.",作成済み,,references/invidious.png
calculus.png,結石,結石,"Subject: A kidney stone.

Composition: Show a clean cutaway of one kidney and the upper ureter, with a single rough tan stone lodged near the narrow outlet. Keep the collecting spaces and the stone clearly visible without blood or surgical instruments.

Style: Use the attached invidious.png for drawing style only. Match its thick rounded dark-brown contours, simplified rounded shapes, and restrained 2D cartoon shading. Do not copy the reference subject or composition.

Framing: One compact composition, with the complete subject using about 80-90% of the square. Keep everything inside the frame.

Output: 512x512 PNG, RGBA, genuine transparent background. No text, numerals, labels, logos or watermark.",作成済み,,references/invidious.png
cavern.png,大洞穴,大洞穴,"Subject: A large cavern.

Composition: Show a vast arched underground chamber with several thick stalactites hanging from the ceiling and stalagmites rising below. A tiny helmeted explorer holding a lantern stands near the entrance, emphasizing the enormous interior.

Style: Use the attached invidious.png for drawing style only. Match its thick rounded dark-brown contours, simplified rounded shapes, and restrained 2D cartoon shading. Do not copy the reference subject or composition.

Framing: One compact composition, with the complete subject using about 80-90% of the square. Keep everything inside the frame.

Output: 512x512 PNG, RGBA, genuine transparent background. No text, numerals, labels, logos or watermark.",作成済み,,references/invidious.png
conceivable.png,想像できる、考えられる,想像できる,"Subject: A possible result that someone can imagine.

Composition: Show a child holding a handful of wooden blocks while looking thoughtfully at a clear thought bubble. Inside the bubble, the same blocks form a simple three-tower castle that could realistically be built from the pieces in hand.

Style: Use the attached invidious.png for drawing style only. Match its thick rounded dark-brown contours, simplified rounded shapes, and restrained 2D cartoon shading. Do not copy the reference subject or composition.

Framing: One compact composition, with the complete subject using about 80-90% of the square. Keep everything inside the frame.

Output: 512x512 PNG, RGBA, genuine transparent background. No text, numerals, labels, logos or watermark.",作成済み,,references/invidious.png
cortisol.png,コルチゾール,コルチゾール,"Subject: The cortisol molecule.

Composition: Show one ball-and-stick cortisol molecule built from a pregn-4-ene skeleton with three fused six-membered rings and one fused five-membered ring, using dark carbon, red oxygen, and white hydrogen spheres. Include carbonyl groups at C3 and C20, hydroxyl groups at C11β, C17α, and C21, two angular methyl groups, and 21 carbon atoms in total, without printing atom names or position numbers.

Style: Use the attached invidious.png for drawing style only. Match its thick rounded dark-brown contours, simplified rounded shapes, and restrained 2D cartoon shading. Do not copy the reference subject or composition.

Framing: One compact composition, with the complete subject using about 80-90% of the square. Keep everything inside the frame.

Output: 512x512 PNG, RGBA, genuine transparent background. No text, numerals, labels, logos or watermark.",作成済み,,references/invidious.png
enthalpy.png,エンタルピー,エンタルピー,"Subject: Enthalpy as internal energy plus pressure-volume energy.

Composition: Show a cutaway gas cylinder with a movable weighted piston and a small flame heating it from below. Place the compact equation “H = U + pV” beside the cylinder, with a short upward arrow at the rising piston to connect the formula to the physical system.

Style: Use the attached invidious.png for drawing style only. Match its thick rounded dark-brown contours, simplified rounded shapes, and restrained 2D cartoon shading. Do not copy the reference subject or composition.

Framing: One compact composition, with the complete subject using about 80-90% of the square. Keep everything inside the frame.

Output: 512x512 PNG, RGBA, genuine transparent background. Only the equation “H = U + pV” and the short upward piston-motion arrow are permitted. No incidental labels, logos or watermark.",作成済み,,references/invidious.png
gluten.png,グルテン,グルテン,"Subject: Elastic gluten in wheat dough.

Composition: Show two hands stretching a small piece of wheat dough into a thin translucent membrane. Keep the pale elastic sheet continuous between the fingertips, with a thicker dough rim around its edge.

Style: Use the attached invidious.png for drawing style only. Match its thick rounded dark-brown contours, simplified rounded shapes, and restrained 2D cartoon shading. Do not copy the reference subject or composition.

Framing: One compact composition, with the complete subject using about 80-90% of the square. Keep everything inside the frame.

Output: 512x512 PNG, RGBA, genuine transparent background. No text, numerals, labels, logos or watermark.",作成済み,,references/invidious.png
heroine.png,ヒロイン,ヒロイン,"Subject: A female heroine leading a rescue.

Composition: Show a young adult woman adventurer in a practical cloak standing at the front of a narrow rope bridge, helping a frightened companion step safely across. Keep her confident face and firmly extended helping hand central.

Style: Use the attached invidious.png for drawing style only. Match its thick rounded dark-brown contours, simplified rounded shapes, and restrained 2D cartoon shading. Do not copy the reference subject or composition.

Framing: One compact composition, with the complete subject using about 80-90% of the square. Keep everything inside the frame.

Output: 512x512 PNG, RGBA, genuine transparent background. No text, numerals, labels, logos or watermark.",作成済み,,references/invidious.png
homosexual.png,同性愛の,同性愛の,"Subject: A same-sex romantic relationship.

Composition: Show two adult women standing close together, holding hands and smiling affectionately at each other. One gently tucks a small flower behind the other’s ear.

Style: Use the attached invidious.png for drawing style only. Match its thick rounded dark-brown contours, simplified rounded shapes, and restrained 2D cartoon shading. Do not copy the reference subject or composition.

Framing: One compact composition, with the complete subject using about 80-90% of the square. Keep everything inside the frame.

Output: 512x512 PNG, RGBA, genuine transparent background. No text, numerals, labels, logos or watermark.",作成済み,,references/invidious.png
lactic.png,乳酸の,乳酸の,"Subject: The molecular structure of lactic acid.

Composition: Show a ball-and-stick lactic acid molecule with a three-carbon chain: a terminal methyl group, a central carbon bearing a hydroxyl group, and a carboxyl group at the other end. Use dark carbon, red oxygen, and white hydrogen spheres, making the carboxyl double bond and all three oxygen atoms distinct.

Style: Use the attached invidious.png for drawing style only. Match its thick rounded dark-brown contours, simplified rounded shapes, and restrained 2D cartoon shading. Do not copy the reference subject or composition.

Framing: One compact composition, with the complete subject using about 80-90% of the square. Keep everything inside the frame.

Output: 512x512 PNG, RGBA, genuine transparent background. No text, numerals, labels, logos or watermark.",作成済み,,references/invidious.png
lender.png,貸し手,貸し手,"Subject: A lender handing money to a borrower.

Composition: Show an adult seated behind a small desk, handing a modest stack of banknotes to another adult while retaining a loan document. The borrower receives the money with both hands, and a pen rests beside the document.

Style: Use the attached invidious.png for drawing style only. Match its thick rounded dark-brown contours, simplified rounded shapes, and restrained 2D cartoon shading. Do not copy the reference subject or composition.

Framing: One compact composition, with the complete subject using about 80-90% of the square. Keep everything inside the frame.

Output: 512x512 PNG, RGBA, genuine transparent background. No text, numerals, labels, logos or watermark.",作成済み,,references/invidious.png
majestic.png,威厳のある、堂々とした,堂々とした,"Subject: A majestic eagle.

Composition: Show a large eagle perched high on a rugged rock with its broad chest upright and powerful wings spread fully. Turn its head slightly to the side with a calm, commanding gaze, keeping every feather tip inside the frame.

Style: Use the attached invidious.png for drawing style only. Match its thick rounded dark-brown contours, simplified rounded shapes, and restrained 2D cartoon shading. Do not copy the reference subject or composition.

Framing: One compact composition, with the complete subject using about 80-90% of the square. Keep everything inside the frame.

Output: 512x512 PNG, RGBA, genuine transparent background. No text, numerals, labels, logos or watermark.",作成済み,,references/invidious.png
nozzle.png,ノズル,ノズル,"Subject: A hose nozzle.

Composition: Show a close view of a metal-and-green-plastic garden hose nozzle attached to a short visible length of hose. A hand squeezes its trigger, sending a controlled fan of water from the small front opening.

Style: Use the attached invidious.png for drawing style only. Match its thick rounded dark-brown contours, simplified rounded shapes, and restrained 2D cartoon shading. Do not copy the reference subject or composition.

Framing: One compact composition, with the complete subject using about 80-90% of the square. Keep everything inside the frame.

Output: 512x512 PNG, RGBA, genuine transparent background. No text, numerals, labels, logos or watermark.",作成済み,,references/invidious.png
pivot.png,旋回軸、ピボット,旋回軸,"Subject: The pivot pin of a rotating lever.

Composition: Show a wooden seesaw board resting on a central triangular support, with the thick metal pivot pin exposed where the board turns. Tilt one end of the board downward and add a short curved motion stroke around the pin.

Style: Use the attached invidious.png for drawing style only. Match its thick rounded dark-brown contours, simplified rounded shapes, and restrained 2D cartoon shading. Do not copy the reference subject or composition.

Framing: One compact composition, with the complete subject using about 80-90% of the square. Keep everything inside the frame.

Output: 512x512 PNG, RGBA, genuine transparent background. No text, numerals, labels, logos or watermark.",作成済み,,references/invidious.png
pointless.png,先のない,先のない,"Subject: A pencil without a pointed tip.

Composition: Show one unsharpened wooden pencil lying diagonally, with its flat circular end facing the viewer. The wood and central graphite core end bluntly at the same level, with no tapered point.

Style: Use the attached invidious.png for drawing style only. Match its thick rounded dark-brown contours, simplified rounded shapes, and restrained 2D cartoon shading. Do not copy the reference subject or composition.

Framing: One compact composition, with the complete subject using about 80-90% of the square. Keep everything inside the frame.

Output: 512x512 PNG, RGBA, genuine transparent background. No text, numerals, labels, logos or watermark.",作成済み,,references/invidious.png
self-awareness.png,自己認識、自我の目覚め,自己認識,"Subject: A person recognizing themselves.

Composition: Show a young child standing before a floor mirror and touching a small red spot on their own cheek while studying the matching reflection. Keep the real hand and reflected hand aligned to show that the child recognizes the face as their own.

Style: Use the attached invidious.png for drawing style only. Match its thick rounded dark-brown contours, simplified rounded shapes, and restrained 2D cartoon shading. Do not copy the reference subject or composition.

Framing: One compact composition, with the complete subject using about 80-90% of the square. Keep everything inside the frame.

Output: 512x512 PNG, RGBA, genuine transparent background. No text, numerals, labels, logos or watermark.",作成済み,,references/invidious.png
specialization.png,特化、特殊化,特化,"Subject: A craftsperson specializing in violin repair.

Composition: Show a craftsperson at a small workbench carefully adjusting the bridge of a violin with a fine tool. Two more violins await repair on nearby supports, and the bench holds only small string-instrument tools.

Style: Use the attached invidious.png for drawing style only. Match its thick rounded dark-brown contours, simplified rounded shapes, and restrained 2D cartoon shading. Do not copy the reference subject or composition.

Framing: One compact composition, with the complete subject using about 80-90% of the square. Keep everything inside the frame.

Output: 512x512 PNG, RGBA, genuine transparent background. No text, numerals, labels, logos or watermark.",作成済み,,references/invidious.png
speechless.png,言葉が出てこない、口が利けない,言葉が出てこない,"Subject: A person rendered speechless by surprise.

Composition: Show an adult facing a surprise birthday cake held by a friend, with their mouth slightly open and one hand pressed to their chest. Their widened eyes and frozen raised hand convey astonishment before any words emerge.

Style: Use the attached invidious.png for drawing style only. Match its thick rounded dark-brown contours, simplified rounded shapes, and restrained 2D cartoon shading. Do not copy the reference subject or composition.

Framing: One compact composition, with the complete subject using about 80-90% of the square. Keep everything inside the frame.

Output: 512x512 PNG, RGBA, genuine transparent background. No text, numerals, labels, logos or watermark.",作成済み,,references/invidious.png
sulphur.png,硫黄,硫黄,"Subject: Sulfur crystals.

Composition: Show a compact cluster of bright lemon-yellow sulfur crystals with angular translucent faces attached to a rough gray volcanic rock. Place a few small yellow crystal fragments at its base.

Style: Use the attached invidious.png for drawing style only. Match its thick rounded dark-brown contours, simplified rounded shapes, and restrained 2D cartoon shading. Do not copy the reference subject or composition.

Framing: One compact composition, with the complete subject using about 80-90% of the square. Keep everything inside the frame.

Output: 512x512 PNG, RGBA, genuine transparent background. No text, numerals, labels, logos or watermark.",作成済み,,references/invidious.png
uncontrolled.png,制御されていない、管理されていない,制御されていない,"Subject: An uncontrolled garden hose.

Composition: Show a loose pressurized hose whipping through the air and spraying water in several directions. A gardener reaches toward the moving nozzle with both hands but has not yet caught it, while water splashes around their boots.

Style: Use the attached invidious.png for drawing style only. Match its thick rounded dark-brown contours, simplified rounded shapes, and restrained 2D cartoon shading. Do not copy the reference subject or composition.

Framing: One compact composition, with the complete subject using about 80-90% of the square. Keep everything inside the frame.

Output: 512x512 PNG, RGBA, genuine transparent background. No text, numerals, labels, logos or watermark.",作成済み,,references/invidious.png
undo.png,元へ戻す、取り消す,元へ戻す,"Subject: Undoing knitted stitches back into yarn.

Composition: Show two hands pulling a loose yarn end from the edge of a small knitted swatch. Several loops unravel into a length of plain yarn curling beside the remaining fabric.

Style: Use the attached invidious.png for drawing style only. Match its thick rounded dark-brown contours, simplified rounded shapes, and restrained 2D cartoon shading. Do not copy the reference subject or composition.

Framing: One compact composition, with the complete subject using about 80-90% of the square. Keep everything inside the frame.

Output: 512x512 PNG, RGBA, genuine transparent background. No text, numerals, labels, logos or watermark.",作成済み,,references/invidious.png
warranty.png,保証,保証,"Subject: A product warranty being honored.

Composition: Show a customer presenting a warranty certificate with a simple embossed seal to a repair-counter clerk beside a faulty electric kettle. The clerk begins repairing the kettle with a screwdriver while the customer’s closed coin purse remains untouched on the counter.

Style: Use the attached invidious.png for drawing style only. Match its thick rounded dark-brown contours, simplified rounded shapes, and restrained 2D cartoon shading. Do not copy the reference subject or composition.

Framing: One compact composition, with the complete subject using about 80-90% of the square. Keep everything inside the frame.

Output: 512x512 PNG, RGBA, genuine transparent background. No text, numerals, labels, logos or watermark.",作成済み,,references/invidious.png
witchcraft.png,魔法、魔術,魔法,"Subject: A witch casting a spell.

Composition: Show a witch in a pointed hat holding a wooden wand over a small cauldron. A glowing spiral rises from the cauldron and lifts one apple into the air as the witch watches intently.

Style: Use the attached invidious.png for drawing style only. Match its thick rounded dark-brown contours, simplified rounded shapes, and restrained 2D cartoon shading. Do not copy the reference subject or composition.

Framing: One compact composition, with the complete subject using about 80-90% of the square. Keep everything inside the frame.

Output: 512x512 PNG, RGBA, genuine transparent background. No text, numerals, labels, logos or watermark.",作成済み,,references/invidious.png
Celia.png,セリア,セリア,"Subject: Celia, an ordinary adult woman.

Composition: Show an adult woman with a short dark bob wearing a teal blouse and cream skirt. She stands holding a small bunch of daisies in both hands and smiles gently toward the viewer.

Style: Use the attached invidious.png for drawing style only. Match its thick rounded dark-brown contours, simplified rounded shapes, and restrained 2D cartoon shading. Do not copy the reference subject or composition.

Framing: One compact composition, with the complete subject using about 80-90% of the square. Keep everything inside the frame.

Output: 512x512 PNG, RGBA, genuine transparent background. No text, numerals, labels, logos or watermark.",作成済み,,references/invidious.png
Dane.png,デンマーク人,デンマーク人,"Subject: A Danish person in Copenhagen.

Composition: Show an adult cyclist in casual everyday clothes standing beside a bicycle along Copenhagen’s Nyhavn waterfront. Colorful narrow gabled houses and a small red Danish flag with a white cross appear directly behind the person.

Style: Use the attached invidious.png for drawing style only. Match its thick rounded dark-brown contours, simplified rounded shapes, and restrained 2D cartoon shading. Do not copy the reference subject or composition.

Framing: One compact composition, with the complete subject using about 80-90% of the square. Keep everything inside the frame.

Output: 512x512 PNG, RGBA, genuine transparent background. No text, numerals, labels, logos or watermark.",作成済み,,references/invidious.png
Louisville.png,ルイビル,ルイビル,"Subject: Louisville, centered on Churchill Downs.

Composition: Show the historic white grandstand at Churchill Downs with its two matching pointed spires rising over the roof. A racehorse and rider move along a short foreground stretch of track, keeping the twin spires clearly visible.

Style: Use the attached invidious.png for drawing style only. Match its thick rounded dark-brown contours, simplified rounded shapes, and restrained 2D cartoon shading. Do not copy the reference subject or composition.

Framing: One compact composition, with the complete subject using about 80-90% of the square. Keep everything inside the frame.

Output: 512x512 PNG, RGBA, genuine transparent background. No text, numerals, labels, logos or watermark.",作成済み,,references/invidious.png
Luxembourg.png,ルクセンブルク,ルクセンブルク,"Subject: Luxembourg, centered on the Adolphe Bridge.

Composition: Show the broad pale stone Adolphe Bridge crossing the green Pétrusse Valley, with its large central arch and smaller supporting arches. Cluster a few Luxembourg City rooftops on the ridge behind it and place a small red-white-light-blue flag at the bridge approach.

Style: Use the attached invidious.png for drawing style only. Match its thick rounded dark-brown contours, simplified rounded shapes, and restrained 2D cartoon shading. Do not copy the reference subject or composition.

Framing: One compact composition, with the complete subject using about 80-90% of the square. Keep everything inside the frame.

Output: 512x512 PNG, RGBA, genuine transparent background. No text, numerals, labels, logos or watermark.",作成済み,,references/invidious.png
Seoul.png,ソウル,ソウル,"Subject: Seoul, shown through Gyeongbokgung Palace.

Composition: Show Geunjeongjeon Hall at Gyeongbokgung Palace with red wooden columns, layered dark tiled roofs, and a broad stone terrace. A few modern Seoul buildings rise quietly beyond the palace enclosure, keeping the historic hall dominant.

Style: Use the attached invidious.png for drawing style only. Match its thick rounded dark-brown contours, simplified rounded shapes, and restrained 2D cartoon shading. Do not copy the reference subject or composition.

Framing: One compact composition, with the complete subject using about 80-90% of the square. Keep everything inside the frame.

Output: 512x512 PNG, RGBA, genuine transparent background. No text, numerals, labels, logos or watermark.",作成済み,,references/invidious.png
Theresa.png,テレサ、テリーザ,テレサ,"Subject: Theresa, an ordinary adult woman.

Composition: Show a middle-aged woman with dark hair tied in a low bun, wearing a simple cream blouse and plum cardigan. She stands with a folded umbrella in one hand and a warm, composed smile.

Style: Use the attached invidious.png for drawing style only. Match its thick rounded dark-brown contours, simplified rounded shapes, and restrained 2D cartoon shading. Do not copy the reference subject or composition.

Framing: One compact composition, with the complete subject using about 80-90% of the square. Keep everything inside the frame.

Output: 512x512 PNG, RGBA, genuine transparent background. No text, numerals, labels, logos or watermark.",作成済み,,references/invidious.png
admissible.png,許容できる、受け入れられる,許容できる,"Subject: A carry-on bag that meets the allowed size.

Composition: Show an airport attendant checking a small suitcase that fits completely inside a metal luggage-sizing frame. The attendant smiles and gestures the traveler forward, while every edge of the suitcase remains within the frame.

Style: Use the attached invidious.png for drawing style only. Match its thick rounded dark-brown contours, simplified rounded shapes, and restrained 2D cartoon shading. Do not copy the reference subject or composition.

Framing: One compact composition, with the complete subject using about 80-90% of the square. Keep everything inside the frame.

Output: 512x512 PNG, RGBA, genuine transparent background. No text, numerals, labels, logos or watermark.",作成済み,,references/invidious.png
autonomic.png,自律の、自律神経系の,自律神経系の,"Subject: The autonomic nerves controlling the heart.

Composition: Show a calm sleeping adult with a clean transparent chest cutaway revealing the heart. Fine branching nerves lead from the brainstem down toward the heart, whose small motion strokes indicate beating without the sleeper’s conscious action.

Style: Use the attached invidious.png for drawing style only. Match its thick rounded dark-brown contours, simplified rounded shapes, and restrained 2D cartoon shading. Do not copy the reference subject or composition.

Framing: One compact composition, with the complete subject using about 80-90% of the square. Keep everything inside the frame.

Output: 512x512 PNG, RGBA, genuine transparent background. No text, numerals, labels, logos or watermark.",作成済み,,references/invidious.png
bail@bheug3.png,半円形の取っ手,半円形の取っ手,"Subject: The arched bail handle of a bucket.

Composition: Show a plain metal bucket with its semicircular wire handle raised upright from two opposite side hinges. A hand grips the wooden center section of the handle, leaving the full arc easy to see.

Style: Use the attached invidious.png for drawing style only. Match its thick rounded dark-brown contours, simplified rounded shapes, and restrained 2D cartoon shading. Do not copy the reference subject or composition.

Framing: One compact composition, with the complete subject using about 80-90% of the square. Keep everything inside the frame.

Output: 512x512 PNG, RGBA, genuine transparent background. No text, numerals, labels, logos or watermark.",作成済み,,references/invidious.png
benzene.png,ベンゼン,ベンゼン,"Subject: A benzene molecule.

Composition: Show one flat hexagonal ball-and-stick benzene molecule with six dark carbon spheres around the ring and one white hydrogen bonded outward from each carbon. Use alternating single and double bond rods around the ring, keeping the complete planar structure unobstructed.

Style: Use the attached invidious.png for drawing style only. Match its thick rounded dark-brown contours, simplified rounded shapes, and restrained 2D cartoon shading. Do not copy the reference subject or composition.

Framing: One compact composition, with the complete subject using about 80-90% of the square. Keep everything inside the frame.

Output: 512x512 PNG, RGBA, genuine transparent background. No text, numerals, labels, logos or watermark.",作成済み,,references/invidious.png
blindly.png,無思慮に、よく考えもせず,よく考えもせず,"Subject: Acting without thinking through the consequences.

Composition: Show an adult walking forward while staring at a phone, about to place one foot into a clearly visible puddle. Their face remains absorbed in the screen while a nearby companion raises a warning hand.

Style: Use the attached invidious.png for drawing style only. Match its thick rounded dark-brown contours, simplified rounded shapes, and restrained 2D cartoon shading. Do not copy the reference subject or composition.

Framing: One compact composition, with the complete subject using about 80-90% of the square. Keep everything inside the frame.

Output: 512x512 PNG, RGBA, genuine transparent background. No text, numerals, labels, logos or watermark.",作成済み,,references/invidious.png
childbirth.png,出産、分娩,出産,"Subject: The moment just after childbirth.

Composition: Show a tired mother reclining in a hospital bed as a midwife places a freshly swaddled newborn onto her chest. The mother reaches tenderly toward the baby, with all bodies covered and no graphic medical detail.

Style: Use the attached invidious.png for drawing style only. Match its thick rounded dark-brown contours, simplified rounded shapes, and restrained 2D cartoon shading. Do not copy the reference subject or composition.

Framing: One compact composition, with the complete subject using about 80-90% of the square. Keep everything inside the frame.

Output: 512x512 PNG, RGBA, genuine transparent background. No text, numerals, labels, logos or watermark.",作成済み,,references/invidious.png
cosmetic.png,化粧品,化粧品,"Subject: Cosmetic products.

Composition: Show an open compact of pressed powder with its small puff, an uncapped lipstick, and a closed mascara tube grouped on a low dressing-table surface. Make the colored powder and lipstick tip prominent, with no brand names or printed labels.

Style: Use the attached invidious.png for drawing style only. Match its thick rounded dark-brown contours, simplified rounded shapes, and restrained 2D cartoon shading. Do not copy the reference subject or composition.

Framing: One compact composition, with the complete subject using about 80-90% of the square. Keep everything inside the frame.

Output: 512x512 PNG, RGBA, genuine transparent background. No text, numerals, labels, logos or watermark.",作成済み,,references/invidious.png
dearly.png,非常に、愛情を込めて,愛情を込めて,"Subject: Holding a loved one affectionately.

Composition: Show a grandparent gently cupping a child’s cheek with one hand while hugging the child close with the other arm. Both faces soften into affectionate smiles as they look at each other.

Style: Use the attached invidious.png for drawing style only. Match its thick rounded dark-brown contours, simplified rounded shapes, and restrained 2D cartoon shading. Do not copy the reference subject or composition.

Framing: One compact composition, with the complete subject using about 80-90% of the square. Keep everything inside the frame.

Output: 512x512 PNG, RGBA, genuine transparent background. No text, numerals, labels, logos or watermark.",作成済み,,references/invidious.png
dizziness.png,目まい,目まい,"Subject: A person experiencing dizziness.

Composition: Show an adult sitting on the edge of a chair, gripping the seat with one hand and holding their forehead with the other. A small curved swirl above their head and an unsteady tilted posture convey a spinning sensation.

Style: Use the attached invidious.png for drawing style only. Match its thick rounded dark-brown contours, simplified rounded shapes, and restrained 2D cartoon shading. Do not copy the reference subject or composition.

Framing: One compact composition, with the complete subject using about 80-90% of the square. Keep everything inside the frame.

Output: 512x512 PNG, RGBA, genuine transparent background. No text, numerals, labels, logos or watermark.",作成済み,,references/invidious.png
gaseous.png,ガスの、気体の,気体の,"Subject: Matter in a gaseous state.

Composition: Show a transparent inflated balloon containing widely spaced small particle spheres scattered throughout its full volume. Short tiny motion strokes around the particles indicate free movement, while the balloon’s tied neck keeps the gas enclosed.

Style: Use the attached invidious.png for drawing style only. Match its thick rounded dark-brown contours, simplified rounded shapes, and restrained 2D cartoon shading. Do not copy the reference subject or composition.

Framing: One compact composition, with the complete subject using about 80-90% of the square. Keep everything inside the frame.

Output: 512x512 PNG, RGBA, genuine transparent background. No text, numerals, labels, logos or watermark.",作成済み,,references/invidious.png
germination.png,発芽,発芽,"Subject: A seed germinating.

Composition: Show a close cutaway of moist soil containing one split bean seed. A white root grows downward from the split while a curved green shoot rises upward and opens its first small leaves above the soil.

Style: Use the attached invidious.png for drawing style only. Match its thick rounded dark-brown contours, simplified rounded shapes, and restrained 2D cartoon shading. Do not copy the reference subject or composition.

Framing: One compact composition, with the complete subject using about 80-90% of the square. Keep everything inside the frame.

Output: 512x512 PNG, RGBA, genuine transparent background. No text, numerals, labels, logos or watermark.",作成済み,,references/invidious.png
grove.png,林、木立,木立,"Subject: A small grove of trees.

Composition: Show a compact group of five leafy trees growing close together on one grassy patch. Keep the separate trunks visible beneath their overlapping canopies, with open ground and little underbrush between them.

Style: Use the attached invidious.png for drawing style only. Match its thick rounded dark-brown contours, simplified rounded shapes, and restrained 2D cartoon shading. Do not copy the reference subject or composition.

Framing: One compact composition, with the complete subject using about 80-90% of the square. Keep everything inside the frame.

Output: 512x512 PNG, RGBA, genuine transparent background. No text, numerals, labels, logos or watermark.",作成済み,,references/invidious.png
hose.png,ホース,ホース,"Subject: A garden hose.

Composition: Show a long green rubber hose loosely coiled beside an outdoor tap, with one end connected to the tap. The open free end lies in the foreground and releases a small stream of water.

Style: Use the attached invidious.png for drawing style only. Match its thick rounded dark-brown contours, simplified rounded shapes, and restrained 2D cartoon shading. Do not copy the reference subject or composition.

Framing: One compact composition, with the complete subject using about 80-90% of the square. Keep everything inside the frame.

Output: 512x512 PNG, RGBA, genuine transparent background. No text, numerals, labels, logos or watermark.",作成済み,,references/invidious.png
humane.png,思いやりのある,思いやりのある,"Subject: A humane act toward a vulnerable animal.

Composition: Show an adult kneeling beside a shivering stray dog, gently wrapping it in a warm blanket. A bowl of water sits within the dog’s reach, and the person’s expression is calm and caring.

Style: Use the attached invidious.png for drawing style only. Match its thick rounded dark-brown contours, simplified rounded shapes, and restrained 2D cartoon shading. Do not copy the reference subject or composition.

Framing: One compact composition, with the complete subject using about 80-90% of the square. Keep everything inside the frame.

Output: 512x512 PNG, RGBA, genuine transparent background. No text, numerals, labels, logos or watermark.",作成済み,,references/invidious.png
hydration.png,水和,水和,"Subject: Hydration of a dissolved sodium ion by water molecules.

Composition: Show a molecular cluster with one purple sodium ion at its center, surrounded by six bent water molecules. Each water molecule has a large red oxygen sphere pointing toward the ion and two smaller white hydrogen spheres pointing outward.

Style: Use the attached invidious.png for drawing style only. Match its thick rounded dark-brown contours, simplified rounded shapes, and restrained 2D cartoon shading. Do not copy the reference subject or composition.

Framing: One compact composition, with the complete subject using about 80-90% of the square. Keep everything inside the frame.

Output: 512x512 PNG, RGBA, genuine transparent background. No text, numerals, labels, logos or watermark.",作成済み,,references/invidious.png
insider.png,部内者、内部関係者,内部関係者,"Subject: An insider admitted to a private staff meeting.

Composition: Show an employee wearing the same small unlettered badge as two colleagues, entering their meeting room as one colleague pulls out a chair for them. The employee confidently carries a folder to the shared table.

Style: Use the attached invidious.png for drawing style only. Match its thick rounded dark-brown contours, simplified rounded shapes, and restrained 2D cartoon shading. Do not copy the reference subject or composition.

Framing: One compact composition, with the complete subject using about 80-90% of the square. Keep everything inside the frame.

Output: 512x512 PNG, RGBA, genuine transparent background. No text, numerals, labels, logos or watermark.",作成済み,,references/invidious.png
ionization.png,イオン化、電離,イオン化,"Subject: An atom losing an electron and becoming an ion.

Composition: Show a simplified helium atom with a compact nucleus of two red protons and two gray neutrons, one blue electron remaining nearby, and a second blue electron flying away. A short motion trail follows the departing electron.

Style: Use the attached invidious.png for drawing style only. Match its thick rounded dark-brown contours, simplified rounded shapes, and restrained 2D cartoon shading. Do not copy the reference subject or composition.

Framing: One compact composition, with the complete subject using about 80-90% of the square. Keep everything inside the frame.

Output: 512x512 PNG, RGBA, genuine transparent background. No text, numerals, labels, logos or watermark.",作成済み,,references/invidious.png
lessen.png,減少する,減少する,"Subject: Water decreasing in a draining tank.

Composition: Show a transparent tank with its bottom tap open and a steady stream pouring into a bucket. A wet horizontal tide mark high on the inside wall stands well above the lowered water surface.

Style: Use the attached invidious.png for drawing style only. Match its thick rounded dark-brown contours, simplified rounded shapes, and restrained 2D cartoon shading. Do not copy the reference subject or composition.

Framing: One compact composition, with the complete subject using about 80-90% of the square. Keep everything inside the frame.

Output: 512x512 PNG, RGBA, genuine transparent background. No text, numerals, labels, logos or watermark.",作成済み,,references/invidious.png
malignancy.png,悪性,悪性,"Subject: A malignant growth invading nearby tissue.

Composition: Show a clean medical cutaway of layered tissue with an irregular purple tumor breaking through a smooth boundary into neighboring pink tissue. Small branching clusters of purple cells extend outward from the main mass.

Style: Use the attached invidious.png for drawing style only. Match its thick rounded dark-brown contours, simplified rounded shapes, and restrained 2D cartoon shading. Do not copy the reference subject or composition.

Framing: One compact composition, with the complete subject using about 80-90% of the square. Keep everything inside the frame.

Output: 512x512 PNG, RGBA, genuine transparent background. No text, numerals, labels, logos or watermark.",作成済み,,references/invidious.png
malware.png,マルウェア、悪意のあるソフトウェア,悪意のあるソフトウェア,"Subject: Malicious software locking files on a computer.

Composition: Show a laptop screen dominated by a dark intrusive software window with a red padlock, overlapping a file manager whose document icons each carry a small matching lock. A worried owner reaches toward the keyboard.

Style: Use the attached invidious.png for drawing style only. Match its thick rounded dark-brown contours, simplified rounded shapes, and restrained 2D cartoon shading. Do not copy the reference subject or composition.

Framing: One compact composition, with the complete subject using about 80-90% of the square. Keep everything inside the frame.

Output: 512x512 PNG, RGBA, genuine transparent background. No text, numerals, labels, logos or watermark.",作成済み,,references/invidious.png
must@meus.png,かび,かび,"Subject: Mold growing on bread.

Composition: Show a thick slice of bread covered in irregular fuzzy green and gray mold colonies. Lift one corner slightly so the mold on both the crumb and crust is clearly visible.

Style: Use the attached invidious.png for drawing style only. Match its thick rounded dark-brown contours, simplified rounded shapes, and restrained 2D cartoon shading. Do not copy the reference subject or composition.

Framing: One compact composition, with the complete subject using about 80-90% of the square. Keep everything inside the frame.

Output: 512x512 PNG, RGBA, genuine transparent background. No text, numerals, labels, logos or watermark.",作成済み,,references/invidious.png
phenomenal.png,現象の、現象に関する,現象に関する,"Subject: An observed optical phenomenon.

Composition: Show sunlight passing through one triangular glass prism and spreading into a short rainbow band on a white card. A student leans close to examine where the colored light lands.

Style: Use the attached invidious.png for drawing style only. Match its thick rounded dark-brown contours, simplified rounded shapes, and restrained 2D cartoon shading. Do not copy the reference subject or composition.

Framing: One compact composition, with the complete subject using about 80-90% of the square. Keep everything inside the frame.

Output: 512x512 PNG, RGBA, genuine transparent background. No text, numerals, labels, logos or watermark.",作成済み,,references/invidious.png
plump.png,ふくよかな,ふくよかな,"Subject: A pleasantly plump adult.

Composition: Show a smiling adult with a rounded face, full cheeks, and a softly rounded build, standing comfortably in a fitted cardigan and trousers. Their relaxed hands rest at their sides.

Style: Use the attached invidious.png for drawing style only. Match its thick rounded dark-brown contours, simplified rounded shapes, and restrained 2D cartoon shading. Do not copy the reference subject or composition.

Framing: One compact composition, with the complete subject using about 80-90% of the square. Keep everything inside the frame.

Output: 512x512 PNG, RGBA, genuine transparent background. No text, numerals, labels, logos or watermark.",作成済み,,references/invidious.png
punitive.png,懲罰的な,懲罰的な,"Subject: A punitive response to misconduct in sport.

Composition: Show a stern football referee raising a red card toward a player who has knocked an opponent down. The penalized player lowers their shoulders while the uninjured opponent sits on the turf.

Style: Use the attached invidious.png for drawing style only. Match its thick rounded dark-brown contours, simplified rounded shapes, and restrained 2D cartoon shading. Do not copy the reference subject or composition.

Framing: One compact composition, with the complete subject using about 80-90% of the square. Keep everything inside the frame.

Output: 512x512 PNG, RGBA, genuine transparent background. No text, numerals, labels, logos or watermark.",作成済み,,references/invidious.png
quota.png,分配高、割り当て,割り当て,"Subject: A fixed allocation of supplies.

Composition: Show a relief worker handing one small crate containing two water bottles and two bread rolls to an adult waiting at a distribution table. Two identical filled crates remain within the worker's reach.

Style: Use the attached invidious.png for drawing style only. Match its thick rounded dark-brown contours, simplified rounded shapes, and restrained 2D cartoon shading. Do not copy the reference subject or composition.

Framing: One compact composition, with the complete subject using about 80-90% of the square. Keep everything inside the frame.

Output: 512x512 PNG, RGBA, genuine transparent background. No text, numerals, labels, logos or watermark.",作成済み,,references/invidious.png
revisit.png,再訪する,再訪する,"Subject: A traveler returning to a familiar guesthouse.

Composition: Show a traveler with a worn suitcase greeting the smiling owner at a distinctive blue arched guesthouse door. In the traveler's hand, a faded photograph shows the same traveler and owner at that same doorway.

Style: Use the attached invidious.png for drawing style only. Match its thick rounded dark-brown contours, simplified rounded shapes, and restrained 2D cartoon shading. Do not copy the reference subject or composition.

Framing: One compact composition, with the complete subject using about 80-90% of the square. Keep everything inside the frame.

Output: 512x512 PNG, RGBA, genuine transparent background. No text, numerals, labels, logos or watermark.",作成済み,,references/invidious.png
robotics.png,ロボット工学,ロボット工学,"Subject: An engineer developing a robotic arm.

Composition: Show an engineer at a workbench adjusting the exposed joints of a small articulated robotic arm as its gripper lifts a cube. A connected laptop and a screwdriver sit beside the arm.

Style: Use the attached invidious.png for drawing style only. Match its thick rounded dark-brown contours, simplified rounded shapes, and restrained 2D cartoon shading. Do not copy the reference subject or composition.

Framing: One compact composition, with the complete subject using about 80-90% of the square. Keep everything inside the frame.

Output: 512x512 PNG, RGBA, genuine transparent background. No text, numerals, labels, logos or watermark.",作成済み,,references/invidious.png
saw@sek.png,のこぎり,のこぎり,"Subject: A hand saw for cutting wood.

Composition: Show one broad steel hand saw with sharp triangular teeth along its lower edge and a rounded wooden handle with a hand opening. Place the complete saw diagonally with its toothed edge unobstructed.

Style: Use the attached invidious.png for drawing style only. Match its thick rounded dark-brown contours, simplified rounded shapes, and restrained 2D cartoon shading. Do not copy the reference subject or composition.

Framing: One compact composition, with the complete subject using about 80-90% of the square. Keep everything inside the frame.

Output: 512x512 PNG, RGBA, genuine transparent background. No text, numerals, labels, logos or watermark.",作成済み,,references/invidious.png
serene.png,穏やかな,穏やかな,"Subject: A serene person resting beside still water.

Composition: Show an adult sitting loosely on a low lakeside rock, hands resting in their lap and face gently smiling. Smooth water and one reed cluster remain quiet beside them.

Style: Use the attached invidious.png for drawing style only. Match its thick rounded dark-brown contours, simplified rounded shapes, and restrained 2D cartoon shading. Do not copy the reference subject or composition.

Framing: One compact composition, with the complete subject using about 80-90% of the square. Keep everything inside the frame.

Output: 512x512 PNG, RGBA, genuine transparent background. No text, numerals, labels, logos or watermark.",作成済み,,references/invidious.png
sol@leu.png,コロイド溶液,コロイド溶液,"Subject: A sol with fine solid particles dispersed in liquid.

Composition: Show a transparent laboratory beaker holding a red colloidal liquid, with its fine suspended particles enlarged enough to distinguish throughout the liquid. A narrow light beam entering from the side becomes visible as it scatters inside the beaker.

Style: Use the attached invidious.png for drawing style only. Match its thick rounded dark-brown contours, simplified rounded shapes, and restrained 2D cartoon shading. Do not copy the reference subject or composition.

Framing: One compact composition, with the complete subject using about 80-90% of the square. Keep everything inside the frame.

Output: 512x512 PNG, RGBA, genuine transparent background. No text, numerals, labels, logos or watermark.",作成済み,,references/invidious.png
sprinkle.png,撒き散らす,撒き散らす,"Subject: Seeds being sprinkled over soil.

Composition: Show a gardener's tilted hand scattering a thin shower of small seeds across a freshly raked planting bed. The open seed bowl rests near the gardener's other hand.

Style: Use the attached invidious.png for drawing style only. Match its thick rounded dark-brown contours, simplified rounded shapes, and restrained 2D cartoon shading. Do not copy the reference subject or composition.

Framing: One compact composition, with the complete subject using about 80-90% of the square. Keep everything inside the frame.

Output: 512x512 PNG, RGBA, genuine transparent background. No text, numerals, labels, logos or watermark.",作成済み,,references/invidious.png
theologian.png,神学者,神学者,"Subject: A theologian studying religious doctrine.

Composition: Show an older scholar seated at a desk, comparing two open religious books with a small cross on their bindings. The scholar follows one passage with a fingertip while making notes on a sheet beside the books.

Style: Use the attached invidious.png for drawing style only. Match its thick rounded dark-brown contours, simplified rounded shapes, and restrained 2D cartoon shading. Do not copy the reference subject or composition.

Framing: One compact composition, with the complete subject using about 80-90% of the square. Keep everything inside the frame.

Output: 512x512 PNG, RGBA, genuine transparent background. No text, numerals, labels, logos or watermark.",作成済み,,references/invidious.png
tick@deigh.png,ダニ,ダニ,"Subject: A tick viewed close up.

Composition: Show one oval brown tick with eight short jointed legs spread around its flattened body and small projecting mouthparts at the front. Place it on the edge of a broad green leaf for scale.

Style: Use the attached invidious.png for drawing style only. Match its thick rounded dark-brown contours, simplified rounded shapes, and restrained 2D cartoon shading. Do not copy the reference subject or composition.

Framing: One compact composition, with the complete subject using about 80-90% of the square. Keep everything inside the frame.

Output: 512x512 PNG, RGBA, genuine transparent background. No text, numerals, labels, logos or watermark.",作成済み,,references/invidious.png
watershed.png,分水界,分水界,"Subject: A mountain ridge dividing drainage basins.

Composition: Show a compact bird's-eye landscape with a continuous high ridge running through the center. Small streams on its left slope descend into a river at the left edge, while streams on its right slope flow into a separate river at the right edge.

Style: Use the attached invidious.png for drawing style only. Match its thick rounded dark-brown contours, simplified rounded shapes, and restrained 2D cartoon shading. Do not copy the reference subject or composition.

Framing: One compact composition, with the complete subject using about 80-90% of the square. Keep everything inside the frame.

Output: 512x512 PNG, RGBA, genuine transparent background. No text, numerals, labels, logos or watermark.",作成済み,,references/invidious.png
Cornwall.png,コーンウォール,コーンウォール,"Subject: Cornwall in Ontario beside the Saint Lawrence River.

Composition: Show a compact Cornwall waterfront scene with the blue Saint Lawrence River, its low modern bridge to Cornwall Island, and a green riverside park with red-brick buildings behind. A small pleasure boat travels along the near shore.

Style: Use the attached invidious.png for drawing style only. Match its thick rounded dark-brown contours, simplified rounded shapes, and restrained 2D cartoon shading. Do not copy the reference subject or composition.

Framing: One compact composition, with the complete subject using about 80-90% of the square. Keep everything inside the frame.

Output: 512x512 PNG, RGBA, genuine transparent background. No text, numerals, labels, logos or watermark.",作成済み,,references/invidious.png
Dora.png,ドーラ、ドラ,ドーラ,"Subject: An ordinary woman named Dora.

Composition: Show a friendly adult woman with a short dark bob, a yellow cardigan, and blue trousers standing beside a chair. She holds a plain ceramic mug and smiles gently toward the viewer.

Style: Use the attached invidious.png for drawing style only. Match its thick rounded dark-brown contours, simplified rounded shapes, and restrained 2D cartoon shading. Do not copy the reference subject or composition.

Framing: One compact composition, with the complete subject using about 80-90% of the square. Keep everything inside the frame.

Output: 512x512 PNG, RGBA, genuine transparent background. No text, numerals, labels, logos or watermark.",作成済み,,references/invidious.png
Galilee.png,ガリラヤ,ガリラヤ,"Subject: The Galilee region around its lake and hills.

Composition: Show a compact landscape of the Sea of Galilee, with a small wooden fishing boat close to a stony shore and rounded green-brown hills curving around the water. A few olive trees grow on the near slope.

Style: Use the attached invidious.png for drawing style only. Match its thick rounded dark-brown contours, simplified rounded shapes, and restrained 2D cartoon shading. Do not copy the reference subject or composition.

Framing: One compact composition, with the complete subject using about 80-90% of the square. Keep everything inside the frame.

Output: 512x512 PNG, RGBA, genuine transparent background. No text, numerals, labels, logos or watermark.",作成済み,,references/invidious.png
Mister_cap.png,〜さん,〜さん,"Subject: The polite title Mr. used before a man's surname.

Composition: Show a person beginning a handwritten letter with the salutation Dear Mr. Chen, clearly visible at the top of the page. Their pen rests immediately after the comma, making the courteous title part of an actual form of address.

Style: Use the attached invidious.png for drawing style only. Match its thick rounded dark-brown contours, simplified rounded shapes, and restrained 2D cartoon shading. Do not copy the reference subject or composition.

Framing: One compact composition, with the complete subject using about 80-90% of the square. Keep everything inside the frame.

Output: 512x512 PNG, RGBA, genuine transparent background. Allow only the salutation Dear Mr. Chen, on the letter; no other readable writing. No incidental labels, logos or watermark.",作成済み,,references/invidious.png
Qatar.png,カタール,カタール,"Subject: Qatar's Doha waterfront.

Composition: Show the cream-colored geometric blocks and central tower of Doha's Museum of Islamic Art beside turquoise bay water. A wooden dhow passes in front, with a restrained cluster of modern towers across the same bay.

Style: Use the attached invidious.png for drawing style only. Match its thick rounded dark-brown contours, simplified rounded shapes, and restrained 2D cartoon shading. Do not copy the reference subject or composition.

Framing: One compact composition, with the complete subject using about 80-90% of the square. Keep everything inside the frame.

Output: 512x512 PNG, RGBA, genuine transparent background. No text, numerals, labels, logos or watermark.",作成済み,,references/invidious.png
Rhine.png,ライン川,ライン川,"Subject: The Rhine flowing through its steep vineyard valley.

Composition: Show a broad blue river curving between steep green hills lined with vineyard terraces. A stone castle crowns one hill, a small riverside village sits below it, and a river barge rounds the bend.

Style: Use the attached invidious.png for drawing style only. Match its thick rounded dark-brown contours, simplified rounded shapes, and restrained 2D cartoon shading. Do not copy the reference subject or composition.

Framing: One compact composition, with the complete subject using about 80-90% of the square. Keep everything inside the frame.

Output: 512x512 PNG, RGBA, genuine transparent background. No text, numerals, labels, logos or watermark.",作成済み,,references/invidious.png
Vermont.png,バーモント,バーモント,"Subject: Vermont's wooded hills and covered bridges.

Composition: Show a red wooden covered bridge crossing a narrow stream beneath rounded Green Mountain hills. Sugar maples with orange and red autumn leaves crowd the stream banks around the bridge.

Style: Use the attached invidious.png for drawing style only. Match its thick rounded dark-brown contours, simplified rounded shapes, and restrained 2D cartoon shading. Do not copy the reference subject or composition.

Framing: One compact composition, with the complete subject using about 80-90% of the square. Keep everything inside the frame.

Output: 512x512 PNG, RGBA, genuine transparent background. No text, numerals, labels, logos or watermark.",作成済み,,references/invidious.png
alas.png,ああ,ああ,"Subject: An exclamation of dismay.

Composition: Show an adult staring down at an ice-cream scoop that has fallen from their cone onto the pavement. Their shoulders droop, mouth hangs open, and empty hand lifts toward their forehead.

Style: Use the attached invidious.png for drawing style only. Match its thick rounded dark-brown contours, simplified rounded shapes, and restrained 2D cartoon shading. Do not copy the reference subject or composition.

Framing: One compact composition, with the complete subject using about 80-90% of the square. Keep everything inside the frame.

Output: 512x512 PNG, RGBA, genuine transparent background. No text, numerals, labels, logos or watermark.",作成済み,,references/invidious.png
aspirin.png,アスピリン,アスピリン,"Subject: Aspirin tablets and their chemical identity.

Composition: Show a small amber medicine bottle tipped beside two plain round white tablets. Its large label bears only C9H8O4 and the skeletal structure of acetylsalicylic acid: a benzene ring with adjacent carboxylic-acid and acetoxy groups.

Style: Use the attached invidious.png for drawing style only. Match its thick rounded dark-brown contours, simplified rounded shapes, and restrained 2D cartoon shading. Do not copy the reference subject or composition.

Framing: One compact composition, with the complete subject using about 80-90% of the square. Keep everything inside the frame.

Output: 512x512 PNG, RGBA, genuine transparent background. Allow only C9H8O4 and the chemical bond lines and O, H, and CH3 groups needed for the aspirin skeletal structure on the bottle label. No incidental labels, logos or watermark.",作成済み,,references/invidious.png
bureau.png,事務局、案内所,案内所,"Subject: A staffed information bureau.

Composition: Show a visitor holding an unfolded street map at a public information counter. A smiling attendant points to a route on the map, with a neat rack of folded brochures beside them.

Style: Use the attached invidious.png for drawing style only. Match its thick rounded dark-brown contours, simplified rounded shapes, and restrained 2D cartoon shading. Do not copy the reference subject or composition.

Framing: One compact composition, with the complete subject using about 80-90% of the square. Keep everything inside the frame.

Output: 512x512 PNG, RGBA, genuine transparent background. No text, numerals, labels, logos or watermark.",作成済み,,references/invidious.png
categorization.png,カテゴリー化,カテゴリー化,"Subject: Objects being sorted into categories.

Composition: Show a person placing a red apple into a shallow tray already holding two apples, while a neighboring tray holds only yellow bananas. Keep both trays on the same tabletop and the sorting hand between them.

Style: Use the attached invidious.png for drawing style only. Match its thick rounded dark-brown contours, simplified rounded shapes, and restrained 2D cartoon shading. Do not copy the reference subject or composition.

Framing: One compact composition, with the complete subject using about 80-90% of the square. Keep everything inside the frame.

Output: 512x512 PNG, RGBA, genuine transparent background. No text, numerals, labels, logos or watermark.",作成済み,,references/invidious.png
diner.png,食事をする人,食事をする人,"Subject: A diner eating a restaurant meal.

Composition: Show one adult seated at a restaurant table, cutting a roasted vegetable dish with a knife and fork. A water glass and folded napkin sit beside the plate.

Style: Use the attached invidious.png for drawing style only. Match its thick rounded dark-brown contours, simplified rounded shapes, and restrained 2D cartoon shading. Do not copy the reference subject or composition.

Framing: One compact composition, with the complete subject using about 80-90% of the square. Keep everything inside the frame.

Output: 512x512 PNG, RGBA, genuine transparent background. No text, numerals, labels, logos or watermark.",作成済み,,references/invidious.png
doorstep.png,玄関前の階段,玄関前の階段,"Subject: The steps immediately outside a front door.

Composition: Show a closed blue house door with three broad stone steps rising directly to its threshold. A small doormat lies on the top step and a simple handrail follows one side.

Style: Use the attached invidious.png for drawing style only. Match its thick rounded dark-brown contours, simplified rounded shapes, and restrained 2D cartoon shading. Do not copy the reference subject or composition.

Framing: One compact composition, with the complete subject using about 80-90% of the square. Keep everything inside the frame.

Output: 512x512 PNG, RGBA, genuine transparent background. No text, numerals, labels, logos or watermark.",作成済み,,references/invidious.png
endpoint.png,終了点,終了点,"Subject: The endpoint of a walking route.

Composition: Show a footpath reaching a final small viewing platform at a fenced cliff overlook, where a hiker stops with both feet together. The path ends at the platform and does not continue beyond the railing.

Style: Use the attached invidious.png for drawing style only. Match its thick rounded dark-brown contours, simplified rounded shapes, and restrained 2D cartoon shading. Do not copy the reference subject or composition.

Framing: One compact composition, with the complete subject using about 80-90% of the square. Keep everything inside the frame.

Output: 512x512 PNG, RGBA, genuine transparent background. No text, numerals, labels, logos or watermark.",作成済み,,references/invidious.png
forestry.png,林学,林学,"Subject: A forestry researcher measuring a living tree.

Composition: Show a field scientist wrapping a measuring tape around a tree trunk in a small forest plot. A clipboard with a simple tree sketch rests under one arm, and nearby saplings remain rooted around the measured tree.

Style: Use the attached invidious.png for drawing style only. Match its thick rounded dark-brown contours, simplified rounded shapes, and restrained 2D cartoon shading. Do not copy the reference subject or composition.

Framing: One compact composition, with the complete subject using about 80-90% of the square. Keep everything inside the frame.

Output: 512x512 PNG, RGBA, genuine transparent background. No text, numerals, labels, logos or watermark.",作成済み,,references/invidious.png
heartily.png,一生懸命に、熱心に,熱心に,"Subject: A person working with wholehearted enthusiasm.

Composition: Show a volunteer leaning eagerly over a table to knead a large mound of bread dough, sleeves rolled up and face bright with concentration. Their bent elbows and firmly planted feet convey energetic effort.

Style: Use the attached invidious.png for drawing style only. Match its thick rounded dark-brown contours, simplified rounded shapes, and restrained 2D cartoon shading. Do not copy the reference subject or composition.

Framing: One compact composition, with the complete subject using about 80-90% of the square. Keep everything inside the frame.

Output: 512x512 PNG, RGBA, genuine transparent background. No text, numerals, labels, logos or watermark.",作成済み,,references/invidious.png
honourable.png,潔い,潔い,"Subject: A defeated player accepting the result gracefully.

Composition: Show a chess player who has lost offering a calm, sincere handshake to the smiling winner across the board. The defeated player's king lies on its side and their free hand rests openly on the table.

Style: Use the attached invidious.png for drawing style only. Match its thick rounded dark-brown contours, simplified rounded shapes, and restrained 2D cartoon shading. Do not copy the reference subject or composition.

Framing: One compact composition, with the complete subject using about 80-90% of the square. Keep everything inside the frame.

Output: 512x512 PNG, RGBA, genuine transparent background. No text, numerals, labels, logos or watermark.",作成済み,,references/invidious.png
interpolation.png,挿入すること、差し挟むこと,挿入すること,"Subject: A sheet being inserted between book pages.

Composition: Show one hand holding a book open while the other slides a loose cream-colored sheet between its middle pages. Most of the sheet remains visible above the page edges.

Style: Use the attached invidious.png for drawing style only. Match its thick rounded dark-brown contours, simplified rounded shapes, and restrained 2D cartoon shading. Do not copy the reference subject or composition.

Framing: One compact composition, with the complete subject using about 80-90% of the square. Keep everything inside the frame.

Output: 512x512 PNG, RGBA, genuine transparent background. No text, numerals, labels, logos or watermark.",作成済み,,references/invidious.png
materiality.png,物質性、有形物,有形物,"Subject: A solid, tangible object being handled.

Composition: Show an adult lifting a heavy stone cube with both hands, fingers pressing firmly against its hard faces. The cube casts a strong grounded shadow on the table immediately below.

Style: Use the attached invidious.png for drawing style only. Match its thick rounded dark-brown contours, simplified rounded shapes, and restrained 2D cartoon shading. Do not copy the reference subject or composition.

Framing: One compact composition, with the complete subject using about 80-90% of the square. Keep everything inside the frame.

Output: 512x512 PNG, RGBA, genuine transparent background. No text, numerals, labels, logos or watermark.",作成済み,,references/invidious.png
mischievous.png,いたずら好きな、お茶目な,いたずら好きな,"Subject: A mischievous child playing a harmless prank.

Composition: Show a grinning child hiding a soft rubber spider just beneath a folded napkin at a dining place setting. The child's free index finger rests playfully against their lips.

Style: Use the attached invidious.png for drawing style only. Match its thick rounded dark-brown contours, simplified rounded shapes, and restrained 2D cartoon shading. Do not copy the reference subject or composition.

Framing: One compact composition, with the complete subject using about 80-90% of the square. Keep everything inside the frame.

Output: 512x512 PNG, RGBA, genuine transparent background. No text, numerals, labels, logos or watermark.",作成済み,,references/invidious.png
neuropathy.png,ニューロパチー、神経障害,神経障害,"Subject: Damage to a peripheral nerve.

Composition: Show a clean enlarged medical cutaway of a single peripheral nerve fiber, with several sections of its pale insulating sheath cracked and missing around the central axon. A translucent outline of the lower leg surrounds the nerve in its anatomical position.

Style: Use the attached invidious.png for drawing style only. Match its thick rounded dark-brown contours, simplified rounded shapes, and restrained 2D cartoon shading. Do not copy the reference subject or composition.

Framing: One compact composition, with the complete subject using about 80-90% of the square. Keep everything inside the frame.

Output: 512x512 PNG, RGBA, genuine transparent background. No text, numerals, labels, logos or watermark.",作成済み,,references/invidious.png
sarcasm.png,皮肉,皮肉,"Subject: Sarcastic praise after an obvious failure.

Composition: Show a person raising one eyebrow and giving an exaggerated, tight-lipped thumbs-up toward a friend's collapsed cake. The friend holds the drooping cake on a platter and looks embarrassed.

Style: Use the attached invidious.png for drawing style only. Match its thick rounded dark-brown contours, simplified rounded shapes, and restrained 2D cartoon shading. Do not copy the reference subject or composition.

Framing: One compact composition, with the complete subject using about 80-90% of the square. Keep everything inside the frame.

Output: 512x512 PNG, RGBA, genuine transparent background. No text, numerals, labels, logos or watermark.",作成済み,,references/invidious.png
satire.png,風刺,風刺,"Subject: A satirical performance mocking a greedy ruler.

Composition: Show a stage performer wearing an oversized cardboard crown and a stuffed royal robe, desperately clutching toy coins that spill from bulging pockets. Two seated spectators laugh at the exaggerated greedy performance.

Style: Use the attached invidious.png for drawing style only. Match its thick rounded dark-brown contours, simplified rounded shapes, and restrained 2D cartoon shading. Do not copy the reference subject or composition.

Framing: One compact composition, with the complete subject using about 80-90% of the square. Keep everything inside the frame.

Output: 512x512 PNG, RGBA, genuine transparent background. No text, numerals, labels, logos or watermark.",作成済み,,references/invidious.png
tunic.png,チュニック,チュニック,"Subject: A simple belted tunic.

Composition: Show a complete knee-length linen tunic worn by an adult standing in a relaxed pose. The garment has short loose sleeves, a plain rounded neckline, and a narrow cord tied around the waist.

Style: Use the attached invidious.png for drawing style only. Match its thick rounded dark-brown contours, simplified rounded shapes, and restrained 2D cartoon shading. Do not copy the reference subject or composition.

Framing: One compact composition, with the complete subject using about 80-90% of the square. Keep everything inside the frame.

Output: 512x512 PNG, RGBA, genuine transparent background. No text, numerals, labels, logos or watermark.",作成済み,,references/invidious.png
unrealistic.png,非現実的な、実感が湧かない,非現実的な,"Subject: An implausible plan to fly with makeshift wings.

Composition: Show an adult on level ground wearing two tiny cardboard wings strapped to their back and looking confidently upward. Their ordinary shoes remain firmly planted beside a sketch of themselves flying over a cloud.

Style: Use the attached invidious.png for drawing style only. Match its thick rounded dark-brown contours, simplified rounded shapes, and restrained 2D cartoon shading. Do not copy the reference subject or composition.

Framing: One compact composition, with the complete subject using about 80-90% of the square. Keep everything inside the frame.

Output: 512x512 PNG, RGBA, genuine transparent background. No text, numerals, labels, logos or watermark.",作成済み,,references/invidious.png
westward.png,西への、西向きの,西向きの,"Subject: A traveler moving toward the setting sun.

Composition: Show a hiker walking along a path toward a low orange sun sinking behind the horizon. The hiker faces away from the viewer, with their long shadow extending backward along the path.

Style: Use the attached invidious.png for drawing style only. Match its thick rounded dark-brown contours, simplified rounded shapes, and restrained 2D cartoon shading. Do not copy the reference subject or composition.

Framing: One compact composition, with the complete subject using about 80-90% of the square. Keep everything inside the frame.

Output: 512x512 PNG, RGBA, genuine transparent background. No text, numerals, labels, logos or watermark.",作成済み,,references/invidious.png
Alberta.png,アルバータ,アルバータ,"Subject: Alberta's Canadian Rocky Mountain landscape.

Composition: Show a turquoise mountain lake in Alberta with steep gray Rocky Mountain peaks and patches of snow rising behind it. Dense dark spruce trees line the near shore and one red canoe rests at the water's edge.

Style: Use the attached invidious.png for drawing style only. Match its thick rounded dark-brown contours, simplified rounded shapes, and restrained 2D cartoon shading. Do not copy the reference subject or composition.

Framing: One compact composition, with the complete subject using about 80-90% of the square. Keep everything inside the frame.

Output: 512x512 PNG, RGBA, genuine transparent background. No text, numerals, labels, logos or watermark.",作成済み,,references/invidious.png
Aristotelian.png,アリストテレス学徒,アリストテレス学徒,"Subject: An ancient student learning from Aristotle.

Composition: Show a young adult in a plain Greek tunic carrying a wax tablet while listening intently to an older bearded philosopher in a draped robe. The two walk beneath a simple stone colonnade as the teacher gestures toward a small plant specimen.

Style: Use the attached invidious.png for drawing style only. Match its thick rounded dark-brown contours, simplified rounded shapes, and restrained 2D cartoon shading. Do not copy the reference subject or composition.

Framing: One compact composition, with the complete subject using about 80-90% of the square. Keep everything inside the frame.

Output: 512x512 PNG, RGBA, genuine transparent background. No text, numerals, labels, logos or watermark.",作成済み,,references/invidious.png
Memphis.png,メンフィス,メンフィス,"Subject: Memphis on the Mississippi River.

Composition: Show the broad Mississippi River beside Memphis, with the steel arches of the Hernando de Soto Bridge spanning the water and the city's large glass pyramid near the riverbank. A small riverboat passes beneath the bridge.

Style: Use the attached invidious.png for drawing style only. Match its thick rounded dark-brown contours, simplified rounded shapes, and restrained 2D cartoon shading. Do not copy the reference subject or composition.

Framing: One compact composition, with the complete subject using about 80-90% of the square. Keep everything inside the frame.

Output: 512x512 PNG, RGBA, genuine transparent background. No text, numerals, labels, logos or watermark.",作成済み,,references/invidious.png
Mercedes.png,メルセデス,メルセデス,"Subject: An ordinary woman named Mercedes.

Composition: Show an adult woman with shoulder-length curly brown hair, a green blouse, and cream trousers seated comfortably on a wooden chair. She holds a closed plain book on her lap and looks up with a friendly expression.

Style: Use the attached invidious.png for drawing style only. Match its thick rounded dark-brown contours, simplified rounded shapes, and restrained 2D cartoon shading. Do not copy the reference subject or composition.

Framing: One compact composition, with the complete subject using about 80-90% of the square. Keep everything inside the frame.

Output: 512x512 PNG, RGBA, genuine transparent background. No text, numerals, labels, logos or watermark.",作成済み,,references/invidious.png
blossom.png,花,花,"Subject: A blossom on a flowering branch.

Composition: Show one large open pink blossom with five rounded petals and a small yellow center attached to a short branch. Include two green leaves and one closed flower bud beside it.

Style: Use the attached invidious.png for drawing style only. Match its thick rounded dark-brown contours, simplified rounded shapes, and restrained 2D cartoon shading. Do not copy the reference subject or composition.

Framing: One compact composition, with the complete subject using about 80-90% of the square. Keep everything inside the frame.

Output: 512x512 PNG, RGBA, genuine transparent background. No text, numerals, labels, logos or watermark.",作成済み,,references/invidious.png
brink.png,ふち,ふち,"Subject: The brink at the top of a steep drop.

Composition: Show a hiker standing safely a short step back from the sharp upper edge of a rocky cliff, looking down. Emphasize the crisp boundary where the flat ground ends and the sheer rock face drops away.

Style: Use the attached invidious.png for drawing style only. Match its thick rounded dark-brown contours, simplified rounded shapes, and restrained 2D cartoon shading. Do not copy the reference subject or composition.

Framing: One compact composition, with the complete subject using about 80-90% of the square. Keep everything inside the frame.

Output: 512x512 PNG, RGBA, genuine transparent background. No text, numerals, labels, logos or watermark.",作成済み,,references/invidious.png
canyon.png,峡谷、渓谷,峡谷,"Subject: A deep canyon cut by a river.

Composition: Show a narrow blue river winding between two high red-brown rock walls with visible horizontal layers. The steep cliffs nearly enclose the water, leaving a deep open cleft through the center.

Style: Use the attached invidious.png for drawing style only. Match its thick rounded dark-brown contours, simplified rounded shapes, and restrained 2D cartoon shading. Do not copy the reference subject or composition.

Framing: One compact composition, with the complete subject using about 80-90% of the square. Keep everything inside the frame.

Output: 512x512 PNG, RGBA, genuine transparent background. No text, numerals, labels, logos or watermark.",作成済み,,references/invidious.png
clerical.png,事務員の,事務員の,"Subject: Clerical work at an office desk.

Composition: Show an office clerk filing a neat stack of papers into upright folders beside a desktop computer. A stapler and an incoming-paper tray sit within easy reach on the uncluttered desk.

Style: Use the attached invidious.png for drawing style only. Match its thick rounded dark-brown contours, simplified rounded shapes, and restrained 2D cartoon shading. Do not copy the reference subject or composition.

Framing: One compact composition, with the complete subject using about 80-90% of the square. Keep everything inside the frame.

Output: 512x512 PNG, RGBA, genuine transparent background. No text, numerals, labels, logos or watermark.",作成済み,,references/invidious.png
coincidental.png,偶然に起きる,偶然に起きる,"Subject: Two strangers coincidentally choosing identical clothes.

Composition: Show two adults meeting face-to-face at a doorway, both wearing the same unusual purple sweater with a large yellow zigzag. They point at each other's matching sweaters with surprised, amused expressions.

Style: Use the attached invidious.png for drawing style only. Match its thick rounded dark-brown contours, simplified rounded shapes, and restrained 2D cartoon shading. Do not copy the reference subject or composition.

Framing: One compact composition, with the complete subject using about 80-90% of the square. Keep everything inside the frame.

Output: 512x512 PNG, RGBA, genuine transparent background. No text, numerals, labels, logos or watermark.",作成済み,,references/invidious.png
coldly.png,冷たく、素っ気なく,素っ気なく,"Subject: Responding to someone in a cold manner.

Composition: Show one adult offering a friendly wave while another keeps their arms folded and turns their face away with a flat, closed expression. Leave a small clear gap between the two people.

Style: Use the attached invidious.png for drawing style only. Match its thick rounded dark-brown contours, simplified rounded shapes, and restrained 2D cartoon shading. Do not copy the reference subject or composition.

Framing: One compact composition, with the complete subject using about 80-90% of the square. Keep everything inside the frame.

Output: 512x512 PNG, RGBA, genuine transparent background. No text, numerals, labels, logos or watermark.",作成済み,,references/invidious.png
drip.png,滴る,滴る,"Subject: Water dripping from a tap.

Composition: Show a closed metal faucet with one large water drop hanging from its spout and two separated drops falling toward a shallow basin. A small circular ripple marks where the latest drop landed.

Style: Use the attached invidious.png for drawing style only. Match its thick rounded dark-brown contours, simplified rounded shapes, and restrained 2D cartoon shading. Do not copy the reference subject or composition.

Framing: One compact composition, with the complete subject using about 80-90% of the square. Keep everything inside the frame.

Output: 512x512 PNG, RGBA, genuine transparent background. No text, numerals, labels, logos or watermark.",作成済み,,references/invidious.png
grit.png,気骨,気骨,"Subject: Persevering with determination through difficulty.

Composition: Show a runner with a scraped but uninjured knee pushing up the final steep stretch of a muddy hill, jaw set and eyes fixed ahead. Their fists are clenched and one shoe pulls free of the thick mud.

Style: Use the attached invidious.png for drawing style only. Match its thick rounded dark-brown contours, simplified rounded shapes, and restrained 2D cartoon shading. Do not copy the reference subject or composition.

Framing: One compact composition, with the complete subject using about 80-90% of the square. Keep everything inside the frame.

Output: 512x512 PNG, RGBA, genuine transparent background. No text, numerals, labels, logos or watermark.",作成済み,,references/invidious.png
illegitimate.png,違法の、不法の,違法の,"Subject: A person breaking into another person's property.

Composition: Show a burglar climbing through a freshly broken shop window while gripping a stolen cashbox. A startled shop owner stands inside beside the damaged window frame, making the unauthorized entry unmistakable.

Style: Use the attached invidious.png for drawing style only. Match its thick rounded dark-brown contours, simplified rounded shapes, and restrained 2D cartoon shading. Do not copy the reference subject or composition.

Framing: One compact composition, with the complete subject using about 80-90% of the square. Keep everything inside the frame.

Output: 512x512 PNG, RGBA, genuine transparent background. No text, numerals, labels, logos or watermark.",作成済み,,references/invidious.png
intolerance.png,不寛容、耐えられないこと,不寛容,"Subject: Refusing to hear a different opinion.

Composition: Show one person at a small discussion table covering both ears and frowning while another calmly offers an open hand and tries to speak. The listener turns their chair away from the conversation.

Style: Use the attached invidious.png for drawing style only. Match its thick rounded dark-brown contours, simplified rounded shapes, and restrained 2D cartoon shading. Do not copy the reference subject or composition.

Framing: One compact composition, with the complete subject using about 80-90% of the square. Keep everything inside the frame.

Output: 512x512 PNG, RGBA, genuine transparent background. No text, numerals, labels, logos or watermark.",作成済み,,references/invidious.png
keyword.png,キーワード,キーワード,"Subject: A keyword entered into a search field.

Composition: Show a close view of a tablet with the word orchid inside its search box and three orchid-flower photographs in the results below. A fingertip rests beside the search button, keeping the entered word clearly visible.

Style: Use the attached invidious.png for drawing style only. Match its thick rounded dark-brown contours, simplified rounded shapes, and restrained 2D cartoon shading. Do not copy the reference subject or composition.

Framing: One compact composition, with the complete subject using about 80-90% of the square. Keep everything inside the frame.

Output: 512x512 PNG, RGBA, genuine transparent background. Allow only orchid inside the search box; no other readable interface text. No incidental labels, logos or watermark.",作成済み,,references/invidious.png
masonry.png,石工職,石工職,"Subject: A mason building a stone wall.

Composition: Show a mason in work clothes setting a squared stone onto fresh mortar in a half-built wall. A trowel rests in the mason's free hand and two prepared stone blocks lie at their feet.

Style: Use the attached invidious.png for drawing style only. Match its thick rounded dark-brown contours, simplified rounded shapes, and restrained 2D cartoon shading. Do not copy the reference subject or composition.

Framing: One compact composition, with the complete subject using about 80-90% of the square. Keep everything inside the frame.

Output: 512x512 PNG, RGBA, genuine transparent background. No text, numerals, labels, logos or watermark.",作成済み,,references/invidious.png
monsoon.png,モンスーン、季節風,季節風,"Subject: A monsoon wind bringing heavy rain ashore.

Composition: Show a coastal palm tree bending inland under a strong wind as thick slanted rain sweeps from the sea across a small shore. A person in a raincoat braces against the wind beneath the palm.

Style: Use the attached invidious.png for drawing style only. Match its thick rounded dark-brown contours, simplified rounded shapes, and restrained 2D cartoon shading. Do not copy the reference subject or composition.

Framing: One compact composition, with the complete subject using about 80-90% of the square. Keep everything inside the frame.

Output: 512x512 PNG, RGBA, genuine transparent background. No text, numerals, labels, logos or watermark.",作成済み,,references/invidious.png
operating_system.png,オペレーティングシステム,オペレーティングシステム,"Subject: A computer operating system's desktop interface.

Composition: Show one laptop with a coherent desktop containing a taskbar, an open file-manager window, and a small settings window. Use simple folder, gear, and application icons without brand marks or written labels.

Style: Use the attached invidious.png for drawing style only. Match its thick rounded dark-brown contours, simplified rounded shapes, and restrained 2D cartoon shading. Do not copy the reference subject or composition.

Framing: One compact composition, with the complete subject using about 80-90% of the square. Keep everything inside the frame.

Output: 512x512 PNG, RGBA, genuine transparent background. No text, numerals, labels, logos or watermark.",作成済み,,references/invidious.png
ordination.png,聖職授与式,聖職授与式,"Subject: A Christian ordination ceremony.

Composition: Show a bishop in ceremonial vestments placing both hands gently on the head of a kneeling adult candidate. A simple altar with a cross stands directly behind the two participants.

Style: Use the attached invidious.png for drawing style only. Match its thick rounded dark-brown contours, simplified rounded shapes, and restrained 2D cartoon shading. Do not copy the reference subject or composition.

Framing: One compact composition, with the complete subject using about 80-90% of the square. Keep everything inside the frame.

Output: 512x512 PNG, RGBA, genuine transparent background. No text, numerals, labels, logos or watermark.",作成済み,,references/invidious.png
outpatient.png,外来患者,外来患者,"Subject: A patient attending a clinic appointment.

Composition: Show an adult patient in everyday clothes seated across from a clinician who checks their arm with a blood-pressure cuff. The patient's coat and shoulder bag hang on their chair, and the open clinic doorway is close behind them.

Style: Use the attached invidious.png for drawing style only. Match its thick rounded dark-brown contours, simplified rounded shapes, and restrained 2D cartoon shading. Do not copy the reference subject or composition.

Framing: One compact composition, with the complete subject using about 80-90% of the square. Keep everything inside the frame.

Output: 512x512 PNG, RGBA, genuine transparent background. No text, numerals, labels, logos or watermark.",作成済み,,references/invidious.png
perpetrator.png,犯人、加害者,犯人,"Subject: A burglar caught beside the stolen property.

Composition: Show a police officer confronting an adult carrying a stolen jewelry box beside a freshly forced shop door. A broken lock hangs from the frame, and the burglar looks startled while trying to hide the box.

Style: Use the attached invidious.png for drawing style only. Match its thick rounded dark-brown contours, simplified rounded shapes, and restrained 2D cartoon shading. Do not copy the reference subject or composition.

Framing: One compact composition, with the complete subject using about 80-90% of the square. Keep everything inside the frame.

Output: 512x512 PNG, RGBA, genuine transparent background. No text, numerals, labels, logos or watermark.",作成済み,,references/invidious.png
restorative.png,回復の、復旧の,回復の,"Subject: A restorative rest after exhausting work.

Composition: Show a tired hiker seated on a bench, shoulders relaxing as they sip warm soup from a bowl. Their heavy pack rests on the ground and a companion drapes a blanket around them.

Style: Use the attached invidious.png for drawing style only. Match its thick rounded dark-brown contours, simplified rounded shapes, and restrained 2D cartoon shading. Do not copy the reference subject or composition.

Framing: One compact composition, with the complete subject using about 80-90% of the square. Keep everything inside the frame.

Output: 512x512 PNG, RGBA, genuine transparent background. No text, numerals, labels, logos or watermark.",作成済み,,references/invidious.png
sandstone.png,砂岩,砂岩,"Subject: A piece of sandstone with visible grains and layers.

Composition: Show a large broken chunk of warm tan sandstone, its rough fracture revealing many tightly cemented sand grains. Subtle horizontal reddish bands run across the exposed rock faces.

Style: Use the attached invidious.png for drawing style only. Match its thick rounded dark-brown contours, simplified rounded shapes, and restrained 2D cartoon shading. Do not copy the reference subject or composition.

Framing: One compact composition, with the complete subject using about 80-90% of the square. Keep everything inside the frame.

Output: 512x512 PNG, RGBA, genuine transparent background. No text, numerals, labels, logos or watermark.",作成済み,,references/invidious.png
set-up.png,セットアップ; 昇圧; 段取,段取,"Subject: Preparing a machine for a task.

Composition: Show a workshop operator securing a rectangular wood block against the fence of an unplugged drill press and aligning the drill bit above it. A clamp and two spare bits sit neatly beside the machine.

Style: Use the attached invidious.png for drawing style only. Match its thick rounded dark-brown contours, simplified rounded shapes, and restrained 2D cartoon shading. Do not copy the reference subject or composition.

Framing: One compact composition, with the complete subject using about 80-90% of the square. Keep everything inside the frame.

Output: 512x512 PNG, RGBA, genuine transparent background. No text, numerals, labels, logos or watermark.",作成済み,,references/invidious.png
stern@sta.png,船尾,船尾,"Subject: The stern of a boat.

Composition: Show a small wooden boat viewed from behind at a slight angle, emphasizing its broad flat rear transom. A rudder hangs centrally below the stern and the bow recedes away from the viewer.

Style: Use the attached invidious.png for drawing style only. Match its thick rounded dark-brown contours, simplified rounded shapes, and restrained 2D cartoon shading. Do not copy the reference subject or composition.

Framing: One compact composition, with the complete subject using about 80-90% of the square. Keep everything inside the frame.

Output: 512x512 PNG, RGBA, genuine transparent background. No text, numerals, labels, logos or watermark.",作成済み,,references/invidious.png
stylistic.png,文体の,文体の,"Subject: A writer attending to literary style.

Composition: Show a writer revising a manuscript with the short sentence The moon sailed over sleeping roofs clearly written on the page. Their pen circles sailed and sleeping while a thoughtful finger rests against their chin.

Style: Use the attached invidious.png for drawing style only. Match its thick rounded dark-brown contours, simplified rounded shapes, and restrained 2D cartoon shading. Do not copy the reference subject or composition.

Framing: One compact composition, with the complete subject using about 80-90% of the square. Keep everything inside the frame.

Output: 512x512 PNG, RGBA, genuine transparent background. Allow only The moon sailed over sleeping roofs on the manuscript and the pen circles around sailed and sleeping. No incidental labels, logos or watermark.",作成済み,,references/invidious.png
subtly.png,微妙に,微妙に,"Subject: Adding a very subtle tint.

Composition: Show a painter using the tip of a small brush to place a barely visible pale-blue wash along the rim of a white ceramic bowl. The rest of the bowl remains nearly white, emphasizing the delicate touch.

Style: Use the attached invidious.png for drawing style only. Match its thick rounded dark-brown contours, simplified rounded shapes, and restrained 2D cartoon shading. Do not copy the reference subject or composition.

Framing: One compact composition, with the complete subject using about 80-90% of the square. Keep everything inside the frame.

Output: 512x512 PNG, RGBA, genuine transparent background. No text, numerals, labels, logos or watermark.",作成済み,,references/invidious.png
tachycardia.png,頻脈,頻脈,"Subject: A rapid heartbeat recorded on a monitor.

Composition: Show an adult patient sitting at rest with ECG leads on their chest beside a medical monitor displaying tightly spaced regular heartbeat peaks and the reading 132 bpm. Keep the monitor and the patient's concerned face prominent.

Style: Use the attached invidious.png for drawing style only. Match its thick rounded dark-brown contours, simplified rounded shapes, and restrained 2D cartoon shading. Do not copy the reference subject or composition.

Framing: One compact composition, with the complete subject using about 80-90% of the square. Keep everything inside the frame.

Output: 512x512 PNG, RGBA, genuine transparent background. Allow only 132 bpm and the ECG waveform on the medical monitor; no other readable labels or numbers. No incidental labels, logos or watermark.",作成済み,,references/invidious.png
ulcer.png,潰瘍,潰瘍,"Subject: An ulcer in the stomach lining.

Composition: Show a clean simplified cutaway of a stomach with a single shallow crater breaking the smooth inner lining. Give the small crater a darker center and mildly reddened rim while keeping the surrounding tissue intact and non-graphic.

Style: Use the attached invidious.png for drawing style only. Match its thick rounded dark-brown contours, simplified rounded shapes, and restrained 2D cartoon shading. Do not copy the reference subject or composition.

Framing: One compact composition, with the complete subject using about 80-90% of the square. Keep everything inside the frame.

Output: 512x512 PNG, RGBA, genuine transparent background. No text, numerals, labels, logos or watermark.",作成済み,,references/invidious.png
Idaho.png,アイダホ州,アイダホ州,"Subject: Idaho's Snake River canyon.

Composition: Show a wide river curving through a deep basalt canyon beneath an open high plain, with Idaho's broad Shoshone Falls spilling across a stepped rock ledge. Low sagebrush grows along the canyon rim.

Style: Use the attached invidious.png for drawing style only. Match its thick rounded dark-brown contours, simplified rounded shapes, and restrained 2D cartoon shading. Do not copy the reference subject or composition.

Framing: One compact composition, with the complete subject using about 80-90% of the square. Keep everything inside the frame.

Output: 512x512 PNG, RGBA, genuine transparent background. No text, numerals, labels, logos or watermark.",作成済み,,references/invidious.png
Madras.png,マドラス,マドラス,"Subject: A colorful madras cotton kerchief.

Composition: Show one square cotton kerchief patterned with broad red, yellow, green, and blue woven checks. Drape it loosely over a low stool so its soft folds, thin fabric, and bordered edges remain clear.

Style: Use the attached invidious.png for drawing style only. Match its thick rounded dark-brown contours, simplified rounded shapes, and restrained 2D cartoon shading. Do not copy the reference subject or composition.

Framing: One compact composition, with the complete subject using about 80-90% of the square. Keep everything inside the frame.

Output: 512x512 PNG, RGBA, genuine transparent background. No text, numerals, labels, logos or watermark.",作成済み,,references/invidious.png
Noel.png,クリスマス,クリスマス,"Subject: A cozy Christmas celebration.

Composition: Show a small decorated evergreen Christmas tree with round baubles and a star at the top. Two wrapped presents and a red stocking lie beneath its lower branches beside a warmly glowing fireplace.

Style: Use the attached invidious.png for drawing style only. Match its thick rounded dark-brown contours, simplified rounded shapes, and restrained 2D cartoon shading. Do not copy the reference subject or composition.

Framing: One compact composition, with the complete subject using about 80-90% of the square. Keep everything inside the frame.

Output: 512x512 PNG, RGBA, genuine transparent background. No text, numerals, labels, logos or watermark.",作成済み,,references/invidious.png
Rupert.png,ルーパート、ルパート,ルーパート,"Subject: Prince Rupert of the Rhine as a Royalist commander.

Composition: Show Prince Rupert as a young Royalist commander with shoulder-length dark hair, an aquiline nose, and heavy brows, wearing a seventeenth-century breastplate over a buff coat and broad white collar. He stands beside a calm saddled horse with one gloved hand on its reins.

Style: Use the attached invidious.png for drawing style only. Match its thick rounded dark-brown contours, simplified rounded shapes, and restrained 2D cartoon shading. Do not copy the reference subject or composition.

Framing: One compact composition, with the complete subject using about 80-90% of the square. Keep everything inside the frame.

Output: 512x512 PNG, RGBA, genuine transparent background. No text, numerals, labels, logos or watermark.",作成済み,,references/invidious.png
Samson.png,サムソン,サムソン,"Subject: Samson displaying his legendary strength.

Composition: Show a muscular long-haired Samson in a simple ancient tunic carrying a huge wooden city gate with both attached posts across his shoulders. He stands firmly on a rocky path, with the gate fully visible above him.

Style: Use the attached invidious.png for drawing style only. Match its thick rounded dark-brown contours, simplified rounded shapes, and restrained 2D cartoon shading. Do not copy the reference subject or composition.

Framing: One compact composition, with the complete subject using about 80-90% of the square. Keep everything inside the frame.

Output: 512x512 PNG, RGBA, genuine transparent background. No text, numerals, labels, logos or watermark.",作成済み,,references/invidious.png
cobalt.png,コバルト,コバルト,"Subject: A specimen of cobalt metal.

Composition: Show several irregular, freshly broken pieces of silvery-gray cobalt metal with a faint bluish cast resting together on a small laboratory sample dish. The fractured edges look hard and brittle rather than rusty or powdery.

Style: Use the attached invidious.png for drawing style only. Match its thick rounded dark-brown contours, simplified rounded shapes, and restrained 2D cartoon shading. Do not copy the reference subject or composition.

Framing: One compact composition, with the complete subject using about 80-90% of the square. Keep everything inside the frame.

Output: 512x512 PNG, RGBA, genuine transparent background. No text, numerals, labels, logos or watermark.",作成済み,,references/invidious.png
emigration.png,移住,移住,"Subject: A family leaving to live in another country.

Composition: Show two adults carrying large suitcases and a carton of household belongings up the gangway of an ocean liner. They turn back to wave goodbye to a relative remaining on the dock.

Style: Use the attached invidious.png for drawing style only. Match its thick rounded dark-brown contours, simplified rounded shapes, and restrained 2D cartoon shading. Do not copy the reference subject or composition.

Framing: One compact composition, with the complete subject using about 80-90% of the square. Keep everything inside the frame.

Output: 512x512 PNG, RGBA, genuine transparent background. No text, numerals, labels, logos or watermark.",作成済み,,references/invidious.png
falsely.png,偽って、不誠実に,偽って,"Subject: Falsely blaming someone else for damage.

Composition: Show an adult pointing accusingly at a puzzled dog beside a broken vase while hiding a baseball bat behind their own back. A matching shard clings to the bat, revealing the dishonest accusation.

Style: Use the attached invidious.png for drawing style only. Match its thick rounded dark-brown contours, simplified rounded shapes, and restrained 2D cartoon shading. Do not copy the reference subject or composition.

Framing: One compact composition, with the complete subject using about 80-90% of the square. Keep everything inside the frame.

Output: 512x512 PNG, RGBA, genuine transparent background. No text, numerals, labels, logos or watermark.",作成済み,,references/invidious.png
insoluble.png,溶けない、不溶性の,溶けない,"Subject: An insoluble solid remaining in water.

Composition: Show a clear glass of water with a small pile of sand resting unchanged on the bottom while a spoon stirs above it. Distinct grains swirl briefly near the spoon without disappearing into the water.

Style: Use the attached invidious.png for drawing style only. Match its thick rounded dark-brown contours, simplified rounded shapes, and restrained 2D cartoon shading. Do not copy the reference subject or composition.

Framing: One compact composition, with the complete subject using about 80-90% of the square. Keep everything inside the frame.

Output: 512x512 PNG, RGBA, genuine transparent background. No text, numerals, labels, logos or watermark.",作成済み,,references/invidious.png
jewel.png,宝石,宝石,"Subject: A polished cut gemstone.

Composition: Show one large deep-red faceted ruby resting on a small cream-colored jeweler's cushion. Crisp triangular facets catch a few bright highlights along the stone's upper surface.

Style: Use the attached invidious.png for drawing style only. Match its thick rounded dark-brown contours, simplified rounded shapes, and restrained 2D cartoon shading. Do not copy the reference subject or composition.

Framing: One compact composition, with the complete subject using about 80-90% of the square. Keep everything inside the frame.

Output: 512x512 PNG, RGBA, genuine transparent background. No text, numerals, labels, logos or watermark.",作成済み,,references/invidious.png
joyous.png,喜びに満ちた、歓喜した,喜びに満ちた,"Subject: A person overflowing with joy.

Composition: Show an adult lifting both arms high, laughing with eyes squeezed happily shut as a friendly dog leaps toward them. Their bent knees and open posture convey unrestrained delight.

Style: Use the attached invidious.png for drawing style only. Match its thick rounded dark-brown contours, simplified rounded shapes, and restrained 2D cartoon shading. Do not copy the reference subject or composition.

Framing: One compact composition, with the complete subject using about 80-90% of the square. Keep everything inside the frame.

Output: 512x512 PNG, RGBA, genuine transparent background. No text, numerals, labels, logos or watermark.",作成済み,,references/invidious.png
militant.png,交戦中の,交戦中の,"Subject: Soldiers actively engaged in combat.

Composition: Show two helmeted soldiers crouching behind a low sandbag wall as one fires a rifle toward distant opposing sandbags. Keep the scene compact and non-graphic, with no visible wounds or fallen bodies.

Style: Use the attached invidious.png for drawing style only. Match its thick rounded dark-brown contours, simplified rounded shapes, and restrained 2D cartoon shading. Do not copy the reference subject or composition.

Framing: One compact composition, with the complete subject using about 80-90% of the square. Keep everything inside the frame.

Output: 512x512 PNG, RGBA, genuine transparent background. No text, numerals, labels, logos or watermark.",作成済み,,references/invidious.png
minimally.png,最小限に,最小限に,"Subject: Using only the smallest necessary amount.

Composition: Show a cook squeezing a single tiny drop of oil from a small dispenser onto the center of a clean frying pan. The cook holds the bottle almost upright to stop immediately after that one drop.

Style: Use the attached invidious.png for drawing style only. Match its thick rounded dark-brown contours, simplified rounded shapes, and restrained 2D cartoon shading. Do not copy the reference subject or composition.

Framing: One compact composition, with the complete subject using about 80-90% of the square. Keep everything inside the frame.

Output: 512x512 PNG, RGBA, genuine transparent background. No text, numerals, labels, logos or watermark.",作成済み,,references/invidious.png
mobilize.png,動員する,動員する,"Subject: Volunteers being mobilized for an emergency.

Composition: Show a coordinator handing work gloves to three arriving adult volunteers beside a stack of sandbags. The volunteers roll up their sleeves and reach for bags as a shallow flood approaches the nearby barrier.

Style: Use the attached invidious.png for drawing style only. Match its thick rounded dark-brown contours, simplified rounded shapes, and restrained 2D cartoon shading. Do not copy the reference subject or composition.

Framing: One compact composition, with the complete subject using about 80-90% of the square. Keep everything inside the frame.

Output: 512x512 PNG, RGBA, genuine transparent background. No text, numerals, labels, logos or watermark.",作成済み,,references/invidious.png
provoking.png,刺激する,刺激する,"Subject: Repeated teasing provoking irritation.

Composition: Show one adult repeatedly poking a seated friend's shoulder with a fingertip while grinning. The seated friend grips the chair arms and turns with tightly furrowed brows and an irritated mouth.

Style: Use the attached invidious.png for drawing style only. Match its thick rounded dark-brown contours, simplified rounded shapes, and restrained 2D cartoon shading. Do not copy the reference subject or composition.

Framing: One compact composition, with the complete subject using about 80-90% of the square. Keep everything inside the frame.

Output: 512x512 PNG, RGBA, genuine transparent background. No text, numerals, labels, logos or watermark.",作成済み,,references/invidious.png
reagent.png,試薬,試薬,"Subject: A chemical reagent being added to a sample.

Composition: Show a gloved laboratory hand squeezing one drop from a pipette into a small test tube, where a blue color spreads from the drop through a clear liquid. An open reagent bottle stands immediately beside the tube rack.

Style: Use the attached invidious.png for drawing style only. Match its thick rounded dark-brown contours, simplified rounded shapes, and restrained 2D cartoon shading. Do not copy the reference subject or composition.

Framing: One compact composition, with the complete subject using about 80-90% of the square. Keep everything inside the frame.

Output: 512x512 PNG, RGBA, genuine transparent background. No text, numerals, labels, logos or watermark.",作成済み,,references/invidious.png
satin.png,繻子、サテン,サテン,"Subject: Smooth satin fabric with a lustrous face.

Composition: Show a length of pale rose satin cascading in broad folds from a low box. Bright smooth highlights run along the raised folds, and a turned-back corner reveals the fabric's duller underside.

Style: Use the attached invidious.png for drawing style only. Match its thick rounded dark-brown contours, simplified rounded shapes, and restrained 2D cartoon shading. Do not copy the reference subject or composition.

Framing: One compact composition, with the complete subject using about 80-90% of the square. Keep everything inside the frame.

Output: 512x512 PNG, RGBA, genuine transparent background. No text, numerals, labels, logos or watermark.",作成済み,,references/invidious.png
sedation.png,鎮静剤の使用、鎮静状態,鎮静状態,"Subject: A patient resting under monitored sedation.

Composition: Show an adult reclining with closed eyes and a relaxed face in a clinical chair, a blanket covering their legs. A clinician watches a small bedside monitor while a pulse sensor clips gently to the patient's finger.

Style: Use the attached invidious.png for drawing style only. Match its thick rounded dark-brown contours, simplified rounded shapes, and restrained 2D cartoon shading. Do not copy the reference subject or composition.

Framing: One compact composition, with the complete subject using about 80-90% of the square. Keep everything inside the frame.

Output: 512x512 PNG, RGBA, genuine transparent background. No text, numerals, labels, logos or watermark.",作成済み,,references/invidious.png
self-confidence.png,自信、自信家ぶり,自信,"Subject: Confidence before speaking in public.

Composition: Show a presenter standing upright beside a lectern, shoulders relaxed, chin level, and one hand open toward two attentive listeners. Their easy smile and steady gaze convey confidence.

Style: Use the attached invidious.png for drawing style only. Match its thick rounded dark-brown contours, simplified rounded shapes, and restrained 2D cartoon shading. Do not copy the reference subject or composition.

Framing: One compact composition, with the complete subject using about 80-90% of the square. Keep everything inside the frame.

Output: 512x512 PNG, RGBA, genuine transparent background. No text, numerals, labels, logos or watermark.",作成済み,,references/invidious.png
silky.png,絹のような、光沢のある,絹のような,"Subject: Hair with a silky smooth texture.

Composition: Show a person drawing a comb through a long lock of straight glossy hair that flows smoothly over their shoulder. Broad soft highlights follow the hair's continuous curve without tangles.

Style: Use the attached invidious.png for drawing style only. Match its thick rounded dark-brown contours, simplified rounded shapes, and restrained 2D cartoon shading. Do not copy the reference subject or composition.

Framing: One compact composition, with the complete subject using about 80-90% of the square. Keep everything inside the frame.

Output: 512x512 PNG, RGBA, genuine transparent background. No text, numerals, labels, logos or watermark.",作成済み,,references/invidious.png
staggering.png,よろめく,よろめく,"Subject: A person staggering after losing balance.

Composition: Show an adult stumbling sideways on a flat path, feet crossing awkwardly and both arms flung outward to recover balance. Their tilted torso and surprised face make the unstable movement clear.

Style: Use the attached invidious.png for drawing style only. Match its thick rounded dark-brown contours, simplified rounded shapes, and restrained 2D cartoon shading. Do not copy the reference subject or composition.

Framing: One compact composition, with the complete subject using about 80-90% of the square. Keep everything inside the frame.

Output: 512x512 PNG, RGBA, genuine transparent background. No text, numerals, labels, logos or watermark.",作成済み,,references/invidious.png
tacit.png,暗黙の,暗黙の,"Subject: An unspoken agreement made with a nod.

Composition: Show two coworkers gripping opposite handles of a heavy box while exchanging a small knowing nod. Their closed mouths and coordinated bent-knee posture make the unspoken agreement clear.

Style: Use the attached invidious.png for drawing style only. Match its thick rounded dark-brown contours, simplified rounded shapes, and restrained 2D cartoon shading. Do not copy the reference subject or composition.

Framing: One compact composition, with the complete subject using about 80-90% of the square. Keep everything inside the frame.

Output: 512x512 PNG, RGBA, genuine transparent background. No text, numerals, labels, logos or watermark.",作成済み,,references/invidious.png
tame.png,おとなしい,おとなしい,"Subject: A tame rabbit accepting gentle handling.

Composition: Show a calm rabbit sitting loosely in an adult's lap as the adult gently strokes its head. The rabbit's ears rest naturally and its paws remain relaxed rather than struggling.

Style: Use the attached invidious.png for drawing style only. Match its thick rounded dark-brown contours, simplified rounded shapes, and restrained 2D cartoon shading. Do not copy the reference subject or composition.

Framing: One compact composition, with the complete subject using about 80-90% of the square. Keep everything inside the frame.

Output: 512x512 PNG, RGBA, genuine transparent background. No text, numerals, labels, logos or watermark.",作成済み,,references/invidious.png
wearable.png,身に着けられる、身体に装着できる,身体に装着できる,"Subject: A device designed to be worn on the body.

Composition: Show an adult fastening a small fitness tracker around their wrist, with the adjustable strap curving snugly against the arm. Keep the complete wearable device and the fastening fingers prominent.

Style: Use the attached invidious.png for drawing style only. Match its thick rounded dark-brown contours, simplified rounded shapes, and restrained 2D cartoon shading. Do not copy the reference subject or composition.

Framing: One compact composition, with the complete subject using about 80-90% of the square. Keep everything inside the frame.

Output: 512x512 PNG, RGBA, genuine transparent background. No text, numerals, labels, logos or watermark.",作成済み,,references/invidious.png
wind@wendh.png,曲がりくねる,曲がりくねる,"Subject: A road winding around hills.

Composition: Show one narrow country road bending through three smooth S-curves around low green hills. A small car follows the nearest bend, making the road's continuous twisting course clear.

Style: Use the attached invidious.png for drawing style only. Match its thick rounded dark-brown contours, simplified rounded shapes, and restrained 2D cartoon shading. Do not copy the reference subject or composition.

Framing: One compact composition, with the complete subject using about 80-90% of the square. Keep everything inside the frame.

Output: 512x512 PNG, RGBA, genuine transparent background. No text, numerals, labels, logos or watermark.",作成済み,,references/invidious.png
Josephine.png,ジョセフィン、ジョゼフィン,ジョセフィン,"Subject: Empress Josephine in early nineteenth-century court dress.

Composition: Show Empress Josephine with dark curled hair gathered beneath a delicate jeweled tiara, wearing a white high-waisted Empire gown and a red velvet mantle. She stands gracefully beside a rose plant, holding one blossom lightly.

Style: Use the attached invidious.png for drawing style only. Match its thick rounded dark-brown contours, simplified rounded shapes, and restrained 2D cartoon shading. Do not copy the reference subject or composition.

Framing: One compact composition, with the complete subject using about 80-90% of the square. Keep everything inside the frame.

Output: 512x512 PNG, RGBA, genuine transparent background. No text, numerals, labels, logos or watermark.",作成済み,,references/invidious.png
Malta.png,マルタ,マルタ,"Subject: Malta's limestone harbor architecture.

Composition: Show Valletta's honey-colored limestone fortifications rising directly above a deep-blue harbor. A small colorful Maltese fishing boat with painted eyes on its bow floats in the foreground below the clustered pale buildings.

Style: Use the attached invidious.png for drawing style only. Match its thick rounded dark-brown contours, simplified rounded shapes, and restrained 2D cartoon shading. Do not copy the reference subject or composition.

Framing: One compact composition, with the complete subject using about 80-90% of the square. Keep everything inside the frame.

Output: 512x512 PNG, RGBA, genuine transparent background. No text, numerals, labels, logos or watermark.",作成済み,,references/invidious.png
addicted.png,常習して,常習して,"Subject: A person compulsively returning to their phone.

Composition: Show an adult at a desk reaching for their glowing smartphone even while trying to push it away with the other hand. An untouched meal and unfinished paperwork remain close by, and their tense gaze stays fixed on the screen.

Style: Use the attached invidious.png for drawing style only. Match its thick rounded dark-brown contours, simplified rounded shapes, and restrained 2D cartoon shading. Do not copy the reference subject or composition.

Framing: One compact composition, with the complete subject using about 80-90% of the square. Keep everything inside the frame.

Output: 512x512 PNG, RGBA, genuine transparent background. No text, numerals, labels, logos or watermark.",作成済み,,references/invidious.png
bounty.png,報奨金,報奨金,"Subject: A reward paid for returning a lost dog.

Composition: Show a relieved dog owner handing a small envelope of banknotes to the adult who has returned their dog on a leash. A lost-dog poster bearing only the same dog's picture hangs on the nearby gate.

Style: Use the attached invidious.png for drawing style only. Match its thick rounded dark-brown contours, simplified rounded shapes, and restrained 2D cartoon shading. Do not copy the reference subject or composition.

Framing: One compact composition, with the complete subject using about 80-90% of the square. Keep everything inside the frame.

Output: 512x512 PNG, RGBA, genuine transparent background. No text, numerals, labels, logos or watermark.",作成済み,,references/invidious.png
bust@eus.png,胸像,胸像,"Subject: A sculpted portrait bust.

Composition: Show a white stone bust of an adult's head, neck, shoulders, and upper chest mounted on a short square pedestal. The lower edge ends cleanly above the waist and both arms are absent.

Style: Use the attached invidious.png for drawing style only. Match its thick rounded dark-brown contours, simplified rounded shapes, and restrained 2D cartoon shading. Do not copy the reference subject or composition.

Framing: One compact composition, with the complete subject using about 80-90% of the square. Keep everything inside the frame.

Output: 512x512 PNG, RGBA, genuine transparent background. No text, numerals, labels, logos or watermark.",作成済み,,references/invidious.png
contagious.png,人から人への接触によって直接伝染する、接触伝染性の,接触伝染性の,"Subject: A skin infection spreading through direct contact.

Composition: Show a clean medical-style close view of two hands touching at the fingers, one bearing several small red skin lesions. Enlarged microbe shapes pass directly across the touching fingertips, keeping the focus on contact transmission.

Style: Use the attached invidious.png for drawing style only. Match its thick rounded dark-brown contours, simplified rounded shapes, and restrained 2D cartoon shading. Do not copy the reference subject or composition.

Framing: One compact composition, with the complete subject using about 80-90% of the square. Keep everything inside the frame.

Output: 512x512 PNG, RGBA, genuine transparent background. No text, numerals, labels, logos or watermark.",作成済み,,references/invidious.png
felony.png,重罪,重罪,"Subject: A serious violent robbery being committed.

Composition: Show a masked adult threatening a bank clerk across a counter while grabbing a bag of banknotes. The clerk raises both empty hands and a second customer crouches behind the counter, with no injury shown.

Style: Use the attached invidious.png for drawing style only. Match its thick rounded dark-brown contours, simplified rounded shapes, and restrained 2D cartoon shading. Do not copy the reference subject or composition.

Framing: One compact composition, with the complete subject using about 80-90% of the square. Keep everything inside the frame.

Output: 512x512 PNG, RGBA, genuine transparent background. No text, numerals, labels, logos or watermark.",作成済み,,references/invidious.png
fictitious.png,偽の,偽の,"Subject: A false mustache made for disguise.

Composition: Show an adult holding a thick artificial mustache just below their clean-shaven nose. One peeled-back corner exposes the adhesive strip and fabric underside, making the mustache's falseness obvious.

Style: Use the attached invidious.png for drawing style only. Match its thick rounded dark-brown contours, simplified rounded shapes, and restrained 2D cartoon shading. Do not copy the reference subject or composition.

Framing: One compact composition, with the complete subject using about 80-90% of the square. Keep everything inside the frame.

Output: 512x512 PNG, RGBA, genuine transparent background. No text, numerals, labels, logos or watermark.",作成済み,,references/invidious.png
foreigner.png,外国人,外国人,"Subject: A visitor arriving in a foreign country.

Composition: Show a traveler with a suitcase presenting an open passport to an immigration officer in an airport booth. A small Japanese flag stands on the counter, while a Canadian maple-leaf luggage tag hangs from the visitor's suitcase.

Style: Use the attached invidious.png for drawing style only. Match its thick rounded dark-brown contours, simplified rounded shapes, and restrained 2D cartoon shading. Do not copy the reference subject or composition.

Framing: One compact composition, with the complete subject using about 80-90% of the square. Keep everything inside the frame.

Output: 512x512 PNG, RGBA, genuine transparent background. No text, numerals, labels, logos or watermark.",作成済み,,references/invidious.png
frenzy.png,逆上させる,逆上させる,"Subject: A taunt driving someone into a rage.

Composition: Show one adult smugly waving a torn photograph just beyond another adult's reach. The second adult lunges forward with clenched fists, flushed cheeks, and furious brows while a friend holds their shoulder back.

Style: Use the attached invidious.png for drawing style only. Match its thick rounded dark-brown contours, simplified rounded shapes, and restrained 2D cartoon shading. Do not copy the reference subject or composition.

Framing: One compact composition, with the complete subject using about 80-90% of the square. Keep everything inside the frame.

Output: 512x512 PNG, RGBA, genuine transparent background. No text, numerals, labels, logos or watermark.",作成済み,,references/invidious.png
historiography.png,史学、歴史科学,史学,"Subject: A historian critically examining historical sources.

Composition: Show a historian at one desk comparing an old handwritten letter with a bound chronicle while examining the letter's wax seal through a magnifying glass. A notebook for cross-checking the sources lies open between them, with writing reduced to small manuscript strokes.

Style: Use the attached invidious.png for drawing style only. Match its thick rounded dark-brown contours, simplified rounded shapes, and restrained 2D cartoon shading. Do not copy the reference subject or composition.

Framing: One compact composition, with the complete subject using about 80-90% of the square. Keep everything inside the frame.

Output: 512x512 PNG, RGBA, genuine transparent background. Allow small handwritten manuscript strokes on the historical letter, chronicle, and working notebook; no readable headings or labels. No incidental labels, logos or watermark.",作成済み,,references/invidious.png
honeymoon.png,蜜月、ハネムーン期間,ハネムーン期間,"Subject: Newlyweds enjoying their honeymoon.

Composition: Show two newly married adults wearing simple wedding rings and matching flower garlands, sitting close together on a seaside bench. Their suitcases rest beside the bench as they smile and lean gently against each other.

Style: Use the attached invidious.png for drawing style only. Match its thick rounded dark-brown contours, simplified rounded shapes, and restrained 2D cartoon shading. Do not copy the reference subject or composition.

Framing: One compact composition, with the complete subject using about 80-90% of the square. Keep everything inside the frame.

Output: 512x512 PNG, RGBA, genuine transparent background. No text, numerals, labels, logos or watermark.",作成済み,,references/invidious.png
informational.png,情報の,情報の,"Subject: A leaflet supplying practical travel information.

Composition: Show a visitor reading a folded leaflet containing a simple bus-route map and the short line Bus leaves at 10:00. Their fingertip follows the route toward a clearly drawn bus-stop symbol.

Style: Use the attached invidious.png for drawing style only. Match its thick rounded dark-brown contours, simplified rounded shapes, and restrained 2D cartoon shading. Do not copy the reference subject or composition.

Framing: One compact composition, with the complete subject using about 80-90% of the square. Keep everything inside the frame.

Output: 512x512 PNG, RGBA, genuine transparent background. Allow only Bus leaves at 10:00 within the information leaflet, with the necessary route lines and bus-stop symbol. No incidental labels, logos or watermark.",作成済み,,references/invidious.png
kidnapping.png,誘拐,誘拐,"Subject: A person being abducted against their will.

Composition: Show an adult captor dragging a resisting adult toward the open side door of a plain van. The victim leans backward with one hand reaching toward a nearby passerby, keeping the scene non-graphic.

Style: Use the attached invidious.png for drawing style only. Match its thick rounded dark-brown contours, simplified rounded shapes, and restrained 2D cartoon shading. Do not copy the reference subject or composition.

Framing: One compact composition, with the complete subject using about 80-90% of the square. Keep everything inside the frame.

Output: 512x512 PNG, RGBA, genuine transparent background. No text, numerals, labels, logos or watermark.",作成済み,,references/invidious.png
malnutrition.png,栄養不良、低栄養状態,栄養不良,"Subject: A patient suffering from inadequate nutrition.

Composition: Show an undernourished adult with thin arms and a fatigued expression seated at a kitchen table beside an almost empty bowl of rice. A visiting health worker measures the adult's upper arm with a tape while listening attentively.

Style: Use the attached invidious.png for drawing style only. Match its thick rounded dark-brown contours, simplified rounded shapes, and restrained 2D cartoon shading. Do not copy the reference subject or composition.

Framing: One compact composition, with the complete subject using about 80-90% of the square. Keep everything inside the frame.

Output: 512x512 PNG, RGBA, genuine transparent background. No text, numerals, labels, logos or watermark.",作成済み,,references/invidious.png
mother-in-law.png,しゅうとめ、義母,義母,"Subject: A person's spouse and mother-in-law together.

Composition: Show an adult couple wearing wedding rings beside an older woman, with one spouse affectionately resting a hand on their mother's shoulder. The other spouse offers the older woman a welcoming cup of tea.

Style: Use the attached invidious.png for drawing style only. Match its thick rounded dark-brown contours, simplified rounded shapes, and restrained 2D cartoon shading. Do not copy the reference subject or composition.

Framing: One compact composition, with the complete subject using about 80-90% of the square. Keep everything inside the frame.

Output: 512x512 PNG, RGBA, genuine transparent background. No text, numerals, labels, logos or watermark.",作成済み,,references/invidious.png
oracle.png,神託,神託,"Subject: A sacred oracle delivered at an ancient shrine.

Composition: Show a solemn priestess seated on a tripod inside a small Greek shrine, one hand raised as she speaks toward a kneeling seeker. A low incense bowl releases a thin curl of smoke between them.

Style: Use the attached invidious.png for drawing style only. Match its thick rounded dark-brown contours, simplified rounded shapes, and restrained 2D cartoon shading. Do not copy the reference subject or composition.

Framing: One compact composition, with the complete subject using about 80-90% of the square. Keep everything inside the frame.

Output: 512x512 PNG, RGBA, genuine transparent background. No text, numerals, labels, logos or watermark.",作成済み,,references/invidious.png
ox.png,雄牛,雄牛,"Subject: An adult bull, a male bovine.

Composition: Show one broad-shouldered bull standing in profile with a heavy neck, short curved horns, a long tail, and sturdy hooves. Keep its entire body visible in a quiet grassy patch.

Style: Use the attached invidious.png for drawing style only. Match its thick rounded dark-brown contours, simplified rounded shapes, and restrained 2D cartoon shading. Do not copy the reference subject or composition.

Framing: One compact composition, with the complete subject using about 80-90% of the square. Keep everything inside the frame.

Output: 512x512 PNG, RGBA, genuine transparent background. No text, numerals, labels, logos or watermark.",作成済み,,references/invidious.png
parasitic.png,寄生性の、おべっかを使う,寄生性の,"Subject: A tick feeding on its animal host.

Composition: Show a close view of a tick with its mouthparts attached to a dog's skin between parted hairs. Its rounded body and eight legs remain clear while the surrounding skin stays clean and non-graphic.

Style: Use the attached invidious.png for drawing style only. Match its thick rounded dark-brown contours, simplified rounded shapes, and restrained 2D cartoon shading. Do not copy the reference subject or composition.

Framing: One compact composition, with the complete subject using about 80-90% of the square. Keep everything inside the frame.

Output: 512x512 PNG, RGBA, genuine transparent background. No text, numerals, labels, logos or watermark.",作成済み,,references/invidious.png
peroxide.png,過酸化物,過酸化物,"Subject: Hydrogen peroxide with its oxygen-oxygen bond.

Composition: Show one large ball-and-stick model with two red oxygen spheres joined directly by a single bond, each bonded to one smaller white hydrogen sphere. Arrange the four atoms in a bent nonplanar chain so the central oxygen-oxygen connection is prominent.

Style: Use the attached invidious.png for drawing style only. Match its thick rounded dark-brown contours, simplified rounded shapes, and restrained 2D cartoon shading. Do not copy the reference subject or composition.

Framing: One compact composition, with the complete subject using about 80-90% of the square. Keep everything inside the frame.

Output: 512x512 PNG, RGBA, genuine transparent background. No text, numerals, labels, logos or watermark.",作成済み,,references/invidious.png
piss.png,小便,小便,"Subject: Urine collected in a specimen cup.

Composition: Show a transparent medical specimen cup partly filled with clear pale-yellow urine, with its screw cap resting beside it. A gloved hand steadies the cup on a clean tray.

Style: Use the attached invidious.png for drawing style only. Match its thick rounded dark-brown contours, simplified rounded shapes, and restrained 2D cartoon shading. Do not copy the reference subject or composition.

Framing: One compact composition, with the complete subject using about 80-90% of the square. Keep everything inside the frame.

Output: 512x512 PNG, RGBA, genuine transparent background. No text, numerals, labels, logos or watermark.",作成済み,,references/invidious.png
psychiatry.png,精神医学,精神医学,"Subject: A psychiatrist conducting a clinical consultation.

Composition: Show a psychiatrist seated at a small desk listening attentively to an adult patient who gestures while describing their feelings. A simple anatomical brain model and a closed medical reference book rest beside the clinician's notebook.

Style: Use the attached invidious.png for drawing style only. Match its thick rounded dark-brown contours, simplified rounded shapes, and restrained 2D cartoon shading. Do not copy the reference subject or composition.

Framing: One compact composition, with the complete subject using about 80-90% of the square. Keep everything inside the frame.

Output: 512x512 PNG, RGBA, genuine transparent background. No text, numerals, labels, logos or watermark.",作成済み,,references/invidious.png
repressed.png,抑圧された,抑圧された,"Subject: A person whose expression is forcibly suppressed.

Composition: Show an adult at a meeting starting to raise a hand while an imposing chairperson firmly pushes that hand back down. The adult hunches inward and presses their lips together as the other participants remain silent.

Style: Use the attached invidious.png for drawing style only. Match its thick rounded dark-brown contours, simplified rounded shapes, and restrained 2D cartoon shading. Do not copy the reference subject or composition.

Framing: One compact composition, with the complete subject using about 80-90% of the square. Keep everything inside the frame.

Output: 512x512 PNG, RGBA, genuine transparent background. No text, numerals, labels, logos or watermark.",作成済み,,references/invidious.png
resonate.png,鳴り響く、反響する,鳴り響く,"Subject: A struck gong producing a resonant tone.

Composition: Show one large bronze gong suspended in a wooden frame, with a padded mallet just drawn back after striking its center. Several closely spaced curved vibration lines extend from the gong's rim.

Style: Use the attached invidious.png for drawing style only. Match its thick rounded dark-brown contours, simplified rounded shapes, and restrained 2D cartoon shading. Do not copy the reference subject or composition.

Framing: One compact composition, with the complete subject using about 80-90% of the square. Keep everything inside the frame.

Output: 512x512 PNG, RGBA, genuine transparent background. No text, numerals, labels, logos or watermark.",作成済み,,references/invidious.png
rubble.png,瓦礫,瓦礫,"Subject: Rubble left by a collapsed wall.

Composition: Show a compact heap of broken red bricks, cracked gray concrete, and short splintered boards beneath the ragged stump of a ruined wall. Keep the debris pieces large and clearly separated.

Style: Use the attached invidious.png for drawing style only. Match its thick rounded dark-brown contours, simplified rounded shapes, and restrained 2D cartoon shading. Do not copy the reference subject or composition.

Framing: One compact composition, with the complete subject using about 80-90% of the square. Keep everything inside the frame.

Output: 512x512 PNG, RGBA, genuine transparent background. No text, numerals, labels, logos or watermark.",作成済み,,references/invidious.png
rumble.png,ガラガラ通る、グーグー鳴る,ガラガラ通る,"Subject: A heavy cart rumbling over cobblestones.

Composition: Show a wooden cart laden with rounded stones rolling across uneven cobblestones. Its iron-rimmed wheels bounce slightly, the load rattles, and a few short vibration strokes surround the nearest wheel.

Style: Use the attached invidious.png for drawing style only. Match its thick rounded dark-brown contours, simplified rounded shapes, and restrained 2D cartoon shading. Do not copy the reference subject or composition.

Framing: One compact composition, with the complete subject using about 80-90% of the square. Keep everything inside the frame.

Output: 512x512 PNG, RGBA, genuine transparent background. No text, numerals, labels, logos or watermark.",作成済み,,references/invidious.png
salvage.png,回収,回収,"Subject: Salvaging a valuable object from shallow water.

Composition: Show two dock workers using a hoist to lift a waterlogged wooden chest from beside a damaged boat. Water streams from the chest as one worker guides it toward the dock.

Style: Use the attached invidious.png for drawing style only. Match its thick rounded dark-brown contours, simplified rounded shapes, and restrained 2D cartoon shading. Do not copy the reference subject or composition.

Framing: One compact composition, with the complete subject using about 80-90% of the square. Keep everything inside the frame.

Output: 512x512 PNG, RGBA, genuine transparent background. No text, numerals, labels, logos or watermark.",作成済み,,references/invidious.png
spinach.png,ホウレンソウ,ホウレンソウ,"Subject: Fresh spinach leaves.

Composition: Show a small bunch of spinach with broad deep-green leaves, tender pale-green stalks, and a few visible roots. Spread three outer leaves outward so their slightly crinkled surfaces and leaf shape are easy to see.

Style: Use the attached invidious.png for drawing style only. Match its thick rounded dark-brown contours, simplified rounded shapes, and restrained 2D cartoon shading. Do not copy the reference subject or composition.

Framing: One compact composition, with the complete subject using about 80-90% of the square. Keep everything inside the frame.

Output: 512x512 PNG, RGBA, genuine transparent background. No text, numerals, labels, logos or watermark.",作成済み,,references/invidious.png
treacherous.png,不誠実な、信用を裏切る,信用を裏切る,"Subject: A person betraying someone who trusts them.

Composition: Show two adults shaking hands warmly while one secretly passes the other's wallet behind their back to a hidden accomplice. The trusting person smiles unaware, and the concealed handoff remains clearly visible to the viewer.

Style: Use the attached invidious.png for drawing style only. Match its thick rounded dark-brown contours, simplified rounded shapes, and restrained 2D cartoon shading. Do not copy the reference subject or composition.

Framing: One compact composition, with the complete subject using about 80-90% of the square. Keep everything inside the frame.

Output: 512x512 PNG, RGBA, genuine transparent background. No text, numerals, labels, logos or watermark.",作成済み,,references/invidious.png
unsettled.png,不穏な、無秩序の,不穏な,"Subject: A tense crowd on the verge of unrest.

Composition: Show three adults gathered at a locked factory gate, exchanging anxious looks while one grips the bars and another argues with a guard. Their tight postures and furrowed brows make the uneasy atmosphere clear.

Style: Use the attached invidious.png for drawing style only. Match its thick rounded dark-brown contours, simplified rounded shapes, and restrained 2D cartoon shading. Do not copy the reference subject or composition.

Framing: One compact composition, with the complete subject using about 80-90% of the square. Keep everything inside the frame.

Output: 512x512 PNG, RGBA, genuine transparent background. No text, numerals, labels, logos or watermark.",作成済み,,references/invidious.png
Emmanuel.png,エマニュエル、エマヌエル,エマニュエル,"Subject: An ordinary adult named Emmanuel.

Composition: Show a friendly adult man with short curly hair, a blue overshirt, and dark trousers standing beside a small stool. He holds a plain canvas bag in one hand and offers a relaxed smile.

Style: Use the attached invidious.png for drawing style only. Match its thick rounded dark-brown contours, simplified rounded shapes, and restrained 2D cartoon shading. Do not copy the reference subject or composition.

Framing: One compact composition, with the complete subject using about 80-90% of the square. Keep everything inside the frame.

Output: 512x512 PNG, RGBA, genuine transparent background. No text, numerals, labels, logos or watermark.",作成済み,,references/invidious.png
Lithuania.png,リトアニア,リトアニア,"Subject: Lithuania's Trakai Island Castle.

Composition: Show the red-brick towers and steep tiled roofs of Trakai Castle standing on a small wooded island in blue lake water. A narrow wooden footbridge approaches the castle from the foreground shore.

Style: Use the attached invidious.png for drawing style only. Match its thick rounded dark-brown contours, simplified rounded shapes, and restrained 2D cartoon shading. Do not copy the reference subject or composition.

Framing: One compact composition, with the complete subject using about 80-90% of the square. Keep everything inside the frame.

Output: 512x512 PNG, RGBA, genuine transparent background. No text, numerals, labels, logos or watermark.",作成済み,,references/invidious.png
Rama.png,ラーマ,ラーマ,"Subject: Rama carrying his bow.

Composition: Show Rama as a serene blue-skinned adult with a gold crown, yellow-orange lower garment, and a quiver over his shoulder. He stands upright holding a tall curved bow in one hand and a single arrow in the other.

Style: Use the attached invidious.png for drawing style only. Match its thick rounded dark-brown contours, simplified rounded shapes, and restrained 2D cartoon shading. Do not copy the reference subject or composition.

Framing: One compact composition, with the complete subject using about 80-90% of the square. Keep everything inside the frame.

Output: 512x512 PNG, RGBA, genuine transparent background. No text, numerals, labels, logos or watermark.",作成済み,,references/invidious.png
Winchester.png,ウィンチェスター,ウィンチェスター,"Subject: Winchester and its historic cathedral.

Composition: Show Winchester Cathedral's long pale-stone body, low square central tower, and tall Gothic west window beside a green lawn. A short path approaches the west door between a few modest old brick houses.

Style: Use the attached invidious.png for drawing style only. Match its thick rounded dark-brown contours, simplified rounded shapes, and restrained 2D cartoon shading. Do not copy the reference subject or composition.

Framing: One compact composition, with the complete subject using about 80-90% of the square. Keep everything inside the frame.

Output: 512x512 PNG, RGBA, genuine transparent background. No text, numerals, labels, logos or watermark.",作成済み,,references/invidious.png
afterlife.png,来世、あの世,あの世,"Subject: A symbolic depiction of the world after death.

Composition: Show a gentle translucent adult spirit rising from a grave mound beneath a plain headstone toward a softly glowing doorway among clouds. Keep the spirit's calm face and upward movement clear within one continuous imagined scene.

Style: Use the attached invidious.png for drawing style only. Match its thick rounded dark-brown contours, simplified rounded shapes, and restrained 2D cartoon shading. Do not copy the reference subject or composition.

Framing: One compact composition, with the complete subject using about 80-90% of the square. Keep everything inside the frame.

Output: 512x512 PNG, RGBA, genuine transparent background. No text, numerals, labels, logos or watermark.",作成済み,,references/invidious.png
atrium.png,心房,心房,"Subject: The upper chambers of the human heart.

Composition: Show one clean anatomical cutaway of a human heart with all four chambers visible. Emphasize the two smaller thin-walled upper atria in warm peach while keeping the larger lower ventricles in muted red.

Style: Use the attached invidious.png for drawing style only. Match its thick rounded dark-brown contours, simplified rounded shapes, and restrained 2D cartoon shading. Do not copy the reference subject or composition.

Framing: One compact composition, with the complete subject using about 80-90% of the square. Keep everything inside the frame.

Output: 512x512 PNG, RGBA, genuine transparent background. No text, numerals, labels, logos or watermark.",作成済み,,references/invidious.png
brisk.png,キビキビした、活発な,キビキビした,"Subject: A brisk, purposeful walking pace.

Composition: Show an adult striding forward with an upright back, a long energetic step, and elbows swinging neatly at their sides. Their attentive eyes look straight ahead and one heel lifts sharply from the ground.

Style: Use the attached invidious.png for drawing style only. Match its thick rounded dark-brown contours, simplified rounded shapes, and restrained 2D cartoon shading. Do not copy the reference subject or composition.

Framing: One compact composition, with the complete subject using about 80-90% of the square. Keep everything inside the frame.

Output: 512x512 PNG, RGBA, genuine transparent background. No text, numerals, labels, logos or watermark.",作成済み,,references/invidious.png
butler.png,執事,執事,"Subject: A butler serving in a formal household.

Composition: Show a composed older butler in a black tailcoat, waistcoat, white shirt, and white gloves carrying a polished tray with a teapot and cup. He stands beside an open drawing-room door in a welcoming posture.

Style: Use the attached invidious.png for drawing style only. Match its thick rounded dark-brown contours, simplified rounded shapes, and restrained 2D cartoon shading. Do not copy the reference subject or composition.

Framing: One compact composition, with the complete subject using about 80-90% of the square. Keep everything inside the frame.

Output: 512x512 PNG, RGBA, genuine transparent background. No text, numerals, labels, logos or watermark.",作成済み,,references/invidious.png
creepy.png,はい回る,はい回る,"Subject: A beetle crawling across a surface.

Composition: Show a small brown beetle crawling over a curved fallen branch, its six legs gripping the bark and its antennae reaching ahead. Keep the low body posture and alternating leg positions clear.

Style: Use the attached invidious.png for drawing style only. Match its thick rounded dark-brown contours, simplified rounded shapes, and restrained 2D cartoon shading. Do not copy the reference subject or composition.

Framing: One compact composition, with the complete subject using about 80-90% of the square. Keep everything inside the frame.

Output: 512x512 PNG, RGBA, genuine transparent background. No text, numerals, labels, logos or watermark.",作成済み,,references/invidious.png
disappointing.png,がっかりさせる,がっかりさせる,"Subject: An eagerly awaited cake turning out badly.

Composition: Show an adult lifting a cake-tin lid to reveal a small sunken, burnt cake. Their mouth turns downward and shoulders sag as they hold the lid suspended over the disappointing result.

Style: Use the attached invidious.png for drawing style only. Match its thick rounded dark-brown contours, simplified rounded shapes, and restrained 2D cartoon shading. Do not copy the reference subject or composition.

Framing: One compact composition, with the complete subject using about 80-90% of the square. Keep everything inside the frame.

Output: 512x512 PNG, RGBA, genuine transparent background. No text, numerals, labels, logos or watermark.",作成済み,,references/invidious.png
dissipated.png,放蕩の,放蕩の,"Subject: An adult living in wasteful dissipation.

Composition: Show a disheveled adult slumped at a card table strewn with lost coins, empty wine bottles, and crumpled clothing. They reach listlessly toward another drink while an overturned coin purse lies empty beside them.

Style: Use the attached invidious.png for drawing style only. Match its thick rounded dark-brown contours, simplified rounded shapes, and restrained 2D cartoon shading. Do not copy the reference subject or composition.

Framing: One compact composition, with the complete subject using about 80-90% of the square. Keep everything inside the frame.

Output: 512x512 PNG, RGBA, genuine transparent background. No text, numerals, labels, logos or watermark.",作成済み,,references/invidious.png
doctrinal.png,教義上の、教義に関する,教義に関する,"Subject: A discussion centered on a religious creed.

Composition: Show two clergy seated beside a small cross, pointing to an open page carrying the short creed We believe in one God. Their attentive faces and fingers remain focused on the doctrinal statement.

Style: Use the attached invidious.png for drawing style only. Match its thick rounded dark-brown contours, simplified rounded shapes, and restrained 2D cartoon shading. Do not copy the reference subject or composition.

Framing: One compact composition, with the complete subject using about 80-90% of the square. Keep everything inside the frame.

Output: 512x512 PNG, RGBA, genuine transparent background. Allow only We believe in one God on the open creed page; no other readable writing. No incidental labels, logos or watermark.",作成済み,,references/invidious.png
hostess.png,ホステス,ホステス,"Subject: A hostess welcoming guests.

Composition: Show an adult woman opening her front door with a welcoming smile and holding a tray with two glasses. A visiting couple stands on the threshold, one carrying a wrapped bouquet.

Style: Use the attached invidious.png for drawing style only. Match its thick rounded dark-brown contours, simplified rounded shapes, and restrained 2D cartoon shading. Do not copy the reference subject or composition.

Framing: One compact composition, with the complete subject using about 80-90% of the square. Keep everything inside the frame.

Output: 512x512 PNG, RGBA, genuine transparent background. No text, numerals, labels, logos or watermark.",作成済み,,references/invidious.png
