ファイル名,語義,対象語義,画像生成プロンプト,プロンプト準備状況,要確認理由,画風参照画像
splint.png,副木,副木,"Subject: A rigid support securing an adult's injured forearm.

Composition: Show an adult seated with one forearm supported by a padded wooden splint along its underside, fastened by several broad cloth wraps. The fingers remain exposed and naturally relaxed, and a sling supports the arm against the chest; avoid tight constriction, exposed wounds, or bones protruding through skin.

Style: Use the attached invidious.png for drawing style only. Match its thick rounded dark-brown contours, simplified rounded shapes, and restrained 2D cartoon shading. Do not copy the reference subject or composition.

Framing: One compact composition, with the complete subject using about 80-90% of the square. Keep everything inside the frame.

Output: 512x512 PNG, RGBA, genuine transparent background. No text, numerals, labels, logos or watermark.",作成済み,,references/invidious.png
stalker.png,ストーカー、こっそり追跡する人,ストーカー,"Subject: An adult covertly following another adult along a public sidewalk.

Composition: Show an adult walking uneasily along a sidewalk and glancing back, while another adult lingers partly behind a lamppost several paces behind. The follower watches persistently and hides a raised phone when noticed; keep the scene grounded in unwanted surveillance without romantic framing or visible personal information.

Style: Use the attached invidious.png for drawing style only. Match its thick rounded dark-brown contours, simplified rounded shapes, and restrained 2D cartoon shading. Do not copy the reference subject or composition.

Framing: One compact composition, with the complete subject using about 80-90% of the square. Keep everything inside the frame.

Output: 512x512 PNG, RGBA, genuine transparent background. No text, numerals, labels, logos or watermark.",作成済み,,references/invidious.png
sympathize.png,同情する,同情する,"Subject: An adult comforting a friend after a disappointing event.

Composition: Show an adult seated beside a tearful friend on a bench, leaning closer with a concerned expression and offering a clean tissue. The friend holds a broken keepsake in their lap; the comforting person's free hand rests gently on the friend's shoulder, conveying shared concern rather than advice or celebration.

Style: Use the attached invidious.png for drawing style only. Match its thick rounded dark-brown contours, simplified rounded shapes, and restrained 2D cartoon shading. Do not copy the reference subject or composition.

Framing: One compact composition, with the complete subject using about 80-90% of the square. Keep everything inside the frame.

Output: 512x512 PNG, RGBA, genuine transparent background. No text, numerals, labels, logos or watermark.",作成済み,,references/invidious.png
taker.png,取る人、受ける人,取る人,"Subject: An adult accepting an offered bowl of soup.

Composition: Show a volunteer extending a warm bowl across a serving counter while another adult reaches with both hands to receive it. The recipient's hands support the bowl from underneath as the giver begins to let go; emphasize the accepting role with a clear, balanced handoff and no coins.

Style: Use the attached invidious.png for drawing style only. Match its thick rounded dark-brown contours, simplified rounded shapes, and restrained 2D cartoon shading. Do not copy the reference subject or composition.

Framing: One compact composition, with the complete subject using about 80-90% of the square. Keep everything inside the frame.

Output: 512x512 PNG, RGBA, genuine transparent background. No text, numerals, labels, logos or watermark.",作成済み,,references/invidious.png
tenacious.png,粘り強い,粘り強い,"Subject: An adult patiently persisting with a difficult loose shoelace knot.

Composition: Show an adult seated on a low stool, continuing to work a stubborn tangled knot in a hiking boot lace with careful fingertips. Their brow is set with steady determination, and a few already loosened loops show progress; the person remains focused rather than throwing the boot aside.

Style: Use the attached invidious.png for drawing style only. Match its thick rounded dark-brown contours, simplified rounded shapes, and restrained 2D cartoon shading. Do not copy the reference subject or composition.

Framing: One compact composition, with the complete subject using about 80-90% of the square. Keep everything inside the frame.

Output: 512x512 PNG, RGBA, genuine transparent background. No text, numerals, labels, logos or watermark.",作成済み,,references/invidious.png
traceable.png,跡をたどることができる,跡をたどることができる,"Subject: Clear muddy footprints leading from a doorway to their source.

Composition: Show an adult investigator following an unbroken trail of fresh muddy boot prints across a clean floor toward an adult standing by the door in matching muddy boots. The repeated tread pattern and continuous spacing make the origin easy to follow, without arrows, numbers, or written evidence tags.

Style: Use the attached invidious.png for drawing style only. Match its thick rounded dark-brown contours, simplified rounded shapes, and restrained 2D cartoon shading. Do not copy the reference subject or composition.

Framing: One compact composition, with the complete subject using about 80-90% of the square. Keep everything inside the frame.

Output: 512x512 PNG, RGBA, genuine transparent background. No text, numerals, labels, logos or watermark.",作成済み,,references/invidious.png
unrestrained.png,抑制のない,抑制のない,"Subject: An adult cheering with exuberance during a friendly game.

Composition: Show an adult spectator leaping from a seat with both arms flung upward and mouth open in uninhibited delight. Their scarf swings freely and an empty cushion slips from the chair, while a calmer companion smiles nearby; keep the joy spontaneous and physically balanced without aggression or speech lettering.

Style: Use the attached invidious.png for drawing style only. Match its thick rounded dark-brown contours, simplified rounded shapes, and restrained 2D cartoon shading. Do not copy the reference subject or composition.

Framing: One compact composition, with the complete subject using about 80-90% of the square. Keep everything inside the frame.

Output: 512x512 PNG, RGBA, genuine transparent background. No text, numerals, labels, logos or watermark.",作成済み,,references/invidious.png
xylem.png,木部,木部,"Subject: Dyed water visibly traveling through the conducting vessels of a celery stalk.

Composition: Show a cut celery stalk standing in a glass of red-tinted water, with its top cut surface revealing small red dots in the vascular bundles. A peeled strip exposes matching red-stained channels running lengthwise through the stalk; keep the plant tissue continuous and avoid labeling the entire stem as wood.

Style: Use the attached invidious.png for drawing style only. Match its thick rounded dark-brown contours, simplified rounded shapes, and restrained 2D cartoon shading. Do not copy the reference subject or composition.

Framing: One compact composition, with the complete subject using about 80-90% of the square. Keep everything inside the frame.

Output: 512x512 PNG, RGBA, genuine transparent background. No text, numerals, labels, logos or watermark.",作成済み,,references/invidious.png
Indo-European.png,インド・ヨーロッパ語族,インド・ヨーロッパ語族,"Subject: A linguist comparing related inherited words in an Indo-European language family lesson.

Composition: Show an adult linguist arranging three small word cards reading father, pater, and pitṛ on branches of a physical wooden family-tree teaching stand. The branches join one common trunk while the linguist compares the cognates; keep the scene focused on historical language relationships without geographic flags or the family's name.

Style: Use the attached invidious.png for drawing style only. Match its thick rounded dark-brown contours, simplified rounded shapes, and restrained 2D cartoon shading. Do not copy the reference subject or composition.

Framing: One compact composition, with the complete subject using about 80-90% of the square. Keep everything inside the frame.

Output: 512x512 PNG, RGBA, genuine transparent background. Only father, pater, and pitṛ on physical linguistic study cards, needed to show cognates without printing the language-family name. No incidental labels, logos or watermark.",作成済み,,references/invidious.png
Mitra.png,ミトラ,ミトラ,"Subject: The Vedic deity Mitra receiving an offering beside a sacred fire.

Composition: Show Mitra as a dignified, fully clothed adult deity seated upright beside a small ritual fire, with calm watchful eyes and one open hand extended in blessing. An adult worshipper places a modest food offering nearby; avoid Roman bull-slaying imagery, invented weapons, or claims of one fixed historical costume.

Style: Use the attached invidious.png for drawing style only. Match its thick rounded dark-brown contours, simplified rounded shapes, and restrained 2D cartoon shading. Do not copy the reference subject or composition.

Framing: One compact composition, with the complete subject using about 80-90% of the square. Keep everything inside the frame.

Output: 512x512 PNG, RGBA, genuine transparent background. No text, numerals, labels, logos or watermark.",作成済み,,references/invidious.png
Sardinia.png,サルジニア島、サルディニア,サルジニア島,"Subject: A raised island model accurately shaped like Sardinia.

Composition: Show a compact relief model of Sardinia viewed from above at a slight angle, with its elongated north-south outline, rugged interior, and irregular rocky coves. A slim rim of turquoise sea surrounds the coastline, while a smaller distant fragment of Corsica appears beyond the northern strait without labels or flags.

Style: Use the attached invidious.png for drawing style only. Match its thick rounded dark-brown contours, simplified rounded shapes, and restrained 2D cartoon shading. Do not copy the reference subject or composition.

Framing: One compact composition, with the complete subject using about 80-90% of the square. Keep everything inside the frame.

Output: 512x512 PNG, RGBA, genuine transparent background. No text, numerals, labels, logos or watermark.",作成済み,,references/invidious.png
Tyrone.png,タイローン、ティローン,タイローン,"Subject: A rural landscape in County Tyrone with the Sperrin hills behind.

Composition: Show rolling green fields bounded by hedgerows beneath the rounded Sperrin hills, with a narrow rural road and a modest stone farmhouse in the foreground. A small flock of sheep grazes peacefully on the slopes; portray County Tyrone's inland Northern Irish landscape without coastline, dramatic alpine peaks, or written place names.

Style: Use the attached invidious.png for drawing style only. Match its thick rounded dark-brown contours, simplified rounded shapes, and restrained 2D cartoon shading. Do not copy the reference subject or composition.

Framing: One compact composition, with the complete subject using about 80-90% of the square. Keep everything inside the frame.

Output: 512x512 PNG, RGBA, genuine transparent background. No text, numerals, labels, logos or watermark.",作成済み,,references/invidious.png
accursed.png,忌まわしい、憎むべき,忌まわしい,"Subject: An adult recoiling from a treasured object associated with a terrible event.

Composition: Show an adult opening an old wooden chest and recoiling from a battered dagger lying inside. Their face tightens with dread and revulsion while one hand pushes the lid away; a dark mourning ribbon around an adjacent keepsake hints at a painful history, with no supernatural smoke or active violence.

Style: Use the attached invidious.png for drawing style only. Match its thick rounded dark-brown contours, simplified rounded shapes, and restrained 2D cartoon shading. Do not copy the reference subject or composition.

Framing: One compact composition, with the complete subject using about 80-90% of the square. Keep everything inside the frame.

Output: 512x512 PNG, RGBA, genuine transparent background. No text, numerals, labels, logos or watermark.",作成済み,,references/invidious.png
acreage.png,土地、地所,土地,"Subject: A fenced parcel of farmland with a farmhouse and cultivated rows.

Composition: Show an elevated view of one continuous rural property bounded by hedges and a simple fence. A modest farmhouse, vegetable rows, and an open grassy field occupy the same parcel, with a gate at the lane; emphasize the extent of the land without acreage numerals, survey labels, or sale signs.

Style: Use the attached invidious.png for drawing style only. Match its thick rounded dark-brown contours, simplified rounded shapes, and restrained 2D cartoon shading. Do not copy the reference subject or composition.

Framing: One compact composition, with the complete subject using about 80-90% of the square. Keep everything inside the frame.

Output: 512x512 PNG, RGBA, genuine transparent background. No text, numerals, labels, logos or watermark.",作成済み,,references/invidious.png
adrift.png,漂流している,漂流している,"Subject: A small empty rowboat drifting with neither oars nor a mooring.

Composition: Show an empty wooden rowboat floating sideways on gentle open-water ripples, with both oarlocks vacant and a loose rope trailing from its bow. No anchor reaches the bottom and no dock connects to it; a few floating leaves move alongside, emphasizing passive drifting without an active rower.

Style: Use the attached invidious.png for drawing style only. Match its thick rounded dark-brown contours, simplified rounded shapes, and restrained 2D cartoon shading. Do not copy the reference subject or composition.

Framing: One compact composition, with the complete subject using about 80-90% of the square. Keep everything inside the frame.

Output: 512x512 PNG, RGBA, genuine transparent background. No text, numerals, labels, logos or watermark.",作成済み,,references/invidious.png
barium.png,バリウム,バリウム,"Subject: A silvery barium metal specimen protected inside a sealed glass ampoule.

Composition: Show a small freshly cut silvery metal piece enclosed in a clear sealed ampoule under inert gas, resting in a padded laboratory holder. A tiny specimen tag reads Ba and nothing else; highlight the metallic surface while keeping it isolated from water, open air, skin, and unrelated medical contrast equipment.

Style: Use the attached invidious.png for drawing style only. Match its thick rounded dark-brown contours, simplified rounded shapes, and restrained 2D cartoon shading. Do not copy the reference subject or composition.

Framing: One compact composition, with the complete subject using about 80-90% of the square. Keep everything inside the frame.

Output: 512x512 PNG, RGBA, genuine transparent background. Only Ba on the specimen tag, necessary to distinguish an otherwise visually generic silvery metal. No incidental labels, logos or watermark.",作成済み,,references/invidious.png
birthright.png,生得権、生まれながら持つ権利,生得権,"Subject: A newborn royal heir receiving a ceremonial emblem of hereditary entitlement.

Composition: Show a swaddled newborn safely held by a seated royal parent while an attendant presents a small ceremonial crown on a cushion. The parent wears a larger matching crown, making the inherited claim visible from birth; the infant never wears the heavy object, and no document or title is displayed.

Style: Use the attached invidious.png for drawing style only. Match its thick rounded dark-brown contours, simplified rounded shapes, and restrained 2D cartoon shading. Do not copy the reference subject or composition.

Framing: One compact composition, with the complete subject using about 80-90% of the square. Keep everything inside the frame.

Output: 512x512 PNG, RGBA, genuine transparent background. No text, numerals, labels, logos or watermark.",作成済み,,references/invidious.png
butyl.png,ブチル基,ブチル基,"Subject: A physical model of a straight-chain butyl substituent with one attachment point.

Composition: Show four black carbon spheres joined by single rods in a zigzag chain on a model stand. The free terminal carbon carries three white hydrogen spheres; each remaining carbon carries two. At the opposite end, one open connector indicates attachment to another group, without adding a fifth carbon or atom labels.

Style: Use the attached invidious.png for drawing style only. Match its thick rounded dark-brown contours, simplified rounded shapes, and restrained 2D cartoon shading. Do not copy the reference subject or composition.

Framing: One compact composition, with the complete subject using about 80-90% of the square. Keep everything inside the frame.

Output: 512x512 PNG, RGBA, genuine transparent background. No text, numerals, labels, logos or watermark.",作成済み,,references/invidious.png
bystander.png,傍観者、見物人,傍観者,"Subject: An adult watching a street repair without taking part.

Composition: Show an adult standing a few steps behind a temporary barrier, observing two workers fixing a broken pavement slab. The observer's hands rest idly in their pockets while the workers handle tools and material; their separate position and lack of involvement make the spectator role clear without judgement.

Style: Use the attached invidious.png for drawing style only. Match its thick rounded dark-brown contours, simplified rounded shapes, and restrained 2D cartoon shading. Do not copy the reference subject or composition.

Framing: One compact composition, with the complete subject using about 80-90% of the square. Keep everything inside the frame.

Output: 512x512 PNG, RGBA, genuine transparent background. No text, numerals, labels, logos or watermark.",作成済み,,references/invidious.png
chassis.png,胴体,胴体,"Subject: The bare structural body of a car with its supporting frame exposed.

Composition: Show a car chassis in a workshop with the outer body panels removed, exposing the long central supporting frame, crossmembers, engine mounts, and connected axles. Four wheels remain attached at the corners, while a mechanic inspects the middle structure; keep the focus on the vehicle's structural body rather than a human torso.

Style: Use the attached invidious.png for drawing style only. Match its thick rounded dark-brown contours, simplified rounded shapes, and restrained 2D cartoon shading. Do not copy the reference subject or composition.

Framing: One compact composition, with the complete subject using about 80-90% of the square. Keep everything inside the frame.

Output: 512x512 PNG, RGBA, genuine transparent background. No text, numerals, labels, logos or watermark.",作成済み,,references/invidious.png
commemorative.png,記念の,記念の,"Subject: A ceremonial tree planted to honor an important shared occasion.

Composition: Show two adults placing a young tree into a prepared planting hole beside a small unlettered bronze commemorative plaque. A ribbon tied around the supporting stake and a modest gathering of applauding adults establish a formal remembrance ceremony; the tree roots and soil remain the main grounded action.

Style: Use the attached invidious.png for drawing style only. Match its thick rounded dark-brown contours, simplified rounded shapes, and restrained 2D cartoon shading. Do not copy the reference subject or composition.

Framing: One compact composition, with the complete subject using about 80-90% of the square. Keep everything inside the frame.

Output: 512x512 PNG, RGBA, genuine transparent background. No text, numerals, labels, logos or watermark.",作成済み,,references/invidious.png
ea.png,エア,エア,"Subject: The Mesopotamian water god Ea depicted in ancient-style sculpture.

Composition: Show a small sculptural figure of Ea as a bearded adult deity wearing a horned crown and a long layered robe. Stylized streams of water descend from either side of the figure into a low basin, with fish within the streams; portray a coherent devotional sculpture without modern lettering or a human name badge.

Style: Use the attached invidious.png for drawing style only. Match its thick rounded dark-brown contours, simplified rounded shapes, and restrained 2D cartoon shading. Do not copy the reference subject or composition.

Framing: One compact composition, with the complete subject using about 80-90% of the square. Keep everything inside the frame.

Output: 512x512 PNG, RGBA, genuine transparent background. No text, numerals, labels, logos or watermark.",作成済み,,references/invidious.png
estrangement.png,仲たがい、離別,仲たがい,"Subject: Two formerly close adults sitting apart after a painful quarrel.

Composition: Show two adults at opposite ends of a sofa, bodies turned away and expressions closed and unhappy. A framed photograph of them smiling together rests face-up on a nearby table, providing a natural trace of earlier closeness; the empty space and avoided eye contact make the present estrangement clear.

Style: Use the attached invidious.png for drawing style only. Match its thick rounded dark-brown contours, simplified rounded shapes, and restrained 2D cartoon shading. Do not copy the reference subject or composition.

Framing: One compact composition, with the complete subject using about 80-90% of the square. Keep everything inside the frame.

Output: 512x512 PNG, RGBA, genuine transparent background. No text, numerals, labels, logos or watermark.",作成済み,,references/invidious.png
fluctuate.png,変動する,変動する,"Subject: A recording instrument tracing repeated rises and falls in a measured value.

Composition: Show a working chart recorder on a laboratory bench, its pen touching a slowly advancing paper strip. The already drawn line repeatedly rises and falls across the strip, with unequal peaks and dips; the current pen position continues the same trace, without axes, labels, numbers, or separate comparison charts.

Style: Use the attached invidious.png for drawing style only. Match its thick rounded dark-brown contours, simplified rounded shapes, and restrained 2D cartoon shading. Do not copy the reference subject or composition.

Framing: One compact composition, with the complete subject using about 80-90% of the square. Keep everything inside the frame.

Output: 512x512 PNG, RGBA, genuine transparent background. No text, numerals, labels, logos or watermark.",作成済み,,references/invidious.png
harass.png,悩ます,悩ます,"Subject: An adult repeatedly pestering a busy worker who wants to be left alone.

Composition: Show an adult trying to concentrate at a desk while another adult leans close, taps the worker's shoulder, and waves an unneeded leaflet in front of their face. The worker raises a stopping palm and looks exhausted; keep the intrusive behavior clear without threats or discriminatory content.

Style: Use the attached invidious.png for drawing style only. Match its thick rounded dark-brown contours, simplified rounded shapes, and restrained 2D cartoon shading. Do not copy the reference subject or composition.

Framing: One compact composition, with the complete subject using about 80-90% of the square. Keep everything inside the frame.

Output: 512x512 PNG, RGBA, genuine transparent background. No text, numerals, labels, logos or watermark.",作成済み,,references/invidious.png
herbicide.png,除草剤,除草剤,"Subject: A gardener carefully applying weed killer to unwanted growth between paving stones.

Composition: Show an adult gardener wearing gloves and closed shoes using a guarded applicator directly over a small weed growing between paving stones. Nearby ornamental plants are protected behind a barrier, and the plain container stays closed; keep the scene focused on targeted unwanted plant control without brand names or chemical recipes.

Style: Use the attached invidious.png for drawing style only. Match its thick rounded dark-brown contours, simplified rounded shapes, and restrained 2D cartoon shading. Do not copy the reference subject or composition.

Framing: One compact composition, with the complete subject using about 80-90% of the square. Keep everything inside the frame.

Output: 512x512 PNG, RGBA, genuine transparent background. No text, numerals, labels, logos or watermark.",作成済み,,references/invidious.png
ice-cream.png,アイスクリーム,アイスクリーム,"Subject: A scoop of vanilla ice cream in a wafer cone.

Composition: Show one rounded scoop of creamy vanilla ice cream sitting securely in a crisp waffle cone held by an adult hand. Tiny softened ridges and a small melting drip reveal its cold smooth texture; the cone's diamond pattern remains visible, without wrappers, sprinkles, logos, or flavor lettering.

Style: Use the attached invidious.png for drawing style only. Match its thick rounded dark-brown contours, simplified rounded shapes, and restrained 2D cartoon shading. Do not copy the reference subject or composition.

Framing: One compact composition, with the complete subject using about 80-90% of the square. Keep everything inside the frame.

Output: 512x512 PNG, RGBA, genuine transparent background. No text, numerals, labels, logos or watermark.",作成済み,,references/invidious.png
incite.png,扇動する,扇動する,"Subject: An angry speaker urging a crowd to damage a nearby fence.

Composition: Show an adult speaker on a low crate pointing forcefully toward a wooden fence while a small crowd becomes visibly agitated. One listener begins reaching toward a loose plank as others raise clenched fists; emphasize the speaker's provocation without showing graphic violence, weapons, slogans, or instructions for destruction.

Style: Use the attached invidious.png for drawing style only. Match its thick rounded dark-brown contours, simplified rounded shapes, and restrained 2D cartoon shading. Do not copy the reference subject or composition.

Framing: One compact composition, with the complete subject using about 80-90% of the square. Keep everything inside the frame.

Output: 512x512 PNG, RGBA, genuine transparent background. No text, numerals, labels, logos or watermark.",作成済み,,references/invidious.png
incurable.png,不治の、治療不能の,不治の,"Subject: Living with an illness that requires continuing treatment.

Composition: Show a fictional adult with type 1 diabetes calmly checking a glucose monitor beside an insulin pen during a supportive clinic appointment. A small unlettered weekly treatment calendar has a care symbol on every day; portray ongoing management rather than despair.

Style: Use the attached invidious.png for drawing style only. Match its thick rounded dark-brown contours, simplified rounded shapes, and restrained 2D cartoon shading. Do not copy the reference subject or composition.

Framing: One compact composition, with the complete subject using about 80-90% of the square. Keep everything inside the frame.

Output: 512x512 PNG, RGBA, genuine transparent background. No text, explanatory labels, speech balloons or bubbles, numerals, logos or watermark.",作成済み,,references/invidious.png
indivisible.png,分けられない、分割できない,分けられない,"Subject: A single game marble that cannot be shared without destroying the playing piece.

Composition: Show two adults at a game table facing one remaining glass marble, with each holding an empty open palm. One adult gently indicates that the marble must remain whole to roll along the game's narrow track; its seamless spherical form makes division incompatible with its use, without knives or arithmetic labels.

Style: Use the attached invidious.png for drawing style only. Match its thick rounded dark-brown contours, simplified rounded shapes, and restrained 2D cartoon shading. Do not copy the reference subject or composition.

Framing: One compact composition, with the complete subject using about 80-90% of the square. Keep everything inside the frame.

Output: 512x512 PNG, RGBA, genuine transparent background. No text, numerals, labels, logos or watermark.",作成済み,,references/invidious.png
inkling.png,うすうす感づくこと、ほのめかし,うすうす感づくこと,"Subject: An adult faintly suspecting a surprise hidden behind a closed door.

Composition: Show an adult pausing outside a closed door after noticing one colorful ribbon protruding underneath. The person raises an eyebrow and gives a small tentative smile, with one hand hovering near the handle; the concealed room remains unseen, emphasizing a slight clue rather than certain knowledge.

Style: Use the attached invidious.png for drawing style only. Match its thick rounded dark-brown contours, simplified rounded shapes, and restrained 2D cartoon shading. Do not copy the reference subject or composition.

Framing: One compact composition, with the complete subject using about 80-90% of the square. Keep everything inside the frame.

Output: 512x512 PNG, RGBA, genuine transparent background. No text, numerals, labels, logos or watermark.",作成済み,,references/invidious.png
irreparable.png,修復できない,修復できない,"Subject: An adult examining a ceramic cup shattered into countless tiny fragments.

Composition: Show an adult at a workbench looking sadly at a cherished cup reduced to fine shards and ceramic dust. A few pieces retain the original painted pattern, but large sections are pulverized and cannot fit together; untouched glue and repair tools lie aside, making restoration visibly hopeless.

Style: Use the attached invidious.png for drawing style only. Match its thick rounded dark-brown contours, simplified rounded shapes, and restrained 2D cartoon shading. Do not copy the reference subject or composition.

Framing: One compact composition, with the complete subject using about 80-90% of the square. Keep everything inside the frame.

Output: 512x512 PNG, RGBA, genuine transparent background. No text, numerals, labels, logos or watermark.",作成済み,,references/invidious.png
jovial.png,陽気な,陽気な,"Subject: A cheerful adult host laughing warmly with dinner guests.

Composition: Show an adult host at a small dinner table laughing with an open, friendly face and relaxed raised shoulders. Two guests smile back as the host passes a bread basket; the warm gesture and shared amusement convey buoyant good humor without alcohol excess, comic lettering, or exaggerated spectacle.

Style: Use the attached invidious.png for drawing style only. Match its thick rounded dark-brown contours, simplified rounded shapes, and restrained 2D cartoon shading. Do not copy the reference subject or composition.

Framing: One compact composition, with the complete subject using about 80-90% of the square. Keep everything inside the frame.

Output: 512x512 PNG, RGBA, genuine transparent background. No text, numerals, labels, logos or watermark.",作成済み,,references/invidious.png
mileage.png,総マイル数,総マイル数,"Subject: A car's mechanical odometer displaying the accumulated distance traveled.

Composition: Show a close view of an older car dashboard, focusing on the mechanical odometer window with five aligned rolling digits reading 12345 and the small unit marking mi. A stationary speedometer needle remains secondary; the worn steering-wheel rim and dashboard frame establish a cumulative-distance instrument rather than a calculator or price display.

Style: Use the attached invidious.png for drawing style only. Match its thick rounded dark-brown contours, simplified rounded shapes, and restrained 2D cartoon shading. Do not copy the reference subject or composition.

Framing: One compact composition, with the complete subject using about 80-90% of the square. Keep everything inside the frame.

Output: 512x512 PNG, RGBA, genuine transparent background. Only 12345 and the unit mi on the odometer, necessary to show cumulative distance in miles and avoid confusion with kilometers. No incidental labels, logos or watermark.",作成済み,,references/invidious.png
oat.png,オートムギ,オートムギ,"Subject: A ripe oat stalk with loose hanging grain clusters.

Composition: Show several upright oat stems tied loosely together at their bases, each topped by an open branching panicle of dangling pale golden spikelets. Narrow grass leaves curl along the stems, and a few husked grains rest below; avoid the dense upright ear shape of wheat or barley.

Style: Use the attached invidious.png for drawing style only. Match its thick rounded dark-brown contours, simplified rounded shapes, and restrained 2D cartoon shading. Do not copy the reference subject or composition.

Framing: One compact composition, with the complete subject using about 80-90% of the square. Keep everything inside the frame.

Output: 512x512 PNG, RGBA, genuine transparent background. No text, numerals, labels, logos or watermark.",作成済み,,references/invidious.png
obstetric.png,産科の,産科の,"Subject: An obstetric clinician performing an ultrasound examination on a pregnant adult.

Composition: Show a pregnant adult reclining comfortably on an examination couch while a clinician rests an ultrasound probe gently on the exposed abdomen. The clinician's other hand adjusts the machine, whose screen shows a simple fetal outline; a drape protects the patient's privacy, and no measurements or clinical claims are printed.

Style: Use the attached invidious.png for drawing style only. Match its thick rounded dark-brown contours, simplified rounded shapes, and restrained 2D cartoon shading. Do not copy the reference subject or composition.

Framing: One compact composition, with the complete subject using about 80-90% of the square. Keep everything inside the frame.

Output: 512x512 PNG, RGBA, genuine transparent background. No text, numerals, labels, logos or watermark.",作成済み,,references/invidious.png
patchy.png,継ぎはぎの,継ぎはぎの,"Subject: A worn jacket repaired with several differently colored fabric patches.

Composition: Show a sturdy old jacket hanging from a wooden peg, its elbows, pocket corner, and lower hem repaired with irregular cloth patches. Each patch has clearly visible stitching and a different muted color; the garment remains one coherent object, with the repairs covering worn areas rather than forming a decorative background quilt.

Style: Use the attached invidious.png for drawing style only. Match its thick rounded dark-brown contours, simplified rounded shapes, and restrained 2D cartoon shading. Do not copy the reference subject or composition.

Framing: One compact composition, with the complete subject using about 80-90% of the square. Keep everything inside the frame.

Output: 512x512 PNG, RGBA, genuine transparent background. No text, numerals, labels, logos or watermark.",作成済み,,references/invidious.png
phytoplankton.png,植物プランクトン,植物プランクトン,"Subject: A magnified group of photosynthetic diatoms floating in sunlit water.

Composition: Show several microscopic diatoms suspended in one clear water droplet, including delicate glassy disks and elongated symmetrical forms. Fine pores pattern their silica shells and golden-green chloroplasts occupy the interiors; a small bright reflection suggests sunlight, with no fish-sized scale, fantasy faces, or drifting terrestrial leaves.

Style: Use the attached invidious.png for drawing style only. Match its thick rounded dark-brown contours, simplified rounded shapes, and restrained 2D cartoon shading. Do not copy the reference subject or composition.

Framing: One compact composition, with the complete subject using about 80-90% of the square. Keep everything inside the frame.

Output: 512x512 PNG, RGBA, genuine transparent background. No text, numerals, labels, logos or watermark.",作成済み,,references/invidious.png
reducible.png,削減できる,削減できる,"Subject: An adult identifying unnecessary packaging that can be removed from a parcel.

Composition: Show an adult packing a small ceramic mug in a correctly sized box while setting aside an excessive pile of unused wrapping material. The snug protective insert already keeps the mug secure, and the adult removes one redundant layer with confidence; emphasize reducible waste without damaging the item or written comparisons.

Style: Use the attached invidious.png for drawing style only. Match its thick rounded dark-brown contours, simplified rounded shapes, and restrained 2D cartoon shading. Do not copy the reference subject or composition.

Framing: One compact composition, with the complete subject using about 80-90% of the square. Keep everything inside the frame.

Output: 512x512 PNG, RGBA, genuine transparent background. No text, numerals, labels, logos or watermark.",作成済み,,references/invidious.png
scooter.png,キックスケーター,キックスケーター,"Subject: An adult propelling a two-wheeled kick scooter with one foot.

Composition: Show an adult wearing a helmet, both hands on an upright handlebar while one foot rests on a narrow deck and the other pushes backward against the ground. Exactly two small wheels sit in line beneath the deck; include no seat, pedals, engine, or extra balancing wheels.

Style: Use the attached invidious.png for drawing style only. Match its thick rounded dark-brown contours, simplified rounded shapes, and restrained 2D cartoon shading. Do not copy the reference subject or composition.

Framing: One compact composition, with the complete subject using about 80-90% of the square. Keep everything inside the frame.

Output: 512x512 PNG, RGBA, genuine transparent background. No text, numerals, labels, logos or watermark.",作成済み,,references/invidious.png
sensibly.png,目立って,目立って,"Subject: An adult immediately noticing that one candle is appreciably shorter than its mate.

Composition: Show two matching candles in identical holders on a table, one burned down to half the other's height. An adult points at the obvious difference with raised eyebrows, while a small pool of wax surrounds the shorter candle; the comparison is readily perceptible without rulers, numbers, or a before-and-after layout.

Style: Use the attached invidious.png for drawing style only. Match its thick rounded dark-brown contours, simplified rounded shapes, and restrained 2D cartoon shading. Do not copy the reference subject or composition.

Framing: One compact composition, with the complete subject using about 80-90% of the square. Keep everything inside the frame.

Output: 512x512 PNG, RGBA, genuine transparent background. No text, numerals, labels, logos or watermark.",作成済み,,references/invidious.png
sociality.png,社交性、交際好き,社交性,"Subject: An outgoing adult easily drawing newcomers into a friendly conversation.

Composition: Show an adult at a small gathering making an open-handed introduction between two newly arrived guests. All three smile and turn toward one another, while the host pulls an empty chair into their circle; the welcoming eye contact and relaxed body language emphasize enjoyment of social connection.

Style: Use the attached invidious.png for drawing style only. Match its thick rounded dark-brown contours, simplified rounded shapes, and restrained 2D cartoon shading. Do not copy the reference subject or composition.

Framing: One compact composition, with the complete subject using about 80-90% of the square. Keep everything inside the frame.

Output: 512x512 PNG, RGBA, genuine transparent background. No text, numerals, labels, logos or watermark.",作成済み,,references/invidious.png
subtropical.png,亜熱帯の、亜熱帯性の,亜熱帯の,"Subject: A warm-region garden with palms, citrus trees, and lush evergreen foliage.

Composition: Show a small subtropical garden beside a low stucco house, with a palm rising over a fruiting citrus tree and broad-leaved evergreen shrubs. An adult tends the plants in light clothing under gentle sunshine; keep the vegetation coherent and the scene lush without equatorial rainforest density or a desert cactus foreground.

Style: Use the attached invidious.png for drawing style only. Match its thick rounded dark-brown contours, simplified rounded shapes, and restrained 2D cartoon shading. Do not copy the reference subject or composition.

Framing: One compact composition, with the complete subject using about 80-90% of the square. Keep everything inside the frame.

Output: 512x512 PNG, RGBA, genuine transparent background. No text, numerals, labels, logos or watermark.",作成済み,,references/invidious.png
suitor.png,原告,原告,"Subject: An adult plaintiff presenting a civil complaint in court.

Composition: Show an adult plaintiff standing beside their lawyer at a courtroom table, offering a folder of evidence toward the judge's bench. Across the aisle, another adult sits at the opposing table; the plaintiff's purposeful posture and the civil hearing arrangement distinguish the person bringing the case without labels or romantic imagery.

Style: Use the attached invidious.png for drawing style only. Match its thick rounded dark-brown contours, simplified rounded shapes, and restrained 2D cartoon shading. Do not copy the reference subject or composition.

Framing: One compact composition, with the complete subject using about 80-90% of the square. Keep everything inside the frame.

Output: 512x512 PNG, RGBA, genuine transparent background. No text, numerals, labels, logos or watermark.",作成済み,,references/invidious.png
Ajax.png,エイジャックス,エイジャックス,"Subject: The Greek hero Ajax carrying the fallen Achilles away from battle.

Composition: Show Ajax as a powerful armored Greek warrior carefully carrying Achilles' limp armored body across his shoulders, both fully clothed. Ajax braces his legs under the weight and supports the body with both arms; a shield rests against his back, and no wounds, blood, or self-harm imagery appears.

Style: Use the attached invidious.png for drawing style only. Match its thick rounded dark-brown contours, simplified rounded shapes, and restrained 2D cartoon shading. Do not copy the reference subject or composition.

Framing: One compact composition, with the complete subject using about 80-90% of the square. Keep everything inside the frame.

Output: 512x512 PNG, RGBA, genuine transparent background. No text, numerals, labels, logos or watermark.",作成済み,,references/invidious.png
Britannia.png,ブリタニア,ブリタニア,"Subject: Britannia as a helmeted female personification with trident and shield.

Composition: Show Britannia as an adult female figure standing upright in a draped gown and crested helmet, holding a three-pronged trident in one hand. A round shield bearing the British flag rests beside her other hand, and a calm lion lies at her feet; keep the figure dignified and unlettered.

Style: Use the attached invidious.png for drawing style only. Match its thick rounded dark-brown contours, simplified rounded shapes, and restrained 2D cartoon shading. Do not copy the reference subject or composition.

Framing: One compact composition, with the complete subject using about 80-90% of the square. Keep everything inside the frame.

Output: 512x512 PNG, RGBA, genuine transparent background. No text, numerals, labels, logos or watermark.",作成済み,,references/invidious.png
Dada.png,ダダイズム,ダダイズム,"Subject: An art-gallery presentation of a bicycle wheel mounted upside down on a stool.

Composition: Show a spoked bicycle wheel held upright in an inverted fork fixed to the top of a plain wooden kitchen stool. An adult gallery visitor bends to inspect the unexpected assembled object with curiosity; the wheel can spin freely above the seat, challenging ordinary artistic expectations without a title plaque.

Style: Use the attached invidious.png for drawing style only. Match its thick rounded dark-brown contours, simplified rounded shapes, and restrained 2D cartoon shading. Do not copy the reference subject or composition.

Framing: One compact composition, with the complete subject using about 80-90% of the square. Keep everything inside the frame.

Output: 512x512 PNG, RGBA, genuine transparent background. No text, numerals, labels, logos or watermark.",作成済み,,references/invidious.png
Turkic.png,ツルキ語族、チュルク語族,ツルキ語族,"Subject: A linguist comparing cognate words for house across Turkic languages.

Composition: Show an adult linguist arranging three small cards reading ev, үй, and uy on separate branches of one physical wooden language-family stand. The branches join a shared trunk, and the linguist points between the related forms; omit country flags and the family name, keeping the comparison about languages rather than ethnicity.

Style: Use the attached invidious.png for drawing style only. Match its thick rounded dark-brown contours, simplified rounded shapes, and restrained 2D cartoon shading. Do not copy the reference subject or composition.

Framing: One compact composition, with the complete subject using about 80-90% of the square. Keep everything inside the frame.

Output: 512x512 PNG, RGBA, genuine transparent background. Only ev, үй, and uy on physical study cards, necessary to show cognates without printing the language-family name. No incidental labels, logos or watermark.",作成済み,,references/invidious.png
Yoruba.png,ヨルバ族,ヨルバ族,"Subject: A contemporary Yoruba family kitchen.

Composition: Show a fictional adult Yoruba man in everyday clothing stirring a pot of family food while a friend sets bowls on a kitchen table. Include a modest Nigerian-flag keepsake on a shelf as a geographic context, without ceremonial caricatures or any identity statement.

Style: Use the attached invidious.png for drawing style only. Match its thick rounded dark-brown contours, simplified rounded shapes, and restrained 2D cartoon shading. Do not copy the reference subject or composition.

Framing: One compact composition, with the complete subject using about 80-90% of the square. Keep everything inside the frame.

Output: 512x512 PNG, RGBA, genuine transparent background. No text, explanatory labels, speech balloons or bubbles, numerals, logos or watermark.",作成済み,,references/invidious.png
adage.png,金言,金言,"Subject: Practical wisdom passed between generations.

Composition: Show an older carpenter gently stopping an apprentice’s saw hand and guiding them to measure the same plank a second time with a ruler. The apprentice watches attentively while the saw rests safely on the bench, embodying inherited practical advice without quoting it.

Style: Use the attached invidious.png for drawing style only. Match its thick rounded dark-brown contours, simplified rounded shapes, and restrained 2D cartoon shading. Do not copy the reference subject or composition.

Framing: One compact composition, with the complete subject using about 80-90% of the square. Keep everything inside the frame.

Output: 512x512 PNG, RGBA, genuine transparent background. No text, explanatory labels, speech balloons or bubbles, numerals, logos or watermark.",作成済み,,references/invidious.png
aeration.png,通気,通気,"Subject: Fresh air passing through a room with two open windows.

Composition: Show a compact room with open windows on opposite sides. Lightweight curtains lift inward beside one window and stream outward beside the other, while a loose ribbon on the central desk flutters in the same direction. Keep the furniture stationary and the room free of smoke.

Style: Use the attached invidious.png for drawing style only. Match its thick rounded dark-brown contours, simplified rounded shapes, and restrained 2D cartoon shading. Do not copy the reference subject or composition.

Framing: One compact composition, with the complete subject using about 80-90% of the square. Keep everything inside the frame.

Output: 512x512 PNG, RGBA, genuine transparent background. No text, numerals, labels, logos or watermark.",作成済み,,references/invidious.png
argon.png,アルゴン,アルゴン,"Subject: A cylinder of inert shielding gas connected to a welding torch.

Composition: Show a secured gas cylinder marked only “Ar” beside an adult welder wearing a full face shield and protective gloves. A hose connects the regulator to the torch poised above an aluminum joint. Keep the colorless gas invisible and the small welding arc localized at the seam.

Style: Use the attached invidious.png for drawing style only. Match its thick rounded dark-brown contours, simplified rounded shapes, and restrained 2D cartoon shading. Do not copy the reference subject or composition.

Framing: One compact composition, with the complete subject using about 80-90% of the square. Keep everything inside the frame.

Output: 512x512 PNG, RGBA, genuine transparent background. Allow only the chemical symbol “Ar” on the cylinder, essential to identify an otherwise invisible gas. No incidental labels, logos or watermark.",作成済み,,references/invidious.png
blizzard.png,吹雪,吹雪,"Subject: An adult traveler struggling through windblown snow.

Composition: Show a bundled adult leaning into a dense sideways flurry while gripping a walking pole. Snow collects on the windward side of the coat, the scarf streams horizontally, and nearby spruce branches bend with the gust. Keep the drifting snow clustered around the traveler and small buried trail.

Style: Use the attached invidious.png for drawing style only. Match its thick rounded dark-brown contours, simplified rounded shapes, and restrained 2D cartoon shading. Do not copy the reference subject or composition.

Framing: One compact composition, with the complete subject using about 80-90% of the square. Keep everything inside the frame.

Output: 512x512 PNG, RGBA, genuine transparent background. No text, numerals, labels, logos or watermark.",作成済み,,references/invidious.png
cant.png,隠語,隠語,"Subject: Private jargon used within a group.

Composition: Show two fictional adult thieves leaning close in a discreet conversation behind a market stall. One makes a small familiar hand signal toward a prospective target while the companion immediately understands and nods; use no written code words or speech bubbles.

Style: Use the attached invidious.png for drawing style only. Match its thick rounded dark-brown contours, simplified rounded shapes, and restrained 2D cartoon shading. Do not copy the reference subject or composition.

Framing: One compact composition, with the complete subject using about 80-90% of the square. Keep everything inside the frame.

Output: 512x512 PNG, RGBA, genuine transparent background. No text, explanatory labels, speech balloons or bubbles, numerals, logos or watermark.",作成済み,,references/invidious.png
carton.png,カートン、箱の単位,カートン,"Subject: A cardboard shipping box with folding flaps.

Composition: Show one sturdy corrugated cardboard box resting open on a packing table. Fold two upper flaps outward and leave the other two upright, exposing the hollow rectangular interior. A short strip of plain sealing tape hangs from one flap, with no printing anywhere on the box.

Style: Use the attached invidious.png for drawing style only. Match its thick rounded dark-brown contours, simplified rounded shapes, and restrained 2D cartoon shading. Do not copy the reference subject or composition.

Framing: One compact composition, with the complete subject using about 80-90% of the square. Keep everything inside the frame.

Output: 512x512 PNG, RGBA, genuine transparent background. No text, numerals, labels, logos or watermark.",作成済み,,references/invidious.png
chandelier.png,シャンデリア,シャンデリア,"Subject: An ornate ceiling-hung light fixture with branching arms.

Composition: Show a single hanging fixture suspended from a short visible chain. Its central brass stem branches into six curved arms, each supporting an upright candle-shaped electric bulb. Clear faceted drops hang beneath the arms, catching small warm highlights without obscuring the symmetrical construction.

Style: Use the attached invidious.png for drawing style only. Match its thick rounded dark-brown contours, simplified rounded shapes, and restrained 2D cartoon shading. Do not copy the reference subject or composition.

Framing: One compact composition, with the complete subject using about 80-90% of the square. Keep everything inside the frame.

Output: 512x512 PNG, RGBA, genuine transparent background. No text, numerals, labels, logos or watermark.",作成済み,,references/invidious.png
confound.png,混乱させる,混乱させる,"Subject: Contradictory directions leaving an adult traveler bewildered.

Composition: Show an adult traveler holding an unfolded map while two nearby guides confidently point in opposite directions along the same forked path. The traveler looks from one guide to the other with raised eyebrows and a slack mouth, unable to choose which direction to follow.

Style: Use the attached invidious.png for drawing style only. Match its thick rounded dark-brown contours, simplified rounded shapes, and restrained 2D cartoon shading. Do not copy the reference subject or composition.

Framing: One compact composition, with the complete subject using about 80-90% of the square. Keep everything inside the frame.

Output: 512x512 PNG, RGBA, genuine transparent background. No text, numerals, labels, logos or watermark.",作成済み,,references/invidious.png
corticosteroid.png,コルチコステロイド、副腎皮質ステロイド,コルチコステロイド,"Subject: An anatomical teaching model showing hormone release from the adrenal cortex.

Composition: Show a cutaway adrenal gland perched above a kidney in a freestanding medical model. Highlight its thick outer cortex, leaving the inner medulla muted. Small identical gold hormone tokens emerge from the cortex into a neighboring blood vessel; the kidney and gland remain anatomically separate.

Style: Use the attached invidious.png for drawing style only. Match its thick rounded dark-brown contours, simplified rounded shapes, and restrained 2D cartoon shading. Do not copy the reference subject or composition.

Framing: One compact composition, with the complete subject using about 80-90% of the square. Keep everything inside the frame.

Output: 512x512 PNG, RGBA, genuine transparent background. No text, numerals, labels, logos or watermark.",作成済み,,references/invidious.png
disengagement.png,解放、離脱,解放,"Subject: An adult sailor unhooking a safety tether after reaching a secure platform.

Composition: Show an adult sailor standing firmly inside a sheltered dock platform and opening the tether clip attached to a fixed rail. One hand steadies the clip while the other holds the loose strap, creating a visible gap between the released hook and the rail.

Style: Use the attached invidious.png for drawing style only. Match its thick rounded dark-brown contours, simplified rounded shapes, and restrained 2D cartoon shading. Do not copy the reference subject or composition.

Framing: One compact composition, with the complete subject using about 80-90% of the square. Keep everything inside the frame.

Output: 512x512 PNG, RGBA, genuine transparent background. No text, numerals, labels, logos or watermark.",作成済み,,references/invidious.png
diurnal.png,昼行性の,昼行性の,"Subject: A squirrel actively gathering food in bright daylight.

Composition: Show a squirrel standing alert on a sunlit tree stump with an acorn held between its forepaws. Additional acorns lie beside the stump, and a small overhead sun establishes daytime. Keep the squirrel awake, actively nibbling, with its bushy tail arched naturally behind its body.

Style: Use the attached invidious.png for drawing style only. Match its thick rounded dark-brown contours, simplified rounded shapes, and restrained 2D cartoon shading. Do not copy the reference subject or composition.

Framing: One compact composition, with the complete subject using about 80-90% of the square. Keep everything inside the frame.

Output: 512x512 PNG, RGBA, genuine transparent background. No text, numerals, labels, logos or watermark.",作成済み,,references/invidious.png
elaborately.png,わざと、わざとらしく,わざとらしく,"Subject: An adult actor displaying conspicuously exaggerated surprise.

Composition: Show an adult performer reacting to a tiny gift with an excessively wide mouth, arched eyebrows, and both hands theatrically pressed to the cheeks. The friend offering the small wrapped box watches with a skeptical sideways glance. Keep the overplayed reaction central and physically natural.

Style: Use the attached invidious.png for drawing style only. Match its thick rounded dark-brown contours, simplified rounded shapes, and restrained 2D cartoon shading. Do not copy the reference subject or composition.

Framing: One compact composition, with the complete subject using about 80-90% of the square. Keep everything inside the frame.

Output: 512x512 PNG, RGBA, genuine transparent background. No text, numerals, labels, logos or watermark.",作成済み,,references/invidious.png
evasive.png,回避的な,回避的な,"Subject: An adult avoiding a direct conversation at a doorway.

Composition: Show one adult holding a broken cup and looking expectantly at a second adult. The second adult averts their eyes, gives an unconvincing shrug, and edges sideways toward an open doorway. Keep the cup visible between them and the retreating person’s uneasy body language unmistakable.

Style: Use the attached invidious.png for drawing style only. Match its thick rounded dark-brown contours, simplified rounded shapes, and restrained 2D cartoon shading. Do not copy the reference subject or composition.

Framing: One compact composition, with the complete subject using about 80-90% of the square. Keep everything inside the frame.

Output: 512x512 PNG, RGBA, genuine transparent background. No text, numerals, labels, logos or watermark.",作成済み,,references/invidious.png
exclaim.png,叫ぶ,叫ぶ,"Subject: An adult loudly calling to someone across a river.

Composition: Show an adult standing securely on a riverbank, cupping both hands around an open mouth and calling toward a distant adult on the opposite bank. The listener turns toward the call. Keep the river narrow enough for the exchange, with clear breathing space around the caller’s face.

Style: Use the attached invidious.png for drawing style only. Match its thick rounded dark-brown contours, simplified rounded shapes, and restrained 2D cartoon shading. Do not copy the reference subject or composition.

Framing: One compact composition, with the complete subject using about 80-90% of the square. Keep everything inside the frame.

Output: 512x512 PNG, RGBA, genuine transparent background. No text, numerals, labels, logos or watermark.",作成済み,,references/invidious.png
febrile.png,熱の、熱病の,熱の,"Subject: An adult resting in bed with a fever.

Composition: Show a flushed adult reclining beneath a light blanket, with a damp cloth on the forehead and a glass of water on the bedside table. The adult looks tired and slightly sweaty while a caregiver gently checks their forehead with the back of one hand.

Style: Use the attached invidious.png for drawing style only. Match its thick rounded dark-brown contours, simplified rounded shapes, and restrained 2D cartoon shading. Do not copy the reference subject or composition.

Framing: One compact composition, with the complete subject using about 80-90% of the square. Keep everything inside the frame.

Output: 512x512 PNG, RGBA, genuine transparent background. No text, numerals, labels, logos or watermark.",作成済み,,references/invidious.png
fledgling.png,創業まもない企業,創業まもない企業,"Subject: The small team of a newly launched business packing its first order.

Composition: Show three adult founders sharing a modest workshop with one desk and a few handmade lamps. One founder closes the first shipping box while another photographs a finished lamp and the third assembles its base. Sparse shelves and fresh unpacked tools make the business visibly new.

Style: Use the attached invidious.png for drawing style only. Match its thick rounded dark-brown contours, simplified rounded shapes, and restrained 2D cartoon shading. Do not copy the reference subject or composition.

Framing: One compact composition, with the complete subject using about 80-90% of the square. Keep everything inside the frame.

Output: 512x512 PNG, RGBA, genuine transparent background. No text, numerals, labels, logos or watermark.",作成済み,,references/invidious.png
gully.png,小峡谷,小峡谷,"Subject: A narrow channel cut into earth by running water.

Composition: Show a small steep-sided ravine crossing a grassy slope, with exposed earthen walls and a shallow stream running along its bottom. Loose pebbles collect at the channel’s bends, and grass roots protrude from the upper edges. Keep both rims visible so the narrow depth reads clearly.

Style: Use the attached invidious.png for drawing style only. Match its thick rounded dark-brown contours, simplified rounded shapes, and restrained 2D cartoon shading. Do not copy the reference subject or composition.

Framing: One compact composition, with the complete subject using about 80-90% of the square. Keep everything inside the frame.

Output: 512x512 PNG, RGBA, genuine transparent background. No text, numerals, labels, logos or watermark.",作成済み,,references/invidious.png
hinterland.png,辺境地,辺境地,"Subject: An isolated farmhouse deep in sparsely settled countryside.

Composition: Show a small weathered farmhouse at the end of a winding dirt track among low wooded hills. A simple well and stacked firewood stand beside the home, with no neighboring buildings or paved roads visible. Frame the remote dwelling within one compact patch of surrounding wilderness.

Style: Use the attached invidious.png for drawing style only. Match its thick rounded dark-brown contours, simplified rounded shapes, and restrained 2D cartoon shading. Do not copy the reference subject or composition.

Framing: One compact composition, with the complete subject using about 80-90% of the square. Keep everything inside the frame.

Output: 512x512 PNG, RGBA, genuine transparent background. No text, numerals, labels, logos or watermark.",作成済み,,references/invidious.png
imprecise.png,不正確な、精密でない,不正確な,"Subject: A badly fitted wooden shelf made from rough measurements.

Composition: Show an adult holding a crooked shelf against two wall brackets that do not line up. One end of the plank extends much farther than the other, and the drilled holes miss the brackets. A loosely stretched measuring tape lies unused on the workbench below.

Style: Use the attached invidious.png for drawing style only. Match its thick rounded dark-brown contours, simplified rounded shapes, and restrained 2D cartoon shading. Do not copy the reference subject or composition.

Framing: One compact composition, with the complete subject using about 80-90% of the square. Keep everything inside the frame.

Output: 512x512 PNG, RGBA, genuine transparent background. No text, numerals, labels, logos or watermark.",作成済み,,references/invidious.png
indecision.png,決断できない状態、ちゅうちょ,決断できない状態,"Subject: An adult hesitating between two coats at a shop.

Composition: Show an adult standing between two equally appealing coats on separate hooks, holding one sleeve of each without taking either coat down. Their eyes move uncertainly between the choices, their shoulders rise, and an empty shopping bag hangs from their wrist beneath the undecided hands.

Style: Use the attached invidious.png for drawing style only. Match its thick rounded dark-brown contours, simplified rounded shapes, and restrained 2D cartoon shading. Do not copy the reference subject or composition.

Framing: One compact composition, with the complete subject using about 80-90% of the square. Keep everything inside the frame.

Output: 512x512 PNG, RGBA, genuine transparent background. No text, numerals, labels, logos or watermark.",作成済み,,references/invidious.png
ineffectual.png,効果のない,効果のない,"Subject: A tiny desk fan failing to move a heavy curtain.

Composition: Show an adult aiming a little battery-powered fan at a thick hanging curtain. The fan blades spin and a lightweight ribbon beside the grille flutters, but the heavy curtain remains completely still. The adult leans closer with a puzzled frown, clearly expecting a result.

Style: Use the attached invidious.png for drawing style only. Match its thick rounded dark-brown contours, simplified rounded shapes, and restrained 2D cartoon shading. Do not copy the reference subject or composition.

Framing: One compact composition, with the complete subject using about 80-90% of the square. Keep everything inside the frame.

Output: 512x512 PNG, RGBA, genuine transparent background. No text, numerals, labels, logos or watermark.",作成済み,,references/invidious.png
insolvent.png,支払い不能の,支払い不能の,"Subject: Unable to pay existing debts.

Composition: Show a fictional shop owner turning an empty coin purse over an empty till while a supplier waits beside stacked bills. The owner’s apologetic open hands and the unpaid invoices make the inability to meet obligations clear without humiliation or written explanation.

Style: Use the attached invidious.png for drawing style only. Match its thick rounded dark-brown contours, simplified rounded shapes, and restrained 2D cartoon shading. Do not copy the reference subject or composition.

Framing: One compact composition, with the complete subject using about 80-90% of the square. Keep everything inside the frame.

Output: 512x512 PNG, RGBA, genuine transparent background. No text, explanatory labels, speech balloons or bubbles, numerals, logos or watermark.",作成済み,,references/invidious.png
lipped.png,唇のある,唇のある,"Subject: A ceramic jug with a pronounced pouring lip.

Composition: Show a single round ceramic jug in three-quarter view with its handle on one side and a projecting curved lip on the opposite rim. A small stream of water pours cleanly from that lip into a cup below, emphasizing the shaped edge rather than an ordinary circular opening.

Style: Use the attached invidious.png for drawing style only. Match its thick rounded dark-brown contours, simplified rounded shapes, and restrained 2D cartoon shading. Do not copy the reference subject or composition.

Framing: One compact composition, with the complete subject using about 80-90% of the square. Keep everything inside the frame.

Output: 512x512 PNG, RGBA, genuine transparent background. No text, numerals, labels, logos or watermark.",作成済み,,references/invidious.png
moody.png,不機嫌な,不機嫌な,"Subject: An adult sitting with an unmistakably sullen expression.

Composition: Show an adult slumped at a breakfast table, arms folded tightly and lower lip pushed slightly forward. A companion offers a cup of tea, but the seated adult turns away with lowered brows. Keep the untouched toast, offered cup, and closed body posture simple and readable.

Style: Use the attached invidious.png for drawing style only. Match its thick rounded dark-brown contours, simplified rounded shapes, and restrained 2D cartoon shading. Do not copy the reference subject or composition.

Framing: One compact composition, with the complete subject using about 80-90% of the square. Keep everything inside the frame.

Output: 512x512 PNG, RGBA, genuine transparent background. No text, numerals, labels, logos or watermark.",作成済み,,references/invidious.png
morgue.png,死体公示所,死体公示所,"Subject: A respectful scene inside a hospital mortuary.

Composition: Show a stainless-steel body trolley beside a partly open refrigerated storage bay. An adult body lies fully covered by a plain sheet, with only its overall outline apparent. A mortuary attendant in clean protective clothing stands quietly beside the trolley, keeping the clinical scene dignified and non-graphic.

Style: Use the attached invidious.png for drawing style only. Match its thick rounded dark-brown contours, simplified rounded shapes, and restrained 2D cartoon shading. Do not copy the reference subject or composition.

Framing: One compact composition, with the complete subject using about 80-90% of the square. Keep everything inside the frame.

Output: 512x512 PNG, RGBA, genuine transparent background. No text, numerals, labels, logos or watermark.",作成済み,,references/invidious.png
necked.png,首の,首の,"Subject: A bottle distinguished by its exceptionally long narrow neck.

Composition: Show a single clear glass bottle standing upright beside a small drinking glass. Its rounded body rises into a visibly long slender neck with a small open mouth. Put a little amber liquid at the bottom, leaving the extended upper section unobstructed and easy to inspect.

Style: Use the attached invidious.png for drawing style only. Match its thick rounded dark-brown contours, simplified rounded shapes, and restrained 2D cartoon shading. Do not copy the reference subject or composition.

Framing: One compact composition, with the complete subject using about 80-90% of the square. Keep everything inside the frame.

Output: 512x512 PNG, RGBA, genuine transparent background. No text, numerals, labels, logos or watermark.",作成済み,,references/invidious.png
nip.png,はさむ,はさむ,"Subject: A spring clothespin pinching fabric against a clothesline.

Composition: Show a close view of an adult hand opening a wooden clothespin while another already grips the folded edge of a towel over a taut clothesline. Emphasize the two opposing wooden jaws pressing the fabric together and the small metal spring that keeps them closed.

Style: Use the attached invidious.png for drawing style only. Match its thick rounded dark-brown contours, simplified rounded shapes, and restrained 2D cartoon shading. Do not copy the reference subject or composition.

Framing: One compact composition, with the complete subject using about 80-90% of the square. Keep everything inside the frame.

Output: 512x512 PNG, RGBA, genuine transparent background. No text, numerals, labels, logos or watermark.",作成済み,,references/invidious.png
pectin.png,ペクチン,ペクチン,"Subject: Fruit-derived material making jam gel.

Composition: Show a cook lifting a spoonful of thick glossy apple jam from a small pot beside a strainer of apple peels and cores. The preserve clings in a soft gel, with an unmarked packet beside the pot; omit any ingredient label or explanatory text.

Style: Use the attached invidious.png for drawing style only. Match its thick rounded dark-brown contours, simplified rounded shapes, and restrained 2D cartoon shading. Do not copy the reference subject or composition.

Framing: One compact composition, with the complete subject using about 80-90% of the square. Keep everything inside the frame.

Output: 512x512 PNG, RGBA, genuine transparent background. No text, explanatory labels, speech balloons or bubbles, numerals, logos or watermark.",作成済み,,references/invidious.png
pox.png,痘,痘,"Subject: An adult with a pox-like eruption being examined gently.

Composition: Show an adult patient seated on an examination stool, extending a forearm with scattered small raised blisters and a few crusted spots. A gloved clinician inspects the skin without touching the lesions. The patient remains fully clothed apart from the examined arm, and the scene is non-graphic.

Style: Use the attached invidious.png for drawing style only. Match its thick rounded dark-brown contours, simplified rounded shapes, and restrained 2D cartoon shading. Do not copy the reference subject or composition.

Framing: One compact composition, with the complete subject using about 80-90% of the square. Keep everything inside the frame.

Output: 512x512 PNG, RGBA, genuine transparent background. No text, numerals, labels, logos or watermark.",作成済み,,references/invidious.png
prejudicial.png,偏見を抱かせる、先入観を与える,偏見を抱かせる,"Subject: A hostile suggestion biasing someone against a newcomer.

Composition: Show an office worker whispering privately to a colleague while pointing disapprovingly toward a friendly newcomer. Before meeting the newcomer, the colleague folds their arms and adopts a suspicious expression; portray the newcomer as ordinary and undeserving of hostility.

Style: Use the attached invidious.png for drawing style only. Match its thick rounded dark-brown contours, simplified rounded shapes, and restrained 2D cartoon shading. Do not copy the reference subject or composition.

Framing: One compact composition, with the complete subject using about 80-90% of the square. Keep everything inside the frame.

Output: 512x512 PNG, RGBA, genuine transparent background. No text, explanatory labels, speech balloons or bubbles, numerals, logos or watermark.",作成済み,,references/invidious.png
quirky.png,とっぴな、予測できない,とっぴな,"Subject: An adult using a delightfully unconventional teapot as a planter.

Composition: Show an adult tending a small cactus planted inside an old polka-dot teapot, with a mismatched spoon tucked into the soil as a miniature garden stake. The person wears bright mismatched socks and smiles at the unexpected arrangement. Keep the cactus stable and the spout unobstructed.

Style: Use the attached invidious.png for drawing style only. Match its thick rounded dark-brown contours, simplified rounded shapes, and restrained 2D cartoon shading. Do not copy the reference subject or composition.

Framing: One compact composition, with the complete subject using about 80-90% of the square. Keep everything inside the frame.

Output: 512x512 PNG, RGBA, genuine transparent background. No text, numerals, labels, logos or watermark.",作成済み,,references/invidious.png
rationalize.png,正当化する,正当化する,"Subject: Defending a self-serving choice with an excuse.

Composition: Show an adult holding the last cookie beside an empty shared plate, giving an elaborate defensive shrug while pointing to a few stale crumbs. A disappointed friend looks unconvinced, making the attempted justification visible through interaction rather than words.

Style: Use the attached invidious.png for drawing style only. Match its thick rounded dark-brown contours, simplified rounded shapes, and restrained 2D cartoon shading. Do not copy the reference subject or composition.

Framing: One compact composition, with the complete subject using about 80-90% of the square. Keep everything inside the frame.

Output: 512x512 PNG, RGBA, genuine transparent background. No text, explanatory labels, speech balloons or bubbles, numerals, logos or watermark.",作成済み,,references/invidious.png
rehearse.png,リハーサルをする,リハーサルをする,"Subject: Adult theater performers practicing a scene before opening night.

Composition: Show two adult actors on a small stage practicing a handshake while a director watches from the front row with a clipboard. One actor holds a loosely bound script at their side. The house seats are empty, work lights remain on, and no performance costumes are fully finished.

Style: Use the attached invidious.png for drawing style only. Match its thick rounded dark-brown contours, simplified rounded shapes, and restrained 2D cartoon shading. Do not copy the reference subject or composition.

Framing: One compact composition, with the complete subject using about 80-90% of the square. Keep everything inside the frame.

Output: 512x512 PNG, RGBA, genuine transparent background. No text, numerals, labels, logos or watermark.",作成済み,,references/invidious.png
scotch.png,消す,消す,"Subject: Putting a false story to an end.

Composition: Show an adult interrupting two whispering colleagues by setting a completely intact vase directly between them. The whisperers stop and look embarrassed while the adult points firmly to the undamaged object, using visible contrary evidence to end the rumor.

Style: Use the attached invidious.png for drawing style only. Match its thick rounded dark-brown contours, simplified rounded shapes, and restrained 2D cartoon shading. Do not copy the reference subject or composition.

Framing: One compact composition, with the complete subject using about 80-90% of the square. Keep everything inside the frame.

Output: 512x512 PNG, RGBA, genuine transparent background. No text, explanatory labels, speech balloons or bubbles, numerals, logos or watermark.",作成済み,,references/invidious.png
spacer.png,間隔を空けるもの,間隔を空けるもの,"Subject: Small plastic crosspieces maintaining gaps between floor tiles.

Composition: Show an adult tiler positioning a small cross-shaped plastic piece between four square ceramic tiles. Other identical pieces hold consistent narrow joints across the unfinished patch. A gloved hand presses the central piece gently into place, with wet adhesive visible only at the open edge.

Style: Use the attached invidious.png for drawing style only. Match its thick rounded dark-brown contours, simplified rounded shapes, and restrained 2D cartoon shading. Do not copy the reference subject or composition.

Framing: One compact composition, with the complete subject using about 80-90% of the square. Keep everything inside the frame.

Output: 512x512 PNG, RGBA, genuine transparent background. No text, numerals, labels, logos or watermark.",作成済み,,references/invidious.png
subscriber.png,購読者,購読者,"Subject: An adult receiving a regularly delivered magazine.

Composition: Show an adult opening the latest magazine from a plain mailing sleeve at a kitchen table. Several earlier issues with matching cover layouts stand neatly in a nearby rack. The reader settles comfortably with the new issue, making the recurring delivery clear without any readable cover text.

Style: Use the attached invidious.png for drawing style only. Match its thick rounded dark-brown contours, simplified rounded shapes, and restrained 2D cartoon shading. Do not copy the reference subject or composition.

Framing: One compact composition, with the complete subject using about 80-90% of the square. Keep everything inside the frame.

Output: 512x512 PNG, RGBA, genuine transparent background. No text, numerals, labels, logos or watermark.",作成済み,,references/invidious.png
tabular.png,板状の、平板な,板状の,"Subject: A broad thin stone slab with a distinctly plate-like shape.

Composition: Show a pale flat stone slab propped at a slight angle on two small supports. Its broad upper face, straight thin edge, and layered side profile are all visible. Place a rounded pebble nearby for contrast, emphasizing the slab’s shallow thickness and expansive flat surface.

Style: Use the attached invidious.png for drawing style only. Match its thick rounded dark-brown contours, simplified rounded shapes, and restrained 2D cartoon shading. Do not copy the reference subject or composition.

Framing: One compact composition, with the complete subject using about 80-90% of the square. Keep everything inside the frame.

Output: 512x512 PNG, RGBA, genuine transparent background. No text, numerals, labels, logos or watermark.",作成済み,,references/invidious.png
tickle.png,くすぐる,くすぐる,"Subject: One adult playfully tickling another adult’s bare foot.

Composition: Show two adult partners sitting on a sofa, one gently brushing fingertips across the other’s bare sole. The person being touched laughs and bends the knee away while holding the sofa cushion. Keep the playful interaction consensual, with each person’s hands and legs clearly separated.

Style: Use the attached invidious.png for drawing style only. Match its thick rounded dark-brown contours, simplified rounded shapes, and restrained 2D cartoon shading. Do not copy the reference subject or composition.

Framing: One compact composition, with the complete subject using about 80-90% of the square. Keep everything inside the frame.

Output: 512x512 PNG, RGBA, genuine transparent background. No text, numerals, labels, logos or watermark.",作成済み,,references/invidious.png
trigeminal.png,三叉神経の,三叉神経の,"Subject: A medical head model showing the three facial divisions of the fifth cranial nerve.

Composition: Show a freestanding side-view head model with the cheek transparent. Highlight the sensory root between the pons and trigeminal ganglion, then three major divisions toward forehead, upper cheek, and lower jaw. Show a thinner motor root bypassing the ganglion to join the lower division; keep surrounding structures muted.

Style: Use the attached invidious.png for drawing style only. Match its thick rounded dark-brown contours, simplified rounded shapes, and restrained 2D cartoon shading. Do not copy the reference subject or composition.

Framing: One compact composition, with the complete subject using about 80-90% of the square. Keep everything inside the frame.

Output: 512x512 PNG, RGBA, genuine transparent background. No text, numerals, labels, logos or watermark.",作成済み,,references/invidious.png
twine.png,より糸,より糸,"Subject: A ball of twisted fiber cord with its strands clearly visible.

Composition: Show a loosely wound ball of natural brown cord resting on a workbench, with one end unwound in a gentle curve. Enlarge the visible texture enough to show several thin fibers twisting together along that loose end. Keep the ball compact and the cord continuous.

Style: Use the attached invidious.png for drawing style only. Match its thick rounded dark-brown contours, simplified rounded shapes, and restrained 2D cartoon shading. Do not copy the reference subject or composition.

Framing: One compact composition, with the complete subject using about 80-90% of the square. Keep everything inside the frame.

Output: 512x512 PNG, RGBA, genuine transparent background. No text, numerals, labels, logos or watermark.",作成済み,,references/invidious.png
undead.png,完全に死んでいない,完全に死んでいない,"Subject: A fictional reanimated skeleton climbing from an old coffin.

Composition: Show a clearly fantastical skeleton sitting up inside an open wooden coffin, gripping its rim with bony hands. One foot has already reached the floor while the other remains inside. Give the skeleton a startled animated posture, with no flesh, wounds, blood, or realistic bodily decay.

Style: Use the attached invidious.png for drawing style only. Match its thick rounded dark-brown contours, simplified rounded shapes, and restrained 2D cartoon shading. Do not copy the reference subject or composition.

Framing: One compact composition, with the complete subject using about 80-90% of the square. Keep everything inside the frame.

Output: 512x512 PNG, RGBA, genuine transparent background. No text, numerals, labels, logos or watermark.",作成済み,,references/invidious.png
universalism.png,普遍主義,普遍主義,"Subject: A religious belief extending salvation to everyone.

Composition: Show a fictional religious speaker in a simple chapel opening both hands toward a diverse group seated together, with an open doorway welcoming further arrivals. No person is separated or excluded; keep the setting peaceful and avoid a written doctrinal claim.

Style: Use the attached invidious.png for drawing style only. Match its thick rounded dark-brown contours, simplified rounded shapes, and restrained 2D cartoon shading. Do not copy the reference subject or composition.

Framing: One compact composition, with the complete subject using about 80-90% of the square. Keep everything inside the frame.

Output: 512x512 PNG, RGBA, genuine transparent background. No text, explanatory labels, speech balloons or bubbles, numerals, logos or watermark.",作成済み,,references/invidious.png
urbanism.png,アーバニズム,アーバニズム,"Subject: City residents sharing a lively neighborhood sidewalk.

Composition: Show a compact urban sidewalk where adults walk to a corner grocer, wait beside a bus shelter, and greet a neighbor outside an apartment entrance. Closely spaced multistory buildings rise behind them. Keep the connected street scene human-scaled, with everyday shared public space as the focus.

Style: Use the attached invidious.png for drawing style only. Match its thick rounded dark-brown contours, simplified rounded shapes, and restrained 2D cartoon shading. Do not copy the reference subject or composition.

Framing: One compact composition, with the complete subject using about 80-90% of the square. Keep everything inside the frame.

Output: 512x512 PNG, RGBA, genuine transparent background. No text, numerals, labels, logos or watermark.",作成済み,,references/invidious.png
well-meaning.png,善意の,善意の,"Subject: An adult trying to help despite making a small harmless mistake.

Composition: Show an adult enthusiastically bringing a very large watering can to a friend’s tiny potted cactus. The helper smiles warmly and carefully offers the can while the friend gently signals to stop. Keep the water inside the can, emphasizing the sincere helpful intention before any mishap.

Style: Use the attached invidious.png for drawing style only. Match its thick rounded dark-brown contours, simplified rounded shapes, and restrained 2D cartoon shading. Do not copy the reference subject or composition.

Framing: One compact composition, with the complete subject using about 80-90% of the square. Keep everything inside the frame.

Output: 512x512 PNG, RGBA, genuine transparent background. No text, numerals, labels, logos or watermark.",作成済み,,references/invidious.png
whiteboard.png,ホワイトボードに書く,ホワイトボードに書く,"Subject: An adult writing a simple diagram on a white dry-erase board.

Composition: Show an adult standing beside a freestanding white dry-erase board, drawing a large circle with a dark marker. One hand guides the marker while the other holds its cap. A felt eraser rests on the narrow tray, and the glossy surface contains no words or numerals.

Style: Use the attached invidious.png for drawing style only. Match its thick rounded dark-brown contours, simplified rounded shapes, and restrained 2D cartoon shading. Do not copy the reference subject or composition.

Framing: One compact composition, with the complete subject using about 80-90% of the square. Keep everything inside the frame.

Output: 512x512 PNG, RGBA, genuine transparent background. No text, numerals, labels, logos or watermark.",作成済み,,references/invidious.png
whomever.png,だれにでも,だれにでも,"Subject: Offering something to any person who arrives.

Composition: Show a volunteer holding an open basket of apples toward a varied group of adults approaching a free stall. The volunteer’s welcoming gesture reaches the whole group, with no gate, ticket, or selection barrier separating the visitors.

Style: Use the attached invidious.png for drawing style only. Match its thick rounded dark-brown contours, simplified rounded shapes, and restrained 2D cartoon shading. Do not copy the reference subject or composition.

Framing: One compact composition, with the complete subject using about 80-90% of the square. Keep everything inside the frame.

Output: 512x512 PNG, RGBA, genuine transparent background. No text, explanatory labels, speech balloons or bubbles, numerals, logos or watermark.",作成済み,,references/invidious.png
Brie.png,ブリ地方,ブリ地方,"Subject: A geographic relief model highlighting the Brie region east of Paris.

Composition: Show a tabletop relief of the Paris Basin with the Seine and Marne drawn as continuous blue waterways. Highlight the low agricultural plateau southeast of Paris between those rivers, with tiny fields and woodland inside it. Keep the surrounding terrain muted and omit cheese, words, and city labels.

Style: Use the attached invidious.png for drawing style only. Match its thick rounded dark-brown contours, simplified rounded shapes, and restrained 2D cartoon shading. Do not copy the reference subject or composition.

Framing: One compact composition, with the complete subject using about 80-90% of the square. Keep everything inside the frame.

Output: 512x512 PNG, RGBA, genuine transparent background. No text, numerals, labels, logos or watermark.",作成済み,,references/invidious.png
Cypriot.png,キプロス島人、キプロス島語,キプロス島人,"Subject: A fictional person from Cyprus indicating their island.

Composition: Show an adult beside a globe centered on the eastern Mediterranean, touching their chest with one hand and pointing with the other to Cyprus’s clearly shaped island outline. Use contemporary clothing and no ethnic, religious, or linguistic stereotyping.

Style: Use the attached invidious.png for drawing style only. Match its thick rounded dark-brown contours, simplified rounded shapes, and restrained 2D cartoon shading. Do not copy the reference subject or composition.

Framing: One compact composition, with the complete subject using about 80-90% of the square. Keep everything inside the frame.

Output: 512x512 PNG, RGBA, genuine transparent background. No text, explanatory labels, speech balloons or bubbles, numerals, logos or watermark.",作成済み,,references/invidious.png
Gambia.png,ガンビア,ガンビア,"Subject: A raised geographical model of the Gambia River and its estuary.

Composition: Show a long winding river flowing west through a raised model of West Africa into a broad Atlantic estuary. Emphasize the continuous watercourse and mangrove-fringed lower banks, with the narrow surrounding country outlined subtly along its sides. Keep the ocean mouth, inland bends, and direction of drainage legible.

Style: Use the attached invidious.png for drawing style only. Match its thick rounded dark-brown contours, simplified rounded shapes, and restrained 2D cartoon shading. Do not copy the reference subject or composition.

Framing: One compact composition, with the complete subject using about 80-90% of the square. Keep everything inside the frame.

Output: 512x512 PNG, RGBA, genuine transparent background. No text, numerals, labels, logos or watermark.",作成済み,,references/invidious.png
Midlands.png,ミッドランズ,ミッドランズ,"Subject: A relief map highlighting the central region of England.

Composition: Show a freestanding relief model of Great Britain viewed from above at a slight angle. Tint the central English land around Birmingham and Nottingham warmly, leaving northern England, southern England, Wales, and Scotland subdued. Keep the island’s recognizable coastlines visible and add no town labels.

Style: Use the attached invidious.png for drawing style only. Match its thick rounded dark-brown contours, simplified rounded shapes, and restrained 2D cartoon shading. Do not copy the reference subject or composition.

Framing: One compact composition, with the complete subject using about 80-90% of the square. Keep everything inside the frame.

Output: 512x512 PNG, RGBA, genuine transparent background. No text, numerals, labels, logos or watermark.",作成済み,,references/invidious.png
Phoenician.png,フェニキア、フェニキア人,フェニキア人,"Subject: An ancient Phoenician merchant unloading amphorae at a Levantine harbor.

Composition: Show an adult merchant in a simple ancient linen tunic standing beside a docked wooden trading vessel, guiding an amphora onto the quay. Additional sealed amphorae sit securely in the hold. Use a modest eastern Mediterranean harbor setting, with cedar cargo planks and no modern flags or lettering.

Style: Use the attached invidious.png for drawing style only. Match its thick rounded dark-brown contours, simplified rounded shapes, and restrained 2D cartoon shading. Do not copy the reference subject or composition.

Framing: One compact composition, with the complete subject using about 80-90% of the square. Keep everything inside the frame.

Output: 512x512 PNG, RGBA, genuine transparent background. No text, numerals, labels, logos or watermark.",作成済み,,references/invidious.png
Ramadan.png,イスラム暦の9月、断食月,イスラム暦の9月,"Subject: Muslim adults waiting to break their daily fast at sunset.

Composition: Show an adult family seated respectfully around a small meal of dates, water, and soup as the sun touches the horizon beyond an open window. Their hands remain calmly folded before eating. A crescent-shaped hanging ornament suggests the observance without replacing the actual sunset timing.

Style: Use the attached invidious.png for drawing style only. Match its thick rounded dark-brown contours, simplified rounded shapes, and restrained 2D cartoon shading. Do not copy the reference subject or composition.

Framing: One compact composition, with the complete subject using about 80-90% of the square. Keep everything inside the frame.

Output: 512x512 PNG, RGBA, genuine transparent background. No text, numerals, labels, logos or watermark.",作成済み,,references/invidious.png
Saigon.png,サイゴン,サイゴン,"Subject: The historic central post office in Ho Chi Minh City.

Composition: Show the distinctive yellow colonial-era central post office with its large arched entrance, rows of green shutters, and ornate upper facade. A few adults walk along the pavement in front beside parked motorbikes. Keep the building recognizable through its architecture while omitting all facade lettering and numerals.

Style: Use the attached invidious.png for drawing style only. Match its thick rounded dark-brown contours, simplified rounded shapes, and restrained 2D cartoon shading. Do not copy the reference subject or composition.

Framing: One compact composition, with the complete subject using about 80-90% of the square. Keep everything inside the frame.

Output: 512x512 PNG, RGBA, genuine transparent background. No text, numerals, labels, logos or watermark.",作成済み,,references/invidious.png
Selene.png,セレネ、月の女神,セレネ,"Subject: The Greek moon goddess riding her traditional horse-drawn chariot.

Composition: Show an adult Greek goddess wearing a flowing chiton and a small crescent above her forehead, standing securely in a light chariot drawn by two white horses. She holds both reins together as her mantle billows behind her. Treat the moonlit journey as a coherent mythological scene.

Style: Use the attached invidious.png for drawing style only. Match its thick rounded dark-brown contours, simplified rounded shapes, and restrained 2D cartoon shading. Do not copy the reference subject or composition.

Framing: One compact composition, with the complete subject using about 80-90% of the square. Keep everything inside the frame.

Output: 512x512 PNG, RGBA, genuine transparent background. No text, numerals, labels, logos or watermark.",作成済み,,references/invidious.png
ailing.png,病気の,病気の,"Subject: An adult resting on a sofa while feeling unwell.

Composition: Show a tired adult curled beneath a blanket on a sofa with drooping eyelids and a tissue in one hand. A mug of warm drink and a small tissue box sit within easy reach. A companion quietly places another cushion behind the person’s back.

Style: Use the attached invidious.png for drawing style only. Match its thick rounded dark-brown contours, simplified rounded shapes, and restrained 2D cartoon shading. Do not copy the reference subject or composition.

Framing: One compact composition, with the complete subject using about 80-90% of the square. Keep everything inside the frame.

Output: 512x512 PNG, RGBA, genuine transparent background. No text, numerals, labels, logos or watermark.",作成済み,,references/invidious.png
bemused.png,困惑した,困惑した,"Subject: An adult puzzled by an unexpected object inside a familiar box.

Composition: Show an adult opening a shoe box and discovering a teapot where shoes should be. The person raises one eyebrow, tilts their head, and holds the lid suspended above the box. Keep the teapot intact inside the packaging and the expression confused rather than amused.

Style: Use the attached invidious.png for drawing style only. Match its thick rounded dark-brown contours, simplified rounded shapes, and restrained 2D cartoon shading. Do not copy the reference subject or composition.

Framing: One compact composition, with the complete subject using about 80-90% of the square. Keep everything inside the frame.

Output: 512x512 PNG, RGBA, genuine transparent background. No text, numerals, labels, logos or watermark.",作成済み,,references/invidious.png
betwixt.png,間に,間に,"Subject: A small potted plant standing between two larger pots.

Composition: Show three flowerpots arranged in a straight line on one narrow shelf. A small pot with a yellow flower occupies the gap between two larger leafy plants. Leave equal visible space on either side of the center pot so its position between the neighboring objects is unmistakable.

Style: Use the attached invidious.png for drawing style only. Match its thick rounded dark-brown contours, simplified rounded shapes, and restrained 2D cartoon shading. Do not copy the reference subject or composition.

Framing: One compact composition, with the complete subject using about 80-90% of the square. Keep everything inside the frame.

Output: 512x512 PNG, RGBA, genuine transparent background. No text, numerals, labels, logos or watermark.",作成済み,,references/invidious.png
bigotry.png,偏狭さ、頑迷さ,偏狭さ,"Subject: Refusing to consider a different viewpoint.

Composition: Show an adult at a discussion table covering both ears and turning away while another adult calmly offers an open book. Keep the other participants patient and dignified; the rigid refusal to listen conveys narrow-mindedness without targeting any identity group.

Style: Use the attached invidious.png for drawing style only. Match its thick rounded dark-brown contours, simplified rounded shapes, and restrained 2D cartoon shading. Do not copy the reference subject or composition.

Framing: One compact composition, with the complete subject using about 80-90% of the square. Keep everything inside the frame.

Output: 512x512 PNG, RGBA, genuine transparent background. No text, explanatory labels, speech balloons or bubbles, numerals, logos or watermark.",作成済み,,references/invidious.png
conciliation.png,融和,融和,"Subject: A mediator helping two previously angry adults shake hands.

Composition: Show two adults seated across a small table, leaning forward to exchange a cautious handshake. A mediator sits beside them with open relaxed palms, while both participants’ tense expressions soften. Keep one shared document on the table, with no readable writing and no signs of victory or defeat.

Style: Use the attached invidious.png for drawing style only. Match its thick rounded dark-brown contours, simplified rounded shapes, and restrained 2D cartoon shading. Do not copy the reference subject or composition.

Framing: One compact composition, with the complete subject using about 80-90% of the square. Keep everything inside the frame.

Output: 512x512 PNG, RGBA, genuine transparent background. No text, numerals, labels, logos or watermark.",作成済み,,references/invidious.png
conjunctivitis.png,結膜炎,結膜炎,"Subject: An adult’s irritated eye with redness across the conjunctiva.

Composition: Show a close clinical view of one adult eye with pink-red vessels visible over the white surface and slight swelling along the eyelid margin. A clean tissue rests beside the face without touching the eye. Keep the iris and pupil normal, and avoid blood or exaggerated injury.

Style: Use the attached invidious.png for drawing style only. Match its thick rounded dark-brown contours, simplified rounded shapes, and restrained 2D cartoon shading. Do not copy the reference subject or composition.

Framing: One compact composition, with the complete subject using about 80-90% of the square. Keep everything inside the frame.

Output: 512x512 PNG, RGBA, genuine transparent background. No text, numerals, labels, logos or watermark.",作成済み,,references/invidious.png
depraved.png,下劣な,下劣な,"Subject: A fictional villain deliberately destroying someone’s treasured keepsake.

Composition: Show a fictional adult villain grinning while tearing a family photograph in front of its distressed adult owner. The owner reaches forward too late, and the villain holds the two separated halves well apart. Keep the faces on the photograph abstract, with the cruel enjoyment central to the scene.

Style: Use the attached invidious.png for drawing style only. Match its thick rounded dark-brown contours, simplified rounded shapes, and restrained 2D cartoon shading. Do not copy the reference subject or composition.

Framing: One compact composition, with the complete subject using about 80-90% of the square. Keep everything inside the frame.

Output: 512x512 PNG, RGBA, genuine transparent background. No text, numerals, labels, logos or watermark.",作成済み,,references/invidious.png
downcast.png,意気消沈した,意気消沈した,"Subject: An adult sitting sadly after losing a competition.

Composition: Show an adult athlete seated on a bench with head bowed, shoulders drooping, and hands hanging loosely between the knees. A discarded racket rests beside their shoes while a distant opponent receives a small trophy. Keep the defeated person central, without tears exaggerated into spectacle.

Style: Use the attached invidious.png for drawing style only. Match its thick rounded dark-brown contours, simplified rounded shapes, and restrained 2D cartoon shading. Do not copy the reference subject or composition.

Framing: One compact composition, with the complete subject using about 80-90% of the square. Keep everything inside the frame.

Output: 512x512 PNG, RGBA, genuine transparent background. No text, numerals, labels, logos or watermark.",作成済み,,references/invidious.png
envisage.png,予想する,予想する,"Subject: An adult gardener imagining how a young orchard will mature.

Composition: Show an adult gardener kneeling beside a newly planted sapling while holding an architectural-style sketch of that same tree grown large and fruit-laden. The gardener looks between the real sapling and the planned future shape, with watering can and planting spade resting on the soil.

Style: Use the attached invidious.png for drawing style only. Match its thick rounded dark-brown contours, simplified rounded shapes, and restrained 2D cartoon shading. Do not copy the reference subject or composition.

Framing: One compact composition, with the complete subject using about 80-90% of the square. Keep everything inside the frame.

Output: 512x512 PNG, RGBA, genuine transparent background. No text, numerals, labels, logos or watermark.",作成済み,,references/invidious.png
evangelist.png,伝道者、福音を説く人,伝道者,"Subject: A Christian preacher explaining the gospel to an attentive adult audience.

Composition: Show an adult preacher standing beside an open Bible on a simple lectern, addressing several attentive adults in a modest gathering room. A small cross hangs behind the lectern. The preacher gestures toward the book with one open hand, keeping the tone welcoming rather than coercive.

Style: Use the attached invidious.png for drawing style only. Match its thick rounded dark-brown contours, simplified rounded shapes, and restrained 2D cartoon shading. Do not copy the reference subject or composition.

Framing: One compact composition, with the complete subject using about 80-90% of the square. Keep everything inside the frame.

Output: 512x512 PNG, RGBA, genuine transparent background. No text, numerals, labels, logos or watermark.",作成済み,,references/invidious.png
flue.png,漁網,漁網,"Subject: A fishing net being lifted from shallow water.

Composition: Show an adult fisher standing firmly on a low jetty and lifting a wet mesh net by its rope. Several small fish remain inside the sagging lower pocket while water drains through the diamond-shaped openings. Keep the rope continuous and the net visibly flexible rather than a solid bag.

Style: Use the attached invidious.png for drawing style only. Match its thick rounded dark-brown contours, simplified rounded shapes, and restrained 2D cartoon shading. Do not copy the reference subject or composition.

Framing: One compact composition, with the complete subject using about 80-90% of the square. Keep everything inside the frame.

Output: 512x512 PNG, RGBA, genuine transparent background. No text, numerals, labels, logos or watermark.",作成済み,,references/invidious.png
forked.png,またに分かれた,またに分かれた,"Subject: A branch dividing into two clear prongs.

Composition: Show a freshly fallen tree branch resting diagonally on grass. Its single thick lower stem splits naturally into two thinner diverging limbs, creating a clear open shape at the top. Add a few small leaves near the tips, leaving the central division completely visible.

Style: Use the attached invidious.png for drawing style only. Match its thick rounded dark-brown contours, simplified rounded shapes, and restrained 2D cartoon shading. Do not copy the reference subject or composition.

Framing: One compact composition, with the complete subject using about 80-90% of the square. Keep everything inside the frame.

Output: 512x512 PNG, RGBA, genuine transparent background. No text, numerals, labels, logos or watermark.",作成済み,,references/invidious.png
frigate.png,小型快速船,小型快速船,"Subject: A light early Mediterranean vessel propelled by oars.

Composition: Show a slender open wooden boat moving quickly across a small patch of sea, with paired oars extending from its low sides. Adult rowers face backward in matched positions while a helmsman guides the stern. Keep the lightly built hull narrow, without heavy cannon, towering decks, or a modern engine.

Style: Use the attached invidious.png for drawing style only. Match its thick rounded dark-brown contours, simplified rounded shapes, and restrained 2D cartoon shading. Do not copy the reference subject or composition.

Framing: One compact composition, with the complete subject using about 80-90% of the square. Keep everything inside the frame.

Output: 512x512 PNG, RGBA, genuine transparent background. No text, numerals, labels, logos or watermark.",作成済み,,references/invidious.png
hind@ko.png,後ろの,後ろの,"Subject: The rear legs of a dog emphasized during a natural standing pose.

Composition: Show a dog standing in clear side profile with all four feet planted on the ground. Give the pair of legs nearest the tail a warm accent color while the front pair remains muted. Keep the tail, hip, knees, hocks, and paws anatomically connected and visible.

Style: Use the attached invidious.png for drawing style only. Match its thick rounded dark-brown contours, simplified rounded shapes, and restrained 2D cartoon shading. Do not copy the reference subject or composition.

Framing: One compact composition, with the complete subject using about 80-90% of the square. Keep everything inside the frame.

Output: 512x512 PNG, RGBA, genuine transparent background. No text, numerals, labels, logos or watermark.",作成済み,,references/invidious.png
impassioned.png,情熱のこもった、熱烈な,情熱のこもった,"Subject: An adult musician performing with intense feeling.

Composition: Show an adult violinist leaning into a sustained musical phrase, eyes closed and eyebrows lifted with emotion. The bow remains in contact with the strings while the left hand curves naturally around the neck. A few seated listeners watch closely, keeping the expressive performance central.

Style: Use the attached invidious.png for drawing style only. Match its thick rounded dark-brown contours, simplified rounded shapes, and restrained 2D cartoon shading. Do not copy the reference subject or composition.

Framing: One compact composition, with the complete subject using about 80-90% of the square. Keep everything inside the frame.

Output: 512x512 PNG, RGBA, genuine transparent background. No text, numerals, labels, logos or watermark.",作成済み,,references/invidious.png
jihad.png,ジハード、聖戦,ジハード,"Subject: A fictional Muslim’s personal spiritual struggle.

Composition: Show a fictional Muslim adult pausing after prayer with a hand over the heart, deliberately calming an angry clenched hand before offering reconciliation to a friend. Keep the prayer setting respectful and peaceful, without weapons, political emblems, or a written declaration.

Style: Use the attached invidious.png for drawing style only. Match its thick rounded dark-brown contours, simplified rounded shapes, and restrained 2D cartoon shading. Do not copy the reference subject or composition.

Framing: One compact composition, with the complete subject using about 80-90% of the square. Keep everything inside the frame.

Output: 512x512 PNG, RGBA, genuine transparent background. No text, explanatory labels, speech balloons or bubbles, numerals, logos or watermark.",作成済み,,references/invidious.png
keynote.png,基本、基調,基本,"Subject: A consistent calm mood shaping a small interior.

Composition: Show a quiet sitting room arranged around a low chair, a soft lamp, and a simple vase. Muted blue fabrics repeat across the cushion, curtain, and rug while every object has a restrained rounded shape. An adult sits peacefully reading, reinforcing the room’s single unifying mood.

Style: Use the attached invidious.png for drawing style only. Match its thick rounded dark-brown contours, simplified rounded shapes, and restrained 2D cartoon shading. Do not copy the reference subject or composition.

Framing: One compact composition, with the complete subject using about 80-90% of the square. Keep everything inside the frame.

Output: 512x512 PNG, RGBA, genuine transparent background. No text, numerals, labels, logos or watermark.",作成済み,,references/invidious.png
loveliness.png,愛らしさ、素晴らしさ,愛らしさ,"Subject: A small sleeping puppy curled beside its favorite toy.

Composition: Show a tiny puppy curled into a soft round shape on a cushion, with one floppy ear folded over and its nose tucked near its paws. A worn plush rabbit rests against its back. Keep the expression peaceful and the proportions natural rather than excessively baby-like.

Style: Use the attached invidious.png for drawing style only. Match its thick rounded dark-brown contours, simplified rounded shapes, and restrained 2D cartoon shading. Do not copy the reference subject or composition.

Framing: One compact composition, with the complete subject using about 80-90% of the square. Keep everything inside the frame.

Output: 512x512 PNG, RGBA, genuine transparent background. No text, numerals, labels, logos or watermark.",作成済み,,references/invidious.png
malady.png,病気,病気,"Subject: An adult consulting a clinician about feeling ill.

Composition: Show an adult patient seated in a clinic chair, coughing gently into a tissue while a clinician listens attentively with a stethoscope ready in one hand. A cup of water rests nearby. Keep the patient’s tired posture and the ordinary medical setting clear without dramatic symptoms.

Style: Use the attached invidious.png for drawing style only. Match its thick rounded dark-brown contours, simplified rounded shapes, and restrained 2D cartoon shading. Do not copy the reference subject or composition.

Framing: One compact composition, with the complete subject using about 80-90% of the square. Keep everything inside the frame.

Output: 512x512 PNG, RGBA, genuine transparent background. No text, numerals, labels, logos or watermark.",作成済み,,references/invidious.png
morsel.png,ひと口分,ひと口分,"Subject: A single bite-sized piece of bread on a small plate.

Composition: Show a small torn piece of bread centered on a saucer, with an adult hand lifting it delicately between thumb and forefinger. A larger loaf sits farther back on the same table. Make the lifted piece clearly small enough to fit comfortably in one mouthful.

Style: Use the attached invidious.png for drawing style only. Match its thick rounded dark-brown contours, simplified rounded shapes, and restrained 2D cartoon shading. Do not copy the reference subject or composition.

Framing: One compact composition, with the complete subject using about 80-90% of the square. Keep everything inside the frame.

Output: 512x512 PNG, RGBA, genuine transparent background. No text, numerals, labels, logos or watermark.",作成済み,,references/invidious.png
myelin.png,ミエリン,ミエリン,"Subject: A cutaway model of the insulating layers around a nerve fiber.

Composition: Show one long axon passing continuously through several thick wrapped sheath segments. Cut away the nearest segment to reveal many concentric membrane layers around the central fiber, leaving narrow exposed gaps between adjacent segments. Keep the layers orderly, with no tangled wires or solid painted coating.

Style: Use the attached invidious.png for drawing style only. Match its thick rounded dark-brown contours, simplified rounded shapes, and restrained 2D cartoon shading. Do not copy the reference subject or composition.

Framing: One compact composition, with the complete subject using about 80-90% of the square. Keep everything inside the frame.

Output: 512x512 PNG, RGBA, genuine transparent background. No text, numerals, labels, logos or watermark.",作成済み,,references/invidious.png
non-fiction.png,ノンフィクション,ノンフィクション,"Subject: Checking a factual account against real records.

Composition: Show a writer comparing a manuscript with archival photographs and a recorded interview on a small player. The writer checks details with a pencil while matching one photograph to the relevant passage; all prose remains nonlegible page texture.

Style: Use the attached invidious.png for drawing style only. Match its thick rounded dark-brown contours, simplified rounded shapes, and restrained 2D cartoon shading. Do not copy the reference subject or composition.

Framing: One compact composition, with the complete subject using about 80-90% of the square. Keep everything inside the frame.

Output: 512x512 PNG, RGBA, genuine transparent background. No text, explanatory labels, speech balloons or bubbles, numerals, logos or watermark.",作成済み,,references/invidious.png
obituary.png,死亡広告,死亡広告,"Subject: A newspaper notice announcing a death.

Composition: Show a reader holding a newspaper with a small black-bordered notice containing an adult’s grayscale portrait and several short nonlegible lines. A single flower rests beside the quiet reader’s hands; omit any readable condolence message or name.

Style: Use the attached invidious.png for drawing style only. Match its thick rounded dark-brown contours, simplified rounded shapes, and restrained 2D cartoon shading. Do not copy the reference subject or composition.

Framing: One compact composition, with the complete subject using about 80-90% of the square. Keep everything inside the frame.

Output: 512x512 PNG, RGBA, genuine transparent background. No text, explanatory labels, speech balloons or bubbles, numerals, logos or watermark.",作成済み,,references/invidious.png
pail.png,バケツ,バケツ,"Subject: A plain metal bucket with a curved carrying handle.

Composition: Show a cylindrical galvanized metal bucket standing on a small patch of ground, its curved wire handle raised upright. The slightly flared rim and flat circular base remain visible, with a little water reflecting inside. Add one small water drop on the outer side for texture.

Style: Use the attached invidious.png for drawing style only. Match its thick rounded dark-brown contours, simplified rounded shapes, and restrained 2D cartoon shading. Do not copy the reference subject or composition.

Framing: One compact composition, with the complete subject using about 80-90% of the square. Keep everything inside the frame.

Output: 512x512 PNG, RGBA, genuine transparent background. No text, numerals, labels, logos or watermark.",作成済み,,references/invidious.png
paraffin.png,パラフィン,パラフィン,"Subject: A block of candle-making wax beside a molded candle.

Composition: Show a pale translucent slab of wax resting on a craft bench beside a simple white candle with a centered wick. A few curled shavings lie where a blunt scraper has trimmed the slab. Keep the material smooth and slightly waxy, without oily liquid or chemical labels.

Style: Use the attached invidious.png for drawing style only. Match its thick rounded dark-brown contours, simplified rounded shapes, and restrained 2D cartoon shading. Do not copy the reference subject or composition.

Framing: One compact composition, with the complete subject using about 80-90% of the square. Keep everything inside the frame.

Output: 512x512 PNG, RGBA, genuine transparent background. No text, numerals, labels, logos or watermark.",作成済み,,references/invidious.png
pathologist.png,病理学者,病理学者,"Subject: A physician examining a tissue specimen under a microscope.

Composition: Show an adult physician in a laboratory coat seated at a microscope, carefully focusing on a glass tissue slide. A covered specimen container and neatly arranged slide tray rest beside the instrument. Keep the physician’s hands on the focus knob and slide stage, with no patient or surgical scene.

Style: Use the attached invidious.png for drawing style only. Match its thick rounded dark-brown contours, simplified rounded shapes, and restrained 2D cartoon shading. Do not copy the reference subject or composition.

Framing: One compact composition, with the complete subject using about 80-90% of the square. Keep everything inside the frame.

Output: 512x512 PNG, RGBA, genuine transparent background. No text, numerals, labels, logos or watermark.",作成済み,,references/invidious.png
quartet.png,4重奏団,4重奏団,"Subject: A chamber ensemble of exactly four adult string players.

Composition: Show exactly four adult musicians seated in a semicircle: two violinists, one violist, and one cellist. Each holds the correct instrument and uses a separate bow, with the cello supported between its player’s knees. Their attention converges on a shared musical moment, without additional performers.

Style: Use the attached invidious.png for drawing style only. Match its thick rounded dark-brown contours, simplified rounded shapes, and restrained 2D cartoon shading. Do not copy the reference subject or composition.

Framing: One compact composition, with the complete subject using about 80-90% of the square. Keep everything inside the frame.

Output: 512x512 PNG, RGBA, genuine transparent background. No text, numerals, labels, logos or watermark.",作成済み,,references/invidious.png
receptacle.png,容器,容器,"Subject: An open storage vessel holding sewing supplies.

Composition: Show a wide ceramic container on a tabletop, its removable lid resting beside it. Several thread spools, a pincushion, and folded measuring tape sit inside the visible cavity. Keep the rim unobstructed and the objects clearly contained within the vessel rather than balanced on top.

Style: Use the attached invidious.png for drawing style only. Match its thick rounded dark-brown contours, simplified rounded shapes, and restrained 2D cartoon shading. Do not copy the reference subject or composition.

Framing: One compact composition, with the complete subject using about 80-90% of the square. Keep everything inside the frame.

Output: 512x512 PNG, RGBA, genuine transparent background. No text, numerals, labels, logos or watermark.",作成済み,,references/invidious.png
redeeming.png,補う,補う,"Subject: A worn coat whose warm lining compensates for its shabby exterior.

Composition: Show an adult turning back the frayed edge of an old coat to reveal its thick comfortable lining. The person smiles with relief while wrapping the coat around their shoulders on a cold day. Keep the small outer patches visible alongside the clearly warm, well-preserved interior.

Style: Use the attached invidious.png for drawing style only. Match its thick rounded dark-brown contours, simplified rounded shapes, and restrained 2D cartoon shading. Do not copy the reference subject or composition.

Framing: One compact composition, with the complete subject using about 80-90% of the square. Keep everything inside the frame.

Output: 512x512 PNG, RGBA, genuine transparent background. No text, numerals, labels, logos or watermark.",作成済み,,references/invidious.png
refutation.png,反論,反論,"Subject: Contrary evidence disproving an assertion.

Composition: Show an adult lifting a basket lid to reveal apples while another person, who had confidently indicated an empty basket, reacts with surprise. The first person points directly to the visible apples; use the revealed evidence and corrected expectation without a written claim.

Style: Use the attached invidious.png for drawing style only. Match its thick rounded dark-brown contours, simplified rounded shapes, and restrained 2D cartoon shading. Do not copy the reference subject or composition.

Framing: One compact composition, with the complete subject using about 80-90% of the square. Keep everything inside the frame.

Output: 512x512 PNG, RGBA, genuine transparent background. No text, explanatory labels, speech balloons or bubbles, numerals, logos or watermark.",作成済み,,references/invidious.png
schism.png,分裂,分裂,"Subject: One organization splitting into two opposing groups.

Composition: Show a long meeting table with a visibly torn shared banner lying across its middle. The adult members have divided into two tight groups at opposite ends, each turning away from the other with folded arms. Keep the central empty chairs and severed fabric as the clear focus.

Style: Use the attached invidious.png for drawing style only. Match its thick rounded dark-brown contours, simplified rounded shapes, and restrained 2D cartoon shading. Do not copy the reference subject or composition.

Framing: One compact composition, with the complete subject using about 80-90% of the square. Keep everything inside the frame.

Output: 512x512 PNG, RGBA, genuine transparent background. No text, numerals, labels, logos or watermark.",作成済み,,references/invidious.png
shin.png,向こうずね,向こうずね,"Subject: The front surface of an adult’s lower leg.

Composition: Show a seated adult extending one bare lower leg forward, with a hand gently touching the firm ridge along the front between knee and ankle. Keep the knee, calf, ankle, and foot anatomically connected. Use a modest rolled trouser cuff and no injury or bruising.

Style: Use the attached invidious.png for drawing style only. Match its thick rounded dark-brown contours, simplified rounded shapes, and restrained 2D cartoon shading. Do not copy the reference subject or composition.

Framing: One compact composition, with the complete subject using about 80-90% of the square. Keep everything inside the frame.

Output: 512x512 PNG, RGBA, genuine transparent background. No text, numerals, labels, logos or watermark.",作成済み,,references/invidious.png
sociability.png,社交性、交際好き,社交性,"Subject: An adult warmly bringing several acquaintances into a conversation.

Composition: Show an adult at a small neighborhood gathering welcoming a new arrival into a circle of three other adults. The host turns outward with an open hand while the group makes room and smiles. Cups and a low table keep the comfortable social setting grounded.

Style: Use the attached invidious.png for drawing style only. Match its thick rounded dark-brown contours, simplified rounded shapes, and restrained 2D cartoon shading. Do not copy the reference subject or composition.

Framing: One compact composition, with the complete subject using about 80-90% of the square. Keep everything inside the frame.

Output: 512x512 PNG, RGBA, genuine transparent background. No text, numerals, labels, logos or watermark.",作成済み,,references/invidious.png
strangle.png,絞め殺す,絞め殺す,"Subject: A non-graphic fictional scene of a fatal strangling.

Composition: Show a somber fictional crime scene at the instant an adult attacker releases a scarf from around an adult victim’s neck. The fully clothed victim lies motionless with closed eyes and limp arms. Keep the framing distant enough to avoid anatomical detail, with no blood, wounds, or instructional emphasis.

Style: Use the attached invidious.png for drawing style only. Match its thick rounded dark-brown contours, simplified rounded shapes, and restrained 2D cartoon shading. Do not copy the reference subject or composition.

Framing: One compact composition, with the complete subject using about 80-90% of the square. Keep everything inside the frame.

Output: 512x512 PNG, RGBA, genuine transparent background. No text, numerals, labels, logos or watermark.",作成済み,,references/invidious.png
supremacist.png,至上主義者,至上主義者,"Subject: A fictional advocate of one group’s domination.

Composition: Show a fictional adult placing their own group’s plain colored tokens above the other groups’ tokens on a meeting board and pushing the others downward. Nearby listeners recoil uncomfortably; keep all groups abstract, with no real identity symbols, slogans, or approving crowd.

Style: Use the attached invidious.png for drawing style only. Match its thick rounded dark-brown contours, simplified rounded shapes, and restrained 2D cartoon shading. Do not copy the reference subject or composition.

Framing: One compact composition, with the complete subject using about 80-90% of the square. Keep everything inside the frame.

Output: 512x512 PNG, RGBA, genuine transparent background. No text, explanatory labels, speech balloons or bubbles, numerals, logos or watermark.",作成済み,,references/invidious.png
taunt.png,あざける,あざける,"Subject: An adult mocking another adult’s failed attempt at juggling.

Composition: Show an adult pointing and smirking at a second adult who has dropped several juggling balls. The embarrassed learner stands with one ball still in hand while the mocker exaggerates a clumsy pose. Keep the interaction clearly unkind, with no disability, identity, or appearance used as the joke.

Style: Use the attached invidious.png for drawing style only. Match its thick rounded dark-brown contours, simplified rounded shapes, and restrained 2D cartoon shading. Do not copy the reference subject or composition.

Framing: One compact composition, with the complete subject using about 80-90% of the square. Keep everything inside the frame.

Output: 512x512 PNG, RGBA, genuine transparent background. No text, numerals, labels, logos or watermark.",作成済み,,references/invidious.png
titration.png,滴定,滴定,"Subject: A chemist carefully adding reagent from a burette into a flask.

Composition: Show a goggled adult chemist controlling the stopcock of a vertically clamped burette above a conical flask on a white ceramic tile. One drop hangs at the tip while the solution below has just turned faint pink. Keep the glassware upright, the scale as unnumbered ticks, and both hands clear.

Style: Use the attached invidious.png for drawing style only. Match its thick rounded dark-brown contours, simplified rounded shapes, and restrained 2D cartoon shading. Do not copy the reference subject or composition.

Framing: One compact composition, with the complete subject using about 80-90% of the square. Keep everything inside the frame.

Output: 512x512 PNG, RGBA, genuine transparent background. No text, numerals, labels, logos or watermark.",作成済み,,references/invidious.png
ultimatum.png,最後通牒,最後通牒,"Subject: A final demand with a visible consequence.

Composition: Show a manager pointing firmly to a blocked storage aisle and then to a large stop lever beside the conveyor. A worker with a cart listens seriously as the manager keeps a hand poised over the lever, making the final condition and possible work stoppage visible.

Style: Use the attached invidious.png for drawing style only. Match its thick rounded dark-brown contours, simplified rounded shapes, and restrained 2D cartoon shading. Do not copy the reference subject or composition.

Framing: One compact composition, with the complete subject using about 80-90% of the square. Keep everything inside the frame.

Output: 512x512 PNG, RGBA, genuine transparent background. No text, explanatory labels, speech balloons or bubbles, numerals, logos or watermark.",作成済み,,references/invidious.png
upscale.png,上流階級の、高所得の,上流階級の,"Subject: An affluent customer browsing a refined luxury clothing boutique.

Composition: Show an elegantly dressed adult examining a finely tailored coat while a shop assistant presents matching leather gloves on a small tray. The boutique contains only a few carefully spaced garments, a plush chair, and polished fixtures. Keep the styling restrained and unbranded, emphasizing expensive craftsmanship.

Style: Use the attached invidious.png for drawing style only. Match its thick rounded dark-brown contours, simplified rounded shapes, and restrained 2D cartoon shading. Do not copy the reference subject or composition.

Framing: One compact composition, with the complete subject using about 80-90% of the square. Keep everything inside the frame.

Output: 512x512 PNG, RGBA, genuine transparent background. No text, numerals, labels, logos or watermark.",作成済み,,references/invidious.png
valor.png,勇気,勇気,"Subject: A firefighter entering danger to rescue a trapped adult.

Composition: Show a fully equipped firefighter bracing a doorway and reaching toward an adult stranded inside a smoky room. The firefighter’s helmet, breathing mask, gloves, and hose are clearly visible. Keep the trapped person reachable and the flames confined to the far side of the room.

Style: Use the attached invidious.png for drawing style only. Match its thick rounded dark-brown contours, simplified rounded shapes, and restrained 2D cartoon shading. Do not copy the reference subject or composition.

Framing: One compact composition, with the complete subject using about 80-90% of the square. Keep everything inside the frame.

Output: 512x512 PNG, RGBA, genuine transparent background. No text, numerals, labels, logos or watermark.",作成済み,,references/invidious.png
winery.png,ワイン醸造所,ワイン醸造所,"Subject: A working wine cellar with fermentation vessels and oak barrels.

Composition: Show an adult cellar worker checking a row of large oak barrels beneath arched stone supports. Stainless-steel fermentation tanks stand farther inside the same room, and a basket of freshly harvested grapes rests near the entrance. Keep hoses coiled safely and omit all bottle labels and signage.

Style: Use the attached invidious.png for drawing style only. Match its thick rounded dark-brown contours, simplified rounded shapes, and restrained 2D cartoon shading. Do not copy the reference subject or composition.

Framing: One compact composition, with the complete subject using about 80-90% of the square. Keep everything inside the frame.

Output: 512x512 PNG, RGBA, genuine transparent background. No text, numerals, labels, logos or watermark.",作成済み,,references/invidious.png
Geraldine.png,ジェラルディン,ジェラルディン,"Subject: A fictional adult woman named Geraldine introducing herself at a gathering.

Composition: Show a fictional adult woman with short curly hair and a green cardigan offering a friendly handshake to a new acquaintance. She stands beside a small coat rack at the entrance to a gathering, with relaxed shoulders and direct eye contact. Include no name badge or written introduction.

Style: Use the attached invidious.png for drawing style only. Match its thick rounded dark-brown contours, simplified rounded shapes, and restrained 2D cartoon shading. Do not copy the reference subject or composition.

Framing: One compact composition, with the complete subject using about 80-90% of the square. Keep everything inside the frame.

Output: 512x512 PNG, RGBA, genuine transparent background. No text, numerals, labels, logos or watermark.",作成済み,,references/invidious.png
Pythagorean.png,ピタゴラスの,ピタゴラスの,"Subject: An ancient Greek mathematical demonstration of the right-triangle area relation.

Composition: Show an ancient Greek teacher kneeling beside a sand tray containing a right triangle with a square constructed outward on each side. Use matching small tiles to show that the two smaller square areas together equal the largest. Keep the geometric arrangement exact, with no letters or numerals.

Style: Use the attached invidious.png for drawing style only. Match its thick rounded dark-brown contours, simplified rounded shapes, and restrained 2D cartoon shading. Do not copy the reference subject or composition.

Framing: One compact composition, with the complete subject using about 80-90% of the square. Keep everything inside the frame.

Output: 512x512 PNG, RGBA, genuine transparent background. No text, numerals, labels, logos or watermark.",作成済み,,references/invidious.png
Wesleyan.png,ウェズレー教派の,ウェズレー教派の,"Subject: A Methodist setting connected to John Wesley.

Composition: Show a fictional worshipper holding a closed prayer book beside a modest chapel pew, with a small recognizable portrait of John Wesley on the nearby wall. A visitor looks from the portrait to the worshipper during their quiet conversation; include no denomination label.

Style: Use the attached invidious.png for drawing style only. Match its thick rounded dark-brown contours, simplified rounded shapes, and restrained 2D cartoon shading. Do not copy the reference subject or composition.

Framing: One compact composition, with the complete subject using about 80-90% of the square. Keep everything inside the frame.

Output: 512x512 PNG, RGBA, genuine transparent background. No text, explanatory labels, speech balloons or bubbles, numerals, logos or watermark.",作成済み,,references/invidious.png
affront.png,侮辱,侮辱,"Subject: An adult deliberately rejecting another person’s offered handshake.

Composition: Show one adult politely extending an open hand while another turns away with a sneer and brushes past without acknowledging it. The rejected person’s smile falls and the hand remains suspended. Keep both adults at equal physical scale, making the intentional discourtesy central to the scene.

Style: Use the attached invidious.png for drawing style only. Match its thick rounded dark-brown contours, simplified rounded shapes, and restrained 2D cartoon shading. Do not copy the reference subject or composition.

Framing: One compact composition, with the complete subject using about 80-90% of the square. Keep everything inside the frame.

Output: 512x512 PNG, RGBA, genuine transparent background. No text, numerals, labels, logos or watermark.",作成済み,,references/invidious.png
artifice.png,ずるさ,ずるさ,"Subject: A fictional street performer hiding a game piece to deceive a customer.

Composition: Show a fictional adult operating a shell game at a small table, secretly holding the pea in the left palm below the tabletop while the right hand lifts an empty shell. A customer watches the shells closely. Keep the concealed trick visible to the viewer through the side angle.

Style: Use the attached invidious.png for drawing style only. Match its thick rounded dark-brown contours, simplified rounded shapes, and restrained 2D cartoon shading. Do not copy the reference subject or composition.

Framing: One compact composition, with the complete subject using about 80-90% of the square. Keep everything inside the frame.

Output: 512x512 PNG, RGBA, genuine transparent background. No text, numerals, labels, logos or watermark.",作成済み,,references/invidious.png
artistry.png,芸術的才能,芸術的才能,"Subject: A skilled ceramic artist shaping an elegant vessel by hand.

Composition: Show an adult potter at a wheel shaping a thin graceful vase from wet clay, with both hands steady and fingertips positioned naturally around the rising walls. Several beautifully balanced finished vessels stand on a nearby shelf. Emphasize the confident workmanship through the controlled form and attentive posture.

Style: Use the attached invidious.png for drawing style only. Match its thick rounded dark-brown contours, simplified rounded shapes, and restrained 2D cartoon shading. Do not copy the reference subject or composition.

Framing: One compact composition, with the complete subject using about 80-90% of the square. Keep everything inside the frame.

Output: 512x512 PNG, RGBA, genuine transparent background. No text, numerals, labels, logos or watermark.",作成済み,,references/invidious.png
aspirational.png,熱望する、憧れの強い,熱望する,"Subject: An adult beginner looking toward a desired future achievement.

Composition: Show an adult novice pianist practicing at a modest upright piano while gazing at a poster of a grand concert hall above the instrument. Their face shows focused longing, and a small stack of practice pages sits nearby. Keep the poster wordless and the hands resting naturally on the keys.

Style: Use the attached invidious.png for drawing style only. Match its thick rounded dark-brown contours, simplified rounded shapes, and restrained 2D cartoon shading. Do not copy the reference subject or composition.

Framing: One compact composition, with the complete subject using about 80-90% of the square. Keep everything inside the frame.

Output: 512x512 PNG, RGBA, genuine transparent background. No text, numerals, labels, logos or watermark.",作成済み,,references/invidious.png
barricade.png,バリケード、妨害するもの,バリケード,"Subject: A temporary wooden barrier blocking a narrow street.

Composition: Show a sturdy improvised barrier built from heavy wooden beams and filled sandbags across a small street. Two adults stand safely behind it while an approaching cart has stopped before the obstruction. Keep the construction physically interlocked, with no floating planks or political slogans.

Style: Use the attached invidious.png for drawing style only. Match its thick rounded dark-brown contours, simplified rounded shapes, and restrained 2D cartoon shading. Do not copy the reference subject or composition.

Framing: One compact composition, with the complete subject using about 80-90% of the square. Keep everything inside the frame.

Output: 512x512 PNG, RGBA, genuine transparent background. No text, numerals, labels, logos or watermark.",作成済み,,references/invidious.png
bloated.png,ふくれた,ふくれた,"Subject: An overfilled water balloon swelling against its tied neck.

Composition: Show one large water balloon resting heavily in a shallow bowl, its stretched surface rounded and taut around the water inside. The small tied neck points upward while the lower sides bulge over the bowl’s rim. Keep the translucent material intact, with no impossible air-filled wrinkles.

Style: Use the attached invidious.png for drawing style only. Match its thick rounded dark-brown contours, simplified rounded shapes, and restrained 2D cartoon shading. Do not copy the reference subject or composition.

Framing: One compact composition, with the complete subject using about 80-90% of the square. Keep everything inside the frame.

Output: 512x512 PNG, RGBA, genuine transparent background. No text, numerals, labels, logos or watermark.",作成済み,,references/invidious.png
carcinogenic.png,発癌性の,発癌性の,"Subject: An educational warning about a cancer-causing substance.

Composition: Show a clinician pointing to tobacco smoke safely confined inside a sealed display vessel beside a small lung teaching model with one abnormal tissue nodule. Keep the arrangement clinical and non-promotional, with no brand, smoker, written warning, or causal certainty claimed for an individual.

Style: Use the attached invidious.png for drawing style only. Match its thick rounded dark-brown contours, simplified rounded shapes, and restrained 2D cartoon shading. Do not copy the reference subject or composition.

Framing: One compact composition, with the complete subject using about 80-90% of the square. Keep everything inside the frame.

Output: 512x512 PNG, RGBA, genuine transparent background. No text, explanatory labels, speech balloons or bubbles, numerals, logos or watermark.",作成済み,,references/invidious.png
chrome.png,クロム染料,クロム染料,"Subject: A textile dyer using a chromium-containing dye bath on wool.

Composition: Show a gloved adult textile worker lifting deep blue wool from a small dye bath with long tongs. A closed chemical jar beside the vessel bears only “Cr,” linking the coloring process to chromium. Keep splashes contained, protective goggles visible, and all other containers unmarked.

Style: Use the attached invidious.png for drawing style only. Match its thick rounded dark-brown contours, simplified rounded shapes, and restrained 2D cartoon shading. Do not copy the reference subject or composition.

Framing: One compact composition, with the complete subject using about 80-90% of the square. Keep everything inside the frame.

Output: 512x512 PNG, RGBA, genuine transparent background. Allow only “Cr” on the chemical jar to distinguish the chromium-based dye process from ordinary fabric coloring. No incidental labels, logos or watermark.",作成済み,,references/invidious.png
clitoris.png,陰核,陰核,"Subject: A non-erotic anatomical teaching model of the adult clitoral structure.

Composition: Show a clean freestanding adult anatomical model with a small external glans, a curved body, and paired internal crura. Include the paired vestibular bulbs medial to the crura, flanking a muted vaginal opening. Preserve the three-dimensional relationships on a neutral stand, without a posed person, sexual activity, or embellishment.

Style: Use the attached invidious.png for drawing style only. Match its thick rounded dark-brown contours, simplified rounded shapes, and restrained 2D cartoon shading. Do not copy the reference subject or composition.

Framing: One compact composition, with the complete subject using about 80-90% of the square. Keep everything inside the frame.

Output: 512x512 PNG, RGBA, genuine transparent background. No text, numerals, labels, logos or watermark.",作成済み,,references/invidious.png
cuddle.png,抱き締める、体を擦り寄せる,抱き締める,"Subject: Two adult partners holding one another affectionately.

Composition: Show two adult partners seated closely on a sofa, one wrapping both arms around the other while the second leans comfortably against their shoulder. A shared blanket covers their knees. Keep the embrace relaxed and reciprocal, with separate visible hands and warm, contented expressions.

Style: Use the attached invidious.png for drawing style only. Match its thick rounded dark-brown contours, simplified rounded shapes, and restrained 2D cartoon shading. Do not copy the reference subject or composition.

Framing: One compact composition, with the complete subject using about 80-90% of the square. Keep everything inside the frame.

Output: 512x512 PNG, RGBA, genuine transparent background. No text, numerals, labels, logos or watermark.",作成済み,,references/invidious.png
eater.png,食べる人,食べる人,"Subject: An adult enjoying a bowl of noodles at a table.

Composition: Show an adult seated at a small table, lifting a modest bite of noodles with chopsticks toward an open mouth. The other hand steadies the bowl. Keep the food continuous between the chopsticks and bowl, with no oversized mouth or exaggerated mess.

Style: Use the attached invidious.png for drawing style only. Match its thick rounded dark-brown contours, simplified rounded shapes, and restrained 2D cartoon shading. Do not copy the reference subject or composition.

Framing: One compact composition, with the complete subject using about 80-90% of the square. Keep everything inside the frame.

Output: 512x512 PNG, RGBA, genuine transparent background. No text, numerals, labels, logos or watermark.",作成済み,,references/invidious.png
egregious.png,言語道断な,言語道断な,"Subject: A fictional official brazenly taking money intended for relief supplies.

Composition: Show a fictional adult official slipping coins from a charity collection bowl into a personal pocket while volunteers wait beside nearly empty food crates. Another adult notices with an appalled expression. Keep the misconduct unmistakable and condemnatory, without real organizations, names, or political symbols.

Style: Use the attached invidious.png for drawing style only. Match its thick rounded dark-brown contours, simplified rounded shapes, and restrained 2D cartoon shading. Do not copy the reference subject or composition.

Framing: One compact composition, with the complete subject using about 80-90% of the square. Keep everything inside the frame.

Output: 512x512 PNG, RGBA, genuine transparent background. No text, numerals, labels, logos or watermark.",作成済み,,references/invidious.png
elitist.png,エリート主義の,エリート主義の,"Subject: Excluding someone on the basis of social status.

Composition: Show a fictional host at an elegant reception welcoming a richly dressed acquaintance while blocking a plainly dressed visitor with an open hand. The excluded person remains dignified, and the host’s conspicuously selective treatment exposes the status-based attitude without dialogue.

Style: Use the attached invidious.png for drawing style only. Match its thick rounded dark-brown contours, simplified rounded shapes, and restrained 2D cartoon shading. Do not copy the reference subject or composition.

Framing: One compact composition, with the complete subject using about 80-90% of the square. Keep everything inside the frame.

Output: 512x512 PNG, RGBA, genuine transparent background. No text, explanatory labels, speech balloons or bubbles, numerals, logos or watermark.",作成済み,,references/invidious.png
emancipatory.png,解放の；解放者の,解放の,"Subject: An adult opening a locked gate to release confined people.

Composition: Show an adult turning a large key in the gate of a simple enclosure as several adults step freely through the opening. The gate swings wide, and a discarded padlock hangs from the keyholder’s hand. Keep the released people upright and relieved, without chains attached to bodies.

Style: Use the attached invidious.png for drawing style only. Match its thick rounded dark-brown contours, simplified rounded shapes, and restrained 2D cartoon shading. Do not copy the reference subject or composition.

Framing: One compact composition, with the complete subject using about 80-90% of the square. Keep everything inside the frame.

Output: 512x512 PNG, RGBA, genuine transparent background. No text, numerals, labels, logos or watermark.",作成済み,,references/invidious.png
enormity.png,極悪,極悪,"Subject: A fictional villain deliberately burning food while hungry adults watch.

Composition: Show a fictional adult villain pushing a crate of edible bread toward a small furnace while several hungry adults reach out in alarm. The villain’s satisfied expression makes the deliberate cruelty clear. Keep the fire contained, all people safely outside it, and the depiction non-graphic.

Style: Use the attached invidious.png for drawing style only. Match its thick rounded dark-brown contours, simplified rounded shapes, and restrained 2D cartoon shading. Do not copy the reference subject or composition.

Framing: One compact composition, with the complete subject using about 80-90% of the square. Keep everything inside the frame.

Output: 512x512 PNG, RGBA, genuine transparent background. No text, numerals, labels, logos or watermark.",作成済み,,references/invidious.png
forgo.png,なしで済ませる,なしで済ませる,"Subject: An adult choosing to drink coffee without added sugar.

Composition: Show an adult gently waving away an offered sugar bowl while lifting a plain cup of coffee with the other hand. The server pauses with the bowl still on a tray. Keep the refusal calm and voluntary, with the unaltered dark drink visible inside the cup.

Style: Use the attached invidious.png for drawing style only. Match its thick rounded dark-brown contours, simplified rounded shapes, and restrained 2D cartoon shading. Do not copy the reference subject or composition.

Framing: One compact composition, with the complete subject using about 80-90% of the square. Keep everything inside the frame.

Output: 512x512 PNG, RGBA, genuine transparent background. No text, numerals, labels, logos or watermark.",作成済み,,references/invidious.png
harem.png,ハーレム、婦人部屋,ハーレム,"Subject: Women sharing a secluded domestic sitting room in an Ottoman household.

Composition: Show several fully clothed adult women reading, embroidering, and conversing inside a quiet Ottoman domestic chamber. Cushioned seating lines the walls beneath patterned lattice windows, and a closed inner doorway suggests private family space. Keep the atmosphere ordinary and respectful, with no erotic posing or male spectator.

Style: Use the attached invidious.png for drawing style only. Match its thick rounded dark-brown contours, simplified rounded shapes, and restrained 2D cartoon shading. Do not copy the reference subject or composition.

Framing: One compact composition, with the complete subject using about 80-90% of the square. Keep everything inside the frame.

Output: 512x512 PNG, RGBA, genuine transparent background. No text, numerals, labels, logos or watermark.",作成済み,,references/invidious.png
hypocritical.png,偽善的な,偽善的な,"Subject: A fictional adult condemning litter while secretly dropping trash.

Composition: Show an adult sternly gesturing at a tiny scrap on the ground while another hand behind their back releases a crumpled wrapper. A nearby adult notices both actions with disbelief. Keep the hidden wrapper visible from the viewer’s angle, making the contradiction within the same moment clear.

Style: Use the attached invidious.png for drawing style only. Match its thick rounded dark-brown contours, simplified rounded shapes, and restrained 2D cartoon shading. Do not copy the reference subject or composition.

Framing: One compact composition, with the complete subject using about 80-90% of the square. Keep everything inside the frame.

Output: 512x512 PNG, RGBA, genuine transparent background. No text, numerals, labels, logos or watermark.",作成済み,,references/invidious.png
irrevocable.png,取消しできない,取消しできない,"Subject: A document being irreversibly destroyed in a shredder.

Composition: Show an adult staring with sudden concern as the final edge of a unique photograph disappears into a crosscut shredder. A clear bin beneath holds the tiny separated fragments. Keep the feed slot guarded, the hands safely away, and the lost image no longer recoverable as an intact object.

Style: Use the attached invidious.png for drawing style only. Match its thick rounded dark-brown contours, simplified rounded shapes, and restrained 2D cartoon shading. Do not copy the reference subject or composition.

Framing: One compact composition, with the complete subject using about 80-90% of the square. Keep everything inside the frame.

Output: 512x512 PNG, RGBA, genuine transparent background. No text, numerals, labels, logos or watermark.",作成済み,,references/invidious.png
islet.png,小島,小島,"Subject: A tiny rocky island surrounded by open water.

Composition: Show a small low island rising from a compact patch of calm sea, with one wind-shaped tree and a little grassy crown. Water surrounds the land completely, and a seabird perches on an exposed rock near the shore. Keep the scale intimate, with no bridge or mainland connection.

Style: Use the attached invidious.png for drawing style only. Match its thick rounded dark-brown contours, simplified rounded shapes, and restrained 2D cartoon shading. Do not copy the reference subject or composition.

Framing: One compact composition, with the complete subject using about 80-90% of the square. Keep everything inside the frame.

Output: 512x512 PNG, RGBA, genuine transparent background. No text, numerals, labels, logos or watermark.",作成済み,,references/invidious.png
kindling.png,点火,点火,"Subject: An adult lighting dry tinder in a safe fire ring.

Composition: Show an adult camper crouching outside a stone fire ring and touching a lit match to a small nest of dry twigs. One tiny flame catches at the center while larger wood waits nearby. Keep the action at the ignition stage, with bare earth surrounding the contained fire.

Style: Use the attached invidious.png for drawing style only. Match its thick rounded dark-brown contours, simplified rounded shapes, and restrained 2D cartoon shading. Do not copy the reference subject or composition.

Framing: One compact composition, with the complete subject using about 80-90% of the square. Keep everything inside the frame.

Output: 512x512 PNG, RGBA, genuine transparent background. No text, numerals, labels, logos or watermark.",作成済み,,references/invidious.png
lurch.png,急に傾くこと,急に傾くこと,"Subject: A bus passenger thrown sideways by a sudden vehicle tilt.

Composition: Show an adult passenger inside a bus gripping an overhead handrail as the vehicle abruptly leans around a turn. The passenger’s torso tilts sideways and a shopping bag swings outward, while both feet remain close to the floor. Keep the seats and windows aligned with the bus interior.

Style: Use the attached invidious.png for drawing style only. Match its thick rounded dark-brown contours, simplified rounded shapes, and restrained 2D cartoon shading. Do not copy the reference subject or composition.

Framing: One compact composition, with the complete subject using about 80-90% of the square. Keep everything inside the frame.

Output: 512x512 PNG, RGBA, genuine transparent background. No text, numerals, labels, logos or watermark.",作成済み,,references/invidious.png
metrical.png,韻律の,韻律の,"Subject: A regular pattern of poetic stresses.

Composition: Show an adult poetry reader tapping a steady beat while studying a page of nonlegible verse. Above one line, a simple repeating pattern of unstressed and stressed scansion marks is visible, and a listener follows the same rhythm.

Style: Use the attached invidious.png for drawing style only. Match its thick rounded dark-brown contours, simplified rounded shapes, and restrained 2D cartoon shading. Do not copy the reference subject or composition.

Framing: One compact composition, with the complete subject using about 80-90% of the square. Keep everything inside the frame.

Output: 512x512 PNG, RGBA, genuine transparent background. Allow only essential scansion marks ˘ and / above the verse line; no legible poem, dialogue, or explanatory captions. No incidental captions, speech balloons, logos or watermark.",作成済み,,references/invidious.png
mutilation.png,切断,切断,"Subject: A damaged classical statue with an arm broken completely away.

Composition: Show a marble statue of an adult figure on a low museum plinth, one arm ending at a visibly fractured shoulder. The detached arm lies beside the base with matching broken surfaces. Keep the stone texture clear, making the complete severing apparent without depicting a living person’s injury.

Style: Use the attached invidious.png for drawing style only. Match its thick rounded dark-brown contours, simplified rounded shapes, and restrained 2D cartoon shading. Do not copy the reference subject or composition.

Framing: One compact composition, with the complete subject using about 80-90% of the square. Keep everything inside the frame.

Output: 512x512 PNG, RGBA, genuine transparent background. No text, numerals, labels, logos or watermark.",作成済み,,references/invidious.png
oar.png,オール、かい,オール,"Subject: A single wooden rowing implement resting across a boat.

Composition: Show one long wooden pole with a broad flattened blade at one end and a rounded handgrip at the other, laid diagonally across a small rowboat. The shaft rests in an open rowlock, with the blade extending over the water and the grip inside the boat.

Style: Use the attached invidious.png for drawing style only. Match its thick rounded dark-brown contours, simplified rounded shapes, and restrained 2D cartoon shading. Do not copy the reference subject or composition.

Framing: One compact composition, with the complete subject using about 80-90% of the square. Keep everything inside the frame.

Output: 512x512 PNG, RGBA, genuine transparent background. No text, numerals, labels, logos or watermark.",作成済み,,references/invidious.png
overhaul.png,徹底的に点検する、整備する,徹底的に点検する,"Subject: A mechanic carefully inspecting a partially dismantled engine.

Composition: Show an adult mechanic examining an engine on a sturdy bench, with its casing removed and components arranged neatly in order beside it. The mechanic checks a gear with a small measuring tool while a clean replacement gasket waits nearby. Keep the inspection thorough and the parts mechanically coherent.

Style: Use the attached invidious.png for drawing style only. Match its thick rounded dark-brown contours, simplified rounded shapes, and restrained 2D cartoon shading. Do not copy the reference subject or composition.

Framing: One compact composition, with the complete subject using about 80-90% of the square. Keep everything inside the frame.

Output: 512x512 PNG, RGBA, genuine transparent background. No text, numerals, labels, logos or watermark.",作成済み,,references/invidious.png
para-.png,落下傘兵,落下傘兵,"Subject: A parachuting soldier descending under an open canopy.

Composition: Show an adult soldier descending beneath a fully inflated round parachute, with suspension lines connecting symmetrically to a secure harness. The soldier holds the risers, knees slightly bent for the approaching landing, and carries a compact equipment pack. Keep the ground clear and omit weapons, insignia, and lettering.

Style: Use the attached invidious.png for drawing style only. Match its thick rounded dark-brown contours, simplified rounded shapes, and restrained 2D cartoon shading. Do not copy the reference subject or composition.

Framing: One compact composition, with the complete subject using about 80-90% of the square. Keep everything inside the frame.

Output: 512x512 PNG, RGBA, genuine transparent background. No text, numerals, labels, logos or watermark.",作成済み,,references/invidious.png
perversion.png,逸脱,逸脱,"Subject: A fictional charity treasurer corrupting an entrusted purpose for personal gain.

Composition: Show a fictional adult treasurer diverting donated coins from a communal food fund into a private purse beneath the desk. Empty food baskets wait for distribution nearby, and a volunteer notices with alarm. Keep the entrusted collection bowl and concealed personal purse clearly distinct, exposing the misuse of the original charitable purpose.

Style: Use the attached invidious.png for drawing style only. Match its thick rounded dark-brown contours, simplified rounded shapes, and restrained 2D cartoon shading. Do not copy the reference subject or composition.

Framing: One compact composition, with the complete subject using about 80-90% of the square. Keep everything inside the frame.

Output: 512x512 PNG, RGBA, genuine transparent background. No text, numerals, labels, logos or watermark.",作成済み,,references/invidious.png
phagocytosis.png,食作用、貪食,食作用,"Subject: An immune cell engulfing a bacterium with its membrane.

Composition: Show one enlarged immune cell extending two rounded membrane projections around a rod-shaped bacterium. The projections nearly meet above the bacterium, forming a closing pocket continuous with the cell surface. Include a nucleus and a few internal vesicles, keeping the captured microbe outside the cytoplasm until enclosure.

Style: Use the attached invidious.png for drawing style only. Match its thick rounded dark-brown contours, simplified rounded shapes, and restrained 2D cartoon shading. Do not copy the reference subject or composition.

Framing: One compact composition, with the complete subject using about 80-90% of the square. Keep everything inside the frame.

Output: 512x512 PNG, RGBA, genuine transparent background. No text, numerals, labels, logos or watermark.",作成済み,,references/invidious.png
pharynx.png,咽頭,咽頭,"Subject: A sagittal anatomical model highlighting the throat passage behind the mouth.

Composition: Show a side-section head and upper neck model with the shared passage behind the nasal cavity and mouth highlighted warmly. Continue it downward to the entrances of the larynx and esophagus, leaving those separate structures muted. Keep the tongue, soft palate, and airway boundaries anatomically distinct.

Style: Use the attached invidious.png for drawing style only. Match its thick rounded dark-brown contours, simplified rounded shapes, and restrained 2D cartoon shading. Do not copy the reference subject or composition.

Framing: One compact composition, with the complete subject using about 80-90% of the square. Keep everything inside the frame.

Output: 512x512 PNG, RGBA, genuine transparent background. No text, numerals, labels, logos or watermark.",作成済み,,references/invidious.png
phishing.png,フィッシング,フィッシング,"Subject: A deceptive attempt to obtain account credentials.

Composition: Show an adult hesitating at a laptop displaying a suspicious message with a fake sign-in panel and password-dot field. A stylized fishing hook reaches toward the password field as a clear security-education metaphor; the person keeps their hands away from the keyboard and no credential or message is readable.

Style: Use the attached invidious.png for drawing style only. Match its thick rounded dark-brown contours, simplified rounded shapes, and restrained 2D cartoon shading. Do not copy the reference subject or composition.

Framing: One compact composition, with the complete subject using about 80-90% of the square. Keep everything inside the frame.

Output: 512x512 PNG, RGBA, genuine transparent background. No text, explanatory labels, speech balloons or bubbles, numerals, logos or watermark.",作成済み,,references/invidious.png
piecemeal.png,少しずつの,少しずつの,"Subject: An adult repairing a fence one small section at a time.

Composition: Show an adult carefully replacing one plank in a long weathered fence. A short finished section with fresh boards stands beside the current repair, while the remaining old boards continue along the same line. Keep a modest stack of replacement planks nearby, emphasizing gradual progress rather than total reconstruction.

Style: Use the attached invidious.png for drawing style only. Match its thick rounded dark-brown contours, simplified rounded shapes, and restrained 2D cartoon shading. Do not copy the reference subject or composition.

Framing: One compact composition, with the complete subject using about 80-90% of the square. Keep everything inside the frame.

Output: 512x512 PNG, RGBA, genuine transparent background. No text, numerals, labels, logos or watermark.",作成済み,,references/invidious.png
polemic.png,論争,論争,"Subject: Two adult speakers arguing opposing positions before an audience.

Composition: Show two adult speakers at facing lecterns, one extending a firm open palm while the other counters with an emphatic gesture. Several seated listeners turn their attention between them. Keep both speakers animated but nonviolent, with plain papers on the lecterns and no political branding.

Style: Use the attached invidious.png for drawing style only. Match its thick rounded dark-brown contours, simplified rounded shapes, and restrained 2D cartoon shading. Do not copy the reference subject or composition.

Framing: One compact composition, with the complete subject using about 80-90% of the square. Keep everything inside the frame.

Output: 512x512 PNG, RGBA, genuine transparent background. No text, numerals, labels, logos or watermark.",作成済み,,references/invidious.png
pout.png,タラ科の魚,タラ科の魚,"Subject: A pouting fish swimming close to a rocky seabed.

Composition: Show a single deep-bodied copper-brown fish in side profile, with a long chin barbel, three separate dorsal fins, and two anal fins. Several pale vertical bands cross its body, and a dark mark sits at the pectoral-fin base. Keep the fish above a small rocky seabed patch.

Style: Use the attached invidious.png for drawing style only. Match its thick rounded dark-brown contours, simplified rounded shapes, and restrained 2D cartoon shading. Do not copy the reference subject or composition.

Framing: One compact composition, with the complete subject using about 80-90% of the square. Keep everything inside the frame.

Output: 512x512 PNG, RGBA, genuine transparent background. No text, numerals, labels, logos or watermark.",作成済み,,references/invidious.png
presenter.png,講演者、贈呈者,講演者,"Subject: An adult giving a talk to an audience.

Composition: Show an adult speaker standing beside a small demonstration table, explaining a simple bridge model to three seated listeners. The speaker gestures toward the model with an open hand while one listener raises a question; include no award presentation.

Style: Use the attached invidious.png for drawing style only. Match its thick rounded dark-brown contours, simplified rounded shapes, and restrained 2D cartoon shading. Do not copy the reference subject or composition.

Framing: One compact composition, with the complete subject using about 80-90% of the square. Keep everything inside the frame.

Output: 512x512 PNG, RGBA, genuine transparent background. No text, numerals, labels, logos or watermark.",作成済み,,references/invidious.png
presuppose.png,前提とする、仮定する,前提とする,"Subject: Acting on an assumption already taken for granted.

Composition: Show an adult confidently setting an extra plate and chair for a guest while holding a phone. Their companion looks surprised at the already completed place setting, emphasizing attendance assumed before it has been confirmed; show no caller dialogue.

Style: Use the attached invidious.png for drawing style only. Match its thick rounded dark-brown contours, simplified rounded shapes, and restrained 2D cartoon shading. Do not copy the reference subject or composition.

Framing: One compact composition, with the complete subject using about 80-90% of the square. Keep everything inside the frame.

Output: 512x512 PNG, RGBA, genuine transparent background. No text, explanatory labels, speech balloons or bubbles, numerals, logos or watermark.",作成済み,,references/invidious.png
quarterback.png,クォーターバック,クォーターバック,"Subject: An American-football passer preparing to throw from the pocket.

Composition: Show an adult football player wearing a helmet and pads, holding an oval football beside the ear with the throwing elbow bent and the other hand guiding it. Two teammates block defenders several steps ahead. Keep the passer behind the line of protection, with a clear throwing lane.

Style: Use the attached invidious.png for drawing style only. Match its thick rounded dark-brown contours, simplified rounded shapes, and restrained 2D cartoon shading. Do not copy the reference subject or composition.

Framing: One compact composition, with the complete subject using about 80-90% of the square. Keep everything inside the frame.

Output: 512x512 PNG, RGBA, genuine transparent background. No text, numerals, labels, logos or watermark.",作成済み,,references/invidious.png
quid@kwo.png,1ポンド,1ポンド,"Subject: A single British one-pound coin resting in an adult’s palm.

Composition: Show an adult’s open palm holding one twelve-sided British coin, with a gold-colored outer ring and silver-colored center. The reverse depicts a rose, leek, thistle, and shamrock rising from a crown, with only “ONE POUND” below. Keep the coin alone and omit all other inscriptions.

Style: Use the attached invidious.png for drawing style only. Match its thick rounded dark-brown contours, simplified rounded shapes, and restrained 2D cartoon shading. Do not copy the reference subject or composition.

Framing: One compact composition, with the complete subject using about 80-90% of the square. Keep everything inside the frame.

Output: 512x512 PNG, RGBA, genuine transparent background. Allow only the coin’s real denomination lettering “ONE POUND”; exact monetary value is essential and the slang headword does not appear. No incidental labels, logos or watermark.",作成済み,,references/invidious.png
salutary.png,健康によい,健康によい,"Subject: An adult taking a restorative walk in fresh air.

Composition: Show an adult walking at an easy purposeful pace along a tree-lined path, shoulders relaxed and face refreshed. Comfortable shoes, a small water bottle, and gentle sunlight establish a healthy everyday activity. Keep the path level and the body language energetic without implying a medical cure.

Style: Use the attached invidious.png for drawing style only. Match its thick rounded dark-brown contours, simplified rounded shapes, and restrained 2D cartoon shading. Do not copy the reference subject or composition.

Framing: One compact composition, with the complete subject using about 80-90% of the square. Keep everything inside the frame.

Output: 512x512 PNG, RGBA, genuine transparent background. No text, numerals, labels, logos or watermark.",作成済み,,references/invidious.png
self-assembly.png,自己組織化,自己組織化,"Subject: Magnetic microspheres joining into an ordered chain on water.

Composition: Show a magnified view of tiny nickel magnetic spheres supported by surface tension at a water surface. Several spheres have joined into a curved chain, while a loose sphere approaches its open end under magnetic attraction. Keep every sphere touching the water and no hand or tool assembling them.

Style: Use the attached invidious.png for drawing style only. Match its thick rounded dark-brown contours, simplified rounded shapes, and restrained 2D cartoon shading. Do not copy the reference subject or composition.

Framing: One compact composition, with the complete subject using about 80-90% of the square. Keep everything inside the frame.

Output: 512x512 PNG, RGBA, genuine transparent background. No text, numerals, labels, logos or watermark.",作成済み,,references/invidious.png
selfie.png,セルフィー、自撮り写真,セルフィー,"Subject: An adult photographing themselves with a handheld phone.

Composition: Show an adult extending one arm to hold a smartphone at face height, with the front-facing screen turned toward them. Their smiling face appears on the screen in the same pose while their free hand rests naturally at their side. Keep the phone, arm, and reflected framing consistent.

Style: Use the attached invidious.png for drawing style only. Match its thick rounded dark-brown contours, simplified rounded shapes, and restrained 2D cartoon shading. Do not copy the reference subject or composition.

Framing: One compact composition, with the complete subject using about 80-90% of the square. Keep everything inside the frame.

Output: 512x512 PNG, RGBA, genuine transparent background. No text, numerals, labels, logos or watermark.",作成済み,,references/invidious.png
solicitation.png,懇請,懇請,"Subject: An adult earnestly asking a neighbor for help.

Composition: Show an adult clasping their hands at chest height while pleading with a neighbor beside a heavy fallen branch. The neighbor pauses with work gloves in hand, listening carefully. Keep the requester’s expression earnest and the blocked garden gate visible, grounding the appeal in a specific need.

Style: Use the attached invidious.png for drawing style only. Match its thick rounded dark-brown contours, simplified rounded shapes, and restrained 2D cartoon shading. Do not copy the reference subject or composition.

Framing: One compact composition, with the complete subject using about 80-90% of the square. Keep everything inside the frame.

Output: 512x512 PNG, RGBA, genuine transparent background. No text, numerals, labels, logos or watermark.",作成済み,,references/invidious.png
unattended.png,付添人のいない,付添人のいない,"Subject: A suitcase left alone on a station bench.

Composition: Show a single upright suitcase beside an empty station bench, with its handle extended and no person nearby. A forgotten scarf lies over the suitcase, suggesting someone departed. Keep the immediate platform area clear and quiet, with no threatening imagery, warning text, or surveillance framing.

Style: Use the attached invidious.png for drawing style only. Match its thick rounded dark-brown contours, simplified rounded shapes, and restrained 2D cartoon shading. Do not copy the reference subject or composition.

Framing: One compact composition, with the complete subject using about 80-90% of the square. Keep everything inside the frame.

Output: 512x512 PNG, RGBA, genuine transparent background. No text, numerals, labels, logos or watermark.",作成済み,,references/invidious.png
uric.png,尿の,尿の,"Subject: A laboratory urine specimen being examined without identifying labels.

Composition: Show a sealed transparent specimen cup containing pale yellow urine on a clean laboratory tray. A gloved adult technician holds a plain testing strip above a second small aliquot container. Keep the specimen clinical and non-graphic, with no patient details, readable measurements, or exaggerated discoloration.

Style: Use the attached invidious.png for drawing style only. Match its thick rounded dark-brown contours, simplified rounded shapes, and restrained 2D cartoon shading. Do not copy the reference subject or composition.

Framing: One compact composition, with the complete subject using about 80-90% of the square. Keep everything inside the frame.

Output: 512x512 PNG, RGBA, genuine transparent background. No text, numerals, labels, logos or watermark.",作成済み,,references/invidious.png
vehement.png,激しい,激しい,"Subject: An adult arguing with forceful emotional intensity.

Composition: Show an adult standing at a meeting table with shoulders forward and one open hand striking the tabletop firmly. Their eyebrows are drawn together and mouth open in an emphatic statement. Other adults lean back and listen, while a glass of water trembles slightly without spilling.

Style: Use the attached invidious.png for drawing style only. Match its thick rounded dark-brown contours, simplified rounded shapes, and restrained 2D cartoon shading. Do not copy the reference subject or composition.

Framing: One compact composition, with the complete subject using about 80-90% of the square. Keep everything inside the frame.

Output: 512x512 PNG, RGBA, genuine transparent background. No text, numerals, labels, logos or watermark.",作成済み,,references/invidious.png
vertebra.png,椎骨,椎骨,"Subject: A single lumbar spinal bone displayed as an anatomical specimen.

Composition: Show one isolated lumbar bone in three-quarter view, with its thick rounded body, central vertebral opening, paired transverse processes, and broad backward-projecting spinous process clearly separated. Rest it on a small museum support. Keep the bone intact, with realistic symmetry and no extra holes or detached fragments.

Style: Use the attached invidious.png for drawing style only. Match its thick rounded dark-brown contours, simplified rounded shapes, and restrained 2D cartoon shading. Do not copy the reference subject or composition.

Framing: One compact composition, with the complete subject using about 80-90% of the square. Keep everything inside the frame.

Output: 512x512 PNG, RGBA, genuine transparent background. No text, numerals, labels, logos or watermark.",作成済み,,references/invidious.png
waive.png,放棄する,放棄する,"Subject: An adult voluntarily giving up their place at the front of a queue.

Composition: Show an adult stepping out of the first position in a short queue and inviting the next person forward with an open palm. Their own ticket is folded and placed in a pocket. Keep the gesture willing and calm, with the newly opened place clearly visible.

Style: Use the attached invidious.png for drawing style only. Match its thick rounded dark-brown contours, simplified rounded shapes, and restrained 2D cartoon shading. Do not copy the reference subject or composition.

Framing: One compact composition, with the complete subject using about 80-90% of the square. Keep everything inside the frame.

Output: 512x512 PNG, RGBA, genuine transparent background. No text, numerals, labels, logos or watermark.",作成済み,,references/invidious.png
GOP.png,笑気メトキシフルレン麻酔,笑気メトキシフルレン麻酔,"Subject: A historical anesthesia system with three identified agents.

Composition: Show an adult patient under a surgical drape while an anesthetist supervises a breathing circuit connected to two gas supplies and a vaporizer. Mark the supplies only N₂O and O₂, and identify the vaporizer by the exact condensed structural formula CH₃OCF₂CHCl₂. Keep the historical clinical scene calm and show no dosing instructions.

Style: Use the attached invidious.png for drawing style only. Match its thick rounded dark-brown contours, simplified rounded shapes, and restrained 2D cartoon shading. Do not copy the reference subject or composition.

Framing: One compact composition, with the complete subject using about 80-90% of the square. Keep everything inside the frame.

Output: 512x512 PNG, RGBA, genuine transparent background. Allow only the essential chemical formulas N₂O, O₂, CH₃OCF₂CHCl₂; no chemical names, dialogue, or explanatory captions. No incidental captions, speech balloons, logos or watermark.",作成済み,,references/invidious.png
Hittite.png,ヒッタイト人,ヒッタイト人,"Subject: A Hittite scribe working near the monumental gate of Hattusha.

Composition: Show an adult ancient Anatolian scribe seated on a low stool, pressing a reed stylus into a clay tablet held on the lap. The stone lion gate of Hattusha stands nearby in the same setting. Use a plain woven tunic and sandals, keeping the tablet marks abstract and unreadable.

Style: Use the attached invidious.png for drawing style only. Match its thick rounded dark-brown contours, simplified rounded shapes, and restrained 2D cartoon shading. Do not copy the reference subject or composition.

Framing: One compact composition, with the complete subject using about 80-90% of the square. Keep everything inside the frame.

Output: 512x512 PNG, RGBA, genuine transparent background. No text, numerals, labels, logos or watermark.",作成済み,,references/invidious.png
Kobe.png,神戸市,神戸市,"Subject: The Kobe waterfront centered on its distinctive red port tower.

Composition: Show the red hyperboloid port tower rising beside Kobe’s harbor, with the white sweeping roof of the maritime museum nearby and low green mountains behind the city. A small passenger boat rests at the quay. Keep the recognizable waterfront compact, omitting logos, banners, and building lettering.

Style: Use the attached invidious.png for drawing style only. Match its thick rounded dark-brown contours, simplified rounded shapes, and restrained 2D cartoon shading. Do not copy the reference subject or composition.

Framing: One compact composition, with the complete subject using about 80-90% of the square. Keep everything inside the frame.

Output: 512x512 PNG, RGBA, genuine transparent background. No text, numerals, labels, logos or watermark.",作成済み,,references/invidious.png
Tunisian.png,チュニジア人、チュニジアの,チュニジア人,"Subject: A fictional person indicating Tunisia as home.

Composition: Show an adult beside a relief map of North Africa, touching their chest and pointing to Tunisia’s narrow Mediterranean-facing outline between Algeria and Libya. Keep clothing ordinary and the map unlabeled, making the geographic association visible without an identity sentence.

Style: Use the attached invidious.png for drawing style only. Match its thick rounded dark-brown contours, simplified rounded shapes, and restrained 2D cartoon shading. Do not copy the reference subject or composition.

Framing: One compact composition, with the complete subject using about 80-90% of the square. Keep everything inside the frame.

Output: 512x512 PNG, RGBA, genuine transparent background. No text, explanatory labels, speech balloons or bubbles, numerals, logos or watermark.",作成済み,,references/invidious.png
aggravating.png,腹の立つ,腹の立つ,"Subject: An adult irritated by a persistently dripping tap.

Composition: Show an adult seated at a nearby table, visibly tense as a faucet releases another drop into a metal sink. Their eyebrows pinch and one hand grips a mug while the other rests against the temple. Keep the drop, faucet, and annoyed reaction clearly connected in one room.

Style: Use the attached invidious.png for drawing style only. Match its thick rounded dark-brown contours, simplified rounded shapes, and restrained 2D cartoon shading. Do not copy the reference subject or composition.

Framing: One compact composition, with the complete subject using about 80-90% of the square. Keep everything inside the frame.

Output: 512x512 PNG, RGBA, genuine transparent background. No text, numerals, labels, logos or watermark.",作成済み,,references/invidious.png
asterisk.png,星印,星印,"Subject: A proofreader adding a small star-shaped reference mark.

Composition: Show a close view of an adult hand using a pencil to add a single small six-spoked star beside a passage on a manuscript. The rest of the page contains only faint unreadable linework. Keep the mark distinct from a decorative five-pointed star or an astronomical object.

Style: Use the attached invidious.png for drawing style only. Match its thick rounded dark-brown contours, simplified rounded shapes, and restrained 2D cartoon shading. Do not copy the reference subject or composition.

Framing: One compact composition, with the complete subject using about 80-90% of the square. Keep everything inside the frame.

Output: 512x512 PNG, RGBA, genuine transparent background. Allow only one conventional asterisk symbol; this punctuation shape is itself the requested subject, with no words or numerals. No incidental labels, logos or watermark.",作成済み,,references/invidious.png
brighten.png,輝かせる、光らせる,輝かせる,"Subject: An adult polishing a tarnished brass lamp until it shines.

Composition: Show an adult rubbing a brass lamp with a soft cloth, revealing a bright reflective patch against the remaining dull surface. One hand steadies the lamp’s base while the other makes the polishing motion. Keep the highlight localized on the cleaned metal, with no magical glow.

Style: Use the attached invidious.png for drawing style only. Match its thick rounded dark-brown contours, simplified rounded shapes, and restrained 2D cartoon shading. Do not copy the reference subject or composition.

Framing: One compact composition, with the complete subject using about 80-90% of the square. Keep everything inside the frame.

Output: 512x512 PNG, RGBA, genuine transparent background. No text, numerals, labels, logos or watermark.",作成済み,,references/invidious.png
censor.png,検閲官,検閲官,"Subject: A fictional official suppressing portions of a publication.

Composition: Show a fictional adult official at a desk using a thick black marker to obscure lines in a submitted manuscript. A stack of similarly redacted pages sits beside the official’s elbow while the author waits anxiously nearby. Keep all original wording unreadable and avoid real government insignia.

Style: Use the attached invidious.png for drawing style only. Match its thick rounded dark-brown contours, simplified rounded shapes, and restrained 2D cartoon shading. Do not copy the reference subject or composition.

Framing: One compact composition, with the complete subject using about 80-90% of the square. Keep everything inside the frame.

Output: 512x512 PNG, RGBA, genuine transparent background. No text, numerals, labels, logos or watermark.",作成済み,,references/invidious.png
codification.png,法典化,法典化,"Subject: Legal scholars assembling scattered rules into one organized law book.

Composition: Show two adult legal scholars at a desk sorting loose rule sheets into a large bound volume with tabbed divisions. One places a sheet into the correct section while the other compares related pages. Keep the organization deliberate and systematic, with a balance scale nearby and no readable writing.

Style: Use the attached invidious.png for drawing style only. Match its thick rounded dark-brown contours, simplified rounded shapes, and restrained 2D cartoon shading. Do not copy the reference subject or composition.

Framing: One compact composition, with the complete subject using about 80-90% of the square. Keep everything inside the frame.

Output: 512x512 PNG, RGBA, genuine transparent background. No text, numerals, labels, logos or watermark.",作成済み,,references/invidious.png
cookbook.png,料理の本,料理の本,"Subject: An open illustrated recipe book used beside prepared ingredients.

Composition: Show an open hardback book on a kitchen stand, its pages displaying a finished soup photograph and small ingredient drawings arranged beneath it. An adult cook compares the page with chopped vegetables on a board. Keep the book visibly central, with no readable words or measurements.

Style: Use the attached invidious.png for drawing style only. Match its thick rounded dark-brown contours, simplified rounded shapes, and restrained 2D cartoon shading. Do not copy the reference subject or composition.

Framing: One compact composition, with the complete subject using about 80-90% of the square. Keep everything inside the frame.

Output: 512x512 PNG, RGBA, genuine transparent background. No text, numerals, labels, logos or watermark.",作成済み,,references/invidious.png
corrugated.png,波形の,波形の,"Subject: A sheet of cardboard with its wavy inner layer exposed.

Composition: Show a cut edge of thick cardboard resting diagonally on a workbench. Peel back a small corner of the smooth outer paper to reveal the continuous repeating wave-shaped middle layer between two flat liners. Keep the corrugation regular, with the material visibly made from brown paper.

Style: Use the attached invidious.png for drawing style only. Match its thick rounded dark-brown contours, simplified rounded shapes, and restrained 2D cartoon shading. Do not copy the reference subject or composition.

Framing: One compact composition, with the complete subject using about 80-90% of the square. Keep everything inside the frame.

Output: 512x512 PNG, RGBA, genuine transparent background. No text, numerals, labels, logos or watermark.",作成済み,,references/invidious.png
crucible.png,るつぼ,るつぼ,"Subject: A heat-resistant vessel holding molten metal in a workshop.

Composition: Show a small thick-walled ceramic vessel glowing warmly inside a compact furnace opening, with molten metal visible below its rim. A trained adult worker in protective gear holds long lifting tongs around the vessel’s body. Keep all contact points secure and the surrounding work surface clear.

Style: Use the attached invidious.png for drawing style only. Match its thick rounded dark-brown contours, simplified rounded shapes, and restrained 2D cartoon shading. Do not copy the reference subject or composition.

Framing: One compact composition, with the complete subject using about 80-90% of the square. Keep everything inside the frame.

Output: 512x512 PNG, RGBA, genuine transparent background. No text, numerals, labels, logos or watermark.",作成済み,,references/invidious.png
culpability.png,責任があること、有責性,責任があること,"Subject: Acknowledging responsibility for damage.

Composition: Show an adult beside a broken window holding the baseball that struck it. They point to their own chest and then toward the damaged pane with a contrite expression, while the property owner listens calmly; keep the connection between person, object, and consequence clear.

Style: Use the attached invidious.png for drawing style only. Match its thick rounded dark-brown contours, simplified rounded shapes, and restrained 2D cartoon shading. Do not copy the reference subject or composition.

Framing: One compact composition, with the complete subject using about 80-90% of the square. Keep everything inside the frame.

Output: 512x512 PNG, RGBA, genuine transparent background. No text, explanatory labels, speech balloons or bubbles, numerals, logos or watermark.",作成済み,,references/invidious.png
custodial.png,管理の,管理の,"Subject: An adult caretaker securing a museum collection for the night.

Composition: Show an adult museum caretaker checking that a glass display case is locked, holding a ring of keys while inspecting the latch. Shelved artifacts remain neatly arranged behind the glass. Keep the person’s role clear through careful oversight and maintenance, without police equipment or punitive imagery.

Style: Use the attached invidious.png for drawing style only. Match its thick rounded dark-brown contours, simplified rounded shapes, and restrained 2D cartoon shading. Do not copy the reference subject or composition.

Framing: One compact composition, with the complete subject using about 80-90% of the square. Keep everything inside the frame.

Output: 512x512 PNG, RGBA, genuine transparent background. No text, numerals, labels, logos or watermark.",作成済み,,references/invidious.png
deep-sea.png,深海の,深海の,"Subject: A remotely operated vehicle exploring the dark ocean floor.

Composition: Show a small tethered research vehicle hovering just above a rocky seabed, its lamps illuminating a narrow patch of deep water and a few pale sea cucumbers. A long cable rises out of view. Keep the scene sunless, with no surface waves or shallow tropical coral.

Style: Use the attached invidious.png for drawing style only. Match its thick rounded dark-brown contours, simplified rounded shapes, and restrained 2D cartoon shading. Do not copy the reference subject or composition.

Framing: One compact composition, with the complete subject using about 80-90% of the square. Keep everything inside the frame.

Output: 512x512 PNG, RGBA, genuine transparent background. No text, numerals, labels, logos or watermark.",作成済み,,references/invidious.png
denunciation.png,非難、糾弾,非難,"Subject: Publicly condemning documented wrongdoing.

Composition: Show an adult at a small public meeting pointing firmly to a photograph of polluted water and making a disapproving open-hand gesture. A fictional responsible representative sits uneasily nearby as the audience looks serious; include no written accusation or dialogue.

Style: Use the attached invidious.png for drawing style only. Match its thick rounded dark-brown contours, simplified rounded shapes, and restrained 2D cartoon shading. Do not copy the reference subject or composition.

Framing: One compact composition, with the complete subject using about 80-90% of the square. Keep everything inside the frame.

Output: 512x512 PNG, RGBA, genuine transparent background. No text, explanatory labels, speech balloons or bubbles, numerals, logos or watermark.",作成済み,,references/invidious.png
desert@ser3-de.png,見捨てる,見捨てる,"Subject: An adult walking away from a companion who needs help.

Composition: Show an adult traveler leaving a stranded companion beside a broken bicycle on an empty path. The stranded person reaches out for assistance, but the departing traveler looks away and keeps walking with their own bag. Keep the separation growing within one continuous scene, without danger or injury.

Style: Use the attached invidious.png for drawing style only. Match its thick rounded dark-brown contours, simplified rounded shapes, and restrained 2D cartoon shading. Do not copy the reference subject or composition.

Framing: One compact composition, with the complete subject using about 80-90% of the square. Keep everything inside the frame.

Output: 512x512 PNG, RGBA, genuine transparent background. No text, numerals, labels, logos or watermark.",作成済み,,references/invidious.png
facies.png,外観,外観,"Subject: The visible outer face of an old stone building.

Composition: Show a small stone house viewed squarely from the front, with its doorway, two windows, rough masonry, and weathered roof clearly visible. An adult observer studies the building from outside with hands behind their back. Keep the interior hidden so attention stays on outward appearance.

Style: Use the attached invidious.png for drawing style only. Match its thick rounded dark-brown contours, simplified rounded shapes, and restrained 2D cartoon shading. Do not copy the reference subject or composition.

Framing: One compact composition, with the complete subject using about 80-90% of the square. Keep everything inside the frame.

Output: 512x512 PNG, RGBA, genuine transparent background. No text, numerals, labels, logos or watermark.",作成済み,,references/invidious.png
fallow.png,休耕地,休耕地,"Subject: A cultivated field deliberately left unplanted for a season.

Composition: Show a fenced agricultural plot containing bare furrows and scattered low weeds, with no growing crop. A farmer rests a hoe against the gate while neighboring fields beyond carry orderly green rows. Keep the unused plot tidy enough to suggest intentional resting rather than permanent abandonment.

Style: Use the attached invidious.png for drawing style only. Match its thick rounded dark-brown contours, simplified rounded shapes, and restrained 2D cartoon shading. Do not copy the reference subject or composition.

Framing: One compact composition, with the complete subject using about 80-90% of the square. Keep everything inside the frame.

Output: 512x512 PNG, RGBA, genuine transparent background. No text, numerals, labels, logos or watermark.",作成済み,,references/invidious.png
falter.png,ためらう,ためらう,"Subject: An adult hesitating just before stepping onto a narrow bridge.

Composition: Show an adult walker at the entrance to a narrow wooden footbridge, one foot lifted but not yet placed on the first board. Their hand hovers above the railing and their expression is uncertain. Keep the bridge intact and the shallow stream below visible without exaggerated peril.

Style: Use the attached invidious.png for drawing style only. Match its thick rounded dark-brown contours, simplified rounded shapes, and restrained 2D cartoon shading. Do not copy the reference subject or composition.

Framing: One compact composition, with the complete subject using about 80-90% of the square. Keep everything inside the frame.

Output: 512x512 PNG, RGBA, genuine transparent background. No text, numerals, labels, logos or watermark.",作成済み,,references/invidious.png
ferrous.png,鉄を含む,鉄を含む,"Subject: An iron-containing metal sample attracted to a strong magnet.

Composition: Show an adult using a horseshoe magnet to lift a cluster of iron filings from a shallow dish beside a rusty steel nail. The dark grains cling visibly to the magnet’s ends. Keep the dish on a workbench and the nail’s reddish surface corrosion subtle.

Style: Use the attached invidious.png for drawing style only. Match its thick rounded dark-brown contours, simplified rounded shapes, and restrained 2D cartoon shading. Do not copy the reference subject or composition.

Framing: One compact composition, with the complete subject using about 80-90% of the square. Keep everything inside the frame.

Output: 512x512 PNG, RGBA, genuine transparent background. No text, numerals, labels, logos or watermark.",作成済み,,references/invidious.png
girth.png,周囲の寸法,周囲の寸法,"Subject: An adult measuring the circumference of a tree trunk.

Composition: Show an adult wrapping a flexible measuring tape horizontally around a thick tree trunk. Both ends meet snugly at the front beneath the person’s fingers, with the tape visibly encircling the bark. Keep the scale as small unnumbered ticks and the measurement level all the way around.

Style: Use the attached invidious.png for drawing style only. Match its thick rounded dark-brown contours, simplified rounded shapes, and restrained 2D cartoon shading. Do not copy the reference subject or composition.

Framing: One compact composition, with the complete subject using about 80-90% of the square. Keep everything inside the frame.

Output: 512x512 PNG, RGBA, genuine transparent background. No text, numerals, labels, logos or watermark.",作成済み,,references/invidious.png
hapless.png,不運な,不運な,"Subject: An adult caught under a leaking umbrella at the worst moment.

Composition: Show an adult standing in rain beneath an umbrella whose fabric has torn directly above their head. A narrow stream drips through the hole onto their collar while a passing car splashes a small puddle near their shoes. Keep the expression resigned and the mishaps harmless.

Style: Use the attached invidious.png for drawing style only. Match its thick rounded dark-brown contours, simplified rounded shapes, and restrained 2D cartoon shading. Do not copy the reference subject or composition.

Framing: One compact composition, with the complete subject using about 80-90% of the square. Keep everything inside the frame.

Output: 512x512 PNG, RGBA, genuine transparent background. No text, numerals, labels, logos or watermark.",作成済み,,references/invidious.png
hard-working.png,勤勉な,勤勉な,"Subject: An adult diligently finishing a large woodworking order.

Composition: Show an adult craftsperson steadily sanding a chair at a tidy workshop bench. Several completed chairs stand in a neat row while unfinished parts wait within reach. Their focused expression, rolled sleeves, and careful working posture convey sustained effort without exaggerated exhaustion or an impossible number of tasks.

Style: Use the attached invidious.png for drawing style only. Match its thick rounded dark-brown contours, simplified rounded shapes, and restrained 2D cartoon shading. Do not copy the reference subject or composition.

Framing: One compact composition, with the complete subject using about 80-90% of the square. Keep everything inside the frame.

Output: 512x512 PNG, RGBA, genuine transparent background. No text, numerals, labels, logos or watermark.",作成済み,,references/invidious.png
harmonize.png,調子を合わせる、調和させる,調子を合わせる,"Subject: Two adult singers blending their voices in a duet.

Composition: Show two adult singers standing side by side at one music stand, listening closely to each other as they sing. One gently raises a hand to guide a shared entrance while the other adjusts their posture in response. Keep their expressions attentive, with no printed lyrics or musical symbols.

Style: Use the attached invidious.png for drawing style only. Match its thick rounded dark-brown contours, simplified rounded shapes, and restrained 2D cartoon shading. Do not copy the reference subject or composition.

Framing: One compact composition, with the complete subject using about 80-90% of the square. Keep everything inside the frame.

Output: 512x512 PNG, RGBA, genuine transparent background. No text, numerals, labels, logos or watermark.",作成済み,,references/invidious.png
homozygous.png,同型の,同型の,"Subject: A genetic teaching model showing identical alleles at matching chromosome positions.

Composition: Show a pair of homologous chromosomes standing parallel on a small teaching-model base. At the same position on each chromosome, place an identical purple segment with the same internal stripe pattern. Keep the remaining chromosome lengths muted and matched, emphasizing equality at one corresponding gene location.

Style: Use the attached invidious.png for drawing style only. Match its thick rounded dark-brown contours, simplified rounded shapes, and restrained 2D cartoon shading. Do not copy the reference subject or composition.

Framing: One compact composition, with the complete subject using about 80-90% of the square. Keep everything inside the frame.

Output: 512x512 PNG, RGBA, genuine transparent background. No text, numerals, labels, logos or watermark.",作成済み,,references/invidious.png
inexorable.png,情け容赦のない,情け容赦のない,"Subject: A fictional collector refusing a distressed adult’s request for more time.

Composition: Show a fictional adult collector holding a payment folder while a worried debtor pleads with clasped hands. The collector remains rigid and unsmiling, pointing toward the door without yielding. Keep the debtor dignified and the scene nonviolent, with the unbending response central rather than the money.

Style: Use the attached invidious.png for drawing style only. Match its thick rounded dark-brown contours, simplified rounded shapes, and restrained 2D cartoon shading. Do not copy the reference subject or composition.

Framing: One compact composition, with the complete subject using about 80-90% of the square. Keep everything inside the frame.

Output: 512x512 PNG, RGBA, genuine transparent background. No text, numerals, labels, logos or watermark.",作成済み,,references/invidious.png
ketchup.png,ケチャップ,ケチャップ,"Subject: Thick tomato sauce being squeezed onto a plate of fries.

Composition: Show an adult hand squeezing a plain red condiment bottle over a white plate of fries. A thick glossy red ribbon curls into a small mound beside the potatoes, with one tomato resting near the plate. Keep the bottle unbranded and the nozzle connected naturally to the flowing sauce.

Style: Use the attached invidious.png for drawing style only. Match its thick rounded dark-brown contours, simplified rounded shapes, and restrained 2D cartoon shading. Do not copy the reference subject or composition.

Framing: One compact composition, with the complete subject using about 80-90% of the square. Keep everything inside the frame.

Output: 512x512 PNG, RGBA, genuine transparent background. No text, numerals, labels, logos or watermark.",作成済み,,references/invidious.png
lenient.png,寛大な,寛大な,"Subject: An adult instructor forgiving a learner’s small mistake.

Composition: Show an adult pottery instructor smiling gently at a learner who has accidentally dented a soft clay bowl. The instructor rests an open hand beside the damaged rim and offers a fresh piece of clay. Keep the learner relieved and the response kind rather than punitive.

Style: Use the attached invidious.png for drawing style only. Match its thick rounded dark-brown contours, simplified rounded shapes, and restrained 2D cartoon shading. Do not copy the reference subject or composition.

Framing: One compact composition, with the complete subject using about 80-90% of the square. Keep everything inside the frame.

Output: 512x512 PNG, RGBA, genuine transparent background. No text, numerals, labels, logos or watermark.",作成済み,,references/invidious.png
manslaughter.png,故殺,故殺,"Subject: A fictional courtroom addressing an unplanned killing.

Composition: Show a sober courtroom scene with an adult defendant listening to a judge while a lawyer presents a closed case file. Keep the accused distressed but composed, the proceedings serious, and all documents unreadable; show no weapon, body, or violent reenactment.

Style: Use the attached invidious.png for drawing style only. Match its thick rounded dark-brown contours, simplified rounded shapes, and restrained 2D cartoon shading. Do not copy the reference subject or composition.

Framing: One compact composition, with the complete subject using about 80-90% of the square. Keep everything inside the frame.

Output: 512x512 PNG, RGBA, genuine transparent background. No text, explanatory labels, speech balloons or bubbles, numerals, logos or watermark.",作成済み,,references/invidious.png
may@magh.png,〜かもしれない、〜してよい,〜かもしれない,"Subject: An uncertain possibility.

Composition: Show an adult beside a prepared picnic blanket, holding a folded umbrella while looking at a dark cloud. Their hesitant expression and still-dry ground make rain only a possibility; the umbrella remains unopened and the picnic has not been canceled.

Style: Use the attached invidious.png for drawing style only. Match its thick rounded dark-brown contours, simplified rounded shapes, and restrained 2D cartoon shading. Do not copy the reference subject or composition.

Framing: One compact composition, with the complete subject using about 80-90% of the square. Keep everything inside the frame.

Output: 512x512 PNG, RGBA, genuine transparent background. No text, explanatory labels, speech balloons or bubbles, numerals, logos or watermark.",作成済み,,references/invidious.png
nauseous.png,吐き気を催させる,吐き気を催させる,"Subject: A foul-smelling bin causing an adult to feel sick.

Composition: Show an adult recoiling from an open rubbish bin containing spoiled food, one hand covering the nose and the other resting over the stomach. Their lips press together in discomfort. Keep the offending scraps recognizable but restrained, with a few faint odor curls and no vomiting.

Style: Use the attached invidious.png for drawing style only. Match its thick rounded dark-brown contours, simplified rounded shapes, and restrained 2D cartoon shading. Do not copy the reference subject or composition.

Framing: One compact composition, with the complete subject using about 80-90% of the square. Keep everything inside the frame.

Output: 512x512 PNG, RGBA, genuine transparent background. No text, numerals, labels, logos or watermark.",作成済み,,references/invidious.png
petal.png,花弁,花弁,"Subject: A single soft rose petal fallen beside an open bloom.

Composition: Show one curved pink rose petal lying on a tabletop beside a fresh rose. Its broad rounded edge, thin translucent surface, and narrow attachment point are all visible. Keep the detached piece separate from the green sepals and leaves so its botanical identity is clear.

Style: Use the attached invidious.png for drawing style only. Match its thick rounded dark-brown contours, simplified rounded shapes, and restrained 2D cartoon shading. Do not copy the reference subject or composition.

Framing: One compact composition, with the complete subject using about 80-90% of the square. Keep everything inside the frame.

Output: 512x512 PNG, RGBA, genuine transparent background. No text, numerals, labels, logos or watermark.",作成済み,,references/invidious.png
pigmentation.png,色、色素沈着,色素沈着,"Subject: A close view of natural freckles on an adult forearm.

Composition: Show an adult forearm resting comfortably on a table, with a cluster of small flat brown freckles visible on otherwise even skin. Soft light reveals the color difference without swelling or surface damage. Keep the depiction neutral and respectful, avoiding any implication of illness or beauty judgment.

Style: Use the attached invidious.png for drawing style only. Match its thick rounded dark-brown contours, simplified rounded shapes, and restrained 2D cartoon shading. Do not copy the reference subject or composition.

Framing: One compact composition, with the complete subject using about 80-90% of the square. Keep everything inside the frame.

Output: 512x512 PNG, RGBA, genuine transparent background. No text, numerals, labels, logos or watermark.",作成済み,,references/invidious.png
prise.png,～をこじ開ける,こじ開ける,"Subject: An adult levering open a tightly sealed wooden crate.

Composition: Show an adult inserting the flattened end of a short pry bar beneath a nailed crate lid. One hand steadies the box while the other applies controlled leverage, lifting one corner slightly. Keep the fulcrum against the crate edge and the person’s fingers clear of the widening gap.

Style: Use the attached invidious.png for drawing style only. Match its thick rounded dark-brown contours, simplified rounded shapes, and restrained 2D cartoon shading. Do not copy the reference subject or composition.

Framing: One compact composition, with the complete subject using about 80-90% of the square. Keep everything inside the frame.

Output: 512x512 PNG, RGBA, genuine transparent background. No text, numerals, labels, logos or watermark.",作成済み,,references/invidious.png
promenade.png,散歩,散歩,"Subject: Two adults taking an unhurried walk along a waterfront.

Composition: Show two adults strolling side by side beside a low waterfront railing, arms relaxed and faces turned toward one another in conversation. A small boat floats nearby and a bench stands along the path. Keep their pace leisurely, with ordinary clothes and no exercise equipment.

Style: Use the attached invidious.png for drawing style only. Match its thick rounded dark-brown contours, simplified rounded shapes, and restrained 2D cartoon shading. Do not copy the reference subject or composition.

Framing: One compact composition, with the complete subject using about 80-90% of the square. Keep everything inside the frame.

Output: 512x512 PNG, RGBA, genuine transparent background. No text, numerals, labels, logos or watermark.",作成済み,,references/invidious.png
python.png,ニシキヘビ,ニシキヘビ,"Subject: A large python resting in loose coils on a sturdy branch.

Composition: Show a thick-bodied patterned snake draped across a strong horizontal branch, its muscular coils supporting its weight naturally. The broad head extends forward with eyes alert and tongue barely visible. Keep the markings irregular brown and tan, with smooth overlapping scales and no hood or rattling tail.

Style: Use the attached invidious.png for drawing style only. Match its thick rounded dark-brown contours, simplified rounded shapes, and restrained 2D cartoon shading. Do not copy the reference subject or composition.

Framing: One compact composition, with the complete subject using about 80-90% of the square. Keep everything inside the frame.

Output: 512x512 PNG, RGBA, genuine transparent background. No text, numerals, labels, logos or watermark.",作成済み,,references/invidious.png
rascal.png,悪漢,悪漢,"Subject: A fictional adult rogue stealing from an unattended market stall.

Composition: Show a fictional adult rogue slipping a pear into an inside coat pocket while glancing over one shoulder. The stallholder is briefly turned away arranging vegetables, and a second pear remains in the rogue’s hand. Keep the misconduct petty and clearly visible, without identity-based stereotypes.

Style: Use the attached invidious.png for drawing style only. Match its thick rounded dark-brown contours, simplified rounded shapes, and restrained 2D cartoon shading. Do not copy the reference subject or composition.

Framing: One compact composition, with the complete subject using about 80-90% of the square. Keep everything inside the frame.

Output: 512x512 PNG, RGBA, genuine transparent background. No text, numerals, labels, logos or watermark.",作成済み,,references/invidious.png
resonator.png,共鳴装置,共鳴装置,"Subject: A tuning fork mounted on a hollow wooden sound box.

Composition: Show a metal tuning fork fixed upright on a small hollow wooden box with one open end. An adult has just struck the fork with a rubber mallet, now held clear of the prongs. Subtle vibration lines appear at both fork tips and the box opening.

Style: Use the attached invidious.png for drawing style only. Match its thick rounded dark-brown contours, simplified rounded shapes, and restrained 2D cartoon shading. Do not copy the reference subject or composition.

Framing: One compact composition, with the complete subject using about 80-90% of the square. Keep everything inside the frame.

Output: 512x512 PNG, RGBA, genuine transparent background. No text, numerals, labels, logos or watermark.",作成済み,,references/invidious.png
reuptake.png,再摂取,再摂取,"Subject: A neurotransmitter being transported back into the neuron that released it.

Composition: Show a magnified synapse with a rounded presynaptic terminal above and a separate receiving membrane below. Small transmitter tokens in the gap enter a transporter embedded in the upper membrane, indicated by a short inward arrow. Keep release vesicles inside the upper terminal and receptors on the lower membrane.

Style: Use the attached invidious.png for drawing style only. Match its thick rounded dark-brown contours, simplified rounded shapes, and restrained 2D cartoon shading. Do not copy the reference subject or composition.

Framing: One compact composition, with the complete subject using about 80-90% of the square. Keep everything inside the frame.

Output: 512x512 PNG, RGBA, genuine transparent background. No text, numerals, labels, logos or watermark.",作成済み,,references/invidious.png
sanguine.png,楽天的な、楽観的な,楽天的な,"Subject: An adult remaining hopeful after a minor gardening setback.

Composition: Show an adult gardener smiling confidently beside a wind-damaged trellis, holding a healthy young vine ready to replant. A few broken support sticks lie nearby, but the gardener stands upright and reaches for a new stake. Keep the optimism grounded in practical readiness rather than denial of the damage.

Style: Use the attached invidious.png for drawing style only. Match its thick rounded dark-brown contours, simplified rounded shapes, and restrained 2D cartoon shading. Do not copy the reference subject or composition.

Framing: One compact composition, with the complete subject using about 80-90% of the square. Keep everything inside the frame.

Output: 512x512 PNG, RGBA, genuine transparent background. No text, numerals, labels, logos or watermark.",作成済み,,references/invidious.png
sociable.png,社交的な,社交的な,"Subject: An adult cheerfully joining a table of new acquaintances.

Composition: Show an adult approaching a small café table with a friendly smile and an open greeting gesture. Three seated adults make space and turn warmly toward the newcomer. Keep everyone relaxed and engaged, with a spare chair being pulled out and cups resting securely on the tabletop.

Style: Use the attached invidious.png for drawing style only. Match its thick rounded dark-brown contours, simplified rounded shapes, and restrained 2D cartoon shading. Do not copy the reference subject or composition.

Framing: One compact composition, with the complete subject using about 80-90% of the square. Keep everything inside the frame.

Output: 512x512 PNG, RGBA, genuine transparent background. No text, numerals, labels, logos or watermark.",作成済み,,references/invidious.png
talkative.png,話し好きな、口数の多い,話し好きな,"Subject: An adult animatedly telling a long story to a patient friend.

Composition: Show an adult leaning forward at a café table, mouth open mid-story and both hands illustrating the tale. A friend listens with a gentle smile while stirring a drink. Use several small overlapping empty speech balloons near the storyteller to suggest abundant conversation without any written words.

Style: Use the attached invidious.png for drawing style only. Match its thick rounded dark-brown contours, simplified rounded shapes, and restrained 2D cartoon shading. Do not copy the reference subject or composition.

Framing: One compact composition, with the complete subject using about 80-90% of the square. Keep everything inside the frame.

Output: 512x512 PNG, RGBA, genuine transparent background. No text, numerals, labels, logos or watermark.",作成済み,,references/invidious.png
tarmac.png,タールマック,タールマック,"Subject: A paved airport apron beneath a parked passenger aircraft.

Composition: Show the textured dark paved surface of an airport apron, with a passenger aircraft’s front wheel and lower fuselage resting above it. An adult ground worker stands beside a small luggage cart. Keep the pavement continuous and visibly compacted, with no runway numbers, company logos, or road traffic.

Style: Use the attached invidious.png for drawing style only. Match its thick rounded dark-brown contours, simplified rounded shapes, and restrained 2D cartoon shading. Do not copy the reference subject or composition.

Framing: One compact composition, with the complete subject using about 80-90% of the square. Keep everything inside the frame.

Output: 512x512 PNG, RGBA, genuine transparent background. No text, numerals, labels, logos or watermark.",作成済み,,references/invidious.png
thunderstorm.png,激しい雷雨、雷をともなう豪雨,激しい雷雨,"Subject: An adult sheltering as lightning and heavy rain strike nearby.

Composition: Show an adult safely beneath a solid porch roof while heavy rain falls across the yard and a branching lightning flash crosses a compact storm cloud. Wind bends a small tree away from the porch. Keep the person well clear of the exposed tree and standing water.

Style: Use the attached invidious.png for drawing style only. Match its thick rounded dark-brown contours, simplified rounded shapes, and restrained 2D cartoon shading. Do not copy the reference subject or composition.

Framing: One compact composition, with the complete subject using about 80-90% of the square. Keep everything inside the frame.

Output: 512x512 PNG, RGBA, genuine transparent background. No text, numerals, labels, logos or watermark.",作成済み,,references/invidious.png
tongs.png,物をはさむ道具,物をはさむ道具,"Subject: Kitchen pincers gripping a hot piece of bread.

Composition: Show a pair of hinged stainless-steel kitchen pincers held by an adult hand, their scalloped jaws gently gripping a toasted slice above a hot tray. Keep both arms of the tool joined at one hinge, with the hand away from the hot surface and the bread securely held.

Style: Use the attached invidious.png for drawing style only. Match its thick rounded dark-brown contours, simplified rounded shapes, and restrained 2D cartoon shading. Do not copy the reference subject or composition.

Framing: One compact composition, with the complete subject using about 80-90% of the square. Keep everything inside the frame.

Output: 512x512 PNG, RGBA, genuine transparent background. No text, numerals, labels, logos or watermark.",作成済み,,references/invidious.png
trendy.png,最新流行の、時代感覚に合った,最新流行の,"Subject: A contemporary shopper trying a coordinated fashionable outfit.

Composition: Show an adult trying a stylish oversized jacket, wide-leg trousers, and clean chunky sneakers before a full-length shop mirror. A friend gives an approving smile while holding a matching bag. Keep the clothing unbranded and cohesive, using contemporary fashion cues without a dated celebrity likeness.

Style: Use the attached invidious.png for drawing style only. Match its thick rounded dark-brown contours, simplified rounded shapes, and restrained 2D cartoon shading. Do not copy the reference subject or composition.

Framing: One compact composition, with the complete subject using about 80-90% of the square. Keep everything inside the frame.

Output: 512x512 PNG, RGBA, genuine transparent background. No text, numerals, labels, logos or watermark.",作成済み,,references/invidious.png
turban.png,ターバン,ターバン,"Subject: An adult wearing a neatly wrapped cloth head covering.

Composition: Show a dignified adult in a simple shirt with a long cloth carefully wrapped around the head in overlapping folds. The fabric forms a compact rounded crown and a neat front fold, with no loose tail obscuring the face. Keep the portrait respectful and free of theatrical accessories.

Style: Use the attached invidious.png for drawing style only. Match its thick rounded dark-brown contours, simplified rounded shapes, and restrained 2D cartoon shading. Do not copy the reference subject or composition.

Framing: One compact composition, with the complete subject using about 80-90% of the square. Keep everything inside the frame.

Output: 512x512 PNG, RGBA, genuine transparent background. No text, numerals, labels, logos or watermark.",作成済み,,references/invidious.png
unjustified.png,不当な,不当な,"Subject: A fictional supervisor blaming an uninvolved worker for a visible accident.

Composition: Show a fictional supervisor scolding a worker who stands away from a broken vase while the actual culprit still holds the cart that struck it. The blamed worker opens both hands in confused protest. Keep the causal evidence visible, making the accusation clearly unsupported in the same scene.

Style: Use the attached invidious.png for drawing style only. Match its thick rounded dark-brown contours, simplified rounded shapes, and restrained 2D cartoon shading. Do not copy the reference subject or composition.

Framing: One compact composition, with the complete subject using about 80-90% of the square. Keep everything inside the frame.

Output: 512x512 PNG, RGBA, genuine transparent background. No text, numerals, labels, logos or watermark.",作成済み,,references/invidious.png
unremarkable.png,人の注意を引かない、平凡な,人の注意を引かない,"Subject: A plain everyday mug among similar kitchen items.

Composition: Show a simple gray ceramic mug resting on an ordinary kitchen shelf beside a matching bowl and plate. Its shape is familiar and undecorated, with no unusual handle, bright pattern, or special lighting. Keep the arrangement calm and functional so nothing draws exceptional attention.

Style: Use the attached invidious.png for drawing style only. Match its thick rounded dark-brown contours, simplified rounded shapes, and restrained 2D cartoon shading. Do not copy the reference subject or composition.

Framing: One compact composition, with the complete subject using about 80-90% of the square. Keep everything inside the frame.

Output: 512x512 PNG, RGBA, genuine transparent background. No text, numerals, labels, logos or watermark.",作成済み,,references/invidious.png
upland.png,高台、高地,高台,"Subject: A broad grassy plateau elevated above a lower valley.

Composition: Show a wide grassy upland surface ending in a visible steep escarpment above a lower river valley. A small farmhouse and grazing sheep occupy the elevated ground. Keep the top broad and relatively level, making the difference in elevation clear through the continuous slope below.

Style: Use the attached invidious.png for drawing style only. Match its thick rounded dark-brown contours, simplified rounded shapes, and restrained 2D cartoon shading. Do not copy the reference subject or composition.

Framing: One compact composition, with the complete subject using about 80-90% of the square. Keep everything inside the frame.

Output: 512x512 PNG, RGBA, genuine transparent background. No text, numerals, labels, logos or watermark.",作成済み,,references/invidious.png
vagus.png,迷走神経,迷走神経,"Subject: An anatomical torso model highlighting the long cranial nerve serving chest and abdomen.

Composition: Show a freestanding adult torso model with a highlighted nerve descending from the brainstem through the neck into the chest and upper abdomen. Its branches reach the heart, lungs, and digestive organs while the spinal cord remains a separate muted structure. Keep the paired pathways anatomically continuous.

Style: Use the attached invidious.png for drawing style only. Match its thick rounded dark-brown contours, simplified rounded shapes, and restrained 2D cartoon shading. Do not copy the reference subject or composition.

Framing: One compact composition, with the complete subject using about 80-90% of the square. Keep everything inside the frame.

Output: 512x512 PNG, RGBA, genuine transparent background. No text, numerals, labels, logos or watermark.",作成済み,,references/invidious.png
wherewith.png,それによって～するところの,それによって,"Subject: A hammer being used as the means of securing a wooden joint.

Composition: Show an adult carpenter driving a nail into a wooden joint with a small hammer. The opposite hand holds the board well away from the nail, and the hammerhead meets the nail squarely. Keep the tool, action, and resulting joined pieces visible in one close practical scene.

Style: Use the attached invidious.png for drawing style only. Match its thick rounded dark-brown contours, simplified rounded shapes, and restrained 2D cartoon shading. Do not copy the reference subject or composition.

Framing: One compact composition, with the complete subject using about 80-90% of the square. Keep everything inside the frame.

Output: 512x512 PNG, RGBA, genuine transparent background. No text, numerals, labels, logos or watermark.",作成済み,,references/invidious.png
Mekong.png,メコン川、メイコン川,メコン川,"Subject: A relief map tracing the Mekong from the Tibetan Plateau to its delta.

Composition: Show a raised map of mainland Southeast Asia with one continuous blue river descending from the Tibetan Plateau through southern China, along mainland borderlands, and into a branching delta in southern Vietnam. Keep the river prominent against muted terrain and include the recognizable South China Sea coastline without labels.

Style: Use the attached invidious.png for drawing style only. Match its thick rounded dark-brown contours, simplified rounded shapes, and restrained 2D cartoon shading. Do not copy the reference subject or composition.

Framing: One compact composition, with the complete subject using about 80-90% of the square. Keep everything inside the frame.

Output: 512x512 PNG, RGBA, genuine transparent background. No text, numerals, labels, logos or watermark.",作成済み,,references/invidious.png
Samoa.png,サモア語,サモア語,"Subject: A Samoan-language community learning setting.

Composition: Show two fictional adults at a community language lesson, exchanging a friendly spoken greeting while a nearby open primer carries a few nonlegible lines. A small relief map of the Samoan islands establishes the teaching setting; use no transcribed dialogue or stereotyped costume.

Style: Use the attached invidious.png for drawing style only. Match its thick rounded dark-brown contours, simplified rounded shapes, and restrained 2D cartoon shading. Do not copy the reference subject or composition.

Framing: One compact composition, with the complete subject using about 80-90% of the square. Keep everything inside the frame.

Output: 512x512 PNG, RGBA, genuine transparent background. No text, explanatory labels, speech balloons or bubbles, numerals, logos or watermark.",作成済み,,references/invidious.png
Thaddeus.png,サディアス、タデウス,サディアス,"Subject: A fictional adult man named Thaddeus meeting a new colleague.

Composition: Show a fictional adult man with dark curly hair, round glasses, and a blue sweater offering a friendly handshake across a small office table. He carries a plain notebook under his free arm and smiles at the colleague. Include no written name, historical costume, or religious attribute.

Style: Use the attached invidious.png for drawing style only. Match its thick rounded dark-brown contours, simplified rounded shapes, and restrained 2D cartoon shading. Do not copy the reference subject or composition.

Framing: One compact composition, with the complete subject using about 80-90% of the square. Keep everything inside the frame.

Output: 512x512 PNG, RGBA, genuine transparent background. No text, numerals, labels, logos or watermark.",作成済み,,references/invidious.png
aldosterone.png,アルドステロン,アルドステロン,"Subject: An endocrine teaching model showing a mineralocorticoid’s kidney effects.

Composition: Show an endocrine model connecting the adrenal zona glomerulosa through blood to a magnified cortical collecting duct principal cell. Hormone tokens reach the cell; “Na⁺” moves from tubular lumen through the cell toward blood, while “K⁺” moves into the lumen. Keep the cell’s apical and blood-facing sides distinct.

Style: Use the attached invidious.png for drawing style only. Match its thick rounded dark-brown contours, simplified rounded shapes, and restrained 2D cartoon shading. Do not copy the reference subject or composition.

Framing: One compact composition, with the complete subject using about 80-90% of the square. Keep everything inside the frame.

Output: 512x512 PNG, RGBA, genuine transparent background. Allow only “Na⁺” and “K⁺” on the ion tokens; these transport effects distinguish the hormone without a name label. No incidental labels, logos or watermark.",作成済み,,references/invidious.png
anticoagulant.png,凝固を防ぐ、抗凝血性の,凝固を防ぐ,"Subject: A laboratory additive keeping a collected blood sample fluid.

Composition: Show a gloved adult technician gently tilting a sealed blood collection tube so the dark red sample flows smoothly along its wall. A matching untreated tube nearby contains a stationary clot. Keep both tubes upright in a rack when not held, and omit needles, patient details, and drug dosages.

Style: Use the attached invidious.png for drawing style only. Match its thick rounded dark-brown contours, simplified rounded shapes, and restrained 2D cartoon shading. Do not copy the reference subject or composition.

Framing: One compact composition, with the complete subject using about 80-90% of the square. Keep everything inside the frame.

Output: 512x512 PNG, RGBA, genuine transparent background. No text, numerals, labels, logos or watermark.",作成済み,,references/invidious.png
aw.png,おお,おお,"Subject: An adult reacting tenderly to a small rescued kitten.

Composition: Show an adult opening a towel to reveal a tiny dry kitten curled comfortably inside. The adult’s eyebrows lift and their mouth forms a soft rounded expression of affectionate surprise. Both hands support the bundle securely, with the kitten relaxed and no speech or written exclamation.

Style: Use the attached invidious.png for drawing style only. Match its thick rounded dark-brown contours, simplified rounded shapes, and restrained 2D cartoon shading. Do not copy the reference subject or composition.

Framing: One compact composition, with the complete subject using about 80-90% of the square. Keep everything inside the frame.

Output: 512x512 PNG, RGBA, genuine transparent background. No text, numerals, labels, logos or watermark.",作成済み,,references/invidious.png
cautionary.png,警告を与える、警戒的な,警告を与える,"Subject: A safety demonstration showing why a loose ladder is dangerous.

Composition: Show an adult instructor pointing to a leaning ladder whose unsecured foot has slid slightly on a smooth floor. Another adult stands safely beside the ladder, listening. A nearby sandbag and stabilizing foot pads indicate the corrective lesson, with nobody climbing or falling.

Style: Use the attached invidious.png for drawing style only. Match its thick rounded dark-brown contours, simplified rounded shapes, and restrained 2D cartoon shading. Do not copy the reference subject or composition.

Framing: One compact composition, with the complete subject using about 80-90% of the square. Keep everything inside the frame.

Output: 512x512 PNG, RGBA, genuine transparent background. No text, numerals, labels, logos or watermark.",作成済み,,references/invidious.png
chagrin.png,悔しさ、残念さ,悔しさ,"Subject: An adult disappointed after narrowly losing a board game.

Composition: Show an adult staring ruefully at a finished chessboard, one hand pressed against the forehead and shoulders sinking. The opponent quietly offers a sympathetic handshake. Keep the losing king tipped gently on its side, with the frustrated expression conveying regret rather than anger at the other player.

Style: Use the attached invidious.png for drawing style only. Match its thick rounded dark-brown contours, simplified rounded shapes, and restrained 2D cartoon shading. Do not copy the reference subject or composition.

Framing: One compact composition, with the complete subject using about 80-90% of the square. Keep everything inside the frame.

Output: 512x512 PNG, RGBA, genuine transparent background. No text, numerals, labels, logos or watermark.",作成済み,,references/invidious.png
chloroplast.png,葉緑体,葉緑体,"Subject: A cutaway plant-cell organelle with stacked internal membranes.

Composition: Show one enlarged oval green organelle in cutaway, with a double outer envelope surrounding several stacks of flattened thylakoid discs. Thin membrane bridges connect the stacks through the fluid interior. Keep the discs arranged in orderly piles and avoid mitochondrion-like folded inner walls.

Style: Use the attached invidious.png for drawing style only. Match its thick rounded dark-brown contours, simplified rounded shapes, and restrained 2D cartoon shading. Do not copy the reference subject or composition.

Framing: One compact composition, with the complete subject using about 80-90% of the square. Keep everything inside the frame.

Output: 512x512 PNG, RGBA, genuine transparent background. No text, numerals, labels, logos or watermark.",作成済み,,references/invidious.png
discontinuation.png,中止、中断,中止,"Subject: An adult stopping a small production machine during a work session.

Composition: Show an adult operator pressing a large stop button beside a conveyor, while the belt and partially assembled items have come to rest. The operator sets a tool down and steps back. Keep the halted activity clear through stationary mechanisms, without alarm symbols or readable button labels.

Style: Use the attached invidious.png for drawing style only. Match its thick rounded dark-brown contours, simplified rounded shapes, and restrained 2D cartoon shading. Do not copy the reference subject or composition.

Framing: One compact composition, with the complete subject using about 80-90% of the square. Keep everything inside the frame.

Output: 512x512 PNG, RGBA, genuine transparent background. No text, numerals, labels, logos or watermark.",作成済み,,references/invidious.png
eczema.png,湿疹,湿疹,"Subject: An adult showing a dry irritated patch of skin to a clinician.

Composition: Show an adult extending a forearm with a small dry red patch near the inner elbow. A clinician examines it gently under good light while the patient resists scratching. Keep the skin mildly rough and inflamed without open wounds, exaggerated scales, or any suggestion that the person is contagious.

Style: Use the attached invidious.png for drawing style only. Match its thick rounded dark-brown contours, simplified rounded shapes, and restrained 2D cartoon shading. Do not copy the reference subject or composition.

Framing: One compact composition, with the complete subject using about 80-90% of the square. Keep everything inside the frame.

Output: 512x512 PNG, RGBA, genuine transparent background. No text, numerals, labels, logos or watermark.",作成済み,,references/invidious.png
equilateral.png,等辺の,等辺の,"Subject: A wooden triangle with three exactly equal sides.

Composition: Show a freestanding triangular wooden frame resting on a workbench, with three identical straight bars joined at equal corner angles. Place a matching loose bar beside it to reinforce consistent side length. Keep the geometry precise, with no perspective distortion that makes one side appear disproportionately long.

Style: Use the attached invidious.png for drawing style only. Match its thick rounded dark-brown contours, simplified rounded shapes, and restrained 2D cartoon shading. Do not copy the reference subject or composition.

Framing: One compact composition, with the complete subject using about 80-90% of the square. Keep everything inside the frame.

Output: 512x512 PNG, RGBA, genuine transparent background. No text, numerals, labels, logos or watermark.",作成済み,,references/invidious.png
fickle.png,変わりやすい,変わりやすい,"Subject: An adult changing their preference while a friend tries to follow it.

Composition: Show an adult at an ice-cream counter pointing eagerly toward a strawberry scoop just after a server has prepared the chocolate scoop they requested. The server pauses with the cone in hand, and the adult pushes away a previous vanilla sample. Keep the changing choice playful and clear.

Style: Use the attached invidious.png for drawing style only. Match its thick rounded dark-brown contours, simplified rounded shapes, and restrained 2D cartoon shading. Do not copy the reference subject or composition.

Framing: One compact composition, with the complete subject using about 80-90% of the square. Keep everything inside the frame.

Output: 512x512 PNG, RGBA, genuine transparent background. No text, numerals, labels, logos or watermark.",作成済み,,references/invidious.png
flowery.png,花に関する、花から作る,花に関する,"Subject: A garland made entirely from fresh flowers.

Composition: Show an adult florist threading small fresh blossoms onto a cord to form a circular garland. The completed portion rests in a soft loop on the table, while several loose flowers wait beside it. Keep petals and stems visibly real, with no paper substitutes or decorative text.

Style: Use the attached invidious.png for drawing style only. Match its thick rounded dark-brown contours, simplified rounded shapes, and restrained 2D cartoon shading. Do not copy the reference subject or composition.

Framing: One compact composition, with the complete subject using about 80-90% of the square. Keep everything inside the frame.

Output: 512x512 PNG, RGBA, genuine transparent background. No text, numerals, labels, logos or watermark.",作成済み,,references/invidious.png
frosting.png,砂糖衣,砂糖衣,"Subject: A cake covered with a smooth layer of sweet icing.

Composition: Show an adult baker spreading thick white icing over the top of a small round cake with an offset spatula. The side already has a smooth even coating, while one unfinished patch reveals golden sponge beneath. Keep the cake stable on a stand and the icing glossy.

Style: Use the attached invidious.png for drawing style only. Match its thick rounded dark-brown contours, simplified rounded shapes, and restrained 2D cartoon shading. Do not copy the reference subject or composition.

Framing: One compact composition, with the complete subject using about 80-90% of the square. Keep everything inside the frame.

Output: 512x512 PNG, RGBA, genuine transparent background. No text, numerals, labels, logos or watermark.",作成済み,,references/invidious.png
gaily.png,陽気に、愉快に,陽気に,"Subject: An adult dancing cheerfully while doing household chores.

Composition: Show an adult holding a broom like a dance partner while taking a light skipping step across a clean kitchen floor. Their face beams and their free hand lifts playfully. Keep the broom bristles touching the floor and nearby furniture stable, making the happy manner clear.

Style: Use the attached invidious.png for drawing style only. Match its thick rounded dark-brown contours, simplified rounded shapes, and restrained 2D cartoon shading. Do not copy the reference subject or composition.

Framing: One compact composition, with the complete subject using about 80-90% of the square. Keep everything inside the frame.

Output: 512x512 PNG, RGBA, genuine transparent background. No text, numerals, labels, logos or watermark.",作成済み,,references/invidious.png
hiatus.png,空白,空白,"Subject: A conspicuous blank section interrupting a filled notebook.

Composition: Show an adult leafing through an open notebook whose central spread is completely blank, while visible page edges on both sides carry dense unreadable writing. The reader pauses with a fingertip on the empty paper. Keep the blank interval prominent, without torn pages or a decorative background panel.

Style: Use the attached invidious.png for drawing style only. Match its thick rounded dark-brown contours, simplified rounded shapes, and restrained 2D cartoon shading. Do not copy the reference subject or composition.

Framing: One compact composition, with the complete subject using about 80-90% of the square. Keep everything inside the frame.

Output: 512x512 PNG, RGBA, genuine transparent background. No text, numerals, labels, logos or watermark.",作成済み,,references/invidious.png
horned.png,角のある,角のある,"Subject: A mountain goat with two clearly attached horns.

Composition: Show a mountain goat standing securely on a rocky ledge in three-quarter view. Two dark backward-curving horns rise symmetrically from the skull above its ears, with a small beard beneath the chin. Keep the horns distinct from the ears and preserve natural hoof placement and body proportions.

Style: Use the attached invidious.png for drawing style only. Match its thick rounded dark-brown contours, simplified rounded shapes, and restrained 2D cartoon shading. Do not copy the reference subject or composition.

Framing: One compact composition, with the complete subject using about 80-90% of the square. Keep everything inside the frame.

Output: 512x512 PNG, RGBA, genuine transparent background. No text, numerals, labels, logos or watermark.",作成済み,,references/invidious.png
hype.png,皮下注射針,皮下注射針,"Subject: A sterile hypodermic needle attached to an unused syringe.

Composition: Show an unused syringe resting on a clean medical tray with a fine hollow needle firmly attached at the hub. Place its clear protective cap beside it, aligned with the shaft. Keep the barrel unmarked, the needle straight with a beveled tip, and no patient or injection present.

Style: Use the attached invidious.png for drawing style only. Match its thick rounded dark-brown contours, simplified rounded shapes, and restrained 2D cartoon shading. Do not copy the reference subject or composition.

Framing: One compact composition, with the complete subject using about 80-90% of the square. Keep everything inside the frame.

Output: 512x512 PNG, RGBA, genuine transparent background. No text, numerals, labels, logos or watermark.",作成済み,,references/invidious.png
immemorial.png,遠い昔の,遠い昔の,"Subject: A custom passed down beyond living memory.

Composition: Show an elderly adult teaching another adult to weave a ceremonial wreath beside a deeply worn hearth. Several generations of visibly old wreath-making tools hang nearby, emphasizing longstanding continuity without a date, family-history statement, or invented historical claim.

Style: Use the attached invidious.png for drawing style only. Match its thick rounded dark-brown contours, simplified rounded shapes, and restrained 2D cartoon shading. Do not copy the reference subject or composition.

Framing: One compact composition, with the complete subject using about 80-90% of the square. Keep everything inside the frame.

Output: 512x512 PNG, RGBA, genuine transparent background. No text, explanatory labels, speech balloons or bubbles, numerals, logos or watermark.",作成済み,,references/invidious.png
impassive.png,無感動の,無感動の,"Subject: An adult remaining expressionless during an emotional performance.

Composition: Show an adult sitting upright in a theater seat with relaxed but unmoving features and hands resting still on the knees. Nearby audience members laugh and lean forward during the same performance. Keep the central person’s neutral face distinct from anger, sadness, or physical discomfort.

Style: Use the attached invidious.png for drawing style only. Match its thick rounded dark-brown contours, simplified rounded shapes, and restrained 2D cartoon shading. Do not copy the reference subject or composition.

Framing: One compact composition, with the complete subject using about 80-90% of the square. Keep everything inside the frame.

Output: 512x512 PNG, RGBA, genuine transparent background. No text, numerals, labels, logos or watermark.",作成済み,,references/invidious.png
inflected.png,それた、曲げられた,それた,"Subject: A flexible young branch bent downward by a hanging weight.

Composition: Show a slender green branch bending in a smooth arc beneath a small basket of fruit suspended from its tip. The branch remains attached to the trunk and unbroken, with leaves following its curve. Keep the load modest and the bend physically plausible rather than sharply folded.

Style: Use the attached invidious.png for drawing style only. Match its thick rounded dark-brown contours, simplified rounded shapes, and restrained 2D cartoon shading. Do not copy the reference subject or composition.

Framing: One compact composition, with the complete subject using about 80-90% of the square. Keep everything inside the frame.

Output: 512x512 PNG, RGBA, genuine transparent background. No text, numerals, labels, logos or watermark.",作成済み,,references/invidious.png
insolence.png,無礼,無礼,"Subject: An adult deliberately interrupting a polite speaker with a dismissive gesture.

Composition: Show an adult raising a dismissive palm directly in front of a colleague who is speaking at a small meeting. The interrupter leans back with an arrogant smirk while the colleague pauses, visibly taken aback. Keep the discourtesy focused on behavior, with no identity-based insult or readable speech.

Style: Use the attached invidious.png for drawing style only. Match its thick rounded dark-brown contours, simplified rounded shapes, and restrained 2D cartoon shading. Do not copy the reference subject or composition.

Framing: One compact composition, with the complete subject using about 80-90% of the square. Keep everything inside the frame.

Output: 512x512 PNG, RGBA, genuine transparent background. No text, numerals, labels, logos or watermark.",作成済み,,references/invidious.png
intercostal.png,肋間の,肋間の,"Subject: A chest anatomy model emphasizing the muscle bands between ribs.

Composition: Show a partial adult rib-cage teaching model with three adjacent ribs intact and the muscle tissue filling their intervening spaces highlighted red. Leave the bones pale and the outer skin removed only from the model. Keep the muscle fibers attached between neighboring ribs, not covering the gaps as solid bone.

Style: Use the attached invidious.png for drawing style only. Match its thick rounded dark-brown contours, simplified rounded shapes, and restrained 2D cartoon shading. Do not copy the reference subject or composition.

Framing: One compact composition, with the complete subject using about 80-90% of the square. Keep everything inside the frame.

Output: 512x512 PNG, RGBA, genuine transparent background. No text, numerals, labels, logos or watermark.",作成済み,,references/invidious.png
lilac.png,ライラック,ライラック,"Subject: A flowering branch carrying dense clusters of pale purple blossoms.

Composition: Show a freshly cut woody branch with two conical clusters of tiny lavender flowers and several broad heart-shaped green leaves. Each small blossom has a narrow tubular base and four spreading lobes. Keep the clusters attached naturally to the stem, with a few unopened buds at the tips.

Style: Use the attached invidious.png for drawing style only. Match its thick rounded dark-brown contours, simplified rounded shapes, and restrained 2D cartoon shading. Do not copy the reference subject or composition.

Framing: One compact composition, with the complete subject using about 80-90% of the square. Keep everything inside the frame.

Output: 512x512 PNG, RGBA, genuine transparent background. No text, numerals, labels, logos or watermark.",作成済み,,references/invidious.png
medic.png,医者,医者,"Subject: An adult physician examining a patient in a clinic.

Composition: Show an adult physician wearing a plain coat and stethoscope, gently listening to an adult patient’s upper back while the patient sits upright on an examination stool. Keep one hand holding the chestpiece and the other resting lightly on the shoulder, with no military gear or botanical imagery.

Style: Use the attached invidious.png for drawing style only. Match its thick rounded dark-brown contours, simplified rounded shapes, and restrained 2D cartoon shading. Do not copy the reference subject or composition.

Framing: One compact composition, with the complete subject using about 80-90% of the square. Keep everything inside the frame.

Output: 512x512 PNG, RGBA, genuine transparent background. No text, numerals, labels, logos or watermark.",作成済み,,references/invidious.png
obtuse.png,鈍い,鈍い,"Subject: A blunt kitchen knife failing to cut through a tomato cleanly.

Composition: Show an adult pressing a visibly rounded knife edge against a ripe tomato on a cutting board. The tomato skin dents beneath the blade instead of separating cleanly, and the person pauses with a puzzled expression. Keep the supporting hand safely away from the edge and all food intact.

Style: Use the attached invidious.png for drawing style only. Match its thick rounded dark-brown contours, simplified rounded shapes, and restrained 2D cartoon shading. Do not copy the reference subject or composition.

Framing: One compact composition, with the complete subject using about 80-90% of the square. Keep everything inside the frame.

Output: 512x512 PNG, RGBA, genuine transparent background. No text, numerals, labels, logos or watermark.",作成済み,,references/invidious.png
open-minded.png,心の広い、頭が柔らかい,心の広い,"Subject: An adult enthusiastically considering an unfamiliar design idea.

Composition: Show an adult designer leaning forward to inspect a colleague’s unusual foldable-chair prototype, with curious raised eyebrows and an open welcoming hand. The designer sets aside their own conventional sketch to study the new mechanism. Keep the prototype plausible and the interaction attentive rather than automatically approving.

Style: Use the attached invidious.png for drawing style only. Match its thick rounded dark-brown contours, simplified rounded shapes, and restrained 2D cartoon shading. Do not copy the reference subject or composition.

Framing: One compact composition, with the complete subject using about 80-90% of the square. Keep everything inside the frame.

Output: 512x512 PNG, RGBA, genuine transparent background. No text, numerals, labels, logos or watermark.",作成済み,,references/invidious.png
pancake.png,パンケーキ,パンケーキ,"Subject: A small stack of freshly cooked flat breakfast cakes.

Composition: Show three round golden breakfast cakes stacked on a plate, each with a lightly browned upper surface and soft pale edge. A small pat of butter melts on top while syrup runs slowly down one side. Keep the stack modest and the plate free of lettering.

Style: Use the attached invidious.png for drawing style only. Match its thick rounded dark-brown contours, simplified rounded shapes, and restrained 2D cartoon shading. Do not copy the reference subject or composition.

Framing: One compact composition, with the complete subject using about 80-90% of the square. Keep everything inside the frame.

Output: 512x512 PNG, RGBA, genuine transparent background. No text, numerals, labels, logos or watermark.",作成済み,,references/invidious.png
phobia.png,恐怖症,恐怖症,"Subject: An intense persistent fear in a safe situation.

Composition: Show a fictional adult withdrawing their feet and gripping a chair at the sight of a tiny spider sealed in a transparent container across the room. A supportive friend stays calm nearby; avoid a monstrous spider, ridicule, danger, or diagnostic label.

Style: Use the attached invidious.png for drawing style only. Match its thick rounded dark-brown contours, simplified rounded shapes, and restrained 2D cartoon shading. Do not copy the reference subject or composition.

Framing: One compact composition, with the complete subject using about 80-90% of the square. Keep everything inside the frame.

Output: 512x512 PNG, RGBA, genuine transparent background. No text, explanatory labels, speech balloons or bubbles, numerals, logos or watermark.",作成済み,,references/invidious.png
practicality.png,実用性、実際的であること,実用性,"Subject: A raincoat serving its everyday protective purpose during a shower.

Composition: Show an adult walking comfortably through rain in a well-fitted waterproof coat with a working hood, secure pockets, and covered fastenings. Water beads on the outer surface while a notebook stays dry inside an open pocket. Keep the coat plain and functional rather than fashionably extravagant.

Style: Use the attached invidious.png for drawing style only. Match its thick rounded dark-brown contours, simplified rounded shapes, and restrained 2D cartoon shading. Do not copy the reference subject or composition.

Framing: One compact composition, with the complete subject using about 80-90% of the square. Keep everything inside the frame.

Output: 512x512 PNG, RGBA, genuine transparent background. No text, numerals, labels, logos or watermark.",作成済み,,references/invidious.png
preventable.png,回避可能な、避けられる,回避可能な,"Subject: An adult removing a tripping hazard before anyone falls.

Composition: Show an adult lifting a loose cable from a busy walkway and securing it along the wall while another adult approaches safely. The cable’s former loop still lies partly on the floor, making the potential hazard visible. Keep the action preventive, with everyone upright and unharmed.

Style: Use the attached invidious.png for drawing style only. Match its thick rounded dark-brown contours, simplified rounded shapes, and restrained 2D cartoon shading. Do not copy the reference subject or composition.

Framing: One compact composition, with the complete subject using about 80-90% of the square. Keep everything inside the frame.

Output: 512x512 PNG, RGBA, genuine transparent background. No text, numerals, labels, logos or watermark.",作成済み,,references/invidious.png
prod.png,突く、つつく,突く,"Subject: An adult gently poking bread dough with a fingertip.

Composition: Show an adult baker pressing one clean fingertip into a soft round ball of dough on a floured worktop. A small indentation forms exactly beneath the fingertip while the other hand rests beside the dough. Keep the gesture light and localized, with no cutting tool or exaggerated deformation.

Style: Use the attached invidious.png for drawing style only. Match its thick rounded dark-brown contours, simplified rounded shapes, and restrained 2D cartoon shading. Do not copy the reference subject or composition.

Framing: One compact composition, with the complete subject using about 80-90% of the square. Keep everything inside the frame.

Output: 512x512 PNG, RGBA, genuine transparent background. No text, numerals, labels, logos or watermark.",作成済み,,references/invidious.png
rationing.png,配給,配給,"Subject: A volunteer distributing equal food portions to waiting adults.

Composition: Show an adult volunteer ladling the same modest scoop of rice into each person’s bowl at a community distribution table. Several adults wait calmly with matching empty bowls and simple blank ration tokens. Keep the portioned food and orderly distribution clear, without implying that any group is less deserving.

Style: Use the attached invidious.png for drawing style only. Match its thick rounded dark-brown contours, simplified rounded shapes, and restrained 2D cartoon shading. Do not copy the reference subject or composition.

Framing: One compact composition, with the complete subject using about 80-90% of the square. Keep everything inside the frame.

Output: 512x512 PNG, RGBA, genuine transparent background. No text, numerals, labels, logos or watermark.",作成済み,,references/invidious.png
reverend.png,尊師,尊師,"Subject: Respectfully greeting a Christian minister.

Composition: Show an adult parishioner slightly inclining their head while greeting a minister in a plain clerical collar at a church entrance. The minister responds warmly with an open hand; let respectful conduct and setting convey the honorific without writing it.

Style: Use the attached invidious.png for drawing style only. Match its thick rounded dark-brown contours, simplified rounded shapes, and restrained 2D cartoon shading. Do not copy the reference subject or composition.

Framing: One compact composition, with the complete subject using about 80-90% of the square. Keep everything inside the frame.

Output: 512x512 PNG, RGBA, genuine transparent background. No text, explanatory labels, speech balloons or bubbles, numerals, logos or watermark.",作成済み,,references/invidious.png
rookie.png,新人選手,新人選手,"Subject: A new adult baseball player receiving guidance from an experienced teammate.

Composition: Show an adult baseball newcomer standing near the dugout with an unused glove and slightly nervous posture while an experienced teammate demonstrates the ready stance. Their uniforms match and remain unnumbered. Keep the learner attentive and capable, with the mentoring interaction establishing newness rather than age or clumsiness.

Style: Use the attached invidious.png for drawing style only. Match its thick rounded dark-brown contours, simplified rounded shapes, and restrained 2D cartoon shading. Do not copy the reference subject or composition.

Framing: One compact composition, with the complete subject using about 80-90% of the square. Keep everything inside the frame.

Output: 512x512 PNG, RGBA, genuine transparent background. No text, numerals, labels, logos or watermark.",作成済み,,references/invidious.png
solidity.png,堅固さ,堅固さ,"Subject: A heavy stone bench supporting a substantial load without bending.

Composition: Show a thick stone bench holding several large clay pots while an adult tests its stability with a firm hand. The broad legs remain planted on level ground and the slab stays perfectly straight. Keep the structure visibly dense and intact, without cracks, wobble lines, or ornamental distraction.

Style: Use the attached invidious.png for drawing style only. Match its thick rounded dark-brown contours, simplified rounded shapes, and restrained 2D cartoon shading. Do not copy the reference subject or composition.

Framing: One compact composition, with the complete subject using about 80-90% of the square. Keep everything inside the frame.

Output: 512x512 PNG, RGBA, genuine transparent background. No text, numerals, labels, logos or watermark.",作成済み,,references/invidious.png
subsidence.png,沈下,沈下,"Subject: A patch of ground sinking beneath a small building.

Composition: Show a cutaway patch of land beneath a small empty house, with compressed subsurface layers forming a shallow bowl and the ground surface sagging above them. The house tilts slightly and a path has a small step-like crack. Keep the process geological and non-graphic, with no people endangered.

Style: Use the attached invidious.png for drawing style only. Match its thick rounded dark-brown contours, simplified rounded shapes, and restrained 2D cartoon shading. Do not copy the reference subject or composition.

Framing: One compact composition, with the complete subject using about 80-90% of the square. Keep everything inside the frame.

Output: 512x512 PNG, RGBA, genuine transparent background. No text, numerals, labels, logos or watermark.",作成済み,,references/invidious.png
therefrom.png,その場所から、そこから,その場所から,"Subject: Water flowing out from a clearly visible spring in rock.

Composition: Show a small stream emerging directly from a dark opening at the base of a rocky hillside. The first water spills over a lip into a shallow channel that continues toward the foreground. Keep the source opening and continuous outward flow prominent, with no separate waterfall or hidden origin.

Style: Use the attached invidious.png for drawing style only. Match its thick rounded dark-brown contours, simplified rounded shapes, and restrained 2D cartoon shading. Do not copy the reference subject or composition.

Framing: One compact composition, with the complete subject using about 80-90% of the square. Keep everything inside the frame.

Output: 512x512 PNG, RGBA, genuine transparent background. No text, numerals, labels, logos or watermark.",作成済み,,references/invidious.png
tiptoe.png,つま先で立つ,つま先で立つ,"Subject: An adult rising onto the toes to reach a high shelf.

Composition: Show an adult stretching upward toward a jar on a high shelf, both heels lifted clearly off the floor while the balls of the feet and toes bear the weight. One hand steadies against the shelf support. Keep the knees softly extended and the body balanced rather than floating.

Style: Use the attached invidious.png for drawing style only. Match its thick rounded dark-brown contours, simplified rounded shapes, and restrained 2D cartoon shading. Do not copy the reference subject or composition.

Framing: One compact composition, with the complete subject using about 80-90% of the square. Keep everything inside the frame.

Output: 512x512 PNG, RGBA, genuine transparent background. No text, numerals, labels, logos or watermark.",作成済み,,references/invidious.png
tonne.png,メートルトン、メータートン,メートルトン,"Subject: A pallet load whose total mass is exactly one thousand kilograms.

Composition: Show a compact pallet of evenly stacked metal ingots on an industrial platform scale. The display reads only “1000 kg,” measuring the pallet and ingots together. An adult warehouse worker stands beside the secured load, entirely off the scale platform, with no extra objects contributing to the measurement.

Style: Use the attached invidious.png for drawing style only. Match its thick rounded dark-brown contours, simplified rounded shapes, and restrained 2D cartoon shading. Do not copy the reference subject or composition.

Framing: One compact composition, with the complete subject using about 80-90% of the square. Keep everything inside the frame.

Output: 512x512 PNG, RGBA, genuine transparent background. Allow only “1000 kg” on the scale display; the precise mass is essential to the metric unit. No incidental labels, logos or watermark.",作成済み,,references/invidious.png
ubiquity.png,至る所に存在すること,至る所に存在すること,"Subject: Dandelions appearing throughout every part of a small courtyard.

Composition: Show a single courtyard where dandelions grow in the lawn, between paving cracks, beside the gate, and inside neglected plant pots. An adult gardener looks around in surprise while holding a weed puller. Keep all plants part of one continuous space, with the repeated presence visible everywhere.

Style: Use the attached invidious.png for drawing style only. Match its thick rounded dark-brown contours, simplified rounded shapes, and restrained 2D cartoon shading. Do not copy the reference subject or composition.

Framing: One compact composition, with the complete subject using about 80-90% of the square. Keep everything inside the frame.

Output: 512x512 PNG, RGBA, genuine transparent background. No text, numerals, labels, logos or watermark.",作成済み,,references/invidious.png
unbridled.png,無軌道の,無軌道の,"Subject: A fictional party guest behaving with reckless lack of restraint.

Composition: Show a fictional adult party guest dancing wildly on a sturdy table while kicking cups toward its edge and ignoring concerned friends below. Their coat swings and one shoe has come loose. Keep the behavior clearly irresponsible rather than heroic, with nobody struck or injured.

Style: Use the attached invidious.png for drawing style only. Match its thick rounded dark-brown contours, simplified rounded shapes, and restrained 2D cartoon shading. Do not copy the reference subject or composition.

Framing: One compact composition, with the complete subject using about 80-90% of the square. Keep everything inside the frame.

Output: 512x512 PNG, RGBA, genuine transparent background. No text, numerals, labels, logos or watermark.",作成済み,,references/invidious.png
undeveloped.png,未発達の、未開発の,未発達の,"Subject: An untouched tract of land beside the edge of a built neighborhood.

Composition: Show a grassy parcel with shrubs, uneven earth, and a small natural pond beyond the last finished house of a neighborhood. A paved street ends at the parcel’s boundary, with no foundations, utility poles, or cleared building sites inside. Keep the uncultivated land central and undisturbed.

Style: Use the attached invidious.png for drawing style only. Match its thick rounded dark-brown contours, simplified rounded shapes, and restrained 2D cartoon shading. Do not copy the reference subject or composition.

Framing: One compact composition, with the complete subject using about 80-90% of the square. Keep everything inside the frame.

Output: 512x512 PNG, RGBA, genuine transparent background. No text, numerals, labels, logos or watermark.",作成済み,,references/invidious.png
unforgiving.png,簡単に許さない、情け容赦のない,簡単に許さない,"Subject: An adult refusing an apology after a personal slight.

Composition: Show an adult standing with arms firmly folded while a remorseful friend offers a repaired keepsake and an apologetic expression. The offended person turns away without accepting it. Keep the refusal calm but hard, with the mended object visible and no implication that forgiveness is owed.

Style: Use the attached invidious.png for drawing style only. Match its thick rounded dark-brown contours, simplified rounded shapes, and restrained 2D cartoon shading. Do not copy the reference subject or composition.

Framing: One compact composition, with the complete subject using about 80-90% of the square. Keep everything inside the frame.

Output: 512x512 PNG, RGBA, genuine transparent background. No text, numerals, labels, logos or watermark.",作成済み,,references/invidious.png
Absalom.png,アブサロム,アブサロム,"Subject: The biblical adult prince caught in a tree as his mule moves on.

Composition: Show the adult biblical prince with long hair and a simple royal cloak, his head caught in a low fork of a large oak while his mule walks forward beneath him. His hands grasp nearby branches and his body hangs above the ground. Keep the scene non-graphic, without attackers or wounds.

Style: Use the attached invidious.png for drawing style only. Match its thick rounded dark-brown contours, simplified rounded shapes, and restrained 2D cartoon shading. Do not copy the reference subject or composition.

Framing: One compact composition, with the complete subject using about 80-90% of the square. Keep everything inside the frame.

Output: 512x512 PNG, RGBA, genuine transparent background. No text, numerals, labels, logos or watermark.",作成済み,,references/invidious.png
Caesarea.png,カイサリア,カイサリア,"Subject: The ancient coastal city of Caesarea represented by its harbor and Roman theater.

Composition: Show a compact elevated view of the archaeological seaport, with its sheltered Mediterranean harbor, stone waterfront ruins, and semicircular Roman theater farther along the same shore. Keep the coastline continuous and the theater seating oriented inward toward its stage. Omit modern resort buildings, flags, and written place labels.

Style: Use the attached invidious.png for drawing style only. Match its thick rounded dark-brown contours, simplified rounded shapes, and restrained 2D cartoon shading. Do not copy the reference subject or composition.

Framing: One compact composition, with the complete subject using about 80-90% of the square. Keep everything inside the frame.

Output: 512x512 PNG, RGBA, genuine transparent background. No text, numerals, labels, logos or watermark.",作成済み,,references/invidious.png
Kellogg.png,ケロッグ,ケロッグ,"Subject: The American statesman Frank Billings Kellogg at a diplomatic signing table.

Composition: Show the elderly American statesman with a receding hairline, neatly combed white hair, and the facial likeness of his archival portraits, wearing a dark formal suit at a diplomatic desk. He holds a pen above a treaty document while other suited delegates observe. Keep the period styling consistent and all writing unreadable.

Style: Use the attached invidious.png for drawing style only. Match its thick rounded dark-brown contours, simplified rounded shapes, and restrained 2D cartoon shading. Do not copy the reference subject or composition.

Framing: One compact composition, with the complete subject using about 80-90% of the square. Keep everything inside the frame.

Output: 512x512 PNG, RGBA, genuine transparent background. No text, numerals, labels, logos or watermark.",作成済み,,references/invidious.png
able-bodied.png,身体的に健全な、健康で丈夫な肉体の,身体的に健全な,"Subject: An adult comfortably carrying a heavy garden sack.

Composition: Show a healthy adult lifting a manageable sack of soil from a low trolley, knees bent and the load held close to the torso. Their posture is stable and their expression composed. Keep the physical capability specific to this ordinary task, without comparing bodies or suggesting superior worth.

Style: Use the attached invidious.png for drawing style only. Match its thick rounded dark-brown contours, simplified rounded shapes, and restrained 2D cartoon shading. Do not copy the reference subject or composition.

Framing: One compact composition, with the complete subject using about 80-90% of the square. Keep everything inside the frame.

Output: 512x512 PNG, RGBA, genuine transparent background. No text, numerals, labels, logos or watermark.",作成済み,,references/invidious.png
acculturation.png,文化変容,文化変容,"Subject: Adopting a new custom alongside familiar traditions.

Composition: Show a fictional family cooking a shared meal with a local neighbor, combining their familiar flatbread with a stew the neighbor is teaching them to prepare. Both contribute ingredients and demonstrate techniques, making cultural exchange practical and mutual without explanatory words.

Style: Use the attached invidious.png for drawing style only. Match its thick rounded dark-brown contours, simplified rounded shapes, and restrained 2D cartoon shading. Do not copy the reference subject or composition.

Framing: One compact composition, with the complete subject using about 80-90% of the square. Keep everything inside the frame.

Output: 512x512 PNG, RGBA, genuine transparent background. No text, explanatory labels, speech balloons or bubbles, numerals, logos or watermark.",作成済み,,references/invidious.png
afore.png,船首に,船首に,"Subject: A sailor standing toward the bow of a small sailing vessel.

Composition: Show a small sailing boat in clear side view, with an adult sailor standing on the forward deck ahead of the mast and facing the pointed bow. The tiller and stern remain visible at the opposite end. Keep the person securely inside the railing and the hull orientation unambiguous.

Style: Use the attached invidious.png for drawing style only. Match its thick rounded dark-brown contours, simplified rounded shapes, and restrained 2D cartoon shading. Do not copy the reference subject or composition.

Framing: One compact composition, with the complete subject using about 80-90% of the square. Keep everything inside the frame.

Output: 512x512 PNG, RGBA, genuine transparent background. No text, numerals, labels, logos or watermark.",作成済み,,references/invidious.png
agape.png,神の愛,神の愛,"Subject: Unconditional divine love represented through compassionate care.

Composition: Show a fictional Christian offering a warm meal and a place beside them to a distressed stranger in a simple chapel. The open Bible and unobtrusive cross locate the belief context, while equal, welcoming care conveys love without expectation of repayment.

Style: Use the attached invidious.png for drawing style only. Match its thick rounded dark-brown contours, simplified rounded shapes, and restrained 2D cartoon shading. Do not copy the reference subject or composition.

Framing: One compact composition, with the complete subject using about 80-90% of the square. Keep everything inside the frame.

Output: 512x512 PNG, RGBA, genuine transparent background. No text, explanatory labels, speech balloons or bubbles, numerals, logos or watermark.",作成済み,,references/invidious.png
amorous.png,好色な,好色な,"Subject: A fictional adult openly expressing strong romantic desire to a consenting partner.

Composition: Show two clearly adult partners seated close together at a café table, exchanging sustained flirtatious eye contact. One leans forward with a playful smile and gently touches the other’s hand, while the partner responds warmly. Keep both fully clothed, with attraction conveyed through mutual posture rather than explicit sexuality.

Style: Use the attached invidious.png for drawing style only. Match its thick rounded dark-brown contours, simplified rounded shapes, and restrained 2D cartoon shading. Do not copy the reference subject or composition.

Framing: One compact composition, with the complete subject using about 80-90% of the square. Keep everything inside the frame.

Output: 512x512 PNG, RGBA, genuine transparent background. No text, numerals, labels, logos or watermark.",作成済み,,references/invidious.png
antiquated.png,古風な,古風な,"Subject: An old-fashioned cast-iron flatiron being warmed on a stove.

Composition: Show a heavy triangular iron with a wooden handle resting on a small cast-iron stove beside a folded linen shirt. An adult in old-fashioned sleeves lifts a second iron with a cloth, making the laborious pre-electric ironing method immediately recognizable.

Style: Use the attached invidious.png for drawing style only. Match its thick rounded dark-brown contours, simplified rounded shapes, and restrained 2D cartoon shading. Do not copy the reference subject or composition.

Framing: One compact composition, with the complete subject using about 80-90% of the square. Keep everything inside the frame.

Output: 512x512 PNG, RGBA, genuine transparent background. No text, numerals, labels, logos or watermark.",作成済み,,references/invidious.png
appellation.png,名称,名称,"Subject: A name attached to a particular animal.

Composition: Show an adult fastening a small dog tag bearing the fictional name Milo onto a calm brown dog’s collar. A visitor looks toward the tag and dog together; keep the actual name as the object being illustrated, without a spoken explanation.

Style: Use the attached invidious.png for drawing style only. Match its thick rounded dark-brown contours, simplified rounded shapes, and restrained 2D cartoon shading. Do not copy the reference subject or composition.

Framing: One compact composition, with the complete subject using about 80-90% of the square. Keep everything inside the frame.

Output: 512x512 PNG, RGBA, genuine transparent background. Allow only Milo on the physical name tag; no dialogue or explanatory caption. No incidental captions, speech balloons, logos or watermark.",作成済み,,references/invidious.png
asexual.png,無性の、生器のない,無性の,"Subject: A freshwater hydra reproducing by budding.

Composition: Show one complete pale green hydra anchored by its basal disc to a submerged twig. A much smaller hydra grows directly from its side, already bearing a mouth and its own ring of tentacles; keep their continuous tissue connection clearly visible.

Style: Use the attached invidious.png for drawing style only. Match its thick rounded dark-brown contours, simplified rounded shapes, and restrained 2D cartoon shading. Do not copy the reference subject or composition.

Framing: One compact composition, with the complete subject using about 80-90% of the square. Keep everything inside the frame.

Output: 512x512 PNG, RGBA, genuine transparent background. No text, numerals, labels, logos or watermark.",作成済み,,references/invidious.png
banishment.png,国外追放、流刑,国外追放,"Subject: A banished adult departing through a guarded city gate.

Composition: Show an adult carrying one small travel bundle beyond a stone city gate while two guards remain inside and firmly bar the return path with crossed spear shafts. The departing person looks back sorrowfully, with empty open country ahead and all bodies fully visible.

Style: Use the attached invidious.png for drawing style only. Match its thick rounded dark-brown contours, simplified rounded shapes, and restrained 2D cartoon shading. Do not copy the reference subject or composition.

Framing: One compact composition, with the complete subject using about 80-90% of the square. Keep everything inside the frame.

Output: 512x512 PNG, RGBA, genuine transparent background. No text, numerals, labels, logos or watermark.",作成済み,,references/invidious.png
cascaded.png,滝のように落ちる,滝のように落ちる,"Subject: Water pouring down successive rocky ledges.

Composition: Show a vigorous ribbon of clear water spilling from a high rock shelf onto two lower shelves and into a small pool. Each drop has a separate white splash, while the continuous downward flow connects the ledges in one compact rocky formation.

Style: Use the attached invidious.png for drawing style only. Match its thick rounded dark-brown contours, simplified rounded shapes, and restrained 2D cartoon shading. Do not copy the reference subject or composition.

Framing: One compact composition, with the complete subject using about 80-90% of the square. Keep everything inside the frame.

Output: 512x512 PNG, RGBA, genuine transparent background. No text, numerals, labels, logos or watermark.",作成済み,,references/invidious.png
coachman.png,御者,御者,"Subject: A coachman driving a horse-drawn carriage.

Composition: Show an adult coachman seated securely on the raised front bench of a four-wheeled carriage, holding the reins in both hands. The reins connect plausibly to the bridle of one harnessed horse; show the full horse, shafts, carriage wheels, and passenger compartment.

Style: Use the attached invidious.png for drawing style only. Match its thick rounded dark-brown contours, simplified rounded shapes, and restrained 2D cartoon shading. Do not copy the reference subject or composition.

Framing: One compact composition, with the complete subject using about 80-90% of the square. Keep everything inside the frame.

Output: 512x512 PNG, RGBA, genuine transparent background. No text, numerals, labels, logos or watermark.",作成済み,,references/invidious.png
coax.png,うまく説得する、おだてる,うまく説得する,"Subject: A patient adult coaxing a reluctant dog out from under a chair.

Composition: Show an adult crouching at a comfortable distance and extending a small treat on an open palm. A timid dog inches forward from beneath the chair, one paw reaching out; the adult's soft smile and unhurried posture convey gentle persuasion.

Style: Use the attached invidious.png for drawing style only. Match its thick rounded dark-brown contours, simplified rounded shapes, and restrained 2D cartoon shading. Do not copy the reference subject or composition.

Framing: One compact composition, with the complete subject using about 80-90% of the square. Keep everything inside the frame.

Output: 512x512 PNG, RGBA, genuine transparent background. No text, numerals, labels, logos or watermark.",作成済み,,references/invidious.png
counterpoint.png,対位法,対位法,"Subject: Two independent musical melodies played together at one keyboard.

Composition: Show an adult at a compact harpsichord with each hand playing a different register. On its single music stand, two aligned staves contain independent, nonparallel melodic contours: the upper melody moves through short notes while the lower unfolds a distinct slower phrase, both sounding together.

Style: Use the attached invidious.png for drawing style only. Match its thick rounded dark-brown contours, simplified rounded shapes, and restrained 2D cartoon shading. Do not copy the reference subject or composition.

Framing: One compact composition, with the complete subject using about 80-90% of the square. Keep everything inside the frame.

Output: 512x512 PNG, RGBA, genuine transparent background. Allow only essential musical staff lines, clefs, and note symbols on the open score; no words or numerals. No incidental labels, logos or watermark.",作成済み,,references/invidious.png
cutlery.png,刃物類,刃物類,"Subject: A practical set of kitchen cutting implements.

Composition: Show a chef's knife, a small paring knife, a serrated bread knife, and closed kitchen shears arranged neatly on one wooden cutting board. Distinguish their blade shapes and handles clearly, with all points and finger loops fully visible and no hands touching the edges.

Style: Use the attached invidious.png for drawing style only. Match its thick rounded dark-brown contours, simplified rounded shapes, and restrained 2D cartoon shading. Do not copy the reference subject or composition.

Framing: One compact composition, with the complete subject using about 80-90% of the square. Keep everything inside the frame.

Output: 512x512 PNG, RGBA, genuine transparent background. No text, numerals, labels, logos or watermark.",作成済み,,references/invidious.png
desertion.png,遺棄,遺棄,"Subject: An abandoned dog left beside discarded household belongings.

Composition: Show a dog sitting next to its empty bowl and worn blanket outside a closed, visibly deserted house. A departing moving van is already far away along the short driveway; the dog watches it with lowered ears, emphasizing the animal being left behind.

Style: Use the attached invidious.png for drawing style only. Match its thick rounded dark-brown contours, simplified rounded shapes, and restrained 2D cartoon shading. Do not copy the reference subject or composition.

Framing: One compact composition, with the complete subject using about 80-90% of the square. Keep everything inside the frame.

Output: 512x512 PNG, RGBA, genuine transparent background. No text, numerals, labels, logos or watermark.",作成済み,,references/invidious.png
dogged.png,がんこな,がんこな,"Subject: An adult stubbornly continuing to push a stuck wheelbarrow.

Composition: Show a gardener planting both boots firmly in mud and pushing the handles of a wheelbarrow whose front wheel is trapped in a rut. Their jaw is set and eyebrows determined; a nearby helper offers a shovel, but the gardener keeps pushing.

Style: Use the attached invidious.png for drawing style only. Match its thick rounded dark-brown contours, simplified rounded shapes, and restrained 2D cartoon shading. Do not copy the reference subject or composition.

Framing: One compact composition, with the complete subject using about 80-90% of the square. Keep everything inside the frame.

Output: 512x512 PNG, RGBA, genuine transparent background. No text, numerals, labels, logos or watermark.",作成済み,,references/invidious.png
fatally.png,致命的に、死に至るほどに,致命的に,"Subject: A non-graphic scene of a mouse killed by a fallen heavy object.

Composition: Show a motionless mouse lying beside a toppled stone slab, its eyes closed and body intact. A veterinarian kneels nearby with a stethoscope held to its chest and a grave expression; avoid blood, crushed anatomy, or a sleeping posture.

Style: Use the attached invidious.png for drawing style only. Match its thick rounded dark-brown contours, simplified rounded shapes, and restrained 2D cartoon shading. Do not copy the reference subject or composition.

Framing: One compact composition, with the complete subject using about 80-90% of the square. Keep everything inside the frame.

Output: 512x512 PNG, RGBA, genuine transparent background. No text, numerals, labels, logos or watermark.",作成済み,,references/invidious.png
fiend.png,〜狂,〜狂,"Subject: A stamp enthusiast absorbed in an enormous stamp collection.

Composition: Show an adult leaning eagerly over an open album, carefully lifting one tiny stamp with tweezers while holding a magnifier in the other hand. Albums and sorted stamp trays crowd the same desk; all stamps use small pictorial designs without writing or numbers.

Style: Use the attached invidious.png for drawing style only. Match its thick rounded dark-brown contours, simplified rounded shapes, and restrained 2D cartoon shading. Do not copy the reference subject or composition.

Framing: One compact composition, with the complete subject using about 80-90% of the square. Keep everything inside the frame.

Output: 512x512 PNG, RGBA, genuine transparent background. No text, numerals, labels, logos or watermark.",作成済み,,references/invidious.png
goblin.png,ゴブリン、小鬼,ゴブリン,"Subject: A mischievous little goblin stealing a boot.

Composition: Show a squat green fantasy creature with pointed ears, a broad nose, and a ragged waistcoat tiptoeing away with one oversized boot. Its other hand covers a gleeful grin; the matching boot remains beside a small stool, revealing the prank.

Style: Use the attached invidious.png for drawing style only. Match its thick rounded dark-brown contours, simplified rounded shapes, and restrained 2D cartoon shading. Do not copy the reference subject or composition.

Framing: One compact composition, with the complete subject using about 80-90% of the square. Keep everything inside the frame.

Output: 512x512 PNG, RGBA, genuine transparent background. No text, numerals, labels, logos or watermark.",作成済み,,references/invidious.png
headway.png,進歩、前進,進歩,"Subject: A small rowing boat making progress against a current.

Composition: Show a rower pulling both oars through choppy water while the boat's bow advances beyond a fixed rock. A narrow wake trails behind the stern, and the rower's braced feet and focused expression make the hard-earned forward movement clear.

Style: Use the attached invidious.png for drawing style only. Match its thick rounded dark-brown contours, simplified rounded shapes, and restrained 2D cartoon shading. Do not copy the reference subject or composition.

Framing: One compact composition, with the complete subject using about 80-90% of the square. Keep everything inside the frame.

Output: 512x512 PNG, RGBA, genuine transparent background. No text, numerals, labels, logos or watermark.",作成済み,,references/invidious.png
heather.png,ヘザー、ギョリュウモドキ,ヘザー,"Subject: A compact flowering Calluna vulgaris shrub.

Composition: Show a whole low woody heather plant rooted in a small mound of acidic heathland soil. Many upright twiggy stems carry tiny overlapping scale-like leaves and dense spikes of small pink-purple flowers; retain the fine clustered character without enlarging the blooms into roses.

Style: Use the attached invidious.png for drawing style only. Match its thick rounded dark-brown contours, simplified rounded shapes, and restrained 2D cartoon shading. Do not copy the reference subject or composition.

Framing: One compact composition, with the complete subject using about 80-90% of the square. Keep everything inside the frame.

Output: 512x512 PNG, RGBA, genuine transparent background. No text, numerals, labels, logos or watermark.",作成済み,,references/invidious.png
homogenization.png,均一化、均質化,均一化,"Subject: Milk fat being dispersed by a homogenizer.

Composition: Show a cutaway of one compact milk-processing chamber with a piston forcing creamy liquid through a narrow valve. Several large golden fat droplets enter at one side and many tiny evenly dispersed droplets leave in the continuous milk stream on the other side.

Style: Use the attached invidious.png for drawing style only. Match its thick rounded dark-brown contours, simplified rounded shapes, and restrained 2D cartoon shading. Do not copy the reference subject or composition.

Framing: One compact composition, with the complete subject using about 80-90% of the square. Keep everything inside the frame.

Output: 512x512 PNG, RGBA, genuine transparent background. No text, numerals, labels, logos or watermark.",作成済み,,references/invidious.png
humanoid.png,人間の形をした、人間そっくりの,人間の形をした,"Subject: A friendly robot with a clearly human-shaped body.

Composition: Show a standing robot with one head, an upright torso, two articulated arms, two hands, two legs, and two feet. It gently holds a watering can with one hand while its other hand steadies a plant pot; keep its mechanical joints visibly distinct from skin.

Style: Use the attached invidious.png for drawing style only. Match its thick rounded dark-brown contours, simplified rounded shapes, and restrained 2D cartoon shading. Do not copy the reference subject or composition.

Framing: One compact composition, with the complete subject using about 80-90% of the square. Keep everything inside the frame.

Output: 512x512 PNG, RGBA, genuine transparent background. No text, numerals, labels, logos or watermark.",作成済み,,references/invidious.png
inadvertent.png,不注意な,不注意な,"Subject: An adult accidentally knocking a cup off a desk.

Composition: Show an adult turning to reach for a book while their elbow unknowingly tips a water cup over the desk edge. Their face turns in sudden surprise as water spills; the other hand still grips the book and neither hand deliberately touches the cup.

Style: Use the attached invidious.png for drawing style only. Match its thick rounded dark-brown contours, simplified rounded shapes, and restrained 2D cartoon shading. Do not copy the reference subject or composition.

Framing: One compact composition, with the complete subject using about 80-90% of the square. Keep everything inside the frame.

Output: 512x512 PNG, RGBA, genuine transparent background. No text, numerals, labels, logos or watermark.",作成済み,,references/invidious.png
indwelling.png,内在の,内在の,"Subject: A person's inner conscience prompting them to return a lost purse.

Composition: Show an adult holding a found purse and stepping toward its worried owner with a sincere expression. A small warm glow is contained within the returning person's chest, a restrained allegory of inward guidance; it casts no external angel or separate spirit.

Style: Use the attached invidious.png for drawing style only. Match its thick rounded dark-brown contours, simplified rounded shapes, and restrained 2D cartoon shading. Do not copy the reference subject or composition.

Framing: One compact composition, with the complete subject using about 80-90% of the square. Keep everything inside the frame.

Output: 512x512 PNG, RGBA, genuine transparent background. No text, numerals, labels, logos or watermark.",作成済み,,references/invidious.png
lading.png,荷積み,荷積み,"Subject: Dockworkers loading crates onto a cargo boat.

Composition: Show two adults rolling a firmly strapped crate up a broad gangplank on a hand truck. One pulls its handles while the other pushes the crate from behind; the boat is moored securely beside the quay and already holds several stacked crates.

Style: Use the attached invidious.png for drawing style only. Match its thick rounded dark-brown contours, simplified rounded shapes, and restrained 2D cartoon shading. Do not copy the reference subject or composition.

Framing: One compact composition, with the complete subject using about 80-90% of the square. Keep everything inside the frame.

Output: 512x512 PNG, RGBA, genuine transparent background. No text, numerals, labels, logos or watermark.",作成済み,,references/invidious.png
meekly.png,おとなしく、柔順に,おとなしく,"Subject: An adult meekly accepting a supervisor's correction.

Composition: Show an adult standing with relaxed lowered shoulders and hands folded in front while a supervisor points calmly to an incorrectly assembled shelf. The listener looks down and nods without arguing; both figures stand at equal scale beside the unfinished furniture.

Style: Use the attached invidious.png for drawing style only. Match its thick rounded dark-brown contours, simplified rounded shapes, and restrained 2D cartoon shading. Do not copy the reference subject or composition.

Framing: One compact composition, with the complete subject using about 80-90% of the square. Keep everything inside the frame.

Output: 512x512 PNG, RGBA, genuine transparent background. No text, numerals, labels, logos or watermark.",作成済み,,references/invidious.png
moat.png,堀,堀,"Subject: A small stone castle surrounded by a water-filled moat.

Composition: Show a compact castle on a raised island completely encircled by a deep water trench. One wooden drawbridge spans the gap to the entrance, with water visibly continuing beneath it and around the far side; keep the whole defensive ring visible.

Style: Use the attached invidious.png for drawing style only. Match its thick rounded dark-brown contours, simplified rounded shapes, and restrained 2D cartoon shading. Do not copy the reference subject or composition.

Framing: One compact composition, with the complete subject using about 80-90% of the square. Keep everything inside the frame.

Output: 512x512 PNG, RGBA, genuine transparent background. No text, numerals, labels, logos or watermark.",作成済み,,references/invidious.png
monolingual.png,一言語だけ話す,一言語だけ話す,"Subject: Using only one language.

Composition: Show a traveler at an information desk comfortably reading one language booklet while unable to follow a second booklet in a visibly different script. The attendant patiently points back to the familiar booklet; render all text as nonlegible lines and use no flags as a proxy for ability.

Style: Use the attached invidious.png for drawing style only. Match its thick rounded dark-brown contours, simplified rounded shapes, and restrained 2D cartoon shading. Do not copy the reference subject or composition.

Framing: One compact composition, with the complete subject using about 80-90% of the square. Keep everything inside the frame.

Output: 512x512 PNG, RGBA, genuine transparent background. No text, explanatory labels, speech balloons or bubbles, numerals, logos or watermark.",作成済み,,references/invidious.png
mortuary.png,遺体安置所,遺体安置所,"Subject: A respectful mortuary room with a covered body.

Composition: Show a clean wheeled mortuary trolley carrying a fully sheet-covered adult body in front of a wall of closed refrigerated compartments. One gloved attendant stands beside the trolley with a solemn expression; keep the scene quiet, clinical, and entirely non-graphic.

Style: Use the attached invidious.png for drawing style only. Match its thick rounded dark-brown contours, simplified rounded shapes, and restrained 2D cartoon shading. Do not copy the reference subject or composition.

Framing: One compact composition, with the complete subject using about 80-90% of the square. Keep everything inside the frame.

Output: 512x512 PNG, RGBA, genuine transparent background. No text, numerals, labels, logos or watermark.",作成済み,,references/invidious.png
noir.png,暗黒映画,暗黒映画,"Subject: A noir detective scene on a small film set.

Composition: Show an adult detective in a fedora and trench coat standing inside a small office film set. A visible studio lamp shines through real venetian blinds, casting sharp stripes across the desk and detective; a vintage motion-picture camera on a tripod films the brooding scene.

Style: Use the attached invidious.png for drawing style only. Match its thick rounded dark-brown contours, simplified rounded shapes, and restrained 2D cartoon shading. Do not copy the reference subject or composition.

Framing: One compact composition, with the complete subject using about 80-90% of the square. Keep everything inside the frame.

Output: 512x512 PNG, RGBA, genuine transparent background. No text, numerals, labels, logos or watermark.",作成済み,,references/invidious.png
ordinate.png,縦座標,縦座標,"Subject: The vertical coordinate of a point on a Cartesian graph.

Composition: Show a small upright graph board with perpendicular axes and a single point at coordinates three across and four up. A dashed horizontal guide reaches the vertical axis at 4, which is circled; emphasize that height rather than the point's horizontal distance.

Style: Use the attached invidious.png for drawing style only. Match its thick rounded dark-brown contours, simplified rounded shapes, and restrained 2D cartoon shading. Do not copy the reference subject or composition.

Framing: One compact composition, with the complete subject using about 80-90% of the square. Keep everything inside the frame.

Output: 512x512 PNG, RGBA, genuine transparent background. Allow only essential axis numerals 0 through 4 and the coordinate pair (3,4); no words or answer labels. No incidental labels, logos or watermark.",作成済み,,references/invidious.png
paramilitary.png,準軍事的な、自警団的な,準軍事的な,"Subject: A civilian auxiliary unit conducting organized drill.

Composition: Show four adults in matching plain olive work uniforms practicing a coordinated marching turn under a civilian instructor. They wear simple armbands without insignia and carry no weapons; their formal formation and drill posture show military-style organization outside a regular army.

Style: Use the attached invidious.png for drawing style only. Match its thick rounded dark-brown contours, simplified rounded shapes, and restrained 2D cartoon shading. Do not copy the reference subject or composition.

Framing: One compact composition, with the complete subject using about 80-90% of the square. Keep everything inside the frame.

Output: 512x512 PNG, RGBA, genuine transparent background. No text, numerals, labels, logos or watermark.",作成済み,,references/invidious.png
populate.png,居住させる,居住させる,"Subject: New residents being settled into a newly built village.

Composition: Show an organizer handing house keys to two adults beside a small completed cottage while another family carries boxes into the neighboring cottage. A previously empty row of homes is becoming inhabited; doors are open and the belongings are being moved inward.

Style: Use the attached invidious.png for drawing style only. Match its thick rounded dark-brown contours, simplified rounded shapes, and restrained 2D cartoon shading. Do not copy the reference subject or composition.

Framing: One compact composition, with the complete subject using about 80-90% of the square. Keep everything inside the frame.

Output: 512x512 PNG, RGBA, genuine transparent background. No text, numerals, labels, logos or watermark.",作成済み,,references/invidious.png
prospectus.png,趣意書,趣意書,"Subject: An organizer presenting a printed proposal for a community garden.

Composition: Show an adult opening a bound proposal booklet across a table for two interested participants. Its central page contains a detailed drawing of planned garden beds, paths, and a tool shed, matching a small model on the table; use no readable print.

Style: Use the attached invidious.png for drawing style only. Match its thick rounded dark-brown contours, simplified rounded shapes, and restrained 2D cartoon shading. Do not copy the reference subject or composition.

Framing: One compact composition, with the complete subject using about 80-90% of the square. Keep everything inside the frame.

Output: 512x512 PNG, RGBA, genuine transparent background. No text, numerals, labels, logos or watermark.",作成済み,,references/invidious.png
quay.png,波止場,波止場,"Subject: A stone quay beside a moored fishing boat.

Composition: Show a compact stretch of vertical stone waterfront with a fishing boat tied to two iron bollards. Coiled ropes and a fish crate rest on the paved top; a short ladder descends the quay wall toward water beside the floating hull.

Style: Use the attached invidious.png for drawing style only. Match its thick rounded dark-brown contours, simplified rounded shapes, and restrained 2D cartoon shading. Do not copy the reference subject or composition.

Framing: One compact composition, with the complete subject using about 80-90% of the square. Keep everything inside the frame.

Output: 512x512 PNG, RGBA, genuine transparent background. No text, numerals, labels, logos or watermark.",作成済み,,references/invidious.png
raucous.png,騒々しい,騒々しい,"Subject: A boisterous group shouting over a tabletop game.

Composition: Show four adults crowded around a small game table, mouths wide open in overlapping cheers and arguments. One throws both arms up while another bangs an open palm on the table; the game pieces jostle and a nearby listener covers both ears.

Style: Use the attached invidious.png for drawing style only. Match its thick rounded dark-brown contours, simplified rounded shapes, and restrained 2D cartoon shading. Do not copy the reference subject or composition.

Framing: One compact composition, with the complete subject using about 80-90% of the square. Keep everything inside the frame.

Output: 512x512 PNG, RGBA, genuine transparent background. No text, numerals, labels, logos or watermark.",作成済み,,references/invidious.png
remake.png,リメークする、作り直す,リメークする,"Subject: A potter remaking a collapsed clay bowl.

Composition: Show a potter seated at a stationary wheel, folding the collapsed wall of a failed clay bowl inward with both hands to knead it back into one reusable mound. A flattened uneven rim is still visible under the fingers; show this single remaking step without another finished bowl.

Style: Use the attached invidious.png for drawing style only. Match its thick rounded dark-brown contours, simplified rounded shapes, and restrained 2D cartoon shading. Do not copy the reference subject or composition.

Framing: One compact composition, with the complete subject using about 80-90% of the square. Keep everything inside the frame.

Output: 512x512 PNG, RGBA, genuine transparent background. No text, numerals, labels, logos or watermark.",作成済み,,references/invidious.png
resumption.png,再開,再開,"Subject: A seamstress resuming interrupted sewing after a break.

Composition: Show an adult returning to a sewing machine and guiding a partly stitched sleeve beneath its needle. A half-full teacup rests on a nearby tray, and the previously paused fabric remains in position with its long unfinished seam clearly visible.

Style: Use the attached invidious.png for drawing style only. Match its thick rounded dark-brown contours, simplified rounded shapes, and restrained 2D cartoon shading. Do not copy the reference subject or composition.

Framing: One compact composition, with the complete subject using about 80-90% of the square. Keep everything inside the frame.

Output: 512x512 PNG, RGBA, genuine transparent background. No text, numerals, labels, logos or watermark.",作成済み,,references/invidious.png
savagely.png,どう猛に,どう猛に,"Subject: A wild boar charging at an intruding rival.

Composition: Show a bristling wild boar lunging forward with lowered tusks and flared nostrils toward another boar that braces defensively. Dirt sprays from the charging animal's hooves; both complete bodies remain visible without wounds or contact injuries.

Style: Use the attached invidious.png for drawing style only. Match its thick rounded dark-brown contours, simplified rounded shapes, and restrained 2D cartoon shading. Do not copy the reference subject or composition.

Framing: One compact composition, with the complete subject using about 80-90% of the square. Keep everything inside the frame.

Output: 512x512 PNG, RGBA, genuine transparent background. No text, numerals, labels, logos or watermark.",作成済み,,references/invidious.png
sawdust.png,おがくず,おがくず,"Subject: Fresh sawdust collecting beneath a carpenter's saw.

Composition: Show a board clamped securely to a workbench with a hand saw partway through it. A soft heap of tiny pale wood particles lies directly below the cut, with a few grains falling; distinguish this powdery debris from long curled wood shavings.

Style: Use the attached invidious.png for drawing style only. Match its thick rounded dark-brown contours, simplified rounded shapes, and restrained 2D cartoon shading. Do not copy the reference subject or composition.

Framing: One compact composition, with the complete subject using about 80-90% of the square. Keep everything inside the frame.

Output: 512x512 PNG, RGBA, genuine transparent background. No text, numerals, labels, logos or watermark.",作成済み,,references/invidious.png
sea-level.png,平均海面,平均海面,"Subject: A tide gauge marking the average sea surface.

Composition: Show a tide-measuring station fixed to a short coastal pier, with a connected recording instrument displaying one continuous water-height trace over many rising and falling tides. A straight horizontal line marks the time-averaged height across the trace; avoid suggesting an exact midpoint between just two tide marks.

Style: Use the attached invidious.png for drawing style only. Match its thick rounded dark-brown contours, simplified rounded shapes, and restrained 2D cartoon shading. Do not copy the reference subject or composition.

Framing: One compact composition, with the complete subject using about 80-90% of the square. Keep everything inside the frame.

Output: 512x512 PNG, RGBA, genuine transparent background. No text, numerals, labels, logos or watermark.",作成済み,,references/invidious.png
sneaky.png,コソコソする、卑劣な,コソコソする,"Subject: An adult secretly taking the last biscuit.

Composition: Show an adult glancing sideways while slowly lifting the lid of a biscuit tin with one hand and slipping out a biscuit with the other. They hunch behind the counter to avoid a nearby person's view, making the furtive action obvious.

Style: Use the attached invidious.png for drawing style only. Match its thick rounded dark-brown contours, simplified rounded shapes, and restrained 2D cartoon shading. Do not copy the reference subject or composition.

Framing: One compact composition, with the complete subject using about 80-90% of the square. Keep everything inside the frame.

Output: 512x512 PNG, RGBA, genuine transparent background. No text, numerals, labels, logos or watermark.",作成済み,,references/invidious.png
spanking.png,活発な,活発な,"Subject: A spirited horse trotting at a brisk pace.

Composition: Show a lively chestnut horse pulling a light two-wheeled cart at an energetic trot, ears alert and mane bouncing. The driver sits securely holding the reins, while one diagonal pair of the horse's legs reaches forward in a coherent trotting gait.

Style: Use the attached invidious.png for drawing style only. Match its thick rounded dark-brown contours, simplified rounded shapes, and restrained 2D cartoon shading. Do not copy the reference subject or composition.

Framing: One compact composition, with the complete subject using about 80-90% of the square. Keep everything inside the frame.

Output: 512x512 PNG, RGBA, genuine transparent background. No text, numerals, labels, logos or watermark.",作成済み,,references/invidious.png
spore.png,胞子,胞子,"Subject: Fern spores escaping from sporangia beneath a frond.

Composition: Show the underside of one complete fern frond curving over a bench, with orderly brown sporangia clusters along its leaflets. A magnifying lens fixed to a small stand enlarges one opening capsule, revealing the tiny separate spores it releases; the lens and frond remain physically supported.

Style: Use the attached invidious.png for drawing style only. Match its thick rounded dark-brown contours, simplified rounded shapes, and restrained 2D cartoon shading. Do not copy the reference subject or composition.

Framing: One compact composition, with the complete subject using about 80-90% of the square. Keep everything inside the frame.

Output: 512x512 PNG, RGBA, genuine transparent background. No text, numerals, labels, logos or watermark.",作成済み,,references/invidious.png
sulphide.png,硫化物,硫化物,"Subject: A pyrite specimen with characteristic metallic cubic crystals.

Composition: Show a whole irregular rock specimen supporting several intergrown brass-yellow pyrite cubes. Give the cubes sharp right-angled edges, metallic highlights, and subtle parallel striations on their faces, with a rough dark matrix underneath and no gold coins or jewelry nearby.

Style: Use the attached invidious.png for drawing style only. Match its thick rounded dark-brown contours, simplified rounded shapes, and restrained 2D cartoon shading. Do not copy the reference subject or composition.

Framing: One compact composition, with the complete subject using about 80-90% of the square. Keep everything inside the frame.

Output: 512x512 PNG, RGBA, genuine transparent background. No text, numerals, labels, logos or watermark.",作成済み,,references/invidious.png
tequila.png,テキーラ,テキーラ,"Subject: A small serving of clear tequila beside blue agave.

Composition: Show a short narrow drinking glass holding a modest measure of clear spirit beside an unbranded bottle. A compact blue agave plant with stiff blue-green pointed leaves stands behind them, while a cut fibrous agave heart rests at the base as the identifying ingredient.

Style: Use the attached invidious.png for drawing style only. Match its thick rounded dark-brown contours, simplified rounded shapes, and restrained 2D cartoon shading. Do not copy the reference subject or composition.

Framing: One compact composition, with the complete subject using about 80-90% of the square. Keep everything inside the frame.

Output: 512x512 PNG, RGBA, genuine transparent background. No text, numerals, labels, logos or watermark.",作成済み,,references/invidious.png
thoughtless.png,不注意な、そそっかしい,不注意な,"Subject: An adult thoughtlessly leaving a bag in a busy walkway.

Composition: Show an adult engrossed in a phone while setting a large shopping bag directly in a doorway. Another adult carrying a tray has to stop abruptly to avoid tripping; the first person's unawareness and the obstructed passage convey careless lack of consideration.

Style: Use the attached invidious.png for drawing style only. Match its thick rounded dark-brown contours, simplified rounded shapes, and restrained 2D cartoon shading. Do not copy the reference subject or composition.

Framing: One compact composition, with the complete subject using about 80-90% of the square. Keep everything inside the frame.

Output: 512x512 PNG, RGBA, genuine transparent background. No text, numerals, labels, logos or watermark.",作成済み,,references/invidious.png
well-worn.png,使い古した,使い古した,"Subject: A pair of heavily worn leather walking boots.

Composition: Show two complete boots with creased faded leather, frayed laces, scuffed toes, and visibly thinned soles. One lies on its side to expose the worn tread while the other stands upright; the damage comes from long use rather than a single accident.

Style: Use the attached invidious.png for drawing style only. Match its thick rounded dark-brown contours, simplified rounded shapes, and restrained 2D cartoon shading. Do not copy the reference subject or composition.

Framing: One compact composition, with the complete subject using about 80-90% of the square. Keep everything inside the frame.

Output: 512x512 PNG, RGBA, genuine transparent background. No text, numerals, labels, logos or watermark.",作成済み,,references/invidious.png
wicker.png,枝編み細工,枝編み細工,"Subject: A wicker basket with interwoven flexible twigs.

Composition: Show a complete open basket with a curved handle, woven from pale willow rods. Several loose rod ends remain near one unfinished rim section, revealing vertical stakes crossed by horizontal weaving; an adult craftsperson's full seated figure tucks one strand into place.

Style: Use the attached invidious.png for drawing style only. Match its thick rounded dark-brown contours, simplified rounded shapes, and restrained 2D cartoon shading. Do not copy the reference subject or composition.

Framing: One compact composition, with the complete subject using about 80-90% of the square. Keep everything inside the frame.

Output: 512x512 PNG, RGBA, genuine transparent background. No text, numerals, labels, logos or watermark.",作成済み,,references/invidious.png
Berkshire.png,バークシャー州,バークシャー州,"Subject: Windsor Castle and its parkland in Berkshire.

Composition: Show the castle's prominent round stone tower rising above crenellated walls and lower buildings, viewed along a short portion of the tree-lined Long Walk. A few deer graze in the adjacent parkland; keep the entire castle silhouette visible without flags or written signs.

Style: Use the attached invidious.png for drawing style only. Match its thick rounded dark-brown contours, simplified rounded shapes, and restrained 2D cartoon shading. Do not copy the reference subject or composition.

Framing: One compact composition, with the complete subject using about 80-90% of the square. Keep everything inside the frame.

Output: 512x512 PNG, RGBA, genuine transparent background. No text, numerals, labels, logos or watermark.",作成済み,,references/invidious.png
Blaise.png,ブレーズ、ブレズ,ブレーズ,"Subject: A fictional adult named Blaise repairing a violin.

Composition: Show a young adult with short dark curls and rolled shirtsleeves seated at a luthier's bench, carefully adjusting a violin bridge with one hand while the other steadies the instrument. A bow and a small clamp lie nearby; this is a natural named-person scene without claiming a famous identity.

Style: Use the attached invidious.png for drawing style only. Match its thick rounded dark-brown contours, simplified rounded shapes, and restrained 2D cartoon shading. Do not copy the reference subject or composition.

Framing: One compact composition, with the complete subject using about 80-90% of the square. Keep everything inside the frame.

Output: 512x512 PNG, RGBA, genuine transparent background. No text, numerals, labels, logos or watermark.",作成済み,,references/invidious.png
Bremen.png,ブレーメン,ブレーメン,"Subject: Bremen's historic town hall and Roland statue.

Composition: Show the complete ornate Weser Renaissance town-hall facade with its steep roof and central decorative gable behind the standing stone Roland statue. Roland holds a sword upright and a shield before his body; both landmarks share one small cobbled market-square setting.

Style: Use the attached invidious.png for drawing style only. Match its thick rounded dark-brown contours, simplified rounded shapes, and restrained 2D cartoon shading. Do not copy the reference subject or composition.

Framing: One compact composition, with the complete subject using about 80-90% of the square. Keep everything inside the frame.

Output: 512x512 PNG, RGBA, genuine transparent background. No text, numerals, labels, logos or watermark.",作成済み,,references/invidious.png
McMillan.png,マクミラン,マクミラン,"Subject: Edwin McMillan working beside an early particle accelerator.

Composition: Show the middle-aged physicist with a receding hairline and a neat suit leaning toward a compact representation of a cyclotron's round magnet assembly. He holds a notebook in one hand and adjusts a nearby control with the other, using a restrained mid-twentieth-century laboratory setting.

Style: Use the attached invidious.png for drawing style only. Match its thick rounded dark-brown contours, simplified rounded shapes, and restrained 2D cartoon shading. Do not copy the reference subject or composition.

Framing: One compact composition, with the complete subject using about 80-90% of the square. Keep everything inside the frame.

Output: 512x512 PNG, RGBA, genuine transparent background. No text, numerals, labels, logos or watermark.",作成済み,,references/invidious.png
Middlesex.png,ミドルセックス,ミドルセックス,"Subject: The historic Middlesex Guildhall in Westminster.

Composition: Show the complete Portland-stone facade of Middlesex Guildhall with its neo-Gothic windows, decorative parapets, roof dormers, and three sculpted friezes over the entrance. Place the historic county-council building on a compact paved corner of Parliament Square, omitting modern court lettering and logos.

Style: Use the attached invidious.png for drawing style only. Match its thick rounded dark-brown contours, simplified rounded shapes, and restrained 2D cartoon shading. Do not copy the reference subject or composition.

Framing: One compact composition, with the complete subject using about 80-90% of the square. Keep everything inside the frame.

Output: 512x512 PNG, RGBA, genuine transparent background. No text, numerals, labels, logos or watermark.",作成済み,,references/invidious.png
Sarajevo.png,サラエボ,サラエボ,"Subject: Sarajevo's Latin Bridge over the Miljacka River.

Composition: Show the low Ottoman stone bridge with its rounded arches spanning a narrow river, with pale stucco buildings and red-tiled roofs along the bank. The view includes both bridge ends, flowing water beneath the arches, and a rising green hillside behind the compact city scene.

Style: Use the attached invidious.png for drawing style only. Match its thick rounded dark-brown contours, simplified rounded shapes, and restrained 2D cartoon shading. Do not copy the reference subject or composition.

Framing: One compact composition, with the complete subject using about 80-90% of the square. Keep everything inside the frame.

Output: 512x512 PNG, RGBA, genuine transparent background. No text, numerals, labels, logos or watermark.",作成済み,,references/invidious.png
Trotsky.png,トロツキー,トロツキー,"Subject: Leon Trotsky addressing a revolutionary gathering.

Composition: Show Trotsky as a middle-aged man with round spectacles, swept-back dark hair, a moustache, and a pointed goatee, wearing an early twentieth-century suit. He stands behind a simple lectern with one hand raised, addressing several attentive adults; omit slogans, banners, and invented insignia.

Style: Use the attached invidious.png for drawing style only. Match its thick rounded dark-brown contours, simplified rounded shapes, and restrained 2D cartoon shading. Do not copy the reference subject or composition.

Framing: One compact composition, with the complete subject using about 80-90% of the square. Keep everything inside the frame.

Output: 512x512 PNG, RGBA, genuine transparent background. No text, numerals, labels, logos or watermark.",作成済み,,references/invidious.png
applaud.png,拍手する,拍手する,"Subject: An audience member clapping after a performance.

Composition: Show a smiling adult standing beside a theater chair, bringing both open palms together at chest height. On a small adjacent stage a violinist bows while holding the violin safely at their side; focus on the applauder's delighted face and clearly contacting hands.

Style: Use the attached invidious.png for drawing style only. Match its thick rounded dark-brown contours, simplified rounded shapes, and restrained 2D cartoon shading. Do not copy the reference subject or composition.

Framing: One compact composition, with the complete subject using about 80-90% of the square. Keep everything inside the frame.

Output: 512x512 PNG, RGBA, genuine transparent background. No text, numerals, labels, logos or watermark.",作成済み,,references/invidious.png
ascites.png,腹水,腹水,"Subject: Fluid accumulating around abdominal organs.

Composition: Show one simplified anatomical teaching model of a complete adult torso, its abdominal wall opened cleanly to reveal intestines and liver. A substantial pale blue fluid layer occupies the surrounding peritoneal space, visibly outside the organs, and distends the abdomen without blood or surgical tools.

Style: Use the attached invidious.png for drawing style only. Match its thick rounded dark-brown contours, simplified rounded shapes, and restrained 2D cartoon shading. Do not copy the reference subject or composition.

Framing: One compact composition, with the complete subject using about 80-90% of the square. Keep everything inside the frame.

Output: 512x512 PNG, RGBA, genuine transparent background. No text, numerals, labels, logos or watermark.",作成済み,,references/invidious.png
bronchitis.png,気管支炎,気管支炎,"Subject: Inflamed bronchial tubes inside a pair of lungs.

Composition: Show an intact simplified pair of lungs with the branching central airways visible through their surface. The main bronchial linings are red and swollen with small mucus deposits narrowing their lumens; preserve the trachea and both lungs as one connected anatomical model.

Style: Use the attached invidious.png for drawing style only. Match its thick rounded dark-brown contours, simplified rounded shapes, and restrained 2D cartoon shading. Do not copy the reference subject or composition.

Framing: One compact composition, with the complete subject using about 80-90% of the square. Keep everything inside the frame.

Output: 512x512 PNG, RGBA, genuine transparent background. No text, numerals, labels, logos or watermark.",作成済み,,references/invidious.png
conscription.png,徴兵,徴兵,"Subject: An adult civilian reporting for compulsory military induction.

Composition: Show a young adult in civilian clothes presenting an official notice at an induction desk while an officer records their arrival. A folded plain uniform and boots wait on the desk, and other civilians queue behind; the recruit's reluctant posture distinguishes obligation from celebration.

Style: Use the attached invidious.png for drawing style only. Match its thick rounded dark-brown contours, simplified rounded shapes, and restrained 2D cartoon shading. Do not copy the reference subject or composition.

Framing: One compact composition, with the complete subject using about 80-90% of the square. Keep everything inside the frame.

Output: 512x512 PNG, RGBA, genuine transparent background. No text, numerals, labels, logos or watermark.",作成済み,,references/invidious.png
dynamite.png,ダイナマイト,ダイナマイト,"Subject: Historic dynamite cartridges in a padded storage tray.

Composition: Show three intact cylindrical paper-wrapped cartridges with folded ends resting separately in a shallow padded wooden tray. The scene is a static museum-style object view with no fuse, detonator, wiring, assembly instructions, flames, or handling by children.

Style: Use the attached invidious.png for drawing style only. Match its thick rounded dark-brown contours, simplified rounded shapes, and restrained 2D cartoon shading. Do not copy the reference subject or composition.

Framing: One compact composition, with the complete subject using about 80-90% of the square. Keep everything inside the frame.

Output: 512x512 PNG, RGBA, genuine transparent background. No text, numerals, labels, logos or watermark.",作成済み,,references/invidious.png
exorbitant.png,法外な,法外な,"Subject: An absurdly expensive single apple at a market stall.

Composition: Show a shopper staring in disbelief at one ordinary apple on a small display plate beside a price card reading “$500”. The shopper opens an almost empty wallet while the vendor waits calmly; no luxury packaging or unusual fruit explains the extreme price.

Style: Use the attached invidious.png for drawing style only. Match its thick rounded dark-brown contours, simplified rounded shapes, and restrained 2D cartoon shading. Do not copy the reference subject or composition.

Framing: One compact composition, with the complete subject using about 80-90% of the square. Keep everything inside the frame.

Output: 512x512 PNG, RGBA, genuine transparent background. Allow only the essential price “$500” on one small price card. No incidental labels, logos or watermark.",作成済み,,references/invidious.png
falsity.png,うそ、偽り,うそ,"Subject: A person falsely denying eating a chocolate cake.

Composition: Show an adult standing beside a half-eaten cake with chocolate plainly smeared around their mouth, both palms raised in denial. A second adult points to the cake and looks unconvinced; the contradiction between the denial gesture and the visible evidence carries the meaning.

Style: Use the attached invidious.png for drawing style only. Match its thick rounded dark-brown contours, simplified rounded shapes, and restrained 2D cartoon shading. Do not copy the reference subject or composition.

Framing: One compact composition, with the complete subject using about 80-90% of the square. Keep everything inside the frame.

Output: 512x512 PNG, RGBA, genuine transparent background. No text, numerals, labels, logos or watermark.",作成済み,,references/invidious.png
fanaticism.png,狂信,狂信,"Subject: A fictional devotee defending an idol with unreasonable intensity.

Composition: Show an adult hugging a plain carved wooden idol tightly while angrily waving away a friend who gently offers a helping hand. Their eyes are fixed on the object with rigid intensity, and neglected food lies nearby; avoid symbols of any real religion or ethnic group.

Style: Use the attached invidious.png for drawing style only. Match its thick rounded dark-brown contours, simplified rounded shapes, and restrained 2D cartoon shading. Do not copy the reference subject or composition.

Framing: One compact composition, with the complete subject using about 80-90% of the square. Keep everything inside the frame.

Output: 512x512 PNG, RGBA, genuine transparent background. No text, numerals, labels, logos or watermark.",作成済み,,references/invidious.png
fetish.png,物神,物神,"Subject: A small carved object treated as possessing magical power.

Composition: Show an adult respectfully tying a cord around a handmade wooden charm already resting inside a small household shrine beside a bowl of grain. Their bowed head and careful handling show belief in the physical object's magical power; the carving is invented and assigned to no real culture.

Style: Use the attached invidious.png for drawing style only. Match its thick rounded dark-brown contours, simplified rounded shapes, and restrained 2D cartoon shading. Do not copy the reference subject or composition.

Framing: One compact composition, with the complete subject using about 80-90% of the square. Keep everything inside the frame.

Output: 512x512 PNG, RGBA, genuine transparent background. No text, numerals, labels, logos or watermark.",作成済み,,references/invidious.png
flammable.png,可燃性の,可燃性の,"Subject: Dry paper readily catching fire from a small flame.

Composition: Show a safety-conscious adult in goggles using long metal tongs to hold a corner of dry paper over a small candle on a fireproof tray. The corner catches a tiny bright flame while a bucket of water sits nearby; keep sleeves and hair well clear.

Style: Use the attached invidious.png for drawing style only. Match its thick rounded dark-brown contours, simplified rounded shapes, and restrained 2D cartoon shading. Do not copy the reference subject or composition.

Framing: One compact composition, with the complete subject using about 80-90% of the square. Keep everything inside the frame.

Output: 512x512 PNG, RGBA, genuine transparent background. No text, numerals, labels, logos or watermark.",作成済み,,references/invidious.png
folic.png,葉酸の,葉酸の,"Subject: A bottle of folic-acid vitamin tablets.

Composition: Show a small plain supplement bottle marked only “B9”, with its cap set beside it and two pale tablets lying in a shallow dish. A clear glass of water stands behind; keep the bottle and tablets the central physical objects, without medical promises or dose instructions.

Style: Use the attached invidious.png for drawing style only. Match its thick rounded dark-brown contours, simplified rounded shapes, and restrained 2D cartoon shading. Do not copy the reference subject or composition.

Framing: One compact composition, with the complete subject using about 80-90% of the square. Keep everything inside the frame.

Output: 512x512 PNG, RGBA, genuine transparent background. Allow only the essential vitamin identifier “B9” on the bottle. No incidental labels, logos or watermark.",作成済み,,references/invidious.png
glycemic.png,血糖の,血糖の,"Subject: A blood-glucose measurement during a routine check.

Composition: Show an adult seated at a table looking at a glucose meter connected to a fresh test strip held at the fingertip. A tiny blood droplet touches the strip; the meter screen is unlettered, and the complete person's calm posture conveys a routine blood-sugar check.

Style: Use the attached invidious.png for drawing style only. Match its thick rounded dark-brown contours, simplified rounded shapes, and restrained 2D cartoon shading. Do not copy the reference subject or composition.

Framing: One compact composition, with the complete subject using about 80-90% of the square. Keep everything inside the frame.

Output: 512x512 PNG, RGBA, genuine transparent background. No text, numerals, labels, logos or watermark.",作成済み,,references/invidious.png
haemoglobin.png,ヘモグロビン,ヘモグロビン,"Subject: A simplified hemoglobin molecule carrying oxygen.

Composition: Show one compact protein model made of four folded globin subunits, two in one shade and two in another. Each subunit contains one small flat heme ring with a central iron sphere binding a pair of oxygen spheres; keep the four-part assembly connected and distinct.

Style: Use the attached invidious.png for drawing style only. Match its thick rounded dark-brown contours, simplified rounded shapes, and restrained 2D cartoon shading. Do not copy the reference subject or composition.

Framing: One compact composition, with the complete subject using about 80-90% of the square. Keep everything inside the frame.

Output: 512x512 PNG, RGBA, genuine transparent background. No text, numerals, labels, logos or watermark.",作成済み,,references/invidious.png
hammock.png,ハンモック,ハンモック,"Subject: An adult resting in a properly suspended hammock.

Composition: Show a relaxed adult lying diagonally in a woven hammock tied securely between two stout tree trunks. The fabric cradles the back and legs in a smooth sag, with both ropes taut and knots visible; show the full hammock and both supports.

Style: Use the attached invidious.png for drawing style only. Match its thick rounded dark-brown contours, simplified rounded shapes, and restrained 2D cartoon shading. Do not copy the reference subject or composition.

Framing: One compact composition, with the complete subject using about 80-90% of the square. Keep everything inside the frame.

Output: 512x512 PNG, RGBA, genuine transparent background. No text, numerals, labels, logos or watermark.",作成済み,,references/invidious.png
horseshoe.png,馬蹄、蹄鉄,馬蹄,"Subject: A horseshoe fitted to a horse's hoof.

Composition: Show a calm horse standing while a farrier supports one raised hoof on a low hoof stand. The underside faces the viewer, revealing a U-shaped metal shoe around the outer hoof wall with its open heels unobstructed; keep the farrier's hands clear of the nail points.

Style: Use the attached invidious.png for drawing style only. Match its thick rounded dark-brown contours, simplified rounded shapes, and restrained 2D cartoon shading. Do not copy the reference subject or composition.

Framing: One compact composition, with the complete subject using about 80-90% of the square. Keep everything inside the frame.

Output: 512x512 PNG, RGBA, genuine transparent background. No text, numerals, labels, logos or watermark.",作成済み,,references/invidious.png
immeasurable.png,計れない、計り知れない,計れない,"Subject: A tiny observer facing an apparently limitless star field.

Composition: Show an adult beside a small telescope on a rocky ledge, looking upward at a dense curved swath of stars extending far beyond the telescope's view. The figure holds a measuring tape that hangs uselessly at their side, conveying a scale far beyond ordinary measurement.

Style: Use the attached invidious.png for drawing style only. Match its thick rounded dark-brown contours, simplified rounded shapes, and restrained 2D cartoon shading. Do not copy the reference subject or composition.

Framing: One compact composition, with the complete subject using about 80-90% of the square. Keep everything inside the frame.

Output: 512x512 PNG, RGBA, genuine transparent background. No text, numerals, labels, logos or watermark.",作成済み,,references/invidious.png
installment@stel.png,分割払い金,分割払い金,"Subject: Paying one part of a purchase at a time.

Composition: Show a buyer giving one of four equal coin stacks to a shopkeeper beside a purchased bicycle. The shopkeeper marks the first of four empty boxes on an unlettered payment card, while the other three coin stacks remain visibly reserved.

Style: Use the attached invidious.png for drawing style only. Match its thick rounded dark-brown contours, simplified rounded shapes, and restrained 2D cartoon shading. Do not copy the reference subject or composition.

Framing: One compact composition, with the complete subject using about 80-90% of the square. Keep everything inside the frame.

Output: 512x512 PNG, RGBA, genuine transparent background. No text, explanatory labels, speech balloons or bubbles, numerals, logos or watermark.",作成済み,,references/invidious.png
kilogram.png,キログラム,キログラム,"Subject: A scale measuring a mass of one kilogram.

Composition: Show a compact digital kitchen scale supporting a bowl of dry beans, with the display clearly reading “1 kg”. The bowl is centered on the platform and the full scale is visible; keep the unit linked directly to a real mass measurement.

Style: Use the attached invidious.png for drawing style only. Match its thick rounded dark-brown contours, simplified rounded shapes, and restrained 2D cartoon shading. Do not copy the reference subject or composition.

Framing: One compact composition, with the complete subject using about 80-90% of the square. Keep everything inside the frame.

Output: 512x512 PNG, RGBA, genuine transparent background. Allow only the essential scale reading “1 kg”. No incidental labels, logos or watermark.",作成済み,,references/invidious.png
kilometer.png,キロメートル,キロメートル,"Subject: A walker completing a one-kilometer path.

Composition: Show a walker arriving at the end of a gently curving park path while holding a simple distance wheel. Its display reads “1 km”; the wheel touches the path and the starting gate remains small in the distance, establishing measured travel over land.

Style: Use the attached invidious.png for drawing style only. Match its thick rounded dark-brown contours, simplified rounded shapes, and restrained 2D cartoon shading. Do not copy the reference subject or composition.

Framing: One compact composition, with the complete subject using about 80-90% of the square. Keep everything inside the frame.

Output: 512x512 PNG, RGBA, genuine transparent background. Allow only the essential distance reading “1 km”. No incidental labels, logos or watermark.",作成済み,,references/invidious.png
lessor.png,賃貸人,賃貸人,"Subject: A property owner handing keys to a new tenant.

Composition: Show a landlord holding out a house key to an adult tenant across a small entryway table. A rental agreement rests on the table without readable text, and the open doorway reveals the empty apartment being rented; focus on the owner supplying access.

Style: Use the attached invidious.png for drawing style only. Match its thick rounded dark-brown contours, simplified rounded shapes, and restrained 2D cartoon shading. Do not copy the reference subject or composition.

Framing: One compact composition, with the complete subject using about 80-90% of the square. Keep everything inside the frame.

Output: 512x512 PNG, RGBA, genuine transparent background. No text, numerals, labels, logos or watermark.",作成済み,,references/invidious.png
opulent.png,富んだ,富んだ,"Subject: A wealthy adult in a lavishly furnished home.

Composition: Show an elegantly dressed adult seated comfortably in a carved upholstered chair beside a polished table carrying a silver tea service. Rich curtains, a large framed painting, and a marble fireplace form one compact room setting; the person's relaxed posture conveys material abundance.

Style: Use the attached invidious.png for drawing style only. Match its thick rounded dark-brown contours, simplified rounded shapes, and restrained 2D cartoon shading. Do not copy the reference subject or composition.

Framing: One compact composition, with the complete subject using about 80-90% of the square. Keep everything inside the frame.

Output: 512x512 PNG, RGBA, genuine transparent background. No text, numerals, labels, logos or watermark.",作成済み,,references/invidious.png
overbearing.png,威圧的な,威圧的な,"Subject: A domineering adult controlling every part of a shared project.

Composition: Show an adult looming over a seated coworker and pointing sharply at the coworker's hands while taking their drawing tool away. The seated person recoils with tense shoulders; an unfinished model sits between them, emphasizing intrusive control rather than a calm instruction.

Style: Use the attached invidious.png for drawing style only. Match its thick rounded dark-brown contours, simplified rounded shapes, and restrained 2D cartoon shading. Do not copy the reference subject or composition.

Framing: One compact composition, with the complete subject using about 80-90% of the square. Keep everything inside the frame.

Output: 512x512 PNG, RGBA, genuine transparent background. No text, numerals, labels, logos or watermark.",作成済み,,references/invidious.png
overhear.png,ふと耳にする,ふと耳にする,"Subject: A passerby accidentally hearing a nearby conversation.

Composition: Show an adult carrying groceries past two people speaking quietly on a bench. The passerby's head turns in surprised recognition while their feet continue along the path; they make no attempt to hide, lean close, or deliberately listen in.

Style: Use the attached invidious.png for drawing style only. Match its thick rounded dark-brown contours, simplified rounded shapes, and restrained 2D cartoon shading. Do not copy the reference subject or composition.

Framing: One compact composition, with the complete subject using about 80-90% of the square. Keep everything inside the frame.

Output: 512x512 PNG, RGBA, genuine transparent background. No text, numerals, labels, logos or watermark.",作成済み,,references/invidious.png
permafrost.png,永久凍土層,永久凍土層,"Subject: A cutaway of frozen ground beneath summer tundra.

Composition: Show one compact block of tundra earth with a thin thawed grassy surface above a much deeper layer of frozen soil containing pale blue ice lenses. Tiny summer flowers grow at the top while the exposed lower layer remains solid, separating it from ordinary surface snow.

Style: Use the attached invidious.png for drawing style only. Match its thick rounded dark-brown contours, simplified rounded shapes, and restrained 2D cartoon shading. Do not copy the reference subject or composition.

Framing: One compact composition, with the complete subject using about 80-90% of the square. Keep everything inside the frame.

Output: 512x512 PNG, RGBA, genuine transparent background. No text, numerals, labels, logos or watermark.",作成済み,,references/invidious.png
poise.png,平衡,平衡,"Subject: A carefully balanced seesaw with equal loads.

Composition: Show a wooden seesaw resting perfectly horizontal on a central triangular fulcrum, with two equal sacks placed at equal distances from the pivot. The board is level and motionless; show the full supporting base and both grounded ends of the surrounding frame.

Style: Use the attached invidious.png for drawing style only. Match its thick rounded dark-brown contours, simplified rounded shapes, and restrained 2D cartoon shading. Do not copy the reference subject or composition.

Framing: One compact composition, with the complete subject using about 80-90% of the square. Keep everything inside the frame.

Output: 512x512 PNG, RGBA, genuine transparent background. No text, numerals, labels, logos or watermark.",作成済み,,references/invidious.png
poly-.png,「多く」の意,「多く」の意,"Subject: A many-petaled flower illustrating the prefix meaning many.

Composition: Show one large blooming dahlia on a leafy stem, its flower head packed with many distinct overlapping petals spiraling around the center. A gardener holds the pot steady with both hands while inspecting the abundance of petals; avoid plastic clothing or a standalone polymer object.

Style: Use the attached invidious.png for drawing style only. Match its thick rounded dark-brown contours, simplified rounded shapes, and restrained 2D cartoon shading. Do not copy the reference subject or composition.

Framing: One compact composition, with the complete subject using about 80-90% of the square. Keep everything inside the frame.

Output: 512x512 PNG, RGBA, genuine transparent background. No text, numerals, labels, logos or watermark.",作成済み,,references/invidious.png
posthumous.png,死後の,死後の,"Subject: An author's book being published after the author's death.

Composition: Show an editor placing a newly bound book beside a small framed portrait of an elderly writer and a memorial candle. The portrait has a simple black mourning ribbon at one corner; a tied stack of handwritten manuscript sheets rests beneath the book with no readable text.

Style: Use the attached invidious.png for drawing style only. Match its thick rounded dark-brown contours, simplified rounded shapes, and restrained 2D cartoon shading. Do not copy the reference subject or composition.

Framing: One compact composition, with the complete subject using about 80-90% of the square. Keep everything inside the frame.

Output: 512x512 PNG, RGBA, genuine transparent background. No text, numerals, labels, logos or watermark.",作成済み,,references/invidious.png
pruritus.png,掻痒症,掻痒症,"Subject: An adult troubled by persistent itching.

Composition: Show an adult seated with one sleeve rolled up and that forearm supported on their thigh. The opposite hand scratches the itchy skin while the person grimaces; show only those two arms and hands, with mild irritation but no open wound or unsupported specific cause.

Style: Use the attached invidious.png for drawing style only. Match its thick rounded dark-brown contours, simplified rounded shapes, and restrained 2D cartoon shading. Do not copy the reference subject or composition.

Framing: One compact composition, with the complete subject using about 80-90% of the square. Keep everything inside the frame.

Output: 512x512 PNG, RGBA, genuine transparent background. No text, numerals, labels, logos or watermark.",作成済み,,references/invidious.png
recklessly.png,向こう見ずに、無謀にも,向こう見ずに,"Subject: An adult recklessly balancing a ladder on an unstable support.

Composition: Show an adult climbing a short ladder whose feet rest unevenly on a loose round barrel. The barrel begins to roll and the climber grips the rungs in alarm; a concerned observer reaches toward the ladder from firm ground, with no actual injury.

Style: Use the attached invidious.png for drawing style only. Match its thick rounded dark-brown contours, simplified rounded shapes, and restrained 2D cartoon shading. Do not copy the reference subject or composition.

Framing: One compact composition, with the complete subject using about 80-90% of the square. Keep everything inside the frame.

Output: 512x512 PNG, RGBA, genuine transparent background. No text, numerals, labels, logos or watermark.",作成済み,,references/invidious.png
relive.png,追体験する、再び体験する,追体験する,"Subject: An adult reliving a childhood camping experience.

Composition: Show an adult seated beside a small campfire, holding an old photograph of themselves as a child roasting food at a similar campfire. Their softened smile and distant gaze link the pictured memory to the present scene; keep the photograph small within the single setting.

Style: Use the attached invidious.png for drawing style only. Match its thick rounded dark-brown contours, simplified rounded shapes, and restrained 2D cartoon shading. Do not copy the reference subject or composition.

Framing: One compact composition, with the complete subject using about 80-90% of the square. Keep everything inside the frame.

Output: 512x512 PNG, RGBA, genuine transparent background. No text, numerals, labels, logos or watermark.",作成済み,,references/invidious.png
reprimand.png,叱責,叱責,"Subject: A coach sternly rebuking a player for damaging equipment.

Composition: Show a coach standing beside a snapped racket, pointing at it with a serious frown while an adult player listens with lowered eyes. The player's hands hang empty and their shoulders slump; the coach's firm expression conveys a verbal reprimand without physical intimidation.

Style: Use the attached invidious.png for drawing style only. Match its thick rounded dark-brown contours, simplified rounded shapes, and restrained 2D cartoon shading. Do not copy the reference subject or composition.

Framing: One compact composition, with the complete subject using about 80-90% of the square. Keep everything inside the frame.

Output: 512x512 PNG, RGBA, genuine transparent background. No text, numerals, labels, logos or watermark.",作成済み,,references/invidious.png
rooster.png,おんどり、雄,おんどり,"Subject: A mature rooster standing proudly on a fence rail.

Composition: Show a complete rooster with a bright red comb and wattles, curved glossy tail feathers, sturdy legs, and visible spurs. It balances with both feet gripping a broad wooden rail, chest forward and beak slightly open as if beginning to crow.

Style: Use the attached invidious.png for drawing style only. Match its thick rounded dark-brown contours, simplified rounded shapes, and restrained 2D cartoon shading. Do not copy the reference subject or composition.

Framing: One compact composition, with the complete subject using about 80-90% of the square. Keep everything inside the frame.

Output: 512x512 PNG, RGBA, genuine transparent background. No text, numerals, labels, logos or watermark.",作成済み,,references/invidious.png
serviceable.png,使いやすい、実用的な,使いやすい,"Subject: A simple sturdy stool that serves its purpose well.

Composition: Show an adult comfortably using a plain wooden stool to reach a high kitchen shelf. All four stool legs stand firmly on level flooring, and its broad seat supports both feet; modest scuffs do not interfere with its reliable practical use.

Style: Use the attached invidious.png for drawing style only. Match its thick rounded dark-brown contours, simplified rounded shapes, and restrained 2D cartoon shading. Do not copy the reference subject or composition.

Framing: One compact composition, with the complete subject using about 80-90% of the square. Keep everything inside the frame.

Output: 512x512 PNG, RGBA, genuine transparent background. No text, numerals, labels, logos or watermark.",作成済み,,references/invidious.png
slider.png,滑る人,滑る人,"Subject: A person sliding down a playground slide.

Composition: Show a fully clothed adult seated feet-first on a broad slide at a recreation park, hands lifted safely clear of the edges. Their body follows the smooth downward curve toward a soft landing mat; include the complete slide structure and both feet.

Style: Use the attached invidious.png for drawing style only. Match its thick rounded dark-brown contours, simplified rounded shapes, and restrained 2D cartoon shading. Do not copy the reference subject or composition.

Framing: One compact composition, with the complete subject using about 80-90% of the square. Keep everything inside the frame.

Output: 512x512 PNG, RGBA, genuine transparent background. No text, numerals, labels, logos or watermark.",作成済み,,references/invidious.png
sophomore.png,2年生,2年生,"Subject: A student entering their second year.

Composition: Show a young adult entering a campus classroom with a notebook and a course card whose second year-position box is highlighted. The first box bears a completed check and two later boxes remain blank, indicating progression without a spoken self-identification.

Style: Use the attached invidious.png for drawing style only. Match its thick rounded dark-brown contours, simplified rounded shapes, and restrained 2D cartoon shading. Do not copy the reference subject or composition.

Framing: One compact composition, with the complete subject using about 80-90% of the square. Keep everything inside the frame.

Output: 512x512 PNG, RGBA, genuine transparent background. Allow only the essential year-position numerals 1, 2, 3, 4 on the card; no words or dialogue. No incidental captions, speech balloons, logos or watermark.",作成済み,,references/invidious.png
speciation.png,種形成,種形成,"Subject: A classroom model showing one ancestral lineage branching into two species.

Composition: Show a biologist holding a single branching evolutionary model on a broad base. One small ancestral finch model sits at the trunk, with two gradually diverging branches ending in distinct finch forms, one with a deep seed-cracking beak and one with a narrow probing beak.

Style: Use the attached invidious.png for drawing style only. Match its thick rounded dark-brown contours, simplified rounded shapes, and restrained 2D cartoon shading. Do not copy the reference subject or composition.

Framing: One compact composition, with the complete subject using about 80-90% of the square. Keep everything inside the frame.

Output: 512x512 PNG, RGBA, genuine transparent background. No text, numerals, labels, logos or watermark.",作成済み,,references/invidious.png
sterility.png,不妊,不妊,"Subject: A clinical model showing blocked fallopian tubes causing infertility.

Composition: Show a clinician and an adult patient beside one anatomically coherent model of a uterus, ovaries, and fallopian tubes. Both tubes contain visible scarred closed sections preventing sperm and egg from meeting; the clinician indicates the blockages gently, without blame or exaggerated distress.

Style: Use the attached invidious.png for drawing style only. Match its thick rounded dark-brown contours, simplified rounded shapes, and restrained 2D cartoon shading. Do not copy the reference subject or composition.

Framing: One compact composition, with the complete subject using about 80-90% of the square. Keep everything inside the frame.

Output: 512x512 PNG, RGBA, genuine transparent background. No text, numerals, labels, logos or watermark.",作成済み,,references/invidious.png
stressor.png,ストレッサー、ストレス要因,ストレッサー,"Subject: A relentlessly ringing phone interrupting focused work.

Composition: Show an adult at a desk gripping their temples as a nearby desk phone vibrates and rings, shown by small motion strokes. An unfinished delicate model waits under their other tools; make the intrusive phone the concrete source of mounting tension.

Style: Use the attached invidious.png for drawing style only. Match its thick rounded dark-brown contours, simplified rounded shapes, and restrained 2D cartoon shading. Do not copy the reference subject or composition.

Framing: One compact composition, with the complete subject using about 80-90% of the square. Keep everything inside the frame.

Output: 512x512 PNG, RGBA, genuine transparent background. No text, numerals, labels, logos or watermark.",作成済み,,references/invidious.png
subtitle.png,サブタイトル、副題,サブタイトル,"Subject: A smaller secondary title beneath a main title.

Composition: Show a closed book propped upright with one large dark title-like line and a smaller secondary line immediately beneath it. A reader points to the smaller line; render both as nonlegible letter-shaped texture, retaining the clear typographic hierarchy without explanatory prose.

Style: Use the attached invidious.png for drawing style only. Match its thick rounded dark-brown contours, simplified rounded shapes, and restrained 2D cartoon shading. Do not copy the reference subject or composition.

Framing: One compact composition, with the complete subject using about 80-90% of the square. Keep everything inside the frame.

Output: 512x512 PNG, RGBA, genuine transparent background. No text, explanatory labels, speech balloons or bubbles, numerals, logos or watermark.",作成済み,,references/invidious.png
unobserved.png,気付かれない、見られていない,気付かれない,"Subject: A cat slipping behind people who do not notice it.

Composition: Show two adults absorbed in assembling a chair while a small cat quietly carries a ribbon behind their backs. Both people look only at the chair and their tools; the cat is clearly visible to the viewer but hidden from their sightlines.

Style: Use the attached invidious.png for drawing style only. Match its thick rounded dark-brown contours, simplified rounded shapes, and restrained 2D cartoon shading. Do not copy the reference subject or composition.

Framing: One compact composition, with the complete subject using about 80-90% of the square. Keep everything inside the frame.

Output: 512x512 PNG, RGBA, genuine transparent background. No text, numerals, labels, logos or watermark.",作成済み,,references/invidious.png
unsecured.png,無担保の,無担保の,"Subject: A loan that does not require property as collateral.

Composition: Show a bank adviser providing a small loan payment while sliding the borrower’s house keys back to them untouched. The borrower keeps possession of the keys and property papers; a plain unlettered agreement lies between them, with no explanatory sentence.

Style: Use the attached invidious.png for drawing style only. Match its thick rounded dark-brown contours, simplified rounded shapes, and restrained 2D cartoon shading. Do not copy the reference subject or composition.

Framing: One compact composition, with the complete subject using about 80-90% of the square. Keep everything inside the frame.

Output: 512x512 PNG, RGBA, genuine transparent background. No text, explanatory labels, speech balloons or bubbles, numerals, logos or watermark.",作成済み,,references/invidious.png
unyielding.png,変形しない、曲がらない,変形しない,"Subject: A rigid steel bar resisting a strong bending attempt.

Composition: Show an adult gripping both ends of a thick steel bar with gloved hands, straining to bend it over a padded workbench edge. Their elbows and shoulders show effort but the bar remains perfectly straight; keep the support and both endpoints visible.

Style: Use the attached invidious.png for drawing style only. Match its thick rounded dark-brown contours, simplified rounded shapes, and restrained 2D cartoon shading. Do not copy the reference subject or composition.

Framing: One compact composition, with the complete subject using about 80-90% of the square. Keep everything inside the frame.

Output: 512x512 PNG, RGBA, genuine transparent background. No text, numerals, labels, logos or watermark.",作成済み,,references/invidious.png
vignette.png,小さな飾り模様,小さな飾り模様,"Subject: A delicate ornamental flourish on a book page.

Composition: Show an open antique book resting on a lectern, with one small engraved-looking floral ornament centered beneath a blank chapter area. The curling leaves and little flower form a compact vignette distinct from the broad unprinted margins, with no decorative lettering.

Style: Use the attached invidious.png for drawing style only. Match its thick rounded dark-brown contours, simplified rounded shapes, and restrained 2D cartoon shading. Do not copy the reference subject or composition.

Framing: One compact composition, with the complete subject using about 80-90% of the square. Keep everything inside the frame.

Output: 512x512 PNG, RGBA, genuine transparent background. No text, numerals, labels, logos or watermark.",作成済み,,references/invidious.png
yelp.png,甲高い声,甲高い声,"Subject: A small dog giving a sudden sharp yelp.

Composition: Show a little terrier startled by a balloon bursting at a safe distance, springing backward with its mouth open and ears raised. A few small curved sound strokes emerge from the mouth; keep the animal unharmed and distinguish the short shriek from sustained barking.

Style: Use the attached invidious.png for drawing style only. Match its thick rounded dark-brown contours, simplified rounded shapes, and restrained 2D cartoon shading. Do not copy the reference subject or composition.

Framing: One compact composition, with the complete subject using about 80-90% of the square. Keep everything inside the frame.

Output: 512x512 PNG, RGBA, genuine transparent background. No text, numerals, labels, logos or watermark.",作成済み,,references/invidious.png
Cantonese.png,広東人,広東人,"Subject: A fictional resident of Guangzhou.

Composition: Show a fictional adult in contemporary clothing at an outdoor tea table beside Guangzhou’s river, with the slender twisted Canton Tower visible in the distance. The person welcomes a neighbor naturally; use the place-specific setting without an identity label or appearance-based claim.

Style: Use the attached invidious.png for drawing style only. Match its thick rounded dark-brown contours, simplified rounded shapes, and restrained 2D cartoon shading. Do not copy the reference subject or composition.

Framing: One compact composition, with the complete subject using about 80-90% of the square. Keep everything inside the frame.

Output: 512x512 PNG, RGBA, genuine transparent background. No text, explanatory labels, speech balloons or bubbles, numerals, logos or watermark.",作成済み,,references/invidious.png
Eritrea.png,エリトリア,エリトリア,"Subject: Asmara's wing-shaped Fiat Tagliero building in Eritrea.

Composition: Show the complete pale concrete former service station with its tall central tower and two broad cantilevered wings extending unsupported to either side. A small highland-city streetscape and one palm ground the building in Asmara; remove all brand names and lettering from the architecture.

Style: Use the attached invidious.png for drawing style only. Match its thick rounded dark-brown contours, simplified rounded shapes, and restrained 2D cartoon shading. Do not copy the reference subject or composition.

Framing: One compact composition, with the complete subject using about 80-90% of the square. Keep everything inside the frame.

Output: 512x512 PNG, RGBA, genuine transparent background. No text, numerals, labels, logos or watermark.",作成済み,,references/invidious.png
Jewry.png,ユダヤ民族,ユダヤ民族,"Subject: A Jewish community sharing a Sabbath meal.

Composition: Show several Jewish adults of varied ages and appearances gathered around one table with two lit candles, braided challah loaves, and a wine cup. A seated elder welcomes another person to an empty chair; depict warm community life without stereotyped facial features or money imagery.

Style: Use the attached invidious.png for drawing style only. Match its thick rounded dark-brown contours, simplified rounded shapes, and restrained 2D cartoon shading. Do not copy the reference subject or composition.

Framing: One compact composition, with the complete subject using about 80-90% of the square. Keep everything inside the frame.

Output: 512x512 PNG, RGBA, genuine transparent background. No text, numerals, labels, logos or watermark.",作成済み,,references/invidious.png
Medea.png,神話の魔女メデイア,神話の魔女メデイア,"Subject: Medea riding a chariot drawn by dragons.

Composition: Show the mythical sorceress as an adult woman in a flowing ancient Greek robe, standing firmly in a small chariot and holding its reins. Two winged serpentine dragons pull it through a compact swirl of clouds; keep all wheels, reins, wings, and dragon bodies legible.

Style: Use the attached invidious.png for drawing style only. Match its thick rounded dark-brown contours, simplified rounded shapes, and restrained 2D cartoon shading. Do not copy the reference subject or composition.

Framing: One compact composition, with the complete subject using about 80-90% of the square. Keep everything inside the frame.

Output: 512x512 PNG, RGBA, genuine transparent background. No text, numerals, labels, logos or watermark.",作成済み,,references/invidious.png
Riga.png,リガ,リガ,"Subject: Riga's House of the Blackheads on Town Hall Square.

Composition: Show the ornate red-brick building with its tall stepped gable, pale stone trim, decorative statues, and round clock face without numerals. A small cobbled foreground anchors the complete facade, with one neighboring roof at the edge to suggest Riga's old-town setting.

Style: Use the attached invidious.png for drawing style only. Match its thick rounded dark-brown contours, simplified rounded shapes, and restrained 2D cartoon shading. Do not copy the reference subject or composition.

Framing: One compact composition, with the complete subject using about 80-90% of the square. Keep everything inside the frame.

Output: 512x512 PNG, RGBA, genuine transparent background. No text, numerals, labels, logos or watermark.",作成済み,,references/invidious.png
adiabatic.png,断熱的な,断熱的な,"Subject: Gas compressed inside an insulated piston cylinder.

Composition: Show a cutaway laboratory cylinder surrounded by thick insulating walls, with a weighted piston pressing downward on gas inside. Small gas particles remain confined below the piston; the wall has no heat-flow arrows, and the only formula is “Q = 0” beside the sealed apparatus.

Style: Use the attached invidious.png for drawing style only. Match its thick rounded dark-brown contours, simplified rounded shapes, and restrained 2D cartoon shading. Do not copy the reference subject or composition.

Framing: One compact composition, with the complete subject using about 80-90% of the square. Keep everything inside the frame.

Output: 512x512 PNG, RGBA, genuine transparent background. Allow only the essential thermodynamic expression “Q = 0”. No incidental labels, logos or watermark.",作成済み,,references/invidious.png
atrocity.png,極悪,極悪,"Subject: A cruel adult destroying another person's only meal.

Composition: Show an aggressor deliberately tipping a hungry adult's bowl onto the ground while that person reaches out in dismay. The aggressor wears an unmistakably callous sneer and the victim remains unharmed; make the intentional cruelty clear without weapons or graphic violence.

Style: Use the attached invidious.png for drawing style only. Match its thick rounded dark-brown contours, simplified rounded shapes, and restrained 2D cartoon shading. Do not copy the reference subject or composition.

Framing: One compact composition, with the complete subject using about 80-90% of the square. Keep everything inside the frame.

Output: 512x512 PNG, RGBA, genuine transparent background. No text, numerals, labels, logos or watermark.",作成済み,,references/invidious.png
bayonet.png,銃剣,銃剣,"Subject: A bayonet fixed beneath a rifle muzzle.

Composition: Show one complete historic rifle resting horizontally on two padded supports, with a short straight steel bayonet securely attached at the muzzle. The rifle is unloaded with its action open and no ammunition present; distinguish the blade from the barrel and keep all parts visible.

Style: Use the attached invidious.png for drawing style only. Match its thick rounded dark-brown contours, simplified rounded shapes, and restrained 2D cartoon shading. Do not copy the reference subject or composition.

Framing: One compact composition, with the complete subject using about 80-90% of the square. Keep everything inside the frame.

Output: 512x512 PNG, RGBA, genuine transparent background. No text, numerals, labels, logos or watermark.",作成済み,,references/invidious.png
behest.png,命令,命令,"Subject: A commander directing a team to close a floodgate.

Composition: Show an adult leader firmly pointing toward a heavy wheel on a sluice gate while two workers immediately move to turn it. The leader's upright posture and focused face convey an authoritative instruction, with the physical task visible rather than any written command.

Style: Use the attached invidious.png for drawing style only. Match its thick rounded dark-brown contours, simplified rounded shapes, and restrained 2D cartoon shading. Do not copy the reference subject or composition.

Framing: One compact composition, with the complete subject using about 80-90% of the square. Keep everything inside the frame.

Output: 512x512 PNG, RGBA, genuine transparent background. No text, numerals, labels, logos or watermark.",作成済み,,references/invidious.png
borne@x.png,〜で運ばれる、〜媒介の(複合語で),〜で運ばれる,"Subject: Pollen borne through the air by a gust of wind.

Composition: Show a flowering grass stalk releasing a small cloud of pollen grains that travels along one curved gust toward another grass flower. The stems bend in the same breeze; the grains remain separate airborne particles, clearly carried by air rather than by an insect.

Style: Use the attached invidious.png for drawing style only. Match its thick rounded dark-brown contours, simplified rounded shapes, and restrained 2D cartoon shading. Do not copy the reference subject or composition.

Framing: One compact composition, with the complete subject using about 80-90% of the square. Keep everything inside the frame.

Output: 512x512 PNG, RGBA, genuine transparent background. No text, numerals, labels, logos or watermark.",作成済み,,references/invidious.png
breakage.png,破損、破損物,破損,"Subject: Broken ceramic dishes after a shipping accident.

Composition: Show an open delivery box with torn cushioning and several cracked plates, with one large shard lying beside it. An adult kneels to inspect the damage while keeping fingers away from sharp edges; the intact outer box and broken contents make the loss unmistakable.

Style: Use the attached invidious.png for drawing style only. Match its thick rounded dark-brown contours, simplified rounded shapes, and restrained 2D cartoon shading. Do not copy the reference subject or composition.

Framing: One compact composition, with the complete subject using about 80-90% of the square. Keep everything inside the frame.

Output: 512x512 PNG, RGBA, genuine transparent background. No text, numerals, labels, logos or watermark.",作成済み,,references/invidious.png
carpal.png,手根骨の,手根骨の,"Subject: The cluster of carpal bones at the wrist.

Composition: Show a complete simplified skeletal hand and forearm model resting on a display stand. Color only the eight small wrist bones between the forearm and metacarpals warm orange, while the remaining bones stay ivory; preserve their compact two-row arrangement without text.

Style: Use the attached invidious.png for drawing style only. Match its thick rounded dark-brown contours, simplified rounded shapes, and restrained 2D cartoon shading. Do not copy the reference subject or composition.

Framing: One compact composition, with the complete subject using about 80-90% of the square. Keep everything inside the frame.

Output: 512x512 PNG, RGBA, genuine transparent background. No text, numerals, labels, logos or watermark.",作成済み,,references/invidious.png
choral.png,合唱の,合唱の,"Subject: A choir singing together under a conductor.

Composition: Show six adults standing in a gentle semicircle with mouths open in coordinated singing while a conductor faces them with both hands raised. The singers hold unlettered music folders at chest height; their shared attention and synchronized posture convey a choral performance.

Style: Use the attached invidious.png for drawing style only. Match its thick rounded dark-brown contours, simplified rounded shapes, and restrained 2D cartoon shading. Do not copy the reference subject or composition.

Framing: One compact composition, with the complete subject using about 80-90% of the square. Keep everything inside the frame.

Output: 512x512 PNG, RGBA, genuine transparent background. No text, numerals, labels, logos or watermark.",作成済み,,references/invidious.png
complainant.png,原告、告訴人,原告,"Subject: A person formally presenting a complaint at court.

Composition: Show an adult complainant standing at a clerk's counter and handing over a folder of papers while pointing to a photograph of their damaged bicycle. The clerk receives the papers seriously; the adult is visibly the person bringing the complaint, not the judge or accused.

Style: Use the attached invidious.png for drawing style only. Match its thick rounded dark-brown contours, simplified rounded shapes, and restrained 2D cartoon shading. Do not copy the reference subject or composition.

Framing: One compact composition, with the complete subject using about 80-90% of the square. Keep everything inside the frame.

Output: 512x512 PNG, RGBA, genuine transparent background. No text, numerals, labels, logos or watermark.",作成済み,,references/invidious.png
conciliatory.png,なだめるような,なだめるような,"Subject: An adult calming an upset neighbor after a disagreement.

Composition: Show an adult approaching with lowered shoulders and an open palm while offering to help lift a fallen garden pot. The upset neighbor's clenched fist begins to relax; the conciliator's gentle face and practical peace-making gesture reduce tension.

Style: Use the attached invidious.png for drawing style only. Match its thick rounded dark-brown contours, simplified rounded shapes, and restrained 2D cartoon shading. Do not copy the reference subject or composition.

Framing: One compact composition, with the complete subject using about 80-90% of the square. Keep everything inside the frame.

Output: 512x512 PNG, RGBA, genuine transparent background. No text, numerals, labels, logos or watermark.",作成済み,,references/invidious.png
concordance.png,一致,一致,"Subject: Two witnesses independently giving matching accounts.

Composition: Show two seated adults each pointing to the same red bicycle in separate small picture cards held on one table. A mediator looks between the matching cards and nods; the shared choice establishes agreement without dialogue or written testimony.

Style: Use the attached invidious.png for drawing style only. Match its thick rounded dark-brown contours, simplified rounded shapes, and restrained 2D cartoon shading. Do not copy the reference subject or composition.

Framing: One compact composition, with the complete subject using about 80-90% of the square. Keep everything inside the frame.

Output: 512x512 PNG, RGBA, genuine transparent background. No text, numerals, labels, logos or watermark.",作成済み,,references/invidious.png
disobedient.png,反抗的な、服従しない,反抗的な,"Subject: A child refusing a clear request to put toys away.

Composition: Show a parent pointing calmly toward an open toy box while a school-age child folds both arms and turns away from scattered blocks. The child deliberately keeps one foot beside a toy instead of picking it up; use ordinary disagreement without harsh punishment.

Style: Use the attached invidious.png for drawing style only. Match its thick rounded dark-brown contours, simplified rounded shapes, and restrained 2D cartoon shading. Do not copy the reference subject or composition.

Framing: One compact composition, with the complete subject using about 80-90% of the square. Keep everything inside the frame.

Output: 512x512 PNG, RGBA, genuine transparent background. No text, numerals, labels, logos or watermark.",作成済み,,references/invidious.png
domicile.png,定住させる,定住させる,"Subject: A family establishing a permanent home.

Composition: Show two adults unpacking a sturdy trunk inside a small house, one arranging familiar dishes on a shelf while the other fixes a family photograph to the wall. A bed is made and a plant is set by the window, conveying settled residence rather than a brief visit.

Style: Use the attached invidious.png for drawing style only. Match its thick rounded dark-brown contours, simplified rounded shapes, and restrained 2D cartoon shading. Do not copy the reference subject or composition.

Framing: One compact composition, with the complete subject using about 80-90% of the square. Keep everything inside the frame.

Output: 512x512 PNG, RGBA, genuine transparent background. No text, numerals, labels, logos or watermark.",作成済み,,references/invidious.png
eccentricity.png,風変わり,風変わり,"Subject: An adult choosing an unusually eccentric outfit for ordinary shopping.

Composition: Show a cheerful adult wearing a teapot-shaped hat, mismatched patterned socks, and a formal waistcoat while selecting carrots at a normal market stall. A shopper glances over in surprise; the eccentricity comes from chosen clothing, without mocking disability or identity.

Style: Use the attached invidious.png for drawing style only. Match its thick rounded dark-brown contours, simplified rounded shapes, and restrained 2D cartoon shading. Do not copy the reference subject or composition.

Framing: One compact composition, with the complete subject using about 80-90% of the square. Keep everything inside the frame.

Output: 512x512 PNG, RGBA, genuine transparent background. No text, numerals, labels, logos or watermark.",作成済み,,references/invidious.png
efflux.png,流出,流出,"Subject: Liquid flowing out through a tank's open outlet.

Composition: Show a cylindrical water tank elevated on a sturdy stand, its lower side valve open and pouring a continuous stream into a basin below. The tank's visible waterline is above the outlet, and the outflow curves naturally downward under gravity.

Style: Use the attached invidious.png for drawing style only. Match its thick rounded dark-brown contours, simplified rounded shapes, and restrained 2D cartoon shading. Do not copy the reference subject or composition.

Framing: One compact composition, with the complete subject using about 80-90% of the square. Keep everything inside the frame.

Output: 512x512 PNG, RGBA, genuine transparent background. No text, numerals, labels, logos or watermark.",作成済み,,references/invidious.png
glandular.png,腺の,腺の,"Subject: A gland releasing secretion through its duct.

Composition: Show a simplified salivary-gland teaching model with grape-like clusters of secretory sacs joining small ducts that merge into one larger outlet. Tiny clear droplets travel along the connected duct toward the mouth side; keep the tissue as one coherent gland structure.

Style: Use the attached invidious.png for drawing style only. Match its thick rounded dark-brown contours, simplified rounded shapes, and restrained 2D cartoon shading. Do not copy the reference subject or composition.

Framing: One compact composition, with the complete subject using about 80-90% of the square. Keep everything inside the frame.

Output: 512x512 PNG, RGBA, genuine transparent background. No text, numerals, labels, logos or watermark.",作成済み,,references/invidious.png
habitable.png,住むことができる,住むことができる,"Subject: A small home equipped for safe everyday living.

Composition: Show the cutaway of one intact cottage containing a dry bed, a working sink, a small cooking area, and a sturdy roof. An adult carries a bag through the open door with a relieved smile; the clean sheltered space visibly supports ordinary habitation.

Style: Use the attached invidious.png for drawing style only. Match its thick rounded dark-brown contours, simplified rounded shapes, and restrained 2D cartoon shading. Do not copy the reference subject or composition.

Framing: One compact composition, with the complete subject using about 80-90% of the square. Keep everything inside the frame.

Output: 512x512 PNG, RGBA, genuine transparent background. No text, numerals, labels, logos or watermark.",作成済み,,references/invidious.png
hassle.png,面倒なこと,面倒なこと,"Subject: A tangled collection of cables delaying a simple setup.

Composition: Show an adult kneeling before a television cabinet, laboriously separating a large knot of power and signal cables. Their frustrated frown and the waiting unplugged lamp convey an annoying practical hassle; keep plugs safely disconnected and avoid exposed wiring.

Style: Use the attached invidious.png for drawing style only. Match its thick rounded dark-brown contours, simplified rounded shapes, and restrained 2D cartoon shading. Do not copy the reference subject or composition.

Framing: One compact composition, with the complete subject using about 80-90% of the square. Keep everything inside the frame.

Output: 512x512 PNG, RGBA, genuine transparent background. No text, numerals, labels, logos or watermark.",作成済み,,references/invidious.png
huddle.png,ぎっしり集まる,ぎっしり集まる,"Subject: People huddling together under one shelter in cold rain.

Composition: Show four adults packed shoulder to shoulder beneath a small bus-stop roof, drawing coats close and leaning inward for warmth. Rain falls just outside the shelter edge, while their complete feet remain on the dry platform; the close clustering is the main action.

Style: Use the attached invidious.png for drawing style only. Match its thick rounded dark-brown contours, simplified rounded shapes, and restrained 2D cartoon shading. Do not copy the reference subject or composition.

Framing: One compact composition, with the complete subject using about 80-90% of the square. Keep everything inside the frame.

Output: 512x512 PNG, RGBA, genuine transparent background. No text, numerals, labels, logos or watermark.",作成済み,,references/invidious.png
inadmissible.png,許容できない,許容できない,"Subject: A referee rejecting an illegal move in a board-game tournament.

Composition: Show a seated player trying to place a chess piece outside the board's boundary while an arbiter raises a firm open palm to stop the action. The opponent waits with crossed hands; the rejected move remains visibly outside the permitted playing area.

Style: Use the attached invidious.png for drawing style only. Match its thick rounded dark-brown contours, simplified rounded shapes, and restrained 2D cartoon shading. Do not copy the reference subject or composition.

Framing: One compact composition, with the complete subject using about 80-90% of the square. Keep everything inside the frame.

Output: 512x512 PNG, RGBA, genuine transparent background. No text, numerals, labels, logos or watermark.",作成済み,,references/invidious.png
informality.png,形式張らないこと、非公式,形式張らないこと,"Subject: A relaxed work discussion without formal ceremony.

Composition: Show three colleagues in comfortable everyday clothes sitting loosely around a low table with mugs and an open sketchbook. One perches sideways on a chair while another laughs and gestures casually; no lectern, formal seating plan, or ceremonial objects appear.

Style: Use the attached invidious.png for drawing style only. Match its thick rounded dark-brown contours, simplified rounded shapes, and restrained 2D cartoon shading. Do not copy the reference subject or composition.

Framing: One compact composition, with the complete subject using about 80-90% of the square. Keep everything inside the frame.

Output: 512x512 PNG, RGBA, genuine transparent background. No text, numerals, labels, logos or watermark.",作成済み,,references/invidious.png
jersey.png,ジャージー,ジャージー,"Subject: Mont Orgueil Castle overlooking Gorey in Jersey.

Composition: Show the complete irregular medieval stone fortress rising in layers from a rocky coastal hill above a small harbor. A curved breakwater shelters two fishing boats, and compact pale houses line the foot of the slope; keep the island-coast setting central rather than clothing or cattle.

Style: Use the attached invidious.png for drawing style only. Match its thick rounded dark-brown contours, simplified rounded shapes, and restrained 2D cartoon shading. Do not copy the reference subject or composition.

Framing: One compact composition, with the complete subject using about 80-90% of the square. Keep everything inside the frame.

Output: 512x512 PNG, RGBA, genuine transparent background. No text, numerals, labels, logos or watermark.",作成済み,,references/invidious.png
kinematics.png,運動学,運動学,"Subject: A student measuring the motion of a rolling ball.

Composition: Show an adult student beside a long inclined tabletop ramp, releasing a ball through a row of sensing gates fixed along the slope. A connected screen displays a smoothly curving position-time trace without labels; the apparatus measures the accelerating ball's changing position rather than applied forces.

Style: Use the attached invidious.png for drawing style only. Match its thick rounded dark-brown contours, simplified rounded shapes, and restrained 2D cartoon shading. Do not copy the reference subject or composition.

Framing: One compact composition, with the complete subject using about 80-90% of the square. Keep everything inside the frame.

Output: 512x512 PNG, RGBA, genuine transparent background. No text, numerals, labels, logos or watermark.",作成済み,,references/invidious.png
maladaptive.png,不適応な、十分に適用されていない,不適応な,"Subject: A habitual avoidance response making a manageable task worse.

Composition: Show an anxious adult hiding an unopened utility envelope beneath a growing pile instead of opening it, while the desk lamp has gone dark. Their hunched posture gives short-term relief but the neglected stack blocks the workspace; depict the unhelpful coping action without diagnostic labels.

Style: Use the attached invidious.png for drawing style only. Match its thick rounded dark-brown contours, simplified rounded shapes, and restrained 2D cartoon shading. Do not copy the reference subject or composition.

Framing: One compact composition, with the complete subject using about 80-90% of the square. Keep everything inside the frame.

Output: 512x512 PNG, RGBA, genuine transparent background. No text, numerals, labels, logos or watermark.",作成済み,,references/invidious.png
mightily.png,激しく,激しく,"Subject: An adult vigorously beating a dusty rug.

Composition: Show an adult outdoors swinging a wicker rug beater firmly against a rug hung over a sturdy rail. A large cloud of dust bursts from the struck surface, and the person's braced legs and raised elbow show energetic repeated effort with a plausible grip.

Style: Use the attached invidious.png for drawing style only. Match its thick rounded dark-brown contours, simplified rounded shapes, and restrained 2D cartoon shading. Do not copy the reference subject or composition.

Framing: One compact composition, with the complete subject using about 80-90% of the square. Keep everything inside the frame.

Output: 512x512 PNG, RGBA, genuine transparent background. No text, numerals, labels, logos or watermark.",作成済み,,references/invidious.png
montage.png,合成(法),合成(法),"Subject: An artist assembling one photographic montage.

Composition: Show an adult at a worktable combining cut-out photographs of a mountain, a city street, and a flying bird into one deliberately surreal composite picture. Their fingers place the bird above the city while scissors and scraps lie on the table; the artwork itself is the single assembled object.

Style: Use the attached invidious.png for drawing style only. Match its thick rounded dark-brown contours, simplified rounded shapes, and restrained 2D cartoon shading. Do not copy the reference subject or composition.

Framing: One compact composition, with the complete subject using about 80-90% of the square. Keep everything inside the frame.

Output: 512x512 PNG, RGBA, genuine transparent background. No text, numerals, labels, logos or watermark.",作成済み,,references/invidious.png
neurotic.png,ノイローゼの、神経症の,ノイローゼの,"Subject: An adult caught in persistent anxious checking.

Composition: Show an adult at their apartment door turning back to check the locked handle again while already holding their bag to leave. Their tense brow and tightly gripped keys suggest distressing repeated worry; avoid grotesque expressions or implying that appearance alone establishes a diagnosis.

Style: Use the attached invidious.png for drawing style only. Match its thick rounded dark-brown contours, simplified rounded shapes, and restrained 2D cartoon shading. Do not copy the reference subject or composition.

Framing: One compact composition, with the complete subject using about 80-90% of the square. Keep everything inside the frame.

Output: 512x512 PNG, RGBA, genuine transparent background. No text, numerals, labels, logos or watermark.",作成済み,,references/invidious.png
neutralization.png,中和、中和法,中和,"Subject: Neutralization of dilute hydrochloric acid by dilute sodium hydroxide at 25 degrees Celsius.

Composition: Show a goggled chemist adding dilute sodium hydroxide from a burette into dilute hydrochloric acid in a stirred beaker, at 25 degrees Celsius. A pH meter reads “pH 7” at the controlled equivalence point; both solutions are colorless and the stable bench contains no dramatic reaction.

Style: Use the attached invidious.png for drawing style only. Match its thick rounded dark-brown contours, simplified rounded shapes, and restrained 2D cartoon shading. Do not copy the reference subject or composition.

Framing: One compact composition, with the complete subject using about 80-90% of the square. Keep everything inside the frame.

Output: 512x512 PNG, RGBA, genuine transparent background. Allow only the essential meter value “pH 7”. No incidental labels, logos or watermark.",作成済み,,references/invidious.png
nymph.png,ニンフ,ニンフ,"Subject: A mythological woodland nymph beside her tree.

Composition: Show an adult feminine nature spirit in a flowing leaf-green tunic resting one hand on an old oak trunk beside a small spring. Vines curl naturally around the tree roots, and her calm welcoming posture links her to the woodland; give her no insect wings.

Style: Use the attached invidious.png for drawing style only. Match its thick rounded dark-brown contours, simplified rounded shapes, and restrained 2D cartoon shading. Do not copy the reference subject or composition.

Framing: One compact composition, with the complete subject using about 80-90% of the square. Keep everything inside the frame.

Output: 512x512 PNG, RGBA, genuine transparent background. No text, numerals, labels, logos or watermark.",作成済み,,references/invidious.png
outlying.png,中心から遠く離れた所にある,中心から遠く離れた所にある,"Subject: A remote cottage well beyond a village center.

Composition: Show a small cottage on a distant hillside connected by a long winding footpath to a compact cluster of village houses. An adult approaches the isolated cottage carrying supplies; the broad physical separation makes its peripheral location clear in one continuous landscape.

Style: Use the attached invidious.png for drawing style only. Match its thick rounded dark-brown contours, simplified rounded shapes, and restrained 2D cartoon shading. Do not copy the reference subject or composition.

Framing: One compact composition, with the complete subject using about 80-90% of the square. Keep everything inside the frame.

Output: 512x512 PNG, RGBA, genuine transparent background. No text, numerals, labels, logos or watermark.",作成済み,,references/invidious.png
ow.png,あいた!,あいた!,"Subject: An adult reacting to a suddenly stubbed toe.

Composition: Show a barefoot adult beside a low stool, one foot just recoiled from its leg and both hands reaching toward the sore toe. Their mouth opens sharply and eyebrows pinch in pain; the stool remains upright and there is no injury or speech text.

Style: Use the attached invidious.png for drawing style only. Match its thick rounded dark-brown contours, simplified rounded shapes, and restrained 2D cartoon shading. Do not copy the reference subject or composition.

Framing: One compact composition, with the complete subject using about 80-90% of the square. Keep everything inside the frame.

Output: 512x512 PNG, RGBA, genuine transparent background. No text, numerals, labels, logos or watermark.",作成済み,,references/invidious.png
paediatric.png,小児科の,小児科の,"Subject: A pediatrician examining a child with a caregiver present.

Composition: Show a doctor kneeling to a young child's seated height and gently placing a stethoscope on the child's clothed chest. A caregiver sits close with a reassuring hand on the child's shoulder, while a small stuffed bear rests on the examination bench.

Style: Use the attached invidious.png for drawing style only. Match its thick rounded dark-brown contours, simplified rounded shapes, and restrained 2D cartoon shading. Do not copy the reference subject or composition.

Framing: One compact composition, with the complete subject using about 80-90% of the square. Keep everything inside the frame.

Output: 512x512 PNG, RGBA, genuine transparent background. No text, numerals, labels, logos or watermark.",作成済み,,references/invidious.png
plc.png,ホスホリパーゼC,ホスホリパーゼC,"Subject: Phospholipase C cleaving a membrane phospholipid.

Composition: Show phospholipase C at the inner face of a lipid bilayer cleaving a PIP2 substrate. Its active-site cleft releases an inositol ring bearing three distinct phosphate groups at positions 1, 4, and 5 into the cytosol, while the two-tailed diacylglycerol product stays embedded in the membrane; use molecular shapes without written labels.

Style: Use the attached invidious.png for drawing style only. Match its thick rounded dark-brown contours, simplified rounded shapes, and restrained 2D cartoon shading. Do not copy the reference subject or composition.

Framing: One compact composition, with the complete subject using about 80-90% of the square. Keep everything inside the frame.

Output: 512x512 PNG, RGBA, genuine transparent background. No text, numerals, labels, logos or watermark.",作成済み,,references/invidious.png
post-mortem.png,死後の,死後の,"Subject: A pathologist conducting a respectful post-mortem examination.

Composition: Show a gloved pathologist beside a fully covered adult body on a mortuary table, studying a small external sample container and recording observations. A sheet conceals the body completely; use clinical lighting and a solemn expression without incisions, blood, or sensational detail.

Style: Use the attached invidious.png for drawing style only. Match its thick rounded dark-brown contours, simplified rounded shapes, and restrained 2D cartoon shading. Do not copy the reference subject or composition.

Framing: One compact composition, with the complete subject using about 80-90% of the square. Keep everything inside the frame.

Output: 512x512 PNG, RGBA, genuine transparent background. No text, numerals, labels, logos or watermark.",作成済み,,references/invidious.png
pounce@peuk.png,飛びかかる,飛びかかる,"Subject: A cat pouncing onto a soft toy mouse.

Composition: Show a cat springing forward from a low crouch, hind legs pushing off the floor and both forepaws extended toward a fabric mouse. Its tail balances the leap and eyes remain fixed on the target; keep the full body and landing area visible.

Style: Use the attached invidious.png for drawing style only. Match its thick rounded dark-brown contours, simplified rounded shapes, and restrained 2D cartoon shading. Do not copy the reference subject or composition.

Framing: One compact composition, with the complete subject using about 80-90% of the square. Keep everything inside the frame.

Output: 512x512 PNG, RGBA, genuine transparent background. No text, numerals, labels, logos or watermark.",作成済み,,references/invidious.png
slowness.png,遅さ,遅さ,"Subject: A snail making very slow progress across a path.

Composition: Show a complete snail extending its eyestalks while crossing a narrow garden stepping stone, with a long glistening trail behind it. A fallen leaf only a short distance ahead establishes its small progress; avoid speed symbols or unrelated racing opponents.

Style: Use the attached invidious.png for drawing style only. Match its thick rounded dark-brown contours, simplified rounded shapes, and restrained 2D cartoon shading. Do not copy the reference subject or composition.

Framing: One compact composition, with the complete subject using about 80-90% of the square. Keep everything inside the frame.

Output: 512x512 PNG, RGBA, genuine transparent background. No text, numerals, labels, logos or watermark.",作成済み,,references/invidious.png
tenement.png,借家,借家,"Subject: A tenant moving belongings into a modest rented house.

Composition: Show an adult carrying a bedding roll through the open doorway of a small two-story house while the property owner stands outside holding an extra set of keys and the rental papers. Keep the domestic building whole and the tenant's move-in action central.

Style: Use the attached invidious.png for drawing style only. Match its thick rounded dark-brown contours, simplified rounded shapes, and restrained 2D cartoon shading. Do not copy the reference subject or composition.

Framing: One compact composition, with the complete subject using about 80-90% of the square. Keep everything inside the frame.

Output: 512x512 PNG, RGBA, genuine transparent background. No text, numerals, labels, logos or watermark.",作成済み,,references/invidious.png
thrift.png,倹約、幸運,倹約,"Subject: An adult repairing a worn garment to avoid replacing it.

Composition: Show an adult seated by a window stitching a neat patch over the elbow of a sturdy jacket. A small sewing basket and a carefully saved jar of coins rest nearby; the useful repair and contented focus show economical care rather than deprivation.

Style: Use the attached invidious.png for drawing style only. Match its thick rounded dark-brown contours, simplified rounded shapes, and restrained 2D cartoon shading. Do not copy the reference subject or composition.

Framing: One compact composition, with the complete subject using about 80-90% of the square. Keep everything inside the frame.

Output: 512x512 PNG, RGBA, genuine transparent background. No text, numerals, labels, logos or watermark.",作成済み,,references/invidious.png
tine.png,歯,歯,"Subject: The pointed tines of a garden fork.

Composition: Show one complete short-handled garden fork lying diagonally on a patch of soil, its four slender steel prongs prominently separated. A small clod is caught between two tines; make the pronged working end clear while preserving the shaft and grip.

Style: Use the attached invidious.png for drawing style only. Match its thick rounded dark-brown contours, simplified rounded shapes, and restrained 2D cartoon shading. Do not copy the reference subject or composition.

Framing: One compact composition, with the complete subject using about 80-90% of the square. Keep everything inside the frame.

Output: 512x512 PNG, RGBA, genuine transparent background. No text, numerals, labels, logos or watermark.",作成済み,,references/invidious.png
toad.png,ヒキガエル、嫌なやつ,ヒキガエル,"Subject: A squat toad resting on damp earth.

Composition: Show a complete brown toad with rough warty skin, short sturdy hind legs, and raised glands behind its eyes. It sits beside a small leaf under low vegetation, all four limbs naturally placed; avoid the long-legged smooth-skinned appearance of a typical frog.

Style: Use the attached invidious.png for drawing style only. Match its thick rounded dark-brown contours, simplified rounded shapes, and restrained 2D cartoon shading. Do not copy the reference subject or composition.

Framing: One compact composition, with the complete subject using about 80-90% of the square. Keep everything inside the frame.

Output: 512x512 PNG, RGBA, genuine transparent background. No text, numerals, labels, logos or watermark.",作成済み,,references/invidious.png
tyre.png,たいや,たいや,"Subject: A rubber tire being checked beside a vehicle.

Composition: Show a mechanic kneeling beside a detached black tire mounted on its metal wheel, turning it slightly to inspect the deep tread and sidewall. The intact wheel rests upright on the floor with the mechanic's hand preventing it from rolling; do not depict the ancient city.

Style: Use the attached invidious.png for drawing style only. Match its thick rounded dark-brown contours, simplified rounded shapes, and restrained 2D cartoon shading. Do not copy the reference subject or composition.

Framing: One compact composition, with the complete subject using about 80-90% of the square. Keep everything inside the frame.

Output: 512x512 PNG, RGBA, genuine transparent background. No text, numerals, labels, logos or watermark.",作成済み,,references/invidious.png
unfairness.png,不公正、不公平,不公正,"Subject: Unequal portions distributed to equally deserving diners.

Composition: Show a server giving one adult a heaped plate of food while handing another adult a nearly empty plate from the same serving dish. Both diners hold identical meal tokens, and the second looks disappointed; the unexplained unequal treatment is immediately visible.

Style: Use the attached invidious.png for drawing style only. Match its thick rounded dark-brown contours, simplified rounded shapes, and restrained 2D cartoon shading. Do not copy the reference subject or composition.

Framing: One compact composition, with the complete subject using about 80-90% of the square. Keep everything inside the frame.

Output: 512x512 PNG, RGBA, genuine transparent background. No text, numerals, labels, logos or watermark.",作成済み,,references/invidious.png
well-dressed.png,身なりの良い、おしゃれな服装をした,身なりの良い,"Subject: An adult wearing a carefully coordinated outfit.

Composition: Show an adult standing comfortably in a well-fitted jacket, pressed trousers, polished shoes, and a neatly arranged scarf. They adjust one cuff while a full-length mirror reflects the outfit; clothing fits naturally without designer logos or excessive luxury props.

Style: Use the attached invidious.png for drawing style only. Match its thick rounded dark-brown contours, simplified rounded shapes, and restrained 2D cartoon shading. Do not copy the reference subject or composition.

Framing: One compact composition, with the complete subject using about 80-90% of the square. Keep everything inside the frame.

Output: 512x512 PNG, RGBA, genuine transparent background. No text, numerals, labels, logos or watermark.",作成済み,,references/invidious.png
workday.png,仕事日、就業日,仕事日,"Subject: An adult beginning an ordinary day of work.

Composition: Show an adult entering a workshop in work clothes, hanging their lunch bag on a hook and switching on the bench lamp. Their tools are arranged for the day's tasks and a coworker is already working nearby; focus on the routine working-day setting.

Style: Use the attached invidious.png for drawing style only. Match its thick rounded dark-brown contours, simplified rounded shapes, and restrained 2D cartoon shading. Do not copy the reference subject or composition.

Framing: One compact composition, with the complete subject using about 80-90% of the square. Keep everything inside the frame.

Output: 512x512 PNG, RGBA, genuine transparent background. No text, numerals, labels, logos or watermark.",作成済み,,references/invidious.png
Agamemnon.png,アガメムノン,アガメムノン,"Subject: Agamemnon commanding the Greek camp before Troy.

Composition: Show the mythic Mycenaean king wearing bronze armor and a crested helmet, standing beside a chariot with a commanding gesture toward distant ships. He carries a sheathed sword and a broad shield; avoid portraying the archaeological gold funeral mask as his proven likeness.

Style: Use the attached invidious.png for drawing style only. Match its thick rounded dark-brown contours, simplified rounded shapes, and restrained 2D cartoon shading. Do not copy the reference subject or composition.

Framing: One compact composition, with the complete subject using about 80-90% of the square. Keep everything inside the frame.

Output: 512x512 PNG, RGBA, genuine transparent background. No text, numerals, labels, logos or watermark.",作成済み,,references/invidious.png
Bedouin.png,ベドウィン,ベドウィン,"Subject: A Bedouin adult tending camels beside a desert camp.

Composition: Show an adult in practical desert robes securing a water skin to a kneeling camel outside a low woven goat-hair tent. A small hearth and rolled bedding sit beneath the tent awning; present ordinary pastoral work with natural proportions and no exaggerated ethnic features.

Style: Use the attached invidious.png for drawing style only. Match its thick rounded dark-brown contours, simplified rounded shapes, and restrained 2D cartoon shading. Do not copy the reference subject or composition.

Framing: One compact composition, with the complete subject using about 80-90% of the square. Keep everything inside the frame.

Output: 512x512 PNG, RGBA, genuine transparent background. No text, numerals, labels, logos or watermark.",作成済み,,references/invidious.png
Gypsy.png,ジプシー、ロマ民族の人,ジプシー,"Subject: A fictional Romani adult sharing a practical skill.

Composition: Show a fictional Romani adult in ordinary contemporary clothes at a pottery wheel, helping another adult shape a bowl. A small personal Romani-flag keepsake with its wheel emblem provides cultural context without a written identity statement, caravans, fortune-telling, or costume stereotypes.

Style: Use the attached invidious.png for drawing style only. Match its thick rounded dark-brown contours, simplified rounded shapes, and restrained 2D cartoon shading. Do not copy the reference subject or composition.

Framing: One compact composition, with the complete subject using about 80-90% of the square. Keep everything inside the frame.

Output: 512x512 PNG, RGBA, genuine transparent background. No text, explanatory labels, speech balloons or bubbles, numerals, logos or watermark.",作成済み,,references/invidious.png
Madeira.png,マデイラ,マデイラ,"Subject: An amber serving of Madeira fortified wine.

Composition: Show a small stemmed wine glass containing clear amber-brown wine beside an unbranded dark bottle with a cork and a short wooden wine cask. A few white grapes rest on the same cellar shelf; keep the modest serving and warm aged color central.

Style: Use the attached invidious.png for drawing style only. Match its thick rounded dark-brown contours, simplified rounded shapes, and restrained 2D cartoon shading. Do not copy the reference subject or composition.

Framing: One compact composition, with the complete subject using about 80-90% of the square. Keep everything inside the frame.

Output: 512x512 PNG, RGBA, genuine transparent background. No text, numerals, labels, logos or watermark.",作成済み,,references/invidious.png
Poseidon.png,ポセイドン、海の神,ポセイドン,"Subject: Poseidon standing above a cresting sea wave.

Composition: Show the bearded Greek sea god with an adult muscular human body, wearing a draped sea-green cloth and gripping a three-pronged trident. He stands on a rocky outcrop as a wave curls around its base; include the complete trident, both feet, and all hands.

Style: Use the attached invidious.png for drawing style only. Match its thick rounded dark-brown contours, simplified rounded shapes, and restrained 2D cartoon shading. Do not copy the reference subject or composition.

Framing: One compact composition, with the complete subject using about 80-90% of the square. Keep everything inside the frame.

Output: 512x512 PNG, RGBA, genuine transparent background. No text, numerals, labels, logos or watermark.",作成済み,,references/invidious.png
Sophocles.png,ソフォクレス,ソフォクレス,"Subject: Sophocles preparing an ancient Greek tragedy.

Composition: Show an elderly Greek dramatist with curly hair and a full beard, wrapped in a simple himation and seated with a papyrus roll. A tragic theater mask rests on a low table beside him, and a small arc of stone theater seating establishes his dramatic vocation.

Style: Use the attached invidious.png for drawing style only. Match its thick rounded dark-brown contours, simplified rounded shapes, and restrained 2D cartoon shading. Do not copy the reference subject or composition.

Framing: One compact composition, with the complete subject using about 80-90% of the square. Keep everything inside the frame.

Output: 512x512 PNG, RGBA, genuine transparent background. No text, numerals, labels, logos or watermark.",作成済み,,references/invidious.png
Spaniard.png,スペイン人,スペイン人,"Subject: A fictional Spanish adult in a Spanish neighborhood.

Composition: Show an adult in modern casual clothing greeting a neighbor at a café beside a recognizable Spanish town-square setting. A small Spanish flag on a nearby civic building provides geographic context, with no bullfighting costume, identity sentence, or claim based on facial features.

Style: Use the attached invidious.png for drawing style only. Match its thick rounded dark-brown contours, simplified rounded shapes, and restrained 2D cartoon shading. Do not copy the reference subject or composition.

Framing: One compact composition, with the complete subject using about 80-90% of the square. Keep everything inside the frame.

Output: 512x512 PNG, RGBA, genuine transparent background. No text, explanatory labels, speech balloons or bubbles, numerals, logos or watermark.",作成済み,,references/invidious.png
aggravate.png,悪化させる,悪化させる,"Subject: Rubbing an irritated patch of skin and making it worse.

Composition: Show an adult scratching a small mosquito bite on their lower leg while the surrounding skin becomes more red and swollen. Their free hand rests on the chair for support; show irritation without broken skin, emphasizing the action that worsens the existing discomfort.

Style: Use the attached invidious.png for drawing style only. Match its thick rounded dark-brown contours, simplified rounded shapes, and restrained 2D cartoon shading. Do not copy the reference subject or composition.

Framing: One compact composition, with the complete subject using about 80-90% of the square. Keep everything inside the frame.

Output: 512x512 PNG, RGBA, genuine transparent background. No text, numerals, labels, logos or watermark.",作成済み,,references/invidious.png
angling.png,釣り,釣り,"Subject: An adult fishing with a rod, line, and hook.

Composition: Show an adult seated securely on a low riverbank, holding a fishing rod with both hands as the line dips toward a small float on the water. A closed tackle box sits beside them; show the full rod and line without a giant caught fish.

Style: Use the attached invidious.png for drawing style only. Match its thick rounded dark-brown contours, simplified rounded shapes, and restrained 2D cartoon shading. Do not copy the reference subject or composition.

Framing: One compact composition, with the complete subject using about 80-90% of the square. Keep everything inside the frame.

Output: 512x512 PNG, RGBA, genuine transparent background. No text, numerals, labels, logos or watermark.",作成済み,,references/invidious.png
atrocious.png,極悪な,極悪な,"Subject: A malicious adult deliberately smashing a child's handmade toy.

Composition: Show an adult raising a boot after crushing a small wooden toy on the ground while its young maker stands nearby in tears. The aggressor's cold expression and the broken handmade pieces establish cruelty; keep the child physically safe and avoid comic treatment.

Style: Use the attached invidious.png for drawing style only. Match its thick rounded dark-brown contours, simplified rounded shapes, and restrained 2D cartoon shading. Do not copy the reference subject or composition.

Framing: One compact composition, with the complete subject using about 80-90% of the square. Keep everything inside the frame.

Output: 512x512 PNG, RGBA, genuine transparent background. No text, numerals, labels, logos or watermark.",作成済み,,references/invidious.png
blotting.png,ブロッティング、吸い取り法,ブロッティング,"Subject: An adult blotting excess ink from fresh handwriting.

Composition: Show an adult gently pressing a curved blotter with absorbent paper against a fresh ink patch on a desk sheet. A fountain pen rests safely beside the inkwell, and the paper absorbs the wet shine rather than smearing it; use no readable words.

Style: Use the attached invidious.png for drawing style only. Match its thick rounded dark-brown contours, simplified rounded shapes, and restrained 2D cartoon shading. Do not copy the reference subject or composition.

Framing: One compact composition, with the complete subject using about 80-90% of the square. Keep everything inside the frame.

Output: 512x512 PNG, RGBA, genuine transparent background. No text, numerals, labels, logos or watermark.",作成済み,,references/invidious.png
bumpy.png,でこぼこの多い、凹凸な,でこぼこの多い,"Subject: A cyclist jolting along a bumpy cobbled lane.

Composition: Show an adult on a bicycle rolling over rounded uneven stones, with bent elbows absorbing the jolts and a basket bouncing slightly. The full bicycle remains aligned with the rough lane; make the raised stones and shallow dips clear without a crash.

Style: Use the attached invidious.png for drawing style only. Match its thick rounded dark-brown contours, simplified rounded shapes, and restrained 2D cartoon shading. Do not copy the reference subject or composition.

Framing: One compact composition, with the complete subject using about 80-90% of the square. Keep everything inside the frame.

Output: 512x512 PNG, RGBA, genuine transparent background. No text, numerals, labels, logos or watermark.",作成済み,,references/invidious.png
burglar.png,強盗,強盗,"Subject: A robber confronting a resident during a house intrusion.

Composition: Show an intruder inside a forced-open doorway reaching for a resident's bag while the resident recoils and holds it close. The intruder's threatening posture establishes robbery, and a broken latch establishes unlawful entry; show no weapon, injury, or detailed break-in method.

Style: Use the attached invidious.png for drawing style only. Match its thick rounded dark-brown contours, simplified rounded shapes, and restrained 2D cartoon shading. Do not copy the reference subject or composition.

Framing: One compact composition, with the complete subject using about 80-90% of the square. Keep everything inside the frame.

Output: 512x512 PNG, RGBA, genuine transparent background. No text, numerals, labels, logos or watermark.",作成済み,,references/invidious.png
conceivably.png,おそらく,おそらく,"Subject: An adult considering that dark clouds may bring rain.

Composition: Show an adult paused at a doorway with an umbrella in one hand, looking toward a small gathering cloud outside. Their raised eyebrows and thoughtful half-shrug indicate a plausible possibility rather than certainty; the ground remains dry and no rain has begun.

Style: Use the attached invidious.png for drawing style only. Match its thick rounded dark-brown contours, simplified rounded shapes, and restrained 2D cartoon shading. Do not copy the reference subject or composition.

Framing: One compact composition, with the complete subject using about 80-90% of the square. Keep everything inside the frame.

Output: 512x512 PNG, RGBA, genuine transparent background. No text, numerals, labels, logos or watermark.",作成済み,,references/invidious.png
cub.png,幼獣、子,幼獣,"Subject: A bear cub playing beside its mother.

Composition: Show a small round-bodied brown bear cub batting gently at a fallen pine cone while its much larger mother rests nearby. The cub has soft fur, short limbs, and a playful curious posture; both animals are complete and share one small woodland patch.

Style: Use the attached invidious.png for drawing style only. Match its thick rounded dark-brown contours, simplified rounded shapes, and restrained 2D cartoon shading. Do not copy the reference subject or composition.

Framing: One compact composition, with the complete subject using about 80-90% of the square. Keep everything inside the frame.

Output: 512x512 PNG, RGBA, genuine transparent background. No text, numerals, labels, logos or watermark.",作成済み,,references/invidious.png
delirious.png,錯乱した,錯乱した,"Subject: A feverish patient confused about their surroundings.

Composition: Show an adult sitting safely upright in bed, looking bewildered and reaching toward a coat hanging on a hook as though mistaking it for a person. A caregiver gently steadies the patient's shoulder; use a damp forehead cloth and worried expression without frightening hallucination imagery.

Style: Use the attached invidious.png for drawing style only. Match its thick rounded dark-brown contours, simplified rounded shapes, and restrained 2D cartoon shading. Do not copy the reference subject or composition.

Framing: One compact composition, with the complete subject using about 80-90% of the square. Keep everything inside the frame.

Output: 512x512 PNG, RGBA, genuine transparent background. No text, numerals, labels, logos or watermark.",作成済み,,references/invidious.png
diabolical.png,悪魔の,悪魔の,"Subject: A fantastical demonic creature with horns and a forked tail.

Composition: Show a small red-skinned demon with curved horns, pointed ears, cloven feet, and a long forked tail, crouching beside a smoking cracked rock. Its sly grin and batlike wings convey the supernatural demonic quality; the creature is fictional and unconnected to any real group.

Style: Use the attached invidious.png for drawing style only. Match its thick rounded dark-brown contours, simplified rounded shapes, and restrained 2D cartoon shading. Do not copy the reference subject or composition.

Framing: One compact composition, with the complete subject using about 80-90% of the square. Keep everything inside the frame.

Output: 512x512 PNG, RGBA, genuine transparent background. No text, numerals, labels, logos or watermark.",作成済み,,references/invidious.png
dutiful.png,従順な,従順な,"Subject: An adult dutifully completing a promised household chore.

Composition: Show an adult carefully sweeping a shared kitchen after a meal while others relax nearby. They work steadily with a responsible expression, moving crumbs toward a dustpan held by their other hand; the visible dinner dishes establish the ordinary duty being fulfilled.

Style: Use the attached invidious.png for drawing style only. Match its thick rounded dark-brown contours, simplified rounded shapes, and restrained 2D cartoon shading. Do not copy the reference subject or composition.

Framing: One compact composition, with the complete subject using about 80-90% of the square. Keep everything inside the frame.

Output: 512x512 PNG, RGBA, genuine transparent background. No text, numerals, labels, logos or watermark.",作成済み,,references/invidious.png
environs.png,周囲,周囲,"Subject: The countryside immediately surrounding a small city.

Composition: Show a compact walled town in the middle distance, encircled by orchards, fields, footpaths, and a few farmhouses. An adult walks along the nearest rural path with the city skyline still clearly visible, emphasizing the adjoining districts around the urban center.

Style: Use the attached invidious.png for drawing style only. Match its thick rounded dark-brown contours, simplified rounded shapes, and restrained 2D cartoon shading. Do not copy the reference subject or composition.

Framing: One compact composition, with the complete subject using about 80-90% of the square. Keep everything inside the frame.

Output: 512x512 PNG, RGBA, genuine transparent background. No text, numerals, labels, logos or watermark.",作成済み,,references/invidious.png
fiat.png,命令,命令,"Subject: A ruler issuing a formal decree.

Composition: Show a seated ruler extending a newly sealed decree toward a waiting messenger, who reaches to receive it. The seal stamp rests on the writing table beside the wax; the ruler's authoritative posture and the messenger's attentive stance establish the formal order without readable text.

Style: Use the attached invidious.png for drawing style only. Match its thick rounded dark-brown contours, simplified rounded shapes, and restrained 2D cartoon shading. Do not copy the reference subject or composition.

Framing: One compact composition, with the complete subject using about 80-90% of the square. Keep everything inside the frame.

Output: 512x512 PNG, RGBA, genuine transparent background. No text, numerals, labels, logos or watermark.",作成済み,,references/invidious.png
fundamentalist.png,原理主義者,原理主義者,"Subject: A believer insisting rigidly on a sacred text.

Composition: Show a fictional adult holding an open religious book close and pointing insistently to one passage while rejecting an alternative interpretation offered on another open page. The discussion partner remains calm; all writing is unreadable and no real sect is identified.

Style: Use the attached invidious.png for drawing style only. Match its thick rounded dark-brown contours, simplified rounded shapes, and restrained 2D cartoon shading. Do not copy the reference subject or composition.

Framing: One compact composition, with the complete subject using about 80-90% of the square. Keep everything inside the frame.

Output: 512x512 PNG, RGBA, genuine transparent background. No text, explanatory labels, speech balloons or bubbles, numerals, logos or watermark.",作成済み,,references/invidious.png
greedily.png,欲張って、ガツガツと,欲張って,"Subject: An adult eating pastries greedily.

Composition: Show an adult leaning over a shared plate, stuffing a large pastry into their mouth while the other hand grabs a second one. Crumbs fall onto a napkin and a companion's outstretched hand finds the plate nearly empty; keep the overeager behavior clear without grotesque anatomy.

Style: Use the attached invidious.png for drawing style only. Match its thick rounded dark-brown contours, simplified rounded shapes, and restrained 2D cartoon shading. Do not copy the reference subject or composition.

Framing: One compact composition, with the complete subject using about 80-90% of the square. Keep everything inside the frame.

Output: 512x512 PNG, RGBA, genuine transparent background. No text, numerals, labels, logos or watermark.",作成済み,,references/invidious.png
heighten.png,高くする、上げる,高くする,"Subject: A mason raising the height of a brick wall.

Composition: Show a mason placing a fresh brick onto a new upper course of an existing low wall. One gloved hand guides the brick while the other holds a trowel safely beside it; the stepped unfinished course makes the wall's added height visible.

Style: Use the attached invidious.png for drawing style only. Match its thick rounded dark-brown contours, simplified rounded shapes, and restrained 2D cartoon shading. Do not copy the reference subject or composition.

Framing: One compact composition, with the complete subject using about 80-90% of the square. Keep everything inside the frame.

Output: 512x512 PNG, RGBA, genuine transparent background. No text, numerals, labels, logos or watermark.",作成済み,,references/invidious.png
hip@keub.png,野バラの実,野バラの実,"Subject: Ripe rose hips on a wild rose branch.

Composition: Show one complete branching wild-rose sprig with several plump red-orange hips, each bearing a small dry sepal crown at its tip. Include serrated compound leaves and a few curved prickles on the stem, clearly distinguishing the fruit from ordinary berries.

Style: Use the attached invidious.png for drawing style only. Match its thick rounded dark-brown contours, simplified rounded shapes, and restrained 2D cartoon shading. Do not copy the reference subject or composition.

Framing: One compact composition, with the complete subject using about 80-90% of the square. Keep everything inside the frame.

Output: 512x512 PNG, RGBA, genuine transparent background. No text, numerals, labels, logos or watermark.",作成済み,,references/invidious.png
humeral.png,上腕骨の,上腕骨の,"Subject: The humerus highlighted in a complete arm skeleton.

Composition: Show a simplified articulated shoulder, upper arm, forearm, and hand teaching model on a stable stand. Highlight only the long bone from shoulder to elbow in warm orange, retaining its rounded humeral head and widened lower end while all neighboring bones stay ivory.

Style: Use the attached invidious.png for drawing style only. Match its thick rounded dark-brown contours, simplified rounded shapes, and restrained 2D cartoon shading. Do not copy the reference subject or composition.

Framing: One compact composition, with the complete subject using about 80-90% of the square. Keep everything inside the frame.

Output: 512x512 PNG, RGBA, genuine transparent background. No text, numerals, labels, logos or watermark.",作成済み,,references/invidious.png
imperious.png,傲慢な,傲慢な,"Subject: An imperious diner ordering a server around.

Composition: Show a seated adult lifting their chin and pointing sharply at a tiny spot on an otherwise clean glass while a server waits with a tray. The diner's dismissive posture and impatient raised hand convey arrogant command, with the server remaining composed.

Style: Use the attached invidious.png for drawing style only. Match its thick rounded dark-brown contours, simplified rounded shapes, and restrained 2D cartoon shading. Do not copy the reference subject or composition.

Framing: One compact composition, with the complete subject using about 80-90% of the square. Keep everything inside the frame.

Output: 512x512 PNG, RGBA, genuine transparent background. No text, numerals, labels, logos or watermark.",作成済み,,references/invidious.png
internment.png,抑留,抑留,"Subject: Civilian adults confined within a guarded internment compound.

Composition: Show several adults with simple luggage standing inside a fenced enclosure while a uniformed guard closes its gate. Plain barracks and a watchtower remain within one compact setting; portray uncertainty and restriction without ethnic markers, accusations, or graphic mistreatment.

Style: Use the attached invidious.png for drawing style only. Match its thick rounded dark-brown contours, simplified rounded shapes, and restrained 2D cartoon shading. Do not copy the reference subject or composition.

Framing: One compact composition, with the complete subject using about 80-90% of the square. Keep everything inside the frame.

Output: 512x512 PNG, RGBA, genuine transparent background. No text, numerals, labels, logos or watermark.",作成済み,,references/invidious.png
juror.png,陪審員,陪審員,"Subject: A juror listening carefully during a trial.

Composition: Show one adult seated prominently in a jury box among several fellow jurors, watching a witness with a thoughtful expression. Their hands rest on a blank notepad while the judge remains small in the background; the seating and attention identify their trial-panel role.

Style: Use the attached invidious.png for drawing style only. Match its thick rounded dark-brown contours, simplified rounded shapes, and restrained 2D cartoon shading. Do not copy the reference subject or composition.

Framing: One compact composition, with the complete subject using about 80-90% of the square. Keep everything inside the frame.

Output: 512x512 PNG, RGBA, genuine transparent background. No text, numerals, labels, logos or watermark.",作成済み,,references/invidious.png
life-cycle.png,生活環,生活環,"Subject: A butterfly habitat containing the stages of its life cycle.

Composition: Show one living milkweed plant bearing tiny eggs beneath a leaf, a feeding caterpillar, and a hanging chrysalis, while an adult monarch butterfly lands nearby to lay eggs. All stages inhabit the same coherent plant setting, without arrows, panels, or separate comparison boxes.

Style: Use the attached invidious.png for drawing style only. Match its thick rounded dark-brown contours, simplified rounded shapes, and restrained 2D cartoon shading. Do not copy the reference subject or composition.

Framing: One compact composition, with the complete subject using about 80-90% of the square. Keep everything inside the frame.

Output: 512x512 PNG, RGBA, genuine transparent background. No text, numerals, labels, logos or watermark.",作成済み,,references/invidious.png
mayhem.png,大混乱,大混乱,"Subject: A crowded kitchen thrown into chaotic disorder.

Composition: Show three cooks scrambling around one worktable after a tray falls: flour billows, a pot lid rolls, and vegetables scatter. One cook catches a bowl while another tries to steady the tray; keep limbs distinct and the mishap non-injurious despite the disorder.

Style: Use the attached invidious.png for drawing style only. Match its thick rounded dark-brown contours, simplified rounded shapes, and restrained 2D cartoon shading. Do not copy the reference subject or composition.

Framing: One compact composition, with the complete subject using about 80-90% of the square. Keep everything inside the frame.

Output: 512x512 PNG, RGBA, genuine transparent background. No text, numerals, labels, logos or watermark.",作成済み,,references/invidious.png
melon.png,メロン,メロン,"Subject: A ripe cantaloupe with one cut wedge.

Composition: Show one netted-rind cantaloupe with a single wedge removed, the detached wedge resting beside the matching opening on the same plate. Orange flesh and a cavity of pale seeds are clearly visible, with a short stem still attached to the remaining melon.

Style: Use the attached invidious.png for drawing style only. Match its thick rounded dark-brown contours, simplified rounded shapes, and restrained 2D cartoon shading. Do not copy the reference subject or composition.

Framing: One compact composition, with the complete subject using about 80-90% of the square. Keep everything inside the frame.

Output: 512x512 PNG, RGBA, genuine transparent background. No text, numerals, labels, logos or watermark.",作成済み,,references/invidious.png
newness.png,新しいこと、新鮮さ,新しいこと,"Subject: A newly unpacked pair of spotless shoes.

Composition: Show an adult lifting one pristine shoe from a freshly opened box lined with crisp tissue paper while its matching shoe remains inside. Smooth unworn soles, uncreased uppers, and careful excited handling convey newness without a price tag or printed packaging.

Style: Use the attached invidious.png for drawing style only. Match its thick rounded dark-brown contours, simplified rounded shapes, and restrained 2D cartoon shading. Do not copy the reference subject or composition.

Framing: One compact composition, with the complete subject using about 80-90% of the square. Keep everything inside the frame.

Output: 512x512 PNG, RGBA, genuine transparent background. No text, numerals, labels, logos or watermark.",作成済み,,references/invidious.png
nodular.png,結節性の、小さな節のある,結節性の,"Subject: Small nodules along a bean plant's roots.

Composition: Show a whole young bean plant carefully lifted from a loose soil clump, with leaves and stem above and branching roots below. Several small rounded nodules cling directly to the root sides; make them integrated swellings rather than separate stones or seeds.

Style: Use the attached invidious.png for drawing style only. Match its thick rounded dark-brown contours, simplified rounded shapes, and restrained 2D cartoon shading. Do not copy the reference subject or composition.

Framing: One compact composition, with the complete subject using about 80-90% of the square. Keep everything inside the frame.

Output: 512x512 PNG, RGBA, genuine transparent background. No text, numerals, labels, logos or watermark.",作成済み,,references/invidious.png
overcast.png,曇で覆われた、どんよりした,曇で覆われた,"Subject: A landscape beneath a continuous blanket of gray cloud.

Composition: Show a small hilltop farm and a lone tree under a low unbroken layer of heavy gray cloud. Muted light reaches the fields without sunbeams or blue openings; the landscape stays dry so the oppressive overcast sky remains the defining feature.

Style: Use the attached invidious.png for drawing style only. Match its thick rounded dark-brown contours, simplified rounded shapes, and restrained 2D cartoon shading. Do not copy the reference subject or composition.

Framing: One compact composition, with the complete subject using about 80-90% of the square. Keep everything inside the frame.

Output: 512x512 PNG, RGBA, genuine transparent background. No text, numerals, labels, logos or watermark.",作成済み,,references/invidious.png
overland.png,陸路で、陸上で,陸路で,"Subject: Travelers crossing a landscape by land.

Composition: Show a small caravan of two pack animals and an adult walker following a dusty track through a mountain pass. Their loads are firmly strapped and the path continues across visible solid ground; include no boat, plane, or water crossing.

Style: Use the attached invidious.png for drawing style only. Match its thick rounded dark-brown contours, simplified rounded shapes, and restrained 2D cartoon shading. Do not copy the reference subject or composition.

Framing: One compact composition, with the complete subject using about 80-90% of the square. Keep everything inside the frame.

Output: 512x512 PNG, RGBA, genuine transparent background. No text, numerals, labels, logos or watermark.",作成済み,,references/invidious.png
paramagnetic.png,常磁性の,常磁性の,"Subject: A tiny aluminum sample weakly attracted toward a strong magnet.

Composition: Show a small aluminum sphere suspended from a fine thread on a laboratory stand beside a strong electromagnet. The thread tilts only slightly toward a pole, making the weak attraction visible without contact or dramatic clinging; retain a stable support and a modest displacement.

Style: Use the attached invidious.png for drawing style only. Match its thick rounded dark-brown contours, simplified rounded shapes, and restrained 2D cartoon shading. Do not copy the reference subject or composition.

Framing: One compact composition, with the complete subject using about 80-90% of the square. Keep everything inside the frame.

Output: 512x512 PNG, RGBA, genuine transparent background. No text, numerals, labels, logos or watermark.",作成済み,,references/invidious.png
periodicity.png,周期性,周期性,"Subject: A pendulum repeating its swing at regular intervals.

Composition: Show one pendulum clock mechanism with a bob swinging through a shallow arc beneath its fixed pivot. Small evenly spaced ghosted bob positions along the same arc indicate successive moments, while the escapement gear remains connected above; omit clock numerals and text.

Style: Use the attached invidious.png for drawing style only. Match its thick rounded dark-brown contours, simplified rounded shapes, and restrained 2D cartoon shading. Do not copy the reference subject or composition.

Framing: One compact composition, with the complete subject using about 80-90% of the square. Keep everything inside the frame.

Output: 512x512 PNG, RGBA, genuine transparent background. No text, numerals, labels, logos or watermark.",作成済み,,references/invidious.png
perusal.png,精読,精読,"Subject: An adult reading a difficult passage with sustained attention.

Composition: Show an adult seated at a desk leaning closely over an open book, using one finger to follow a line while holding a magnifier in the other hand. Their narrowed thoughtful eyes and careful pace convey close reading; page marks are not legible words.

Style: Use the attached invidious.png for drawing style only. Match its thick rounded dark-brown contours, simplified rounded shapes, and restrained 2D cartoon shading. Do not copy the reference subject or composition.

Framing: One compact composition, with the complete subject using about 80-90% of the square. Keep everything inside the frame.

Output: 512x512 PNG, RGBA, genuine transparent background. No text, numerals, labels, logos or watermark.",作成済み,,references/invidious.png
propane.png,プロパン,プロパン,"Subject: A molecular model of propane.

Composition: Show one ball-and-stick model with three dark carbon spheres joined in a bent chain and eight small pale hydrogen spheres attached: three on each end carbon and two on the middle carbon. Preserve tetrahedral bond directions and four bonds per carbon, with no atom labels.

Style: Use the attached invidious.png for drawing style only. Match its thick rounded dark-brown contours, simplified rounded shapes, and restrained 2D cartoon shading. Do not copy the reference subject or composition.

Framing: One compact composition, with the complete subject using about 80-90% of the square. Keep everything inside the frame.

Output: 512x512 PNG, RGBA, genuine transparent background. No text, numerals, labels, logos or watermark.",作成済み,,references/invidious.png
reptile.png,爬虫類,爬虫類,"Subject: A lizard basking on a warm rock.

Composition: Show a complete green-brown lizard with dry overlapping scales, four splayed legs, clawed toes, and a long tapering tail. It rests on a flat sun-warmed stone with its body supported and head raised, clearly a reptile rather than a moist-skinned amphibian.

Style: Use the attached invidious.png for drawing style only. Match its thick rounded dark-brown contours, simplified rounded shapes, and restrained 2D cartoon shading. Do not copy the reference subject or composition.

Framing: One compact composition, with the complete subject using about 80-90% of the square. Keep everything inside the frame.

Output: 512x512 PNG, RGBA, genuine transparent background. No text, numerals, labels, logos or watermark.",作成済み,,references/invidious.png
samurai.png,侍、武士,侍,"Subject: A historical Japanese samurai standing in armor.

Composition: Show an adult samurai in layered lamellar armor and a kabuto helmet, standing with calm discipline beside a wooden gate. A sheathed long sword and shorter sword sit securely at the waist; show coherent lacing, both hands, and complete footwear without fantasy spikes or logos.

Style: Use the attached invidious.png for drawing style only. Match its thick rounded dark-brown contours, simplified rounded shapes, and restrained 2D cartoon shading. Do not copy the reference subject or composition.

Framing: One compact composition, with the complete subject using about 80-90% of the square. Keep everything inside the frame.

Output: 512x512 PNG, RGBA, genuine transparent background. No text, numerals, labels, logos or watermark.",作成済み,,references/invidious.png
scape.png,花茎,花茎,"Subject: A leafless flower stalk rising from basal leaves.

Composition: Show a complete blooming daffodil growing from a small soil mound, with long strap-shaped leaves emerging only at the base. One smooth leafless stalk rises separately to support its yellow flower, making the scape clearly distinct from a leafy branch.

Style: Use the attached invidious.png for drawing style only. Match its thick rounded dark-brown contours, simplified rounded shapes, and restrained 2D cartoon shading. Do not copy the reference subject or composition.

Framing: One compact composition, with the complete subject using about 80-90% of the square. Keep everything inside the frame.

Output: 512x512 PNG, RGBA, genuine transparent background. No text, numerals, labels, logos or watermark.",作成済み,,references/invidious.png
scathing.png,冷酷な,冷酷な,"Subject: A critic coldly dismissing someone's hard work.

Composition: Show an adult turning away with a cutting sneer while pushing a carefully built model back toward its maker. The maker stands with shoulders lowered and hands ready to receive it; the critic's icy expression and dismissive gesture carry the harshness without readable insults.

Style: Use the attached invidious.png for drawing style only. Match its thick rounded dark-brown contours, simplified rounded shapes, and restrained 2D cartoon shading. Do not copy the reference subject or composition.

Framing: One compact composition, with the complete subject using about 80-90% of the square. Keep everything inside the frame.

Output: 512x512 PNG, RGBA, genuine transparent background. No text, numerals, labels, logos or watermark.",作成済み,,references/invidious.png
self-discipline.png,自制、自己鍛錬,自制,"Subject: An adult resisting distraction to continue planned practice.

Composition: Show an adult seated at a piano deliberately turning a distracting phone face down with one hand while the other hand remains poised over the keys. A closed snack tin is set well aside; the focused expression and ready practice posture convey chosen self-control in one moment.

Style: Use the attached invidious.png for drawing style only. Match its thick rounded dark-brown contours, simplified rounded shapes, and restrained 2D cartoon shading. Do not copy the reference subject or composition.

Framing: One compact composition, with the complete subject using about 80-90% of the square. Keep everything inside the frame.

Output: 512x512 PNG, RGBA, genuine transparent background. No text, numerals, labels, logos or watermark.",作成済み,,references/invidious.png
specter.png,幽霊、亡霊,幽霊,"Subject: A translucent human-shaped ghost drifting above the floor.

Composition: Show a pale translucent adult apparition in an old-fashioned nightshirt hovering just above a wooden floor beside an antique chair. The chair remains faintly visible through the body, and the ghost has a wistful expression; keep it distinct from a living person in a sheet.

Style: Use the attached invidious.png for drawing style only. Match its thick rounded dark-brown contours, simplified rounded shapes, and restrained 2D cartoon shading. Do not copy the reference subject or composition.

Framing: One compact composition, with the complete subject using about 80-90% of the square. Keep everything inside the frame.

Output: 512x512 PNG, RGBA, genuine transparent background. No text, numerals, labels, logos or watermark.",作成済み,,references/invidious.png
spillover.png,あふれること、あふれたもの,あふれること,"Subject: Water spilling over the rim of an overfilled bucket.

Composition: Show a bucket under a running tap with water already reaching its brim and flowing over one side in a broad stream. The spill forms a connected puddle on the floor while the bucket remains upright; keep the tap, rim, overflow, and puddle visible.

Style: Use the attached invidious.png for drawing style only. Match its thick rounded dark-brown contours, simplified rounded shapes, and restrained 2D cartoon shading. Do not copy the reference subject or composition.

Framing: One compact composition, with the complete subject using about 80-90% of the square. Keep everything inside the frame.

Output: 512x512 PNG, RGBA, genuine transparent background. No text, numerals, labels, logos or watermark.",作成済み,,references/invidious.png
splinter.png,破片,破片,"Subject: A sharp wooden splinter broken from a plank.

Composition: Show a narrow pointed shard of wood lying beside the jagged end of a broken board. Its long grain lines match the board and its torn base aligns with the missing section; keep the splinter large enough to read without inserting it into skin.

Style: Use the attached invidious.png for drawing style only. Match its thick rounded dark-brown contours, simplified rounded shapes, and restrained 2D cartoon shading. Do not copy the reference subject or composition.

Framing: One compact composition, with the complete subject using about 80-90% of the square. Keep everything inside the frame.

Output: 512x512 PNG, RGBA, genuine transparent background. No text, numerals, labels, logos or watermark.",作成済み,,references/invidious.png
stiffen.png,固くする、強化する,固くする,"Subject: A tailor stiffening a shirt collar with starch.

Composition: Show an adult lifting a freshly starched and pressed shirt collar from an ironing board; the dry collar holds a crisp upright shape between their hands. An unbranded starch bottle and an iron standing safely in its rest sit nearby, identifying the stiffening process already completed.

Style: Use the attached invidious.png for drawing style only. Match its thick rounded dark-brown contours, simplified rounded shapes, and restrained 2D cartoon shading. Do not copy the reference subject or composition.

Framing: One compact composition, with the complete subject using about 80-90% of the square. Keep everything inside the frame.

Output: 512x512 PNG, RGBA, genuine transparent background. No text, numerals, labels, logos or watermark.",作成済み,,references/invidious.png
username.png,ユーザー名、ユーザーネーム,ユーザー名,"Subject: A person choosing a username on a sign-in screen.

Composition: Show an adult at a laptop entering the fictional identifier “riverfox27” into a single field beside a simple person-shaped account icon. A second field below contains only password dots, and the person's hands rest naturally on the keyboard; no site branding or actual credentials appear.

Style: Use the attached invidious.png for drawing style only. Match its thick rounded dark-brown contours, simplified rounded shapes, and restrained 2D cartoon shading. Do not copy the reference subject or composition.

Framing: One compact composition, with the complete subject using about 80-90% of the square. Keep everything inside the frame.

Output: 512x512 PNG, RGBA, genuine transparent background. Allow only the fictional identifier “riverfox27” and password masking dots, with no field labels. No incidental labels, logos or watermark.",作成済み,,references/invidious.png
veterinarian.png,獣医,獣医,"Subject: A veterinarian examining a calm dog.

Composition: Show a veterinarian crouching beside a dog on a low examination table, gently looking into one ear with an otoscope. The dog's owner steadies its shoulder with a reassuring hand; show the full animal and the vet's supported stance with no medical text.

Style: Use the attached invidious.png for drawing style only. Match its thick rounded dark-brown contours, simplified rounded shapes, and restrained 2D cartoon shading. Do not copy the reference subject or composition.

Framing: One compact composition, with the complete subject using about 80-90% of the square. Keep everything inside the frame.

Output: 512x512 PNG, RGBA, genuine transparent background. No text, numerals, labels, logos or watermark.",作成済み,,references/invidious.png
Arcadia.png,アルカディア,アルカディア,"Subject: An idyllic pastoral place of simple quiet pleasure.

Composition: Show a shepherd reclining under an olive tree beside a gentle stream while a few sheep graze on soft hills. A wooden flute rests in the shepherd's relaxed hand, and a small stone cottage lies nearby; make the peaceful rural harmony the subject.

Style: Use the attached invidious.png for drawing style only. Match its thick rounded dark-brown contours, simplified rounded shapes, and restrained 2D cartoon shading. Do not copy the reference subject or composition.

Framing: One compact composition, with the complete subject using about 80-90% of the square. Keep everything inside the frame.

Output: 512x512 PNG, RGBA, genuine transparent background. No text, numerals, labels, logos or watermark.",作成済み,,references/invidious.png
Gunther.png,ガンサー、ギュンター,ガンサー,"Subject: King Gunther of Burgundian legend in his hall.

Composition: Show the legendary medieval king seated upright on a carved throne, wearing a plain crown, a long tunic, and a fur-edged cloak. His queen Brunhild stands beside him in regal dress while a sheathed sword rests at his side; avoid presenting a documented historical likeness.

Style: Use the attached invidious.png for drawing style only. Match its thick rounded dark-brown contours, simplified rounded shapes, and restrained 2D cartoon shading. Do not copy the reference subject or composition.

Framing: One compact composition, with the complete subject using about 80-90% of the square. Keep everything inside the frame.

Output: 512x512 PNG, RGBA, genuine transparent background. No text, numerals, labels, logos or watermark.",作成済み,,references/invidious.png
Hertz.png,エルツ、ハーツ,エルツ,"Subject: A fictional adult with the surname Hertz repairing a radio.

Composition: Show an older adult with silver hair and round glasses seated at a hobby bench, carefully fitting a wooden radio's back panel with a screwdriver. Their other hand steadies the cabinet, and loose knobs rest in a shallow tray; no surname text, rental-car branding, or frequency-unit symbols appear.

Style: Use the attached invidious.png for drawing style only. Match its thick rounded dark-brown contours, simplified rounded shapes, and restrained 2D cartoon shading. Do not copy the reference subject or composition.

Framing: One compact composition, with the complete subject using about 80-90% of the square. Keep everything inside the frame.

Output: 512x512 PNG, RGBA, genuine transparent background. No text, numerals, labels, logos or watermark.",作成済み,,references/invidious.png
Manu.png,マヌ,マヌ,"Subject: Manu aboard a boat drawn to safety by the horned fish in the Hindu flood legend.

Composition: Show Manu as a bearded sage in simple ancient Indian robes seated alone in a small wooden boat. A securely tied rope from the bow leads to the horn of a great fish swimming toward a distant mountain through floodwater; show the whole boat, rope, and fish.

Style: Use the attached invidious.png for drawing style only. Match its thick rounded dark-brown contours, simplified rounded shapes, and restrained 2D cartoon shading. Do not copy the reference subject or composition.

Framing: One compact composition, with the complete subject using about 80-90% of the square. Keep everything inside the frame.

Output: 512x512 PNG, RGBA, genuine transparent background. No text, numerals, labels, logos or watermark.",作成済み,,references/invidious.png
Monaco.png,モナコ,モナコ,"Subject: Monaco's harbor beneath densely built coastal slopes.

Composition: Show a compact view of Port Hercule with a sheltered basin of small yachts, steep rows of pale apartment buildings, and the fortified rock of Monaco rising beside the sea. Curving quays connect the whole scene; emphasize the tiny densely developed coastal principality rather than casino logos.

Style: Use the attached invidious.png for drawing style only. Match its thick rounded dark-brown contours, simplified rounded shapes, and restrained 2D cartoon shading. Do not copy the reference subject or composition.

Framing: One compact composition, with the complete subject using about 80-90% of the square. Keep everything inside the frame.

Output: 512x512 PNG, RGBA, genuine transparent background. No text, numerals, labels, logos or watermark.",作成済み,,references/invidious.png
