ファイル名,語義,対象語義,画像生成プロンプト,プロンプト準備状況,要確認理由,画風参照画像
heretic.png,異端者,異端者,"Subject: A dissenter rejecting an assembly’s doctrine.

Composition: Show a fictional adult standing apart from a religious council, holding their own closed book firmly while the council points toward a shared text. The dissenter calmly turns the offered text away, with no persecution, mocking costume, or written declaration.

Style: Use the attached invidious.png for drawing style only. Match its thick rounded dark-brown contours, simplified rounded shapes, and restrained 2D cartoon shading. Do not copy the reference subject or composition.

Framing: One compact composition, with the complete subject using about 80-90% of the square. Keep everything inside the frame.

Output: 512x512 PNG, RGBA, genuine transparent background. No text, explanatory labels, speech balloons or bubbles, numerals, logos or watermark.",作成済み,,references/invidious.png
hypocrite.png,偽善者,偽善者,"Subject: A moral appearance contradicted by secret conduct.

Composition: Show an adult publicly placing a conspicuous donation into a charity box with one hand while the other hand secretly removes a coin from its rear opening. Nearby observers see the generous gesture, while the viewer sees the concealed contradiction; keep exactly two hands.

Style: Use the attached invidious.png for drawing style only. Match its thick rounded dark-brown contours, simplified rounded shapes, and restrained 2D cartoon shading. Do not copy the reference subject or composition.

Framing: One compact composition, with the complete subject using about 80-90% of the square. Keep everything inside the frame.

Output: 512x512 PNG, RGBA, genuine transparent background. No text, explanatory labels, speech balloons or bubbles, numerals, logos or watermark.",作成済み,,references/invidious.png
hypothesize.png,仮説を設ける,仮説を設ける,"Subject: A gardener proposing a testable reason for a plant’s condition.

Composition: Show a gardener studying a pale seedling in deep shade and sketching one sun symbol beside its leaf drawing in a notebook. The gardener’s thoughtful expression and a small lamp positioned ready for a trial convey a proposed explanation awaiting a test.

Style: Use the attached invidious.png for drawing style only. Match its thick rounded dark-brown contours, simplified rounded shapes, and restrained 2D cartoon shading. Do not copy the reference subject or composition.

Framing: One compact composition, with the complete subject using about 80-90% of the square. Keep everything inside the frame.

Output: 512x512 PNG, RGBA, genuine transparent background. No text, numerals, labels, logos or watermark.",作成済み,,references/invidious.png
idiotic.png,ばかな、（旧用法・侮蔑的）知的障害のある,ばかな,"Subject: A person making an obviously thoughtless practical mistake.

Composition: Show an adult sawing the short plank they are standing on, just beyond its support, while the unsupported end begins to sag. Keep the platform only a few inches above soft grass, making the foolish choice clear without serious danger or associating it with disability.

Style: Use the attached invidious.png for drawing style only. Match its thick rounded dark-brown contours, simplified rounded shapes, and restrained 2D cartoon shading. Do not copy the reference subject or composition.

Framing: One compact composition, with the complete subject using about 80-90% of the square. Keep everything inside the frame.

Output: 512x512 PNG, RGBA, genuine transparent background. No text, numerals, labels, logos or watermark.",作成済み,,references/invidious.png
inalienable.png,譲渡できない,譲渡できない,"Subject: A voting right that belongs to its individual holder.

Composition: Show an adult at a polling desk gently refusing money offered for their ballot, keeping the ballot firmly against the chest. The poll worker directs the adult toward the private booth while blocking the buyer’s reach; frame the right as personal and nontransferable.

Style: Use the attached invidious.png for drawing style only. Match its thick rounded dark-brown contours, simplified rounded shapes, and restrained 2D cartoon shading. Do not copy the reference subject or composition.

Framing: One compact composition, with the complete subject using about 80-90% of the square. Keep everything inside the frame.

Output: 512x512 PNG, RGBA, genuine transparent background. No text, numerals, labels, logos or watermark.",作成済み,,references/invidious.png
inducement.png,誘因、刺激,誘因,"Subject: A promised reward motivating a child to finish a task.

Composition: Show a child eagerly putting the final blocks into a storage box after noticing a parent holding a small bowl of strawberries. The parent waits with an encouraging smile, and the child’s gaze briefly connects the reward with the nearly completed cleanup.

Style: Use the attached invidious.png for drawing style only. Match its thick rounded dark-brown contours, simplified rounded shapes, and restrained 2D cartoon shading. Do not copy the reference subject or composition.

Framing: One compact composition, with the complete subject using about 80-90% of the square. Keep everything inside the frame.

Output: 512x512 PNG, RGBA, genuine transparent background. No text, numerals, labels, logos or watermark.",作成済み,,references/invidious.png
interlude.png,幕間,幕間,"Subject: A theater stage during the break between acts.

Composition: Show closed red stage curtains while a stagehand quietly carries a prop chair through a small gap at the side. In front, two audience members stretch beside their seats and an usher waits in the aisle; keep the scene clearly between performances.

Style: Use the attached invidious.png for drawing style only. Match its thick rounded dark-brown contours, simplified rounded shapes, and restrained 2D cartoon shading. Do not copy the reference subject or composition.

Framing: One compact composition, with the complete subject using about 80-90% of the square. Keep everything inside the frame.

Output: 512x512 PNG, RGBA, genuine transparent background. No text, numerals, labels, logos or watermark.",作成済み,,references/invidious.png
kilometre.png,粁,粁,"Subject: A measured one-kilometer stretch of path.

Composition: Show a gently curving walking path between two survey posts, with one distance bracket following the path and marked 1000 m. A tiny walker provides scale; the bracket starts and ends precisely at the posts, with no competing distance marks.

Style: Use the attached invidious.png for drawing style only. Match its thick rounded dark-brown contours, simplified rounded shapes, and restrained 2D cartoon shading. Do not copy the reference subject or composition.

Framing: One compact composition, with the complete subject using about 80-90% of the square. Keep everything inside the frame.

Output: 512x512 PNG, RGBA, genuine transparent background. Allow only the essential distance 1000 m. No incidental labels, logos or watermark.",作成済み,,references/invidious.png
laissez-faire.png,自由競争主義、自由放任主義,自由競争主義,"Subject: Independent merchants freely competing in a market.

Composition: Show two neighboring fruit sellers independently arranging their stalls while a shopper compares their baskets and chooses where to buy. A public official stands aside with hands off the goods and counters; keep the sellers’ separate voluntary decisions central and omit prices or slogans.

Style: Use the attached invidious.png for drawing style only. Match its thick rounded dark-brown contours, simplified rounded shapes, and restrained 2D cartoon shading. Do not copy the reference subject or composition.

Framing: One compact composition, with the complete subject using about 80-90% of the square. Keep everything inside the frame.

Output: 512x512 PNG, RGBA, genuine transparent background. No text, numerals, labels, logos or watermark.",作成済み,,references/invidious.png
lame@stele.png,甲冑の鉄片、ラメ,甲冑の鉄片,"Subject: Overlapping metal lames in a suit of armor.

Composition: Show a complete articulated steel gauntlet resting on a padded stand, with several thin overlapping metal plates covering the back of the fingers and wrist. Small rivets connect the plates while preserving the visible sliding overlaps; emphasize the individual narrow armor strips.

Style: Use the attached invidious.png for drawing style only. Match its thick rounded dark-brown contours, simplified rounded shapes, and restrained 2D cartoon shading. Do not copy the reference subject or composition.

Framing: One compact composition, with the complete subject using about 80-90% of the square. Keep everything inside the frame.

Output: 512x512 PNG, RGBA, genuine transparent background. No text, numerals, labels, logos or watermark.",作成済み,,references/invidious.png
mannered.png,気取った,気取った,"Subject: A speaker using exaggeratedly elegant manners.

Composition: Show an adult at a small dinner table holding a hand theatrically against the chest, chin raised and lips shaped in an affected smile. The other hand delicately lifts a tiny glass while a companion watches with mild puzzlement; emphasize artificial polish rather than sincere warmth.

Style: Use the attached invidious.png for drawing style only. Match its thick rounded dark-brown contours, simplified rounded shapes, and restrained 2D cartoon shading. Do not copy the reference subject or composition.

Framing: One compact composition, with the complete subject using about 80-90% of the square. Keep everything inside the frame.

Output: 512x512 PNG, RGBA, genuine transparent background. No text, numerals, labels, logos or watermark.",作成済み,,references/invidious.png
penultimate.png,最後から2番目の,最後から2番目の,"Subject: The second-to-last runner in a short queue.

Composition: Show five runners waiting single file at a track entrance, all facing right toward an open gate. Highlight the fourth runner with a bright blue shirt while the fifth stands directly behind; no one stands beyond the fifth, making the selected position unambiguous.

Style: Use the attached invidious.png for drawing style only. Match its thick rounded dark-brown contours, simplified rounded shapes, and restrained 2D cartoon shading. Do not copy the reference subject or composition.

Framing: One compact composition, with the complete subject using about 80-90% of the square. Keep everything inside the frame.

Output: 512x512 PNG, RGBA, genuine transparent background. No text, numerals, labels, logos or watermark.",作成済み,,references/invidious.png
quill.png,羽柄,羽柄,"Subject: The hollow basal shaft of a feather.

Composition: Show one complete large gray flight feather resting diagonally on a tabletop, with its barbed vane intact and the bare basal shaft prominent. A small clean cut at the shaft’s end reveals a hollow tube; distinguish this unbarbed base from the feathered upper rachis.

Style: Use the attached invidious.png for drawing style only. Match its thick rounded dark-brown contours, simplified rounded shapes, and restrained 2D cartoon shading. Do not copy the reference subject or composition.

Framing: One compact composition, with the complete subject using about 80-90% of the square. Keep everything inside the frame.

Output: 512x512 PNG, RGBA, genuine transparent background. No text, numerals, labels, logos or watermark.",作成済み,,references/invidious.png
rectification.png,改正、訂正,改正,"Subject: A pupil correcting a simple arithmetic mistake.

Composition: Show a student at a desk using a pencil to cross out the final 5 in 2+2=5 and writing 4 directly beside it. Keep the single correction clear on the page, with the student’s other hand holding the sheet flat.

Style: Use the attached invidious.png for drawing style only. Match its thick rounded dark-brown contours, simplified rounded shapes, and restrained 2D cartoon shading. Do not copy the reference subject or composition.

Framing: One compact composition, with the complete subject using about 80-90% of the square. Keep everything inside the frame.

Output: 512x512 PNG, RGBA, genuine transparent background. Allow only the arithmetic 2+2=5 with 5 crossed out and the corrected 4. No incidental labels, logos or watermark.",作成済み,,references/invidious.png
red-hot.png,赤熱した,赤熱した,"Subject: A metal bar glowing red from intense heat.

Composition: Show a blacksmith holding one iron bar with long tongs above a small forge. The bar’s heated end glows dull red-orange while the cooler end remains dark gray; the tongs grip the cool section, and the forge supports a compact bed of coals.

Style: Use the attached invidious.png for drawing style only. Match its thick rounded dark-brown contours, simplified rounded shapes, and restrained 2D cartoon shading. Do not copy the reference subject or composition.

Framing: One compact composition, with the complete subject using about 80-90% of the square. Keep everything inside the frame.

Output: 512x512 PNG, RGBA, genuine transparent background. No text, numerals, labels, logos or watermark.",作成済み,,references/invidious.png
retract.png,引っ込める,引っ込める,"Subject: A tortoise withdrawing its head into its shell.

Composition: Show one complete tortoise resting on a low stone, its head partly drawn back within the front opening of the shell. A short inward motion stroke leads from the nose toward the shell, while all four legs remain naturally attached and lightly braced.

Style: Use the attached invidious.png for drawing style only. Match its thick rounded dark-brown contours, simplified rounded shapes, and restrained 2D cartoon shading. Do not copy the reference subject or composition.

Framing: One compact composition, with the complete subject using about 80-90% of the square. Keep everything inside the frame.

Output: 512x512 PNG, RGBA, genuine transparent background. No text, numerals, labels, logos or watermark.",作成済み,,references/invidious.png
revitalization.png,再生、再活性化,再生,"Subject: Neighbors bringing a neglected courtyard back to life.

Composition: Show two adults planting fresh flowers in a formerly bare courtyard while a third repairs a bench. A small remaining patch of cracked soil and a leaning old planter establish recent neglect; the new plantings, clean path, and active shared work create renewed vitality.

Style: Use the attached invidious.png for drawing style only. Match its thick rounded dark-brown contours, simplified rounded shapes, and restrained 2D cartoon shading. Do not copy the reference subject or composition.

Framing: One compact composition, with the complete subject using about 80-90% of the square. Keep everything inside the frame.

Output: 512x512 PNG, RGBA, genuine transparent background. No text, numerals, labels, logos or watermark.",作成済み,,references/invidious.png
scrupulous.png,きちょうめんな、実直な,きちょうめんな,"Subject: A cashier carefully returning an accidental overpayment.

Composition: Show a cashier counting an extra coin back into a customer’s open palm while keeping the correct payment separately on the counter. The customer looks surprised and appreciative; the cashier’s careful upright posture conveys integrity, with no hidden money or written explanation.

Style: Use the attached invidious.png for drawing style only. Match its thick rounded dark-brown contours, simplified rounded shapes, and restrained 2D cartoon shading. Do not copy the reference subject or composition.

Framing: One compact composition, with the complete subject using about 80-90% of the square. Keep everything inside the frame.

Output: 512x512 PNG, RGBA, genuine transparent background. No text, numerals, labels, logos or watermark.",作成済み,,references/invidious.png
scrutinize.png,調べる,調べる,"Subject: An inspector examining a small mechanical fault closely.

Composition: Show an adult holding a magnifying lens over the cracked tooth of a gear lying on a workbench. The other hand steadies the gear at its rim, and the inspector leans close with narrowed focused eyes; keep the complete gear and lens visible.

Style: Use the attached invidious.png for drawing style only. Match its thick rounded dark-brown contours, simplified rounded shapes, and restrained 2D cartoon shading. Do not copy the reference subject or composition.

Framing: One compact composition, with the complete subject using about 80-90% of the square. Keep everything inside the frame.

Output: 512x512 PNG, RGBA, genuine transparent background. No text, numerals, labels, logos or watermark.",作成済み,,references/invidious.png
self-imposed.png,自ら課した,自ら課した,"Subject: A student voluntarily restricting phone use while studying.

Composition: Show an adult student placing their own phone inside a small transparent lockbox beside an open textbook. The student holds the key personally and looks determined, with no supervisor nearby; the box stays on the desk within reach, emphasizing a chosen restriction.

Style: Use the attached invidious.png for drawing style only. Match its thick rounded dark-brown contours, simplified rounded shapes, and restrained 2D cartoon shading. Do not copy the reference subject or composition.

Framing: One compact composition, with the complete subject using about 80-90% of the square. Keep everything inside the frame.

Output: 512x512 PNG, RGBA, genuine transparent background. No text, numerals, labels, logos or watermark.",作成済み,,references/invidious.png
sigma.png,σ、Σ,σ,"Subject: The lowercase Greek letter sigma being written.

Composition: Show a seated learner finishing one large lowercase σ on a clean sheet with a soft pencil. The rounded loop and short rightward upper stroke are distinct, with the pencil touching the final stroke; leave the rest of the page blank.

Style: Use the attached invidious.png for drawing style only. Match its thick rounded dark-brown contours, simplified rounded shapes, and restrained 2D cartoon shading. Do not copy the reference subject or composition.

Framing: One compact composition, with the complete subject using about 80-90% of the square. Keep everything inside the frame.

Output: 512x512 PNG, RGBA, genuine transparent background. Allow only the single Greek character σ. No incidental labels, logos or watermark.",作成済み,,references/invidious.png
snippet.png,小片、切れ端,小片,"Subject: A small fabric snippet left after cutting.

Composition: Show a tiny triangular offcut of red cloth on a tailor’s worktable beside the larger matching fabric sheet with a corresponding cut corner. Closed scissors lie nearby for scale, and the frayed short edges make the little remnant the focal subject.

Style: Use the attached invidious.png for drawing style only. Match its thick rounded dark-brown contours, simplified rounded shapes, and restrained 2D cartoon shading. Do not copy the reference subject or composition.

Framing: One compact composition, with the complete subject using about 80-90% of the square. Keep everything inside the frame.

Output: 512x512 PNG, RGBA, genuine transparent background. No text, numerals, labels, logos or watermark.",作成済み,,references/invidious.png
spline.png,細長い薄板,細長い薄板,"Subject: A thin flexible wood spline bent to a curve.

Composition: Show a craftsperson bending one long narrow wooden strip gently around three fixed pegs on a drafting board. Both hands press opposite ends without breaking it; the strip’s slender rectangular thickness and continuous smooth curve remain clearly visible.

Style: Use the attached invidious.png for drawing style only. Match its thick rounded dark-brown contours, simplified rounded shapes, and restrained 2D cartoon shading. Do not copy the reference subject or composition.

Framing: One compact composition, with the complete subject using about 80-90% of the square. Keep everything inside the frame.

Output: 512x512 PNG, RGBA, genuine transparent background. No text, numerals, labels, logos or watermark.",作成済み,,references/invidious.png
subpoena.png,召喚状,召喚状,"Subject: A court summons delivered to its recipient.

Composition: Show a process server handing an official sheet with an embossed court seal to an adult at a doorway. A small courthouse emblem and unreadable formal lines establish the legal document while the recipient reacts seriously; omit all commands, names, and dates.

Style: Use the attached invidious.png for drawing style only. Match its thick rounded dark-brown contours, simplified rounded shapes, and restrained 2D cartoon shading. Do not copy the reference subject or composition.

Framing: One compact composition, with the complete subject using about 80-90% of the square. Keep everything inside the frame.

Output: 512x512 PNG, RGBA, genuine transparent background. No text, explanatory labels, speech balloons or bubbles, numerals, logos or watermark.",作成済み,,references/invidious.png
terse.png,簡潔な、簡明な,簡潔な,"Subject: A very brief direct response.

Composition: Show an adult answering a waiting colleague with one short, firm pointing gesture toward the place beside a closed door. Keep the responder’s mouth only briefly open, posture economical, and the listener immediately following the direction without extra explanation.

Style: Use the attached invidious.png for drawing style only. Match its thick rounded dark-brown contours, simplified rounded shapes, and restrained 2D cartoon shading. Do not copy the reference subject or composition.

Framing: One compact composition, with the complete subject using about 80-90% of the square. Keep everything inside the frame.

Output: 512x512 PNG, RGBA, genuine transparent background. No text, explanatory labels, speech balloons or bubbles, numerals, logos or watermark.",作成済み,,references/invidious.png
tortuous.png,曲がりくねった,曲がりくねった,"Subject: A winding road negotiating a steep hillside.

Composition: Show a narrow road making several sharp but connected hairpin bends across one grassy hill. A small car follows the middle bend, with guardrails along exposed edges; keep the entire tortuous route continuous and avoid intersecting or floating road sections.

Style: Use the attached invidious.png for drawing style only. Match its thick rounded dark-brown contours, simplified rounded shapes, and restrained 2D cartoon shading. Do not copy the reference subject or composition.

Framing: One compact composition, with the complete subject using about 80-90% of the square. Keep everything inside the frame.

Output: 512x512 PNG, RGBA, genuine transparent background. No text, numerals, labels, logos or watermark.",作成済み,,references/invidious.png
whaling.png,捕鯨,捕鯨,"Subject: A historical whaling boat approaching a whale.

Composition: Show a nineteenth-century open whaleboat with seated rowers and a standing harpooner at its bow, approaching the broad back of a surfacing whale. The harpoon remains unthrown and the coiled line lies inside the boat; depict historical hunting without blood or injury.

Style: Use the attached invidious.png for drawing style only. Match its thick rounded dark-brown contours, simplified rounded shapes, and restrained 2D cartoon shading. Do not copy the reference subject or composition.

Framing: One compact composition, with the complete subject using about 80-90% of the square. Keep everything inside the frame.

Output: 512x512 PNG, RGBA, genuine transparent background. No text, numerals, labels, logos or watermark.",作成済み,,references/invidious.png
Ammon.png,アモン,アモン,"Subject: The ancient Ammonite capital Rabbah on its hilltop.

Composition: Show an archaeologically restrained reconstruction of an Iron Age hilltop settlement with rough stone fortification walls, flat-roofed houses, and a water cistern inside the gate. The dry highland landscape surrounds one compact town; exclude later Roman columns and modern city towers.

Style: Use the attached invidious.png for drawing style only. Match its thick rounded dark-brown contours, simplified rounded shapes, and restrained 2D cartoon shading. Do not copy the reference subject or composition.

Framing: One compact composition, with the complete subject using about 80-90% of the square. Keep everything inside the frame.

Output: 512x512 PNG, RGBA, genuine transparent background. No text, numerals, labels, logos or watermark.",作成済み,,references/invidious.png
Cuthbert.png,カスバート,カスバート,"Subject: A fictional adult named Cuthbert carving a wooden bird.

Composition: Show a gray-haired adult man in a plain cardigan seated at a workbench, holding a small wooden bird securely in a clamp while shaping it with a carving tool. A few wood shavings lie below, and his expression is patient and focused; no name appears.

Style: Use the attached invidious.png for drawing style only. Match its thick rounded dark-brown contours, simplified rounded shapes, and restrained 2D cartoon shading. Do not copy the reference subject or composition.

Framing: One compact composition, with the complete subject using about 80-90% of the square. Keep everything inside the frame.

Output: 512x512 PNG, RGBA, genuine transparent background. No text, numerals, labels, logos or watermark.",作成済み,,references/invidious.png
Leighton.png,レイトン,レイトン,"Subject: Frederic Leighton working in his Victorian studio.

Composition: Show the bearded painter with receding hair and a dark three-piece suit standing at an easel. He holds a palette in one hand and touches a brush to a canvas depicting a draped classical figure; a small plaster study rests on a nearby pedestal.

Style: Use the attached invidious.png for drawing style only. Match its thick rounded dark-brown contours, simplified rounded shapes, and restrained 2D cartoon shading. Do not copy the reference subject or composition.

Framing: One compact composition, with the complete subject using about 80-90% of the square. Keep everything inside the frame.

Output: 512x512 PNG, RGBA, genuine transparent background. No text, numerals, labels, logos or watermark.",作成済み,,references/invidious.png
Manchu.png,満州の,満州の,"Subject: The Dazheng Hall of the Shenyang Imperial Palace.

Composition: Show the distinctive octagonal palace hall with red pillars, an elevated stone base, and a double-eaved golden-tile roof edged in green. Its open paved forecourt and neighboring low pavilions establish the Manchurian palace setting; omit inscriptions, banners, and modern signs.

Style: Use the attached invidious.png for drawing style only. Match its thick rounded dark-brown contours, simplified rounded shapes, and restrained 2D cartoon shading. Do not copy the reference subject or composition.

Framing: One compact composition, with the complete subject using about 80-90% of the square. Keep everything inside the frame.

Output: 512x512 PNG, RGBA, genuine transparent background. No text, numerals, labels, logos or watermark.",作成済み,,references/invidious.png
Triassic.png,三畳紀の,三畳紀の,"Subject: A Late Triassic Coelophysis in its riverplain habitat.

Composition: Show a slender bipedal Coelophysis walking along a muddy streambank among low ferns and conifers. Give it a long narrow head, S-curved neck, small forelimbs, and a long balancing tail held clear of the ground; omit flowering plants and later dinosaurs.

Style: Use the attached invidious.png for drawing style only. Match its thick rounded dark-brown contours, simplified rounded shapes, and restrained 2D cartoon shading. Do not copy the reference subject or composition.

Framing: One compact composition, with the complete subject using about 80-90% of the square. Keep everything inside the frame.

Output: 512x512 PNG, RGBA, genuine transparent background. No text, numerals, labels, logos or watermark.",作成済み,,references/invidious.png
adoring.png,崇拝する,崇拝する,"Subject: An adult worshipper reverently adoring a Buddhist image.

Composition: Show an adult kneeling on a small cushion before a serene bronze Buddha statue seated on a lotus pedestal. The worshipper bows with palms pressed together and eyes lowered in reverence; keep the entire person and statue visible in one quiet devotional setting.

Style: Use the attached invidious.png for drawing style only. Match its thick rounded dark-brown contours, simplified rounded shapes, and restrained 2D cartoon shading. Do not copy the reference subject or composition.

Framing: One compact composition, with the complete subject using about 80-90% of the square. Keep everything inside the frame.

Output: 512x512 PNG, RGBA, genuine transparent background. No text, numerals, labels, logos or watermark.",作成済み,,references/invidious.png
alfalfa.png,ムラサキウマゴヤシ,ムラサキウマゴヤシ,"Subject: A flowering alfalfa plant.

Composition: Show a small rooted clump of alfalfa with slender branching stems, leaves made of three oblong leaflets, and short clusters of purple pea-shaped flowers. Include a few tightly coiled seed pods attached to one stem; display the whole plant above a small soil mound.

Style: Use the attached invidious.png for drawing style only. Match its thick rounded dark-brown contours, simplified rounded shapes, and restrained 2D cartoon shading. Do not copy the reference subject or composition.

Framing: One compact composition, with the complete subject using about 80-90% of the square. Keep everything inside the frame.

Output: 512x512 PNG, RGBA, genuine transparent background. No text, numerals, labels, logos or watermark.",作成済み,,references/invidious.png
arctic.png,北極の,北極の,"Subject: An Arctic polar bear on sea ice.

Composition: Show a polar bear walking across a low sea-ice floe beside a narrow lead of dark ocean water. Its broad paws spread on the ice, with pale pressure ridges behind; keep the scene limited to northern polar features and include no penguins.

Style: Use the attached invidious.png for drawing style only. Match its thick rounded dark-brown contours, simplified rounded shapes, and restrained 2D cartoon shading. Do not copy the reference subject or composition.

Framing: One compact composition, with the complete subject using about 80-90% of the square. Keep everything inside the frame.

Output: 512x512 PNG, RGBA, genuine transparent background. No text, numerals, labels, logos or watermark.",作成済み,,references/invidious.png
artful.png,巧妙な、巧みな,巧妙な,"Subject: A craftsperson skillfully weaving a delicate basket.

Composition: Show a basket maker seated beside an almost finished willow basket, threading one flexible strip through evenly spaced upright ribs. Both hands guide the same strip into a neat alternating weave, and the regular curved rim demonstrates practiced skill without magic or impossible strands.

Style: Use the attached invidious.png for drawing style only. Match its thick rounded dark-brown contours, simplified rounded shapes, and restrained 2D cartoon shading. Do not copy the reference subject or composition.

Framing: One compact composition, with the complete subject using about 80-90% of the square. Keep everything inside the frame.

Output: 512x512 PNG, RGBA, genuine transparent background. No text, numerals, labels, logos or watermark.",作成済み,,references/invidious.png
authenticate.png,確実にする,確実にする,"Subject: An expert checking a painting’s authenticity against material evidence.

Composition: Show a conservator examining a small painting with a magnifying lens while comparing its distinctive crack pattern to an archival photograph of the same work. The image and physical surface visibly match at several unusual cracks, with both resting on the same worktable; omit readable attribution.

Style: Use the attached invidious.png for drawing style only. Match its thick rounded dark-brown contours, simplified rounded shapes, and restrained 2D cartoon shading. Do not copy the reference subject or composition.

Framing: One compact composition, with the complete subject using about 80-90% of the square. Keep everything inside the frame.

Output: 512x512 PNG, RGBA, genuine transparent background. No text, numerals, labels, logos or watermark.",作成済み,,references/invidious.png
bail@bak.png,横木,横木,"Subject: The small crosspieces across cricket stumps.

Composition: Show three upright wooden cricket stumps planted evenly in a short grass pitch, with exactly two short wooden bails resting across the grooves at their tops. Each bail bridges one gap between neighboring stumps; keep the complete wicket clearly visible without players or lettering.

Style: Use the attached invidious.png for drawing style only. Match its thick rounded dark-brown contours, simplified rounded shapes, and restrained 2D cartoon shading. Do not copy the reference subject or composition.

Framing: One compact composition, with the complete subject using about 80-90% of the square. Keep everything inside the frame.

Output: 512x512 PNG, RGBA, genuine transparent background. No text, numerals, labels, logos or watermark.",作成済み,,references/invidious.png
blazer.png,燃え立つもの,燃え立つもの,"Subject: A dry log blazing brightly in a hearth.

Composition: Show one thick log burning with vigorous orange flames that rise continuously from its upper surface. Charred bark and glowing fissures remain visible below the flames, while a compact stone hearth contains it; the burning object itself is the dominant subject.

Style: Use the attached invidious.png for drawing style only. Match its thick rounded dark-brown contours, simplified rounded shapes, and restrained 2D cartoon shading. Do not copy the reference subject or composition.

Framing: One compact composition, with the complete subject using about 80-90% of the square. Keep everything inside the frame.

Output: 512x512 PNG, RGBA, genuine transparent background. No text, numerals, labels, logos or watermark.",作成済み,,references/invidious.png
boardwalk.png,板張りの道、工事現場の足場,板張りの道,"Subject: A wooden boardwalk crossing a marsh.

Composition: Show a narrow walkway made from closely spaced wooden planks, supported above wet marsh grass on visible posts. It curves gently toward a small dry landing, with simple railings on both sides; keep every plank and rail attached to the same walkable structure.

Style: Use the attached invidious.png for drawing style only. Match its thick rounded dark-brown contours, simplified rounded shapes, and restrained 2D cartoon shading. Do not copy the reference subject or composition.

Framing: One compact composition, with the complete subject using about 80-90% of the square. Keep everything inside the frame.

Output: 512x512 PNG, RGBA, genuine transparent background. No text, numerals, labels, logos or watermark.",作成済み,,references/invidious.png
bushel.png,ブッシェル,ブッシェル,"Subject: A calibrated US dry bushel measure filled level with grain.

Composition: Show a stout round measuring tub filled with wheat exactly to its flat rim while a straight wooden strike levels the top. A small capacity plate reads 2150.42 in³, identifying the precise US volume; emphasize dry capacity rather than a fixed grain weight.

Style: Use the attached invidious.png for drawing style only. Match its thick rounded dark-brown contours, simplified rounded shapes, and restrained 2D cartoon shading. Do not copy the reference subject or composition.

Framing: One compact composition, with the complete subject using about 80-90% of the square. Keep everything inside the frame.

Output: 512x512 PNG, RGBA, genuine transparent background. Allow only the essential capacity 2150.42 in³. No incidental labels, logos or watermark.",作成済み,,references/invidious.png
combustible.png,可燃性の,可燃性の,"Subject: Dry paper readily catching fire under controlled conditions.

Composition: Show a small crumpled paper sample in a metal fire-testing tray, its lower edge catching a compact flame from a fixed burner. A gloved laboratory worker watches behind a clear shield; keep the paper’s burning edge central and all apparatus stably supported.

Style: Use the attached invidious.png for drawing style only. Match its thick rounded dark-brown contours, simplified rounded shapes, and restrained 2D cartoon shading. Do not copy the reference subject or composition.

Framing: One compact composition, with the complete subject using about 80-90% of the square. Keep everything inside the frame.

Output: 512x512 PNG, RGBA, genuine transparent background. No text, numerals, labels, logos or watermark.",作成済み,,references/invidious.png
congestive.png,鬱血性の,鬱血性の,"Subject: A teaching model showing passive congestion in the liver.

Composition: Show one enlarged liver cutaway with branching hepatic veins opening into the inferior vena cava. Distend the venous branches and darken blood-filled sinusoidal regions within the tissue, indicating backed-up venous blood; preserve continuous vessel connections and avoid unrelated bile-duct blockage.

Style: Use the attached invidious.png for drawing style only. Match its thick rounded dark-brown contours, simplified rounded shapes, and restrained 2D cartoon shading. Do not copy the reference subject or composition.

Framing: One compact composition, with the complete subject using about 80-90% of the square. Keep everything inside the frame.

Output: 512x512 PNG, RGBA, genuine transparent background. No text, numerals, labels, logos or watermark.",作成済み,,references/invidious.png
coy.png,恥ずかしがりの,恥ずかしがりの,"Subject: A shy adult responding bashfully to a compliment.

Composition: Show an adult receiving a small bouquet from a friend, shoulders drawn slightly inward and gaze lowered with a faint smile. One hand lightly touches the cheek while the other accepts the flowers; make the modest hesitant response warm rather than fearful.

Style: Use the attached invidious.png for drawing style only. Match its thick rounded dark-brown contours, simplified rounded shapes, and restrained 2D cartoon shading. Do not copy the reference subject or composition.

Framing: One compact composition, with the complete subject using about 80-90% of the square. Keep everything inside the frame.

Output: 512x512 PNG, RGBA, genuine transparent background. No text, numerals, labels, logos or watermark.",作成済み,,references/invidious.png
crumb.png,かけら,かけら,"Subject: A tiny crumb broken from a bread roll.

Composition: Show one small irregular bread crumb in the foreground beside a partly torn roll on a plate. The crumb’s porous interior and browned crust edge match the torn place in the roll; keep it visibly tiny but large enough to read clearly.

Style: Use the attached invidious.png for drawing style only. Match its thick rounded dark-brown contours, simplified rounded shapes, and restrained 2D cartoon shading. Do not copy the reference subject or composition.

Framing: One compact composition, with the complete subject using about 80-90% of the square. Keep everything inside the frame.

Output: 512x512 PNG, RGBA, genuine transparent background. No text, numerals, labels, logos or watermark.",作成済み,,references/invidious.png
debacle.png,暴落,暴落,"Subject: A sudden collapse in market prices.

Composition: Show a worried trader staring at one screen whose simple price line climbs modestly then plunges almost vertically. The trader’s hands grip the desk edge and a small coin stack has toppled beside the keyboard; omit numbers, company names, and unrelated financial symbols.

Style: Use the attached invidious.png for drawing style only. Match its thick rounded dark-brown contours, simplified rounded shapes, and restrained 2D cartoon shading. Do not copy the reference subject or composition.

Framing: One compact composition, with the complete subject using about 80-90% of the square. Keep everything inside the frame.

Output: 512x512 PNG, RGBA, genuine transparent background. No text, numerals, labels, logos or watermark.",作成済み,,references/invidious.png
despotic.png,独裁的な、専制的な,独裁的な,"Subject: An autocratic ruler silencing disagreement.

Composition: Show a ruler seated high on a plain dais, sharply pointing for a guard to remove a dissenting adviser who still holds an unmarked petition. Two other advisers lower their eyes and remain silent; keep the oppressive power relationship clear without national or ethnic caricature.

Style: Use the attached invidious.png for drawing style only. Match its thick rounded dark-brown contours, simplified rounded shapes, and restrained 2D cartoon shading. Do not copy the reference subject or composition.

Framing: One compact composition, with the complete subject using about 80-90% of the square. Keep everything inside the frame.

Output: 512x512 PNG, RGBA, genuine transparent background. No text, numerals, labels, logos or watermark.",作成済み,,references/invidious.png
downpour.png,土砂降り、豪雨,土砂降り,"Subject: A person sheltering from an intense downpour.

Composition: Show an adult under a sturdy umbrella while thick slanting rain streaks strike the canopy and splash into a deep puddle around rain boots. Water streams visibly from the umbrella’s rim, and the person hunches against the force; keep the complete umbrella and figure inside frame.

Style: Use the attached invidious.png for drawing style only. Match its thick rounded dark-brown contours, simplified rounded shapes, and restrained 2D cartoon shading. Do not copy the reference subject or composition.

Framing: One compact composition, with the complete subject using about 80-90% of the square. Keep everything inside the frame.

Output: 512x512 PNG, RGBA, genuine transparent background. No text, numerals, labels, logos or watermark.",作成済み,,references/invidious.png
exothermic.png,発熱の,発熱の,"Subject: An air-activated hand warmer releasing heat.

Composition: Show a bundled adult outdoors cupping a small cloth hand-warmer packet between both hands. Warm orange heat waves rise from the packet toward the fingers while the person relaxes from the cold; the opened empty outer wrapper lies on a nearby bench, with no flame or electric wire.

Style: Use the attached invidious.png for drawing style only. Match its thick rounded dark-brown contours, simplified rounded shapes, and restrained 2D cartoon shading. Do not copy the reference subject or composition.

Framing: One compact composition, with the complete subject using about 80-90% of the square. Keep everything inside the frame.

Output: 512x512 PNG, RGBA, genuine transparent background. No text, numerals, labels, logos or watermark.",作成済み,,references/invidious.png
firefighter.png,消防士,消防士,"Subject: A firefighter directing a hose at a burning shed.

Composition: Show a fully equipped firefighter in helmet, protective coat, gloves, and boots bracing both feet on the ground. Both hands grip one hose nozzle that releases water toward a small shed fire; the hose continues behind the person in one unbroken curve, and the entire firefighter remains visible.

Style: Use the attached invidious.png for drawing style only. Match its thick rounded dark-brown contours, simplified rounded shapes, and restrained 2D cartoon shading. Do not copy the reference subject or composition.

Framing: One compact composition, with the complete subject using about 80-90% of the square. Keep everything inside the frame.

Output: 512x512 PNG, RGBA, genuine transparent background. No text, numerals, labels, logos or watermark.",作成済み,,references/invidious.png
friar.png,修道士,修道士,"Subject: A Franciscan friar accepting bread while travelling.

Composition: Show an adult Franciscan friar in a plain brown hooded habit, knotted rope belt, and sandals receiving a loaf from a villager. The friar holds a modest cloth bag with the other hand; both people stand beside a simple doorway, making the mendicant religious role visible.

Style: Use the attached invidious.png for drawing style only. Match its thick rounded dark-brown contours, simplified rounded shapes, and restrained 2D cartoon shading. Do not copy the reference subject or composition.

Framing: One compact composition, with the complete subject using about 80-90% of the square. Keep everything inside the frame.

Output: 512x512 PNG, RGBA, genuine transparent background. No text, numerals, labels, logos or watermark.",作成済み,,references/invidious.png
gorilla.png,ゴリラ,ゴリラ,"Subject: A broad-shouldered adult gorilla.

Composition: Show one adult male gorilla standing on all fours on a small forest-floor patch, with knuckles planted beneath long muscular arms. Give it a deep chest, broad shoulders, small rounded ears, dark face, and silvery saddle across the back; keep every finger, foot, and body edge visible.

Style: Use the attached invidious.png for drawing style only. Match its thick rounded dark-brown contours, simplified rounded shapes, and restrained 2D cartoon shading. Do not copy the reference subject or composition.

Framing: One compact composition, with the complete subject using about 80-90% of the square. Keep everything inside the frame.

Output: 512x512 PNG, RGBA, genuine transparent background. No text, numerals, labels, logos or watermark.",作成済み,,references/invidious.png
grinder.png,グラインダー、砕く道具,グラインダー,"Subject: A bench-mounted grinding machine.

Composition: Show one sturdy bench grinder bolted to a short workbench, with two circular abrasive wheels attached to the same motor housing. Protective guards partly surround each wheel and small metal tool rests project in front; show one wheel spinning with restrained motion arcs, without detached hands or unsupported tools.

Style: Use the attached invidious.png for drawing style only. Match its thick rounded dark-brown contours, simplified rounded shapes, and restrained 2D cartoon shading. Do not copy the reference subject or composition.

Framing: One compact composition, with the complete subject using about 80-90% of the square. Keep everything inside the frame.

Output: 512x512 PNG, RGBA, genuine transparent background. No text, numerals, labels, logos or watermark.",作成済み,,references/invidious.png
horseman.png,馬の乗り手、馬術家,馬の乗り手,"Subject: A skilled horse rider seated in a saddle.

Composition: Show an adult rider sitting balanced on a calmly trotting horse, both boots in stirrups and both hands holding reins connected to the bridle. The rider sits upright with bent knees, and the complete horse, saddle, rider, reins, and all four hooves fit within one compact ground scene.

Style: Use the attached invidious.png for drawing style only. Match its thick rounded dark-brown contours, simplified rounded shapes, and restrained 2D cartoon shading. Do not copy the reference subject or composition.

Framing: One compact composition, with the complete subject using about 80-90% of the square. Keep everything inside the frame.

Output: 512x512 PNG, RGBA, genuine transparent background. No text, numerals, labels, logos or watermark.",作成済み,,references/invidious.png
implacable.png,執念深い,執念深い,"Subject: Refusing reconciliation despite an apology.

Composition: Show an angry adult folding both arms and turning away from a neighbor who offers a carefully repaired vase with both hands. The repaired crack and sincere apology posture remain visible, making the continued grievance clear without a refusal sentence.

Style: Use the attached invidious.png for drawing style only. Match its thick rounded dark-brown contours, simplified rounded shapes, and restrained 2D cartoon shading. Do not copy the reference subject or composition.

Framing: One compact composition, with the complete subject using about 80-90% of the square. Keep everything inside the frame.

Output: 512x512 PNG, RGBA, genuine transparent background. No text, explanatory labels, speech balloons or bubbles, numerals, logos or watermark.",作成済み,,references/invidious.png
laminate.png,薄板にする,薄板にする,"Subject: A craft worker slicing wood into thin veneer.

Composition: Show an adult craft worker feeding a short wood block through a guarded veneer-slicing machine mounted on a bench. A broad thin flexible sheet emerges onto a flat receiving tray, with the remaining solid block clearly thicker; both hands stay on the safe feed handles away from the covered blade.

Style: Use the attached invidious.png for drawing style only. Match its thick rounded dark-brown contours, simplified rounded shapes, and restrained 2D cartoon shading. Do not copy the reference subject or composition.

Framing: One compact composition, with the complete subject using about 80-90% of the square. Keep everything inside the frame.

Output: 512x512 PNG, RGBA, genuine transparent background. No text, numerals, labels, logos or watermark.",作成済み,,references/invidious.png
lee.png,風下,風下,"Subject: The sheltered downwind side of a large boulder.

Composition: Show a hiker sitting close behind a large grounded boulder, protected from a strong wind. Exposed grass bends consistently from left to right while the hiker’s scarf hangs still; the hiker rests in the calm space immediately to the right of the rock.

Style: Use the attached invidious.png for drawing style only. Match its thick rounded dark-brown contours, simplified rounded shapes, and restrained 2D cartoon shading. Do not copy the reference subject or composition.

Framing: One compact composition, with the complete subject using about 80-90% of the square. Keep everything inside the frame.

Output: 512x512 PNG, RGBA, genuine transparent background. No text, numerals, labels, logos or watermark.",作成済み,,references/invidious.png
mitosis.png,有糸分裂,有糸分裂,"Subject: An animal cell in mitotic anaphase.

Composition: Show one enlarged oval animal cell containing a spindle with opposite poles. Four separated daughter chromosomes move toward each pole, matched in size and color across the cell; spindle fibers attach at their centromeres. Keep a single intact cell boundary and omit a nuclear envelope during this anaphase stage.

Style: Use the attached invidious.png for drawing style only. Match its thick rounded dark-brown contours, simplified rounded shapes, and restrained 2D cartoon shading. Do not copy the reference subject or composition.

Framing: One compact composition, with the complete subject using about 80-90% of the square. Keep everything inside the frame.

Output: 512x512 PNG, RGBA, genuine transparent background. No text, numerals, labels, logos or watermark.",作成済み,,references/invidious.png
night-time.png,夜間,夜間,"Subject: A quiet house during the night.

Composition: Show a small house with one softly lit window under a crescent moon and a few stars. A sleeping cat curls on the doorstep and a lamppost illuminates a short path; keep the dark sky as a compact vignette within the scene rather than a solid square background.

Style: Use the attached invidious.png for drawing style only. Match its thick rounded dark-brown contours, simplified rounded shapes, and restrained 2D cartoon shading. Do not copy the reference subject or composition.

Framing: One compact composition, with the complete subject using about 80-90% of the square. Keep everything inside the frame.

Output: 512x512 PNG, RGBA, genuine transparent background. No text, numerals, labels, logos or watermark.",作成済み,,references/invidious.png
palladium.png,パラジウム,パラジウム,"Subject: A specimen of silvery-white palladium metal.

Composition: Show one small polished silvery-white metal ingot resting in an open padded specimen box. Engrave only “Pd” and “46” on its upper face, with soft reflective edges and no gold tint; the box and specimen form one compact museum-style object.

Style: Use the attached invidious.png for drawing style only. Match its thick rounded dark-brown contours, simplified rounded shapes, and restrained 2D cartoon shading. Do not copy the reference subject or composition.

Framing: One compact composition, with the complete subject using about 80-90% of the square. Keep everything inside the frame.

Output: 512x512 PNG, RGBA, genuine transparent background. Allow only the chemical symbol “Pd” and atomic number “46”, essential to identify this visually nonspecific metal. No incidental labels, logos or watermark.",作成済み,,references/invidious.png
panther.png,ヒョウ,ヒョウ,"Subject: A leopard resting on a low branch.

Composition: Show one golden leopard stretched along a thick horizontal branch still attached to a short tree trunk. Give its coat black open-centered rosettes, a long curved tail, rounded ears, and a pale belly; support the body on the branch and keep all four paws and the tail visible.

Style: Use the attached invidious.png for drawing style only. Match its thick rounded dark-brown contours, simplified rounded shapes, and restrained 2D cartoon shading. Do not copy the reference subject or composition.

Framing: One compact composition, with the complete subject using about 80-90% of the square. Keep everything inside the frame.

Output: 512x512 PNG, RGBA, genuine transparent background. No text, numerals, labels, logos or watermark.",作成済み,,references/invidious.png
promissory.png,約束の,約束の,"Subject: A visible promise linked to a borrowed object.

Composition: Show an adult borrowing a garden spade from a neighbor and giving a solemn reassuring hand-on-heart gesture while handing over a small signed note. The note contains only nonlegible lines; keep the exchange careful and the promised return connected to the loan.

Style: Use the attached invidious.png for drawing style only. Match its thick rounded dark-brown contours, simplified rounded shapes, and restrained 2D cartoon shading. Do not copy the reference subject or composition.

Framing: One compact composition, with the complete subject using about 80-90% of the square. Keep everything inside the frame.

Output: 512x512 PNG, RGBA, genuine transparent background. No text, explanatory labels, speech balloons or bubbles, numerals, logos or watermark.",作成済み,,references/invidious.png
prosaic.png,退屈な,退屈な,"Subject: A listener bored by a monotonous presentation.

Composition: Show an adult listener slumping in a chair at a small meeting table, supporting one cheek with a palm and staring with heavy eyelids. A speaker beside the table drones over a thick stack of plain paperwork; keep the listener’s quiet yawn and motionless posture dominant.

Style: Use the attached invidious.png for drawing style only. Match its thick rounded dark-brown contours, simplified rounded shapes, and restrained 2D cartoon shading. Do not copy the reference subject or composition.

Framing: One compact composition, with the complete subject using about 80-90% of the square. Keep everything inside the frame.

Output: 512x512 PNG, RGBA, genuine transparent background. No text, numerals, labels, logos or watermark.",作成済み,,references/invidious.png
rationalist.png,合理主義者,合理主義者,"Subject: A thinker relying on reasoned demonstration.

Composition: Show an adult at a desk checking a geometric construction with a compass and straightedge, carefully comparing the drawn triangle’s relationships. Keep the notebook free of legible proof text and focus on deliberate reasoning rather than a spoken philosophical motto.

Style: Use the attached invidious.png for drawing style only. Match its thick rounded dark-brown contours, simplified rounded shapes, and restrained 2D cartoon shading. Do not copy the reference subject or composition.

Framing: One compact composition, with the complete subject using about 80-90% of the square. Keep everything inside the frame.

Output: 512x512 PNG, RGBA, genuine transparent background. No text, explanatory labels, speech balloons or bubbles, numerals, logos or watermark.",作成済み,,references/invidious.png
recliner.png,寄り掛かる人,寄り掛かる人,"Subject: A person leaning back comfortably.

Composition: Show an adult reclining on a long garden bench, with the back and shoulders resting against a large angled cushion and both legs extended along the seat. One arm rests loosely on the cushion and the other on the lap; the person, rather than an adjustable chair mechanism, dominates.

Style: Use the attached invidious.png for drawing style only. Match its thick rounded dark-brown contours, simplified rounded shapes, and restrained 2D cartoon shading. Do not copy the reference subject or composition.

Framing: One compact composition, with the complete subject using about 80-90% of the square. Keep everything inside the frame.

Output: 512x512 PNG, RGBA, genuine transparent background. No text, numerals, labels, logos or watermark.",作成済み,,references/invidious.png
robin.png,コマドリ、コマツグミ,コマドリ,"Subject: A European robin, Erithacus rubecula.

Composition: Show one small European robin perched on a low garden branch, with a rounded body, warm brown back, orange-red face and breast, pale belly, slender dark bill, and two delicate feet gripping the branch. Keep the orange face visible and avoid the American robin’s larger thrush build or streaked throat.

Style: Use the attached invidious.png for drawing style only. Match its thick rounded dark-brown contours, simplified rounded shapes, and restrained 2D cartoon shading. Do not copy the reference subject or composition.

Framing: One compact composition, with the complete subject using about 80-90% of the square. Keep everything inside the frame.

Output: 512x512 PNG, RGBA, genuine transparent background. No text, numerals, labels, logos or watermark.",作成済み,,references/invidious.png
row@ere.png,漕ぐ,漕ぐ,"Subject: A rower pulling paired oars through water.

Composition: Show an adult seated facing the stern of a small rowboat, pulling two oar handles toward the torso. Each oar passes through its own gunwale-mounted oarlock and its blade enters the water outside the boat; include small wake ripples and keep both oars completely visible.

Style: Use the attached invidious.png for drawing style only. Match its thick rounded dark-brown contours, simplified rounded shapes, and restrained 2D cartoon shading. Do not copy the reference subject or composition.

Framing: One compact composition, with the complete subject using about 80-90% of the square. Keep everything inside the frame.

Output: 512x512 PNG, RGBA, genuine transparent background. No text, numerals, labels, logos or watermark.",作成済み,,references/invidious.png
savagery.png,残忍、残虐,残忍,"Subject: Deliberate cruelty toward a defenseless captive.

Composition: Show a fictional armored guard raising a whip while a kneeling adult prisoner recoils with both wrists tied together in front. Another guard watches without helping; keep the moment before any strike, with no wounds or blood, and make the aggressor’s cold expression and prisoner’s fear unmistakable.

Style: Use the attached invidious.png for drawing style only. Match its thick rounded dark-brown contours, simplified rounded shapes, and restrained 2D cartoon shading. Do not copy the reference subject or composition.

Framing: One compact composition, with the complete subject using about 80-90% of the square. Keep everything inside the frame.

Output: 512x512 PNG, RGBA, genuine transparent background. No text, numerals, labels, logos or watermark.",作成済み,,references/invidious.png
scaly.png,うろこ状の、うろこに覆われた,うろこ状の,"Subject: A fish covered in overlapping scales.

Composition: Show one rounded carp swimming in a small clear water vignette, with a neat pattern of overlapping rounded scales covering its flank. Keep the head, gills, fins, and tail anatomically connected, and use a slight reflective highlight along the scale edges to emphasize the covering.

Style: Use the attached invidious.png for drawing style only. Match its thick rounded dark-brown contours, simplified rounded shapes, and restrained 2D cartoon shading. Do not copy the reference subject or composition.

Framing: One compact composition, with the complete subject using about 80-90% of the square. Keep everything inside the frame.

Output: 512x512 PNG, RGBA, genuine transparent background. No text, numerals, labels, logos or watermark.",作成済み,,references/invidious.png
scornful.png,軽蔑に満ちた、軽蔑した,軽蔑に満ちた,"Subject: A contemptuous reaction to another person’s attempt.

Composition: Show an adult with one eyebrow raised, nose slightly lifted, and a curled dismissive upper lip looking down at a neighbor’s uneven handmade clay cup. The neighbor holds the cup at chest height while the contemptuous person turns one palm outward, making the disdain stronger than simple disinterest.

Style: Use the attached invidious.png for drawing style only. Match its thick rounded dark-brown contours, simplified rounded shapes, and restrained 2D cartoon shading. Do not copy the reference subject or composition.

Framing: One compact composition, with the complete subject using about 80-90% of the square. Keep everything inside the frame.

Output: 512x512 PNG, RGBA, genuine transparent background. No text, numerals, labels, logos or watermark.",作成済み,,references/invidious.png
sol@saewel.png,ペルーの通貨単位,ペルーの通貨単位,"Subject: A one-sol Peruvian coin used in a purchase.

Composition: Show a customer placing one large silver-colored Peruvian coin on a market counter beside a small bread roll. Give its visible face a large “1” and intertwined curved laurel and oak stems, an inscribed octagonal border, and a small field of vertical lines, omitting all lettering; the vendor’s open palm waits beside it, attached to the fully visible vendor.

Style: Use the attached invidious.png for drawing style only. Match its thick rounded dark-brown contours, simplified rounded shapes, and restrained 2D cartoon shading. Do not copy the reference subject or composition.

Framing: One compact composition, with the complete subject using about 80-90% of the square. Keep everything inside the frame.

Output: 512x512 PNG, RGBA, genuine transparent background. Allow only the denomination numeral “1”, essential to the currency object. No incidental labels, logos or watermark.",作成済み,,references/invidious.png
talisman.png,お守り,お守り,"Subject: A small protective amulet worn on a cord.

Composition: Show an adult traveller carefully tucking a small stitched protective charm pouch into the front of a coat before setting out. The pouch hangs from a short cord around the neck and has a simple embroidered star without writing; a travel bag rests at the traveller’s feet.

Style: Use the attached invidious.png for drawing style only. Match its thick rounded dark-brown contours, simplified rounded shapes, and restrained 2D cartoon shading. Do not copy the reference subject or composition.

Framing: One compact composition, with the complete subject using about 80-90% of the square. Keep everything inside the frame.

Output: 512x512 PNG, RGBA, genuine transparent background. No text, numerals, labels, logos or watermark.",作成済み,,references/invidious.png
tantalizing.png,じれったい,じれったい,"Subject: An enticing pastry kept just out of reach.

Composition: Show an adult seated at a café counter eagerly reaching toward a glass display containing one beautiful cream puff. A server slowly unlocks the display while the customer leans forward with impatient raised eyebrows; keep the pastry close behind the transparent barrier and all hands anatomically connected.

Style: Use the attached invidious.png for drawing style only. Match its thick rounded dark-brown contours, simplified rounded shapes, and restrained 2D cartoon shading. Do not copy the reference subject or composition.

Framing: One compact composition, with the complete subject using about 80-90% of the square. Keep everything inside the frame.

Output: 512x512 PNG, RGBA, genuine transparent background. No text, numerals, labels, logos or watermark.",作成済み,,references/invidious.png
tether.png,つなぎ綱、縛るためのロープ,つなぎ綱,"Subject: A rope keeping a goat within reach of a post.

Composition: Show one goat grazing beside a sturdy wooden post firmly planted in the ground. A single rope runs from a well-fitted collar to a secure knot around the post, with gentle slack and no loops around the legs; keep the whole animal, rope, and post clearly visible.

Style: Use the attached invidious.png for drawing style only. Match its thick rounded dark-brown contours, simplified rounded shapes, and restrained 2D cartoon shading. Do not copy the reference subject or composition.

Framing: One compact composition, with the complete subject using about 80-90% of the square. Keep everything inside the frame.

Output: 512x512 PNG, RGBA, genuine transparent background. No text, numerals, labels, logos or watermark.",作成済み,,references/invidious.png
therewith.png,それと共に、それをもって,それと共に,"Subject: Using a newly received key to open a chest.

Composition: Show an adult opening a small chest with a brass key that a companion has just handed over. The key is visibly inserted in the lock, one hand turns it and the other lifts the lid; the companion’s now-empty hand remains extended toward the key, clarifying the instrument used.

Style: Use the attached invidious.png for drawing style only. Match its thick rounded dark-brown contours, simplified rounded shapes, and restrained 2D cartoon shading. Do not copy the reference subject or composition.

Framing: One compact composition, with the complete subject using about 80-90% of the square. Keep everything inside the frame.

Output: 512x512 PNG, RGBA, genuine transparent background. No text, numerals, labels, logos or watermark.",作成済み,,references/invidious.png
thicken.png,厚くする,厚くする,"Subject: Adding another layer of clay to make a wall thicker.

Composition: Show a potter pressing a broad fresh clay strip onto the outside wall of a squat clay vessel on a worktable. One hand braces the inside and the other smooths the added strip; the exposed top rim clearly shows the wall becoming thicker where the extra clay is attached.

Style: Use the attached invidious.png for drawing style only. Match its thick rounded dark-brown contours, simplified rounded shapes, and restrained 2D cartoon shading. Do not copy the reference subject or composition.

Framing: One compact composition, with the complete subject using about 80-90% of the square. Keep everything inside the frame.

Output: 512x512 PNG, RGBA, genuine transparent background. No text, numerals, labels, logos or watermark.",作成済み,,references/invidious.png
unknowable.png,知ることができない、不可知の,知ることができない,"Subject: Confronting the limits of possible knowledge.

Composition: Show a thoughtful philosopher closing an incomplete notebook beside a telescope directed into a vast dark star field. Their open uncertain hand and resigned expression suggest a question beyond available observation, without inventing a visible answer or written proposition.

Style: Use the attached invidious.png for drawing style only. Match its thick rounded dark-brown contours, simplified rounded shapes, and restrained 2D cartoon shading. Do not copy the reference subject or composition.

Framing: One compact composition, with the complete subject using about 80-90% of the square. Keep everything inside the frame.

Output: 512x512 PNG, RGBA, genuine transparent background. No text, explanatory labels, speech balloons or bubbles, numerals, logos or watermark.",作成済み,,references/invidious.png
wade.png,歩く,歩く,"Subject: A person walking through a shallow stream.

Composition: Show an adult carefully walking across a shallow stream, with water reaching mid-calf and one foot lifted for the next step. Both trouser legs are rolled up, one hand holds a grounded walking stick, and the other balances outward; show smooth submerged stones beneath the clear water.

Style: Use the attached invidious.png for drawing style only. Match its thick rounded dark-brown contours, simplified rounded shapes, and restrained 2D cartoon shading. Do not copy the reference subject or composition.

Framing: One compact composition, with the complete subject using about 80-90% of the square. Keep everything inside the frame.

Output: 512x512 PNG, RGBA, genuine transparent background. No text, numerals, labels, logos or watermark.",作成済み,,references/invidious.png
wane.png,衰弱,衰弱,"Subject: A weak recovering adult struggling to stand.

Composition: Show a pale adult rising slowly from a bedside chair while a caregiver steadies one forearm. The person’s knees bend, shoulders sag, and the free hand presses on the chair arm for support; keep the scene calm and non-graphic, emphasizing diminished bodily strength rather than sleepiness.

Style: Use the attached invidious.png for drawing style only. Match its thick rounded dark-brown contours, simplified rounded shapes, and restrained 2D cartoon shading. Do not copy the reference subject or composition.

Framing: One compact composition, with the complete subject using about 80-90% of the square. Keep everything inside the frame.

Output: 512x512 PNG, RGBA, genuine transparent background. No text, numerals, labels, logos or watermark.",作成済み,,references/invidious.png
zeolite.png,ゼオライト,ゼオライト,"Subject: A porous zeolite framework containing water.

Composition: Show one enlarged cutaway model of a zeolite crystal resting on a display base. Silicon- or aluminum-centered tetrahedra share corner oxygen atoms in an orderly three-dimensional network with open channels; water molecules occupy those channels; depict each water molecule as one red oxygen sphere bonded to exactly two smaller white hydrogen spheres.

Style: Use the attached invidious.png for drawing style only. Match its thick rounded dark-brown contours, simplified rounded shapes, and restrained 2D cartoon shading. Do not copy the reference subject or composition.

Framing: One compact composition, with the complete subject using about 80-90% of the square. Keep everything inside the frame.

Output: 512x512 PNG, RGBA, genuine transparent background. No text, numerals, labels, logos or watermark.",作成済み,,references/invidious.png
Kimberley.png,キンバリ、キンバリー,キンバリー,"Subject: Kimberley’s Big Hole diamond mine.

Composition: Show a compact elevated view into Kimberley’s steep-sided Big Hole, with a deep blue-green pool at the bottom and reddish exposed rock walls. A small portion of the rim viewing platform and historic mining buildings anchors the scene above the excavation; keep the whole pit outline inside the composition.

Style: Use the attached invidious.png for drawing style only. Match its thick rounded dark-brown contours, simplified rounded shapes, and restrained 2D cartoon shading. Do not copy the reference subject or composition.

Framing: One compact composition, with the complete subject using about 80-90% of the square. Keep everything inside the frame.

Output: 512x512 PNG, RGBA, genuine transparent background. No text, numerals, labels, logos or watermark.",作成済み,,references/invidious.png
Perseus.png,ペルセウス,ペルセウス,"Subject: Perseus using a polished shield to face Medusa.

Composition: Show the young Greek hero Perseus in a short tunic and winged sandals crouching with a curved sword in one hand and a polished shield in the other. He looks only into the shield’s reflection of the snake-haired Medusa nearby; keep the encounter before any strike, without gore.

Style: Use the attached invidious.png for drawing style only. Match its thick rounded dark-brown contours, simplified rounded shapes, and restrained 2D cartoon shading. Do not copy the reference subject or composition.

Framing: One compact composition, with the complete subject using about 80-90% of the square. Keep everything inside the frame.

Output: 512x512 PNG, RGBA, genuine transparent background. No text, numerals, labels, logos or watermark.",作成済み,,references/invidious.png
Siam.png,シャム,シャム,"Subject: Historic Siam evoked through Ayutthaya.

Composition: Show a compact historical riverside view of Ayutthaya, with a tall brick prang rising over low monastery roofs and a wooden cargo boat alongside the bank. Use traditional Siamese architecture and a preindustrial setting; connect the buildings by one continuous ground area and keep the river within the vignette.

Style: Use the attached invidious.png for drawing style only. Match its thick rounded dark-brown contours, simplified rounded shapes, and restrained 2D cartoon shading. Do not copy the reference subject or composition.

Framing: One compact composition, with the complete subject using about 80-90% of the square. Keep everything inside the frame.

Output: 512x512 PNG, RGBA, genuine transparent background. No text, numerals, labels, logos or watermark.",作成済み,,references/invidious.png
acrid.png,苦い,苦い,"Subject: A person reacting to intensely bitter food.

Composition: Show an adult tasting a slice of bitter melon from a small bowl with chopsticks. The person’s eyebrows pinch together, lips pull back, and tongue retracts in an unpleasant bitter reaction; leave the recognizable green ridged melon and pale cross-cut slices on the table beside the bowl.

Style: Use the attached invidious.png for drawing style only. Match its thick rounded dark-brown contours, simplified rounded shapes, and restrained 2D cartoon shading. Do not copy the reference subject or composition.

Framing: One compact composition, with the complete subject using about 80-90% of the square. Keep everything inside the frame.

Output: 512x512 PNG, RGBA, genuine transparent background. No text, numerals, labels, logos or watermark.",作成済み,,references/invidious.png
admixture.png,混合(物),混合(物),"Subject: A mixture of two visibly different materials.

Composition: Show an adult gardener turning dark compost and pale sand together in one shallow tray with a small trowel. The partly blended material contains both colors throughout, while the trowel is visibly held in one hand and the other hand steadies the tray on a potting bench.

Style: Use the attached invidious.png for drawing style only. Match its thick rounded dark-brown contours, simplified rounded shapes, and restrained 2D cartoon shading. Do not copy the reference subject or composition.

Framing: One compact composition, with the complete subject using about 80-90% of the square. Keep everything inside the frame.

Output: 512x512 PNG, RGBA, genuine transparent background. No text, numerals, labels, logos or watermark.",作成済み,,references/invidious.png
adverbial.png,副詞の,副詞の,"Subject: The manner in which an action is performed.

Composition: Show an adult walking exceptionally slowly while balancing a nearly full cup on a tray. Their cautious small step and steady hands make the manner of walking prominent; a nearby observer watches that careful movement, without a sentence diagram or word label.

Style: Use the attached invidious.png for drawing style only. Match its thick rounded dark-brown contours, simplified rounded shapes, and restrained 2D cartoon shading. Do not copy the reference subject or composition.

Framing: One compact composition, with the complete subject using about 80-90% of the square. Keep everything inside the frame.

Output: 512x512 PNG, RGBA, genuine transparent background. No text, explanatory labels, speech balloons or bubbles, numerals, logos or watermark.",作成済み,,references/invidious.png
alopecia.png,脱毛症,脱毛症,"Subject: An adult with patchy scalp hair loss.

Composition: Show an adult seated calmly in a clinic chair while a dermatologist gently parts the remaining scalp hair. Reveal two smooth round bare patches without redness or wounds; the clinician’s gloved fingers remain attached to the visible body, and the patient holds a small mirror to inspect the patches.

Style: Use the attached invidious.png for drawing style only. Match its thick rounded dark-brown contours, simplified rounded shapes, and restrained 2D cartoon shading. Do not copy the reference subject or composition.

Framing: One compact composition, with the complete subject using about 80-90% of the square. Keep everything inside the frame.

Output: 512x512 PNG, RGBA, genuine transparent background. No text, numerals, labels, logos or watermark.",作成済み,,references/invidious.png
annulus.png,環,環,"Subject: A flat circular ring with an open center.

Composition: Show one thick flat brass washer lying slightly tilted against a small wooden block on a work surface. Its outside and inside edges are concentric circles, leaving an unmistakably open central hole through which the wood can be seen; emphasize the continuous ring-shaped band and its modest thickness.

Style: Use the attached invidious.png for drawing style only. Match its thick rounded dark-brown contours, simplified rounded shapes, and restrained 2D cartoon shading. Do not copy the reference subject or composition.

Framing: One compact composition, with the complete subject using about 80-90% of the square. Keep everything inside the frame.

Output: 512x512 PNG, RGBA, genuine transparent background. No text, numerals, labels, logos or watermark.",作成済み,,references/invidious.png
biker.png,バイクに乗る人,バイクに乗る人,"Subject: A motorcyclist riding a road motorcycle.

Composition: Show an adult motorcyclist wearing a helmet, gloves, jacket, and boots, seated upright on a motorcycle moving along a short road patch. Both hands grip the handlebars and both feet rest on the pegs; keep the two wheels, engine, rider, and front headlamp entirely visible.

Style: Use the attached invidious.png for drawing style only. Match its thick rounded dark-brown contours, simplified rounded shapes, and restrained 2D cartoon shading. Do not copy the reference subject or composition.

Framing: One compact composition, with the complete subject using about 80-90% of the square. Keep everything inside the frame.

Output: 512x512 PNG, RGBA, genuine transparent background. No text, numerals, labels, logos or watermark.",作成済み,,references/invidious.png
brooch.png,ブローチ,ブローチ,"Subject: A decorative brooch fastened to a lapel.

Composition: Show an adult in a plain jacket fastening a small flower-shaped gold brooch to the upper lapel. One hand pinches the fabric while the other closes the pin at the back; keep the full person visible and make the jeweled flower large enough to read as the decorative focus.

Style: Use the attached invidious.png for drawing style only. Match its thick rounded dark-brown contours, simplified rounded shapes, and restrained 2D cartoon shading. Do not copy the reference subject or composition.

Framing: One compact composition, with the complete subject using about 80-90% of the square. Keep everything inside the frame.

Output: 512x512 PNG, RGBA, genuine transparent background. No text, numerals, labels, logos or watermark.",作成済み,,references/invidious.png
bygone.png,過去の、過ぎ去った,過去の,"Subject: An old-fashioned object surviving from an earlier time.

Composition: Show an adult museum visitor examining a hand-cranked wooden wall telephone mounted on a short display wall. Its separate earpiece hangs from a hook and a fixed speaking trumpet projects forward; the visitor’s modern clothing contrasts with the aged wooden casing without any labels or timeline.

Style: Use the attached invidious.png for drawing style only. Match its thick rounded dark-brown contours, simplified rounded shapes, and restrained 2D cartoon shading. Do not copy the reference subject or composition.

Framing: One compact composition, with the complete subject using about 80-90% of the square. Keep everything inside the frame.

Output: 512x512 PNG, RGBA, genuine transparent background. No text, numerals, labels, logos or watermark.",作成済み,,references/invidious.png
catholic.png,カトリック教会の,カトリック教会の,"Subject: A Catholic priest celebrating Mass at an altar.

Composition: Show a Catholic priest wearing an alb and chasuble standing behind a small altar with a chalice and white host. A crucifix rises behind the altar and two candles stand safely on it; keep the priest’s hands clearly lifting the host and the scene respectful and uncluttered.

Style: Use the attached invidious.png for drawing style only. Match its thick rounded dark-brown contours, simplified rounded shapes, and restrained 2D cartoon shading. Do not copy the reference subject or composition.

Framing: One compact composition, with the complete subject using about 80-90% of the square. Keep everything inside the frame.

Output: 512x512 PNG, RGBA, genuine transparent background. No text, numerals, labels, logos or watermark.",作成済み,,references/invidious.png
clavicle.png,鎖骨,鎖骨,"Subject: The paired collarbones connecting the sternum and shoulders.

Composition: Show a clean anatomical teaching model of the upper rib cage and both shoulder girdles on a stand. Highlight the two gently S-shaped clavicles across the front, each running from the top of the sternum to its shoulder’s acromion; keep ribs and scapulae subdued and all bones connected.

Style: Use the attached invidious.png for drawing style only. Match its thick rounded dark-brown contours, simplified rounded shapes, and restrained 2D cartoon shading. Do not copy the reference subject or composition.

Framing: One compact composition, with the complete subject using about 80-90% of the square. Keep everything inside the frame.

Output: 512x512 PNG, RGBA, genuine transparent background. No text, numerals, labels, logos or watermark.",作成済み,,references/invidious.png
cleave@gleubh.png,割る,割る,"Subject: Splitting a log along the grain.

Composition: Show an adult woodworker wearing eye protection and boots with both hands gripping an axe handle. The blade is embedded in the center of a log standing on a chopping block, forcing two halves apart along the grain; keep the axe, person, and grounded block fully visible.

Style: Use the attached invidious.png for drawing style only. Match its thick rounded dark-brown contours, simplified rounded shapes, and restrained 2D cartoon shading. Do not copy the reference subject or composition.

Framing: One compact composition, with the complete subject using about 80-90% of the square. Keep everything inside the frame.

Output: 512x512 PNG, RGBA, genuine transparent background. No text, numerals, labels, logos or watermark.",作成済み,,references/invidious.png
clique.png,小集団、小さな友人グループ,小集団,"Subject: A closed circle of close friends.

Composition: Show four adult friends leaning inward around a small café table, sharing a private joke with matching amused expressions. Their chairs form a tight group while a fifth acquaintance stands just outside it with a tentative raised hand; keep the subtle exclusion readable without making anyone monstrous.

Style: Use the attached invidious.png for drawing style only. Match its thick rounded dark-brown contours, simplified rounded shapes, and restrained 2D cartoon shading. Do not copy the reference subject or composition.

Framing: One compact composition, with the complete subject using about 80-90% of the square. Keep everything inside the frame.

Output: 512x512 PNG, RGBA, genuine transparent background. No text, numerals, labels, logos or watermark.",作成済み,,references/invidious.png
cloudless.png,雲一つない、晴れ渡った,雲一つない,"Subject: A completely clear open sky.

Composition: Show a sunlit hill with one solitary tree beneath a broad uninterrupted blue sky vignette. A small hiker shades the eyes while looking upward, and the sun sits alone with no clouds, mist, smoke, or cloudlike decorative shapes; keep the landscape’s outer edge transparent.

Style: Use the attached invidious.png for drawing style only. Match its thick rounded dark-brown contours, simplified rounded shapes, and restrained 2D cartoon shading. Do not copy the reference subject or composition.

Framing: One compact composition, with the complete subject using about 80-90% of the square. Keep everything inside the frame.

Output: 512x512 PNG, RGBA, genuine transparent background. No text, numerals, labels, logos or watermark.",作成済み,,references/invidious.png
corset.png,コルセット,コルセット,"Subject: A laced waist-supporting corset.

Composition: Show one cream-colored corset displayed on a complete torso dress form mounted on a stable stand. Give it a fitted waist, vertical boning channels, curved upper edge, and crisscross lacing through paired eyelets at the back; keep the garment fully closed and presented as clothing rather than erotic wear.

Style: Use the attached invidious.png for drawing style only. Match its thick rounded dark-brown contours, simplified rounded shapes, and restrained 2D cartoon shading. Do not copy the reference subject or composition.

Framing: One compact composition, with the complete subject using about 80-90% of the square. Keep everything inside the frame.

Output: 512x512 PNG, RGBA, genuine transparent background. No text, numerals, labels, logos or watermark.",作成済み,,references/invidious.png
duodenal.png,十二指腸の,十二指腸の,"Subject: The duodenum immediately beyond the stomach.

Composition: Show a clean anatomical model on a stand containing the stomach, duodenum, pancreas, and beginning of the jejunum. Highlight the short C-shaped intestinal segment leaving the stomach’s pylorus and curving around the pancreatic head, while neighboring organs remain muted; keep the digestive passage visibly continuous.

Style: Use the attached invidious.png for drawing style only. Match its thick rounded dark-brown contours, simplified rounded shapes, and restrained 2D cartoon shading. Do not copy the reference subject or composition.

Framing: One compact composition, with the complete subject using about 80-90% of the square. Keep everything inside the frame.

Output: 512x512 PNG, RGBA, genuine transparent background. No text, numerals, labels, logos or watermark.",作成済み,,references/invidious.png
emoji.png,絵文字,絵文字,"Subject: A pictorial smile sent in a phone message.

Composition: Show an adult seated on a stool holding a smartphone at chest height. Its screen displays one large yellow smiling face inside an outgoing message bubble and a smaller heart in the reply bubble; keep the pictorial faces clear, with no keyboard letters or readable message text.

Style: Use the attached invidious.png for drawing style only. Match its thick rounded dark-brown contours, simplified rounded shapes, and restrained 2D cartoon shading. Do not copy the reference subject or composition.

Framing: One compact composition, with the complete subject using about 80-90% of the square. Keep everything inside the frame.

Output: 512x512 PNG, RGBA, genuine transparent background. No text, numerals, labels, logos or watermark.",作成済み,,references/invidious.png
eponymous.png,名祖の,名祖の,"Subject: A place associated with the person it was named after.

Composition: Show a gardener at a community garden gate beside a dedication plaque bearing a recognizable portrait of that same gardener. The gardener touches their chest and points toward the matching portrait while visitors recognize the connection; omit all plaque lettering.

Style: Use the attached invidious.png for drawing style only. Match its thick rounded dark-brown contours, simplified rounded shapes, and restrained 2D cartoon shading. Do not copy the reference subject or composition.

Framing: One compact composition, with the complete subject using about 80-90% of the square. Keep everything inside the frame.

Output: 512x512 PNG, RGBA, genuine transparent background. No text, explanatory labels, speech balloons or bubbles, numerals, logos or watermark.",作成済み,,references/invidious.png
formless.png,明確な形のない、無形の,明確な形のない,"Subject: A soft mass without a definite outline.

Composition: Show a loose mound of thick gray modeling putty slumped on a pottery board. Several irregular folds and lobes merge without symmetry, corners, or a recognizable object shape; a wooden sculpting tool rests beside it unused, making the unfashioned material rather than a finished sculpture the focus.

Style: Use the attached invidious.png for drawing style only. Match its thick rounded dark-brown contours, simplified rounded shapes, and restrained 2D cartoon shading. Do not copy the reference subject or composition.

Framing: One compact composition, with the complete subject using about 80-90% of the square. Keep everything inside the frame.

Output: 512x512 PNG, RGBA, genuine transparent background. No text, numerals, labels, logos or watermark.",作成済み,,references/invidious.png
formulaic.png,定型的な、型にはまった,定型的な,"Subject: A writer mechanically repeating a fixed story pattern.

Composition: Show an adult writer at a desk filling the final panel of a comic strip whose repeated sequence shows the same setup, slipping character, and falling hat. Two completed strips lie beside the active sheet with nearly identical panel shapes and events; keep all drawings on supported pages without written captions.

Style: Use the attached invidious.png for drawing style only. Match its thick rounded dark-brown contours, simplified rounded shapes, and restrained 2D cartoon shading. Do not copy the reference subject or composition.

Framing: One compact composition, with the complete subject using about 80-90% of the square. Keep everything inside the frame.

Output: 512x512 PNG, RGBA, genuine transparent background. No text, numerals, labels, logos or watermark.",作成済み,,references/invidious.png
gallantry.png,気高さ、勇敢さ,気高さ,"Subject: A rescuer acting bravely for someone else.

Composition: Show an adult stepping across a narrow gap in a damaged footbridge while firmly holding a stranded hiker’s hand. The rescuer braces the other hand on an intact railing and leans backward to pull the hiker toward solid planks; show danger through the gap, without injury or implausible floating.

Style: Use the attached invidious.png for drawing style only. Match its thick rounded dark-brown contours, simplified rounded shapes, and restrained 2D cartoon shading. Do not copy the reference subject or composition.

Framing: One compact composition, with the complete subject using about 80-90% of the square. Keep everything inside the frame.

Output: 512x512 PNG, RGBA, genuine transparent background. No text, numerals, labels, logos or watermark.",作成済み,,references/invidious.png
godliness.png,神を敬うこと、敬けん,神を敬うこと,"Subject: A worshipper showing sincere reverence.

Composition: Show an adult kneeling on a small prayer cushion before a simple wooden cross in a quiet chapel. Both hands are clasped at the chest, the head is bowed, and the expression is peaceful; a closed book rests on a low bench nearby, with no written prayers.

Style: Use the attached invidious.png for drawing style only. Match its thick rounded dark-brown contours, simplified rounded shapes, and restrained 2D cartoon shading. Do not copy the reference subject or composition.

Framing: One compact composition, with the complete subject using about 80-90% of the square. Keep everything inside the frame.

Output: 512x512 PNG, RGBA, genuine transparent background. No text, numerals, labels, logos or watermark.",作成済み,,references/invidious.png
hygienic.png,衛生的な,衛生的な,"Subject: Clean food preparation using hygienic practices.

Composition: Show an adult cook with tied-back hair washing both hands under a running tap before preparing vegetables. Soap lather covers the fingers, the sink drains naturally, and a clean cutting board with washed carrots waits on a separate counter; keep raw food away from the handwashing basin.

Style: Use the attached invidious.png for drawing style only. Match its thick rounded dark-brown contours, simplified rounded shapes, and restrained 2D cartoon shading. Do not copy the reference subject or composition.

Framing: One compact composition, with the complete subject using about 80-90% of the square. Keep everything inside the frame.

Output: 512x512 PNG, RGBA, genuine transparent background. No text, numerals, labels, logos or watermark.",作成済み,,references/invidious.png
hyperthermia.png,異常高熱、高体温,異常高熱,"Subject: Dangerously elevated body temperature from overheating.

Composition: Show an overheated adult seated in shade while a medic cools the neck with a damp cloth. The adult looks flushed and exhausted; the medic holds a digital thermometer displaying “40°C” near the patient, with a water bottle on the ground and no flames or fictional body glow.

Style: Use the attached invidious.png for drawing style only. Match its thick rounded dark-brown contours, simplified rounded shapes, and restrained 2D cartoon shading. Do not copy the reference subject or composition.

Framing: One compact composition, with the complete subject using about 80-90% of the square. Keep everything inside the frame.

Output: 512x512 PNG, RGBA, genuine transparent background. Allow only “40°C” on the thermometer, essential to communicate abnormally high body temperature. No incidental labels, logos or watermark.",作成済み,,references/invidious.png
incisive.png,鋭利な,鋭利な,"Subject: A sharply honed blade cutting cleanly.

Composition: Show a chef’s knife making one clean cut through a ripe tomato on a wooden board. A fully visible adult cook grips the handle while the other hand holds the tomato with curled fingertips behind the cutting edge; show a thin separated slice and a narrow bright blade edge.

Style: Use the attached invidious.png for drawing style only. Match its thick rounded dark-brown contours, simplified rounded shapes, and restrained 2D cartoon shading. Do not copy the reference subject or composition.

Framing: One compact composition, with the complete subject using about 80-90% of the square. Keep everything inside the frame.

Output: 512x512 PNG, RGBA, genuine transparent background. No text, numerals, labels, logos or watermark.",作成済み,,references/invidious.png
individuation.png,個性化,個性化,"Subject: Developing an individual identity.

Composition: Show an adult painting a unique colorful pattern onto their own plain jacket at a worktable. An identical unpainted jacket hangs nearby, while the painter chooses curved leaf and star shapes with a focused, self-directed smile; one hand holds the brush and the other steadies the fabric.

Style: Use the attached invidious.png for drawing style only. Match its thick rounded dark-brown contours, simplified rounded shapes, and restrained 2D cartoon shading. Do not copy the reference subject or composition.

Framing: One compact composition, with the complete subject using about 80-90% of the square. Keep everything inside the frame.

Output: 512x512 PNG, RGBA, genuine transparent background. No text, numerals, labels, logos or watermark.",作成済み,,references/invidious.png
irritate.png,いら立たせる、じらす,いら立たせる,"Subject: Repeated tapping irritating a nearby worker.

Composition: Show two adults sharing a small desk: one repeatedly taps a pencil on the tabletop while the other stops writing and glares with tightly drawn eyebrows. Add tiny motion arcs at the tapping pencil, keep both people’s hands visible, and show the frustrated person’s unfinished page without readable text.

Style: Use the attached invidious.png for drawing style only. Match its thick rounded dark-brown contours, simplified rounded shapes, and restrained 2D cartoon shading. Do not copy the reference subject or composition.

Framing: One compact composition, with the complete subject using about 80-90% of the square. Keep everything inside the frame.

Output: 512x512 PNG, RGBA, genuine transparent background. No text, numerals, labels, logos or watermark.",作成済み,,references/invidious.png
jot.png,手早く書き留める、メモする,手早く書き留める,"Subject: Quickly jotting down a reminder.

Composition: Show an adult standing beside a kitchen counter hurriedly making a few short pen strokes on a small notepad. The other hand holds a phone to one ear, the body leans forward attentively, and the pad lies firmly on the counter; use nonlegible marks rather than words.

Style: Use the attached invidious.png for drawing style only. Match its thick rounded dark-brown contours, simplified rounded shapes, and restrained 2D cartoon shading. Do not copy the reference subject or composition.

Framing: One compact composition, with the complete subject using about 80-90% of the square. Keep everything inside the frame.

Output: 512x512 PNG, RGBA, genuine transparent background. No text, numerals, labels, logos or watermark.",作成済み,,references/invidious.png
lurid.png,身の毛もよだつような、ゾッとするような,身の毛もよだつような,"Subject: A frightening discovery in a dark cellar.

Composition: Show an adult cautiously opening a cellar cupboard to discover a dusty human skeleton slumped inside. The person recoils with wide eyes while a handheld flashlight illuminates the bones; keep the whole figure, cupboard, and skeleton in one scene, with no flesh, blood, or dismemberment.

Style: Use the attached invidious.png for drawing style only. Match its thick rounded dark-brown contours, simplified rounded shapes, and restrained 2D cartoon shading. Do not copy the reference subject or composition.

Framing: One compact composition, with the complete subject using about 80-90% of the square. Keep everything inside the frame.

Output: 512x512 PNG, RGBA, genuine transparent background. No text, numerals, labels, logos or watermark.",作成済み,,references/invidious.png
meltdown.png,炉心溶融、メルトダウン,炉心溶融,"Subject: A nuclear reactor core melting inside its vessel.

Composition: Show a simplified engineering cutaway of a reactor pressure vessel inside thick concrete containment. Damaged fuel rods sag and melt into a glowing pooled mass at the vessel’s bottom; the coolant level lies below the upper rods. Keep all materials contained and omit an atomic-bomb mushroom cloud.

Style: Use the attached invidious.png for drawing style only. Match its thick rounded dark-brown contours, simplified rounded shapes, and restrained 2D cartoon shading. Do not copy the reference subject or composition.

Framing: One compact composition, with the complete subject using about 80-90% of the square. Keep everything inside the frame.

Output: 512x512 PNG, RGBA, genuine transparent background. No text, numerals, labels, logos or watermark.",作成済み,,references/invidious.png
mister@meigh.png,霧吹き,霧吹き,"Subject: A hand-pump plant mister spraying fine droplets.

Composition: Show an adult gardener squeezing the trigger of a small refillable spray bottle toward a potted fern. A fine fan of tiny water droplets leaves the nozzle and settles on the fronds; the other hand steadies the pot on a table, and the bottle’s dip tube extends into its water.

Style: Use the attached invidious.png for drawing style only. Match its thick rounded dark-brown contours, simplified rounded shapes, and restrained 2D cartoon shading. Do not copy the reference subject or composition.

Framing: One compact composition, with the complete subject using about 80-90% of the square. Keep everything inside the frame.

Output: 512x512 PNG, RGBA, genuine transparent background. No text, numerals, labels, logos or watermark.",作成済み,,references/invidious.png
multicellular.png,多細胞の,多細胞の,"Subject: A living organism composed of many connected cells.

Composition: Show one enlarged green filament of Spirogyra floating in a small water vignette. Its continuous chain consists of several rectangular cells separated by clear cross walls, each containing a spiral green chloroplast ribbon; keep the filament unbroken and the complete organism visible rather than a cluster of unrelated cells.

Style: Use the attached invidious.png for drawing style only. Match its thick rounded dark-brown contours, simplified rounded shapes, and restrained 2D cartoon shading. Do not copy the reference subject or composition.

Framing: One compact composition, with the complete subject using about 80-90% of the square. Keep everything inside the frame.

Output: 512x512 PNG, RGBA, genuine transparent background. No text, numerals, labels, logos or watermark.",作成済み,,references/invidious.png
nonsensical.png,理にかなっていない、ばかげた,理にかなっていない,"Subject: An absurd attempt that cannot achieve its purpose.

Composition: Show a fully visible adult trying to fill a fine-mesh kitchen sieve with water from a pitcher. The water streams straight through the holes into a sink while the person stares in bewilderment at the empty sieve; both objects are held securely and the water follows a physically coherent path.

Style: Use the attached invidious.png for drawing style only. Match its thick rounded dark-brown contours, simplified rounded shapes, and restrained 2D cartoon shading. Do not copy the reference subject or composition.

Framing: One compact composition, with the complete subject using about 80-90% of the square. Keep everything inside the frame.

Output: 512x512 PNG, RGBA, genuine transparent background. No text, numerals, labels, logos or watermark.",作成済み,,references/invidious.png
parson.png,教区牧師,教区牧師,"Subject: A parish minister greeting congregants.

Composition: Show an adult parish minister in a black clerical shirt with a white collar standing at the doorway of a small village church. The minister holds a plain prayer book in one arm and warmly shakes a parishioner’s hand with the other; a modest church bell tower anchors the setting.

Style: Use the attached invidious.png for drawing style only. Match its thick rounded dark-brown contours, simplified rounded shapes, and restrained 2D cartoon shading. Do not copy the reference subject or composition.

Framing: One compact composition, with the complete subject using about 80-90% of the square. Keep everything inside the frame.

Output: 512x512 PNG, RGBA, genuine transparent background. No text, numerals, labels, logos or watermark.",作成済み,,references/invidious.png
preside.png,議長を務める,議長を務める,"Subject: A chairperson directing a meeting.

Composition: Show an adult seated at the head of a small committee table, raising one open palm to give a waiting participant the floor. Two other seated members turn toward that participant; a small gavel rests before the chairperson, and all chairs and feet are supported on the same floor.

Style: Use the attached invidious.png for drawing style only. Match its thick rounded dark-brown contours, simplified rounded shapes, and restrained 2D cartoon shading. Do not copy the reference subject or composition.

Framing: One compact composition, with the complete subject using about 80-90% of the square. Keep everything inside the frame.

Output: 512x512 PNG, RGBA, genuine transparent background. No text, numerals, labels, logos or watermark.",作成済み,,references/invidious.png
rabble.png,撹拌棒,撹拌棒,"Subject: A furnace-stirring rabble with an iron head.

Composition: Show a foundry worker in face protection and heat-resistant clothing holding a long iron stirring rod with both hands. Its flattened angled head enters an open roasting-furnace hearth and turns the hot granular charge; the rod rests on the furnace lip, keeping the worker safely back from the opening.

Style: Use the attached invidious.png for drawing style only. Match its thick rounded dark-brown contours, simplified rounded shapes, and restrained 2D cartoon shading. Do not copy the reference subject or composition.

Framing: One compact composition, with the complete subject using about 80-90% of the square. Keep everything inside the frame.

Output: 512x512 PNG, RGBA, genuine transparent background. No text, numerals, labels, logos or watermark.",作成済み,,references/invidious.png
reversion.png,復帰、逆戻り,復帰,"Subject: Returning to a former habit.

Composition: Show an adult at a kitchen table setting aside a prepared salad and sheepishly reaching for a familiar large bag of chips. An untouched exercise mat rests nearby, linking the resumed snacking habit with an abandoned effort to change without a spoken explanation.

Style: Use the attached invidious.png for drawing style only. Match its thick rounded dark-brown contours, simplified rounded shapes, and restrained 2D cartoon shading. Do not copy the reference subject or composition.

Framing: One compact composition, with the complete subject using about 80-90% of the square. Keep everything inside the frame.

Output: 512x512 PNG, RGBA, genuine transparent background. No text, explanatory labels, speech balloons or bubbles, numerals, logos or watermark.",作成済み,,references/invidious.png
revolting.png,不快を催させる,不快を催させる,"Subject: A repulsive odor from spoiled food.

Composition: Show an adult opening a kitchen container and immediately recoiling with a wrinkled nose and tightly closed lips. Inside lies mold-covered forgotten food, with restrained wavering odor lines rising toward the face; one hand holds the lid and the other pushes the container away along the table.

Style: Use the attached invidious.png for drawing style only. Match its thick rounded dark-brown contours, simplified rounded shapes, and restrained 2D cartoon shading. Do not copy the reference subject or composition.

Framing: One compact composition, with the complete subject using about 80-90% of the square. Keep everything inside the frame.

Output: 512x512 PNG, RGBA, genuine transparent background. No text, numerals, labels, logos or watermark.",作成済み,,references/invidious.png
rocker.png,揺り椅子、ロッキング・チェア,揺り椅子,"Subject: A wooden rocking chair on curved runners.

Composition: Show one wooden rocking chair with a slatted back, armrests, and two matching curved runners attached beneath the legs. It rests on a short floor patch, tilted slightly backward with small motion arcs at the runners; keep the whole chair intact and show no extra straight feet touching the floor.

Style: Use the attached invidious.png for drawing style only. Match its thick rounded dark-brown contours, simplified rounded shapes, and restrained 2D cartoon shading. Do not copy the reference subject or composition.

Framing: One compact composition, with the complete subject using about 80-90% of the square. Keep everything inside the frame.

Output: 512x512 PNG, RGBA, genuine transparent background. No text, numerals, labels, logos or watermark.",作成済み,,references/invidious.png
ruinous.png,甚大なダメージを与える,甚大なダメージを与える,"Subject: Floodwater causing severe damage to a house.

Composition: Show a compact cutaway house as a strong flood breaks through the lower doorway, overturning a table and splitting a wooden floorboard. The water visibly pushes furniture inward while an evacuated family stands safely on higher ground outside; keep the destructive water force central and avoid bodily injury.

Style: Use the attached invidious.png for drawing style only. Match its thick rounded dark-brown contours, simplified rounded shapes, and restrained 2D cartoon shading. Do not copy the reference subject or composition.

Framing: One compact composition, with the complete subject using about 80-90% of the square. Keep everything inside the frame.

Output: 512x512 PNG, RGBA, genuine transparent background. No text, numerals, labels, logos or watermark.",作成済み,,references/invidious.png
scoff.png,あざ笑う,あざ笑う,"Subject: Mocking someone’s awkward homemade invention.

Composition: Show one adult pointing and laughing derisively at a neighbor’s crooked homemade wheeled cart. The inventor stands beside the cart holding a wrench with lowered shoulders; exaggerate the mocker’s sneer and open laughing mouth, while the cart remains grounded and neither person is physically attacked.

Style: Use the attached invidious.png for drawing style only. Match its thick rounded dark-brown contours, simplified rounded shapes, and restrained 2D cartoon shading. Do not copy the reference subject or composition.

Framing: One compact composition, with the complete subject using about 80-90% of the square. Keep everything inside the frame.

Output: 512x512 PNG, RGBA, genuine transparent background. No text, numerals, labels, logos or watermark.",作成済み,,references/invidious.png
shortcoming.png,欠点,欠点,"Subject: A crucial weakness in an otherwise useful umbrella.

Composition: Show an adult standing under an open umbrella during rain, surprised by a stream dripping through one conspicuous hole directly onto a shoulder. Most of the canopy keeps the person dry, making its single defect clear; the hand grips the attached shaft and every umbrella rib remains inside the frame.

Style: Use the attached invidious.png for drawing style only. Match its thick rounded dark-brown contours, simplified rounded shapes, and restrained 2D cartoon shading. Do not copy the reference subject or composition.

Framing: One compact composition, with the complete subject using about 80-90% of the square. Keep everything inside the frame.

Output: 512x512 PNG, RGBA, genuine transparent background. No text, numerals, labels, logos or watermark.",作成済み,,references/invidious.png
stateless.png,国のない,国のない,"Subject: A person without recognized nationality seeking help.

Composition: Show a fictional adult at a consular assistance desk holding an empty identity-document folder while a sympathetic clerk searches several closed passport trays without finding a document for them. Keep the person dignified and avoid invented flags or a written status claim.

Style: Use the attached invidious.png for drawing style only. Match its thick rounded dark-brown contours, simplified rounded shapes, and restrained 2D cartoon shading. Do not copy the reference subject or composition.

Framing: One compact composition, with the complete subject using about 80-90% of the square. Keep everything inside the frame.

Output: 512x512 PNG, RGBA, genuine transparent background. No text, explanatory labels, speech balloons or bubbles, numerals, logos or watermark.",作成済み,,references/invidious.png
tote.png,運ぶ,運ぶ,"Subject: Carrying a heavy bag by hand.

Composition: Show an adult walking with a large canvas shopping bag gripped by both handles in one hand. The weighted bag hangs near the knee, the carrying shoulder tilts slightly downward, and the free arm balances outward; show sturdy groceries bulging inside without readable packaging.

Style: Use the attached invidious.png for drawing style only. Match its thick rounded dark-brown contours, simplified rounded shapes, and restrained 2D cartoon shading. Do not copy the reference subject or composition.

Framing: One compact composition, with the complete subject using about 80-90% of the square. Keep everything inside the frame.

Output: 512x512 PNG, RGBA, genuine transparent background. No text, numerals, labels, logos or watermark.",作成済み,,references/invidious.png
unsolicited.png,勝手に押し付けてくる、押し付けがましい,勝手に押し付けてくる,"Subject: An unwanted offer that was not requested.

Composition: Show a café customer leaning back and raising a polite stop palm while a salesperson pushes blank leaflets toward their table. The customer protects the space around their drink and does not accept the papers, making the uninvited approach clear.

Style: Use the attached invidious.png for drawing style only. Match its thick rounded dark-brown contours, simplified rounded shapes, and restrained 2D cartoon shading. Do not copy the reference subject or composition.

Framing: One compact composition, with the complete subject using about 80-90% of the square. Keep everything inside the frame.

Output: 512x512 PNG, RGBA, genuine transparent background. No text, explanatory labels, speech balloons or bubbles, numerals, logos or watermark.",作成済み,,references/invidious.png
vandalism.png,破壊行為,破壊行為,"Subject: Deliberate damage to a public bench.

Composition: Show an adult vandal forcefully snapping a wooden slat from a public park bench while a shocked passerby watches. The broken slat remains gripped in both of the vandal’s hands, a fresh jagged gap is visible in the seat, and no accidental collision or repair tools confuse the intent.

Style: Use the attached invidious.png for drawing style only. Match its thick rounded dark-brown contours, simplified rounded shapes, and restrained 2D cartoon shading. Do not copy the reference subject or composition.

Framing: One compact composition, with the complete subject using about 80-90% of the square. Keep everything inside the frame.

Output: 512x512 PNG, RGBA, genuine transparent background. No text, numerals, labels, logos or watermark.",作成済み,,references/invidious.png
vasoconstriction.png,血管収縮,血管収縮,"Subject: A small artery narrowed by contracted smooth muscle.

Composition: Show a clean enlarged cutaway of one short artery segment, with concentric smooth-muscle layers squeezing inward around a narrow central lumen. A few red blood cells pass through the restricted channel; keep the inner lining continuous and use short inward arrows embedded in the muscle layer rather than an external clamp.

Style: Use the attached invidious.png for drawing style only. Match its thick rounded dark-brown contours, simplified rounded shapes, and restrained 2D cartoon shading. Do not copy the reference subject or composition.

Framing: One compact composition, with the complete subject using about 80-90% of the square. Keep everything inside the frame.

Output: 512x512 PNG, RGBA, genuine transparent background. No text, numerals, labels, logos or watermark.",作成済み,,references/invidious.png
well-to-do.png,裕福な,裕福な,"Subject: A comfortably wealthy homeowner.

Composition: Show a neatly dressed adult relaxing on a broad terrace outside a spacious well-kept house. A gardener tends a rose bed below and a polished car stands on the drive; the homeowner holds a cup beside a small table, with the possessions integrated into one restrained prosperous domestic scene.

Style: Use the attached invidious.png for drawing style only. Match its thick rounded dark-brown contours, simplified rounded shapes, and restrained 2D cartoon shading. Do not copy the reference subject or composition.

Framing: One compact composition, with the complete subject using about 80-90% of the square. Keep everything inside the frame.

Output: 512x512 PNG, RGBA, genuine transparent background. No text, numerals, labels, logos or watermark.",作成済み,,references/invidious.png
Darwinism.png,ダーウィニズム、ダーウィン説,ダーウィニズム,"Subject: Natural selection favoring a useful inherited variation.

Composition: Show several ground finches feeding during a dry spell on a rocky patch with only large hard seeds remaining. One thick-beaked finch successfully cracks a seed while a slimmer-beaked bird struggles with another; chicks beside the successful bird resemble its beak shape, suggesting inherited variation and unequal survival.

Style: Use the attached invidious.png for drawing style only. Match its thick rounded dark-brown contours, simplified rounded shapes, and restrained 2D cartoon shading. Do not copy the reference subject or composition.

Framing: One compact composition, with the complete subject using about 80-90% of the square. Keep everything inside the frame.

Output: 512x512 PNG, RGBA, genuine transparent background. No text, numerals, labels, logos or watermark.",作成済み,,references/invidious.png
Dijon.png,ディジョン,ディジョン,"Subject: Dijon’s Palace of the Dukes of Burgundy.

Composition: Show a compact view across Dijon’s curved Place de la Libération toward the pale stone Palace of the Dukes of Burgundy. Its symmetrical classical frontage stretches beneath the tall square Philippe le Bon tower; include a small fountain jet and a few grounded pedestrians while keeping the architecture dominant.

Style: Use the attached invidious.png for drawing style only. Match its thick rounded dark-brown contours, simplified rounded shapes, and restrained 2D cartoon shading. Do not copy the reference subject or composition.

Framing: One compact composition, with the complete subject using about 80-90% of the square. Keep everything inside the frame.

Output: 512x512 PNG, RGBA, genuine transparent background. No text, numerals, labels, logos or watermark.",作成済み,,references/invidious.png
POS.png,経口の,経口の,"Subject: Medicine administered by mouth.

Composition: Show an adult patient sitting upright in a clinic chair, swallowing a single tablet with water. One hand holds the glass at the lips while a nurse stands beside a tray containing an opened blister pack; keep the administration route clearly through the mouth and omit drug names or dosage advice.

Style: Use the attached invidious.png for drawing style only. Match its thick rounded dark-brown contours, simplified rounded shapes, and restrained 2D cartoon shading. Do not copy the reference subject or composition.

Framing: One compact composition, with the complete subject using about 80-90% of the square. Keep everything inside the frame.

Output: 512x512 PNG, RGBA, genuine transparent background. No text, numerals, labels, logos or watermark.",作成済み,,references/invidious.png
Ptolemaic.png,プトレマイオスの,プトレマイオスの,"Subject: The Earth-centered Ptolemaic cosmos.

Composition: Show an ancient astronomer studying a circular cosmological diagram on a low desk. Earth occupies the center of seven concentric orbital circles; the Moon is on the innermost circle and the Sun on the fourth, with five planet dots on the remaining circles and stars beyond all seven.

Style: Use the attached invidious.png for drawing style only. Match its thick rounded dark-brown contours, simplified rounded shapes, and restrained 2D cartoon shading. Do not copy the reference subject or composition.

Framing: One compact composition, with the complete subject using about 80-90% of the square. Keep everything inside the frame.

Output: 512x512 PNG, RGBA, genuine transparent background. No text, numerals, labels, logos or watermark.",作成済み,,references/invidious.png
Shrewsbury.png,シュルーズベリー,シュルーズベリー,"Subject: Shrewsbury in Massachusetts around its town common.

Composition: Show a compact view of the white First Congregational Church beside Shrewsbury’s grassy town common in Massachusetts. Include its tall clock steeple, front portico, and dark roof with a short path crossing the lawn; a few autumn-colored deciduous trees frame the church without suggesting a medieval English town.

Style: Use the attached invidious.png for drawing style only. Match its thick rounded dark-brown contours, simplified rounded shapes, and restrained 2D cartoon shading. Do not copy the reference subject or composition.

Framing: One compact composition, with the complete subject using about 80-90% of the square. Keep everything inside the frame.

Output: 512x512 PNG, RGBA, genuine transparent background. No text, numerals, labels, logos or watermark.",作成済み,,references/invidious.png
abatement.png,弱化,弱化,"Subject: A once-strong force becoming weak.

Composition: Show a camper beside a dying campfire, with only small low flames remaining among gray ash and glowing embers. The camper gently holds chilled hands toward the weakening heat, while charred logs collapse inward on the grounded fire ring; no fresh blaze or vigorous smoke obscures the reduced intensity.

Style: Use the attached invidious.png for drawing style only. Match its thick rounded dark-brown contours, simplified rounded shapes, and restrained 2D cartoon shading. Do not copy the reference subject or composition.

Framing: One compact composition, with the complete subject using about 80-90% of the square. Keep everything inside the frame.

Output: 512x512 PNG, RGBA, genuine transparent background. No text, numerals, labels, logos or watermark.",作成済み,,references/invidious.png
acetaminophen.png,アセトアミノフェン,アセトアミノフェン,"Subject: Acetaminophen identified by its chemical structure.

Composition: Show a small medicine blister strip resting beside a chemist’s supported structure card. Draw a benzene ring with alternating double bonds, an OH group at one carbon, and NH–C(=O)–CH3 at the opposite carbon; keep the para relationship exact and the tablets unmarked, with no dosage or brand text.

Style: Use the attached invidious.png for drawing style only. Match its thick rounded dark-brown contours, simplified rounded shapes, and restrained 2D cartoon shading. Do not copy the reference subject or composition.

Framing: One compact composition, with the complete subject using about 80-90% of the square. Keep everything inside the frame.

Output: 512x512 PNG, RGBA, genuine transparent background. Allow only the atom and group symbols OH, NH, C, O, CH3 and their bond marks within the essential structural formula. No incidental labels, logos or watermark.",作成済み,,references/invidious.png
amalgam.png,水銀合金,水銀合金,"Subject: A dental mercury alloy filling.

Composition: Show one large dental teaching model of a molar on a stable base, with a silver-gray amalgam filling seated firmly in a prepared chewing-surface cavity. A sealed sample capsule beside the tooth bears only “Hg + Ag + Sn + Cu”, linking the metallic filling to its constituent elements.

Style: Use the attached invidious.png for drawing style only. Match its thick rounded dark-brown contours, simplified rounded shapes, and restrained 2D cartoon shading. Do not copy the reference subject or composition.

Framing: One compact composition, with the complete subject using about 80-90% of the square. Keep everything inside the frame.

Output: 512x512 PNG, RGBA, genuine transparent background. Allow only “Hg + Ag + Sn + Cu” on the sealed specimen capsule, essential to identify a mercury alloy. No incidental labels, logos or watermark.",作成済み,,references/invidious.png
amicable.png,友好的な,友好的な,"Subject: A friendly cooperative meeting between neighbors.

Composition: Show two adult neighbors smiling warmly as they carry opposite ends of a garden bench together through an open gate. Both look toward each other comfortably, their hands securely support the bench, and a watering can waits beside a shared flower bed; emphasize easy goodwill rather than competition.

Style: Use the attached invidious.png for drawing style only. Match its thick rounded dark-brown contours, simplified rounded shapes, and restrained 2D cartoon shading. Do not copy the reference subject or composition.

Framing: One compact composition, with the complete subject using about 80-90% of the square. Keep everything inside the frame.

Output: 512x512 PNG, RGBA, genuine transparent background. No text, numerals, labels, logos or watermark.",作成済み,,references/invidious.png
anthropomorphic.png,擬人観,擬人観,"Subject: An animal imagined with human traits.

Composition: Show one anthropomorphic fox standing upright behind a tiny bakery counter, wearing an apron and using its forepaws like hands to knead dough. Give it an expressive humanlike smile while retaining a fox muzzle, pointed ears, and bushy tail; keep the worktable, dough, and fox physically connected.

Style: Use the attached invidious.png for drawing style only. Match its thick rounded dark-brown contours, simplified rounded shapes, and restrained 2D cartoon shading. Do not copy the reference subject or composition.

Framing: One compact composition, with the complete subject using about 80-90% of the square. Keep everything inside the frame.

Output: 512x512 PNG, RGBA, genuine transparent background. No text, numerals, labels, logos or watermark.",作成済み,,references/invidious.png
candidacy.png,立候補,立候補,"Subject: A person presenting themselves as an election candidate.

Composition: Show an adult standing beside a campaign table and handing an election officer a nomination form. A small poster on the table carries the same person’s portrait and a simple checkmark, while an empty ballot box stands nearby; keep the form free of readable names and the submission action central.

Style: Use the attached invidious.png for drawing style only. Match its thick rounded dark-brown contours, simplified rounded shapes, and restrained 2D cartoon shading. Do not copy the reference subject or composition.

Framing: One compact composition, with the complete subject using about 80-90% of the square. Keep everything inside the frame.

Output: 512x512 PNG, RGBA, genuine transparent background. No text, numerals, labels, logos or watermark.",作成済み,,references/invidious.png
castration.png,去勢,去勢,"Subject: A male cat receiving postoperative veterinary care.

Composition: Show a veterinarian gently examining a calm adult male cat wearing a recovery collar while the owner listens. Keep the surgical area covered and include an unlettered postoperative care diagram on the table; depict no cutting, entering instruments, or written statement.

Style: Use the attached invidious.png for drawing style only. Match its thick rounded dark-brown contours, simplified rounded shapes, and restrained 2D cartoon shading. Do not copy the reference subject or composition.

Framing: One compact composition, with the complete subject using about 80-90% of the square. Keep everything inside the frame.

Output: 512x512 PNG, RGBA, genuine transparent background. No text, explanatory labels, speech balloons or bubbles, numerals, logos or watermark.",作成済み,,references/invidious.png
cayenne.png,カイエンペッパー,カイエンペッパー,"Subject: Ground cayenne pepper and its red chilies.

Composition: Show a shallow ceramic spice bowl filled with finely ground red cayenne pepper, resting beside two long slender red chilies with green stems. A small wooden spoon rests in the powder with its handle supported on the rim; keep the spice dry and vivid without flames or taste labels.

Style: Use the attached invidious.png for drawing style only. Match its thick rounded dark-brown contours, simplified rounded shapes, and restrained 2D cartoon shading. Do not copy the reference subject or composition.

Framing: One compact composition, with the complete subject using about 80-90% of the square. Keep everything inside the frame.

Output: 512x512 PNG, RGBA, genuine transparent background. No text, numerals, labels, logos or watermark.",作成済み,,references/invidious.png
chromatic.png,色の,色の,"Subject: A painter arranging vivid colors.

Composition: Show an adult painter holding a wooden palette dotted with distinct red, yellow, blue, green, and violet paint. The other hand blends a small orange patch with a brush, and an easel holds a bright color study composed entirely of broad brushstrokes; let hue, rather than written names, dominate.

Style: Use the attached invidious.png for drawing style only. Match its thick rounded dark-brown contours, simplified rounded shapes, and restrained 2D cartoon shading. Do not copy the reference subject or composition.

Framing: One compact composition, with the complete subject using about 80-90% of the square. Keep everything inside the frame.

Output: 512x512 PNG, RGBA, genuine transparent background. No text, numerals, labels, logos or watermark.",作成済み,,references/invidious.png
cloister.png,回廊,回廊,"Subject: A roofed monastic walkway around a courtyard.

Composition: Show one corner of a stone cloister, with a covered walkway beneath repeated arches surrounding a small central garden. Stone columns support the roof, a bench rests against the inner wall, and the tiled path turns at a right angle; keep the architecture continuous rather than separate arch samples.

Style: Use the attached invidious.png for drawing style only. Match its thick rounded dark-brown contours, simplified rounded shapes, and restrained 2D cartoon shading. Do not copy the reference subject or composition.

Framing: One compact composition, with the complete subject using about 80-90% of the square. Keep everything inside the frame.

Output: 512x512 PNG, RGBA, genuine transparent background. No text, numerals, labels, logos or watermark.",作成済み,,references/invidious.png
colic.png,コリック、疝痛,コリック,"Subject: An adult experiencing intense cramping abdominal pain.

Composition: Show an adult seated forward on a clinic chair with both hands pressing the abdomen and knees drawn close. The brow is clenched and the body curls protectively during a pain spasm; a clinician kneels nearby attentively, keeping the scene non-graphic without implying a specific unverified diagnosis.

Style: Use the attached invidious.png for drawing style only. Match its thick rounded dark-brown contours, simplified rounded shapes, and restrained 2D cartoon shading. Do not copy the reference subject or composition.

Framing: One compact composition, with the complete subject using about 80-90% of the square. Keep everything inside the frame.

Output: 512x512 PNG, RGBA, genuine transparent background. No text, numerals, labels, logos or watermark.",作成済み,,references/invidious.png
confidant.png,親友,親友,"Subject: A close friend trusted with a private worry.

Composition: Show two adult friends sitting close together on a park bench. One quietly speaks with a troubled expression while the other leans in attentively and rests a reassuring hand on the friend’s shoulder; keep the private conversation sheltered by a small tree, without speech text or a wider crowd.

Style: Use the attached invidious.png for drawing style only. Match its thick rounded dark-brown contours, simplified rounded shapes, and restrained 2D cartoon shading. Do not copy the reference subject or composition.

Framing: One compact composition, with the complete subject using about 80-90% of the square. Keep everything inside the frame.

Output: 512x512 PNG, RGBA, genuine transparent background. No text, numerals, labels, logos or watermark.",作成済み,,references/invidious.png
cracker.png,かんしゃく玉,かんしゃく玉,"Subject: A small novelty snapper bursting on impact.

Composition: Show a tiny paper-wrapped novelty snapper at the instant it pops on an empty paved patch, with a short sharp starburst and a wisp of smoke. An adult stands well back after tossing it, hands empty and eyes directed at the pop; omit construction details, flames, and injury.

Style: Use the attached invidious.png for drawing style only. Match its thick rounded dark-brown contours, simplified rounded shapes, and restrained 2D cartoon shading. Do not copy the reference subject or composition.

Framing: One compact composition, with the complete subject using about 80-90% of the square. Keep everything inside the frame.

Output: 512x512 PNG, RGBA, genuine transparent background. No text, numerals, labels, logos or watermark.",作成済み,,references/invidious.png
defenseless.png,無防備の、防御手段がない,無防備の,"Subject: Someone left without a means of defense.

Composition: Show an unarmed adult backed against a wall with both empty palms raised as a threatening armored figure advances holding a shield and lowered club. Keep the defender’s lack of armor, tools, or escape route obvious, while stopping before any contact and showing no wounds.

Style: Use the attached invidious.png for drawing style only. Match its thick rounded dark-brown contours, simplified rounded shapes, and restrained 2D cartoon shading. Do not copy the reference subject or composition.

Framing: One compact composition, with the complete subject using about 80-90% of the square. Keep everything inside the frame.

Output: 512x512 PNG, RGBA, genuine transparent background. No text, numerals, labels, logos or watermark.",作成済み,,references/invidious.png
defunct.png,故〜,故〜,"Subject: A deceased person remembered in a portrait.

Composition: Show a family member placing a fresh flower beside a framed portrait of an elderly adult on a small memorial table. A black ribbon crosses one corner of the frame and a candle stands safely in a holder; depict remembrance with quiet dignity and no written name or dates.

Style: Use the attached invidious.png for drawing style only. Match its thick rounded dark-brown contours, simplified rounded shapes, and restrained 2D cartoon shading. Do not copy the reference subject or composition.

Framing: One compact composition, with the complete subject using about 80-90% of the square. Keep everything inside the frame.

Output: 512x512 PNG, RGBA, genuine transparent background. No text, numerals, labels, logos or watermark.",作成済み,,references/invidious.png
flashy.png,閃光のような,閃光のような,"Subject: A brief dazzling flash of light.

Composition: Show a fully visible photographer holding a camera whose mounted flash emits one intense white-yellow burst at the instant of a picture. A nearby adult blinks and shields the eyes slightly; keep the flash small and momentary, with a few sharp rays rather than decorative clothing or jewelry.

Style: Use the attached invidious.png for drawing style only. Match its thick rounded dark-brown contours, simplified rounded shapes, and restrained 2D cartoon shading. Do not copy the reference subject or composition.

Framing: One compact composition, with the complete subject using about 80-90% of the square. Keep everything inside the frame.

Output: 512x512 PNG, RGBA, genuine transparent background. No text, numerals, labels, logos or watermark.",作成済み,,references/invidious.png
flotation.png,浮くこと、浮揚,浮くこと,"Subject: A buoyant object supported by water.

Composition: Show one bright orange life ring floating on a calm pool, its lower edge partly submerged and its upper rim dry. Small ripples hug the ring while a trailing attached rope rests loosely on the water surface; make the contact with the waterline clear and keep the entire ring visible.

Style: Use the attached invidious.png for drawing style only. Match its thick rounded dark-brown contours, simplified rounded shapes, and restrained 2D cartoon shading. Do not copy the reference subject or composition.

Framing: One compact composition, with the complete subject using about 80-90% of the square. Keep everything inside the frame.

Output: 512x512 PNG, RGBA, genuine transparent background. No text, numerals, labels, logos or watermark.",作成済み,,references/invidious.png
ill-fated.png,不運な、失敗する運命の,不運な,"Subject: A voyage meeting immediate misfortune.

Composition: Show a small sailboat newly leaving a short dock as a sudden gust snaps its mast and drives its bow onto a visible shallow rock. The sailor remains safe in the cockpit with a dismayed expression; keep the break and grounded hull readable in one non-catastrophic scene.

Style: Use the attached invidious.png for drawing style only. Match its thick rounded dark-brown contours, simplified rounded shapes, and restrained 2D cartoon shading. Do not copy the reference subject or composition.

Framing: One compact composition, with the complete subject using about 80-90% of the square. Keep everything inside the frame.

Output: 512x512 PNG, RGBA, genuine transparent background. No text, numerals, labels, logos or watermark.",作成済み,,references/invidious.png
illegality.png,違法、不法,違法,"Subject: An act clearly forbidden by a posted rule.

Composition: Show an adult secretly dumping a rubbish bag beside a clean riverside path while a ranger points to a nearby pictorial prohibition sign. The sign shows a rubbish bag inside a red slashed circle; loose litter spills from the bag, and the offender looks caught in the act.

Style: Use the attached invidious.png for drawing style only. Match its thick rounded dark-brown contours, simplified rounded shapes, and restrained 2D cartoon shading. Do not copy the reference subject or composition.

Framing: One compact composition, with the complete subject using about 80-90% of the square. Keep everything inside the frame.

Output: 512x512 PNG, RGBA, genuine transparent background. No text, numerals, labels, logos or watermark.",作成済み,,references/invidious.png
lingerie.png,ランジェリー,ランジェリー,"Subject: Lingerie displayed as clothing.

Composition: Show a cream lace-trimmed camisole and matching briefs neatly arranged together on a padded boutique display board. Keep the garments empty, fully visible, and softly folded with delicate straps and scalloped edging; place the board on a small stand and avoid bodies, erotic posing, or brand lettering.

Style: Use the attached invidious.png for drawing style only. Match its thick rounded dark-brown contours, simplified rounded shapes, and restrained 2D cartoon shading. Do not copy the reference subject or composition.

Framing: One compact composition, with the complete subject using about 80-90% of the square. Keep everything inside the frame.

Output: 512x512 PNG, RGBA, genuine transparent background. No text, numerals, labels, logos or watermark.",作成済み,,references/invidious.png
linguist.png,言語学者,言語学者,"Subject: A linguist studying speech sounds.

Composition: Show an adult language researcher at a desk wearing headphones connected to a laptop. The screen displays one speech waveform while the researcher marks syllable boundaries in a notebook with a pencil; a tabletop microphone points toward a consenting seated speaker, making language analysis rather than music production clear.

Style: Use the attached invidious.png for drawing style only. Match its thick rounded dark-brown contours, simplified rounded shapes, and restrained 2D cartoon shading. Do not copy the reference subject or composition.

Framing: One compact composition, with the complete subject using about 80-90% of the square. Keep everything inside the frame.

Output: 512x512 PNG, RGBA, genuine transparent background. No text, numerals, labels, logos or watermark.",作成済み,,references/invidious.png
moratorium.png,一時停止,一時停止,"Subject: A construction project paused temporarily.

Composition: Show a construction foreperson closing a barrier across the entrance to a quiet building site. A crane and neatly parked wheelbarrow remain idle behind it, and a calendar on the barrier has one short band of crossed-out blank day squares followed by open squares, indicating a temporary interruption.

Style: Use the attached invidious.png for drawing style only. Match its thick rounded dark-brown contours, simplified rounded shapes, and restrained 2D cartoon shading. Do not copy the reference subject or composition.

Framing: One compact composition, with the complete subject using about 80-90% of the square. Keep everything inside the frame.

Output: 512x512 PNG, RGBA, genuine transparent background. No text, numerals, labels, logos or watermark.",作成済み,,references/invidious.png
mulberry.png,クワの木,クワの木,"Subject: A mulberry tree bearing clustered fruit.

Composition: Show a small rooted mulberry tree with spreading branches, serrated heart-shaped leaves, and elongated bumpy dark-purple fruits hanging on short stalks. Some leaves may be lobed, but keep all foliage attached naturally; one fallen ripe fruit lies on the ground beneath the trunk, with no unrelated berry bush.

Style: Use the attached invidious.png for drawing style only. Match its thick rounded dark-brown contours, simplified rounded shapes, and restrained 2D cartoon shading. Do not copy the reference subject or composition.

Framing: One compact composition, with the complete subject using about 80-90% of the square. Keep everything inside the frame.

Output: 512x512 PNG, RGBA, genuine transparent background. No text, numerals, labels, logos or watermark.",作成済み,,references/invidious.png
paddock.png,放牧場,放牧場,"Subject: A fenced paddock for grazing horses.

Composition: Show two horses calmly grazing within a small grassy enclosure surrounded by a continuous wooden post-and-rail fence. Include a closed gate with a visible latch and a water trough resting on the ground; keep the entire fenced boundary compact enough to read as a contained paddock.

Style: Use the attached invidious.png for drawing style only. Match its thick rounded dark-brown contours, simplified rounded shapes, and restrained 2D cartoon shading. Do not copy the reference subject or composition.

Framing: One compact composition, with the complete subject using about 80-90% of the square. Keep everything inside the frame.

Output: 512x512 PNG, RGBA, genuine transparent background. No text, numerals, labels, logos or watermark.",作成済み,,references/invidious.png
paramedic.png,救急医療隊員,救急医療隊員,"Subject: A paramedic treating someone beside an ambulance.

Composition: Show a uniformed paramedic kneeling beside an alert adult seated on the pavement, checking a wrist pulse with one hand while steadying the forearm with the other. An open medical bag and parked ambulance stand nearby; keep the scene non-graphic and omit organization logos or written medical instructions.

Style: Use the attached invidious.png for drawing style only. Match its thick rounded dark-brown contours, simplified rounded shapes, and restrained 2D cartoon shading. Do not copy the reference subject or composition.

Framing: One compact composition, with the complete subject using about 80-90% of the square. Keep everything inside the frame.

Output: 512x512 PNG, RGBA, genuine transparent background. No text, numerals, labels, logos or watermark.",作成済み,,references/invidious.png
parse.png,分析する,分析する,"Subject: Breaking language into its structural parts.

Composition: Show a linguist dividing a short line of nonlegible word-shaped ink marks into nested brackets on a page. A small branching structure connects the whole line to its grouped parts, and the pencil points to one branch; omit readable sentences or grammatical labels.

Style: Use the attached invidious.png for drawing style only. Match its thick rounded dark-brown contours, simplified rounded shapes, and restrained 2D cartoon shading. Do not copy the reference subject or composition.

Framing: One compact composition, with the complete subject using about 80-90% of the square. Keep everything inside the frame.

Output: 512x512 PNG, RGBA, genuine transparent background. No text, explanatory labels, speech balloons or bubbles, numerals, logos or watermark.",作成済み,,references/invidious.png
perpetuity.png,永続,永続,"Subject: An arrangement intended to continue indefinitely.

Composition: Show an adult tending a mature memorial garden while handing a new watering can to a younger adult who takes over the care. The deeply rooted tree and durable stone border suggest continuity across generations without a promise written on the image.

Style: Use the attached invidious.png for drawing style only. Match its thick rounded dark-brown contours, simplified rounded shapes, and restrained 2D cartoon shading. Do not copy the reference subject or composition.

Framing: One compact composition, with the complete subject using about 80-90% of the square. Keep everything inside the frame.

Output: 512x512 PNG, RGBA, genuine transparent background. No text, explanatory labels, speech balloons or bubbles, numerals, logos or watermark.",作成済み,,references/invidious.png
re-establish.png,復元する,復元する,"Subject: Rebuilding a damaged wall in its original form.

Composition: Show a mason carefully setting a recovered stone back into a gap in a low garden wall. Intact neighboring courses show the original pattern and a few removed stones rest on the ground; one hand guides the stone while the other supports it, visibly restoring the continuous structure.

Style: Use the attached invidious.png for drawing style only. Match its thick rounded dark-brown contours, simplified rounded shapes, and restrained 2D cartoon shading. Do not copy the reference subject or composition.

Framing: One compact composition, with the complete subject using about 80-90% of the square. Keep everything inside the frame.

Output: 512x512 PNG, RGBA, genuine transparent background. No text, numerals, labels, logos or watermark.",作成済み,,references/invidious.png
snag.png,沈み木,沈み木,"Subject: A submerged snag beneath a river surface.

Composition: Show a broken tree trunk lodged diagonally in a shallow riverbed, with one jagged branch just breaking the water surface. Clear water reveals most of the submerged wood and the heavy base wedged between stones; a small empty rowboat nearby has room to pass without a collision.

Style: Use the attached invidious.png for drawing style only. Match its thick rounded dark-brown contours, simplified rounded shapes, and restrained 2D cartoon shading. Do not copy the reference subject or composition.

Framing: One compact composition, with the complete subject using about 80-90% of the square. Keep everything inside the frame.

Output: 512x512 PNG, RGBA, genuine transparent background. No text, numerals, labels, logos or watermark.",作成済み,,references/invidious.png
snowball.png,雪玉、雪の玉,雪玉,"Subject: A rounded hand-packed ball of snow.

Composition: Show one large snowball held between the mittened hands of a fully visible bundled adult. Its surface is roughly spherical with compressed snowy texture and a few loose crumbs falling onto the snow at the person’s feet; keep the ball distinct from a snowman or falling snowflake.

Style: Use the attached invidious.png for drawing style only. Match its thick rounded dark-brown contours, simplified rounded shapes, and restrained 2D cartoon shading. Do not copy the reference subject or composition.

Framing: One compact composition, with the complete subject using about 80-90% of the square. Keep everything inside the frame.

Output: 512x512 PNG, RGBA, genuine transparent background. No text, numerals, labels, logos or watermark.",作成済み,,references/invidious.png
stagger.png,ふらつく,ふらつく,"Subject: A dizzy person staggering sideways.

Composition: Show an adult walking unsteadily with one foot crossing awkwardly before the other, knees loose and torso tilted sideways. One hand reaches toward a stable railing while the other extends for balance; use small curved motion marks around the wavering body, without assuming alcohol or an injury.

Style: Use the attached invidious.png for drawing style only. Match its thick rounded dark-brown contours, simplified rounded shapes, and restrained 2D cartoon shading. Do not copy the reference subject or composition.

Framing: One compact composition, with the complete subject using about 80-90% of the square. Keep everything inside the frame.

Output: 512x512 PNG, RGBA, genuine transparent background. No text, numerals, labels, logos or watermark.",作成済み,,references/invidious.png
stationery.png,文房具,文房具,"Subject: Stationery ready for writing at a desk.

Composition: Show a compact desktop arrangement centered on an open blank notebook, with a capped fountain pen, pencil, eraser, ruler, and small envelope beside it. All objects rest naturally on the same surface, with the ruler partly tucked under the notebook and no detached floating items or readable brand marks.

Style: Use the attached invidious.png for drawing style only. Match its thick rounded dark-brown contours, simplified rounded shapes, and restrained 2D cartoon shading. Do not copy the reference subject or composition.

Framing: One compact composition, with the complete subject using about 80-90% of the square. Keep everything inside the frame.

Output: 512x512 PNG, RGBA, genuine transparent background. No text, numerals, labels, logos or watermark.",作成済み,,references/invidious.png
sulcus.png,溝,溝,"Subject: A deep groove between folds of the brain.

Composition: Show a complete simplified human brain model in side view on a short display stand. Emphasize one narrow recessed groove between adjacent rounded cortical ridges with a darker shadow, while the surrounding folds remain lighter; keep the groove a depression in continuous tissue rather than a crack splitting the brain.

Style: Use the attached invidious.png for drawing style only. Match its thick rounded dark-brown contours, simplified rounded shapes, and restrained 2D cartoon shading. Do not copy the reference subject or composition.

Framing: One compact composition, with the complete subject using about 80-90% of the square. Keep everything inside the frame.

Output: 512x512 PNG, RGBA, genuine transparent background. No text, numerals, labels, logos or watermark.",作成済み,,references/invidious.png
supra-.png,上に,上に,"Subject: One structure located directly above another.

Composition: Show a standing anatomical torso model with both kidneys visible through a clean cutaway. Highlight the small adrenal glands resting immediately above the kidneys, with the right gland triangular and the left crescent-shaped; keep them separate from the kidneys but in their correct superior positions on one supported model.

Style: Use the attached invidious.png for drawing style only. Match its thick rounded dark-brown contours, simplified rounded shapes, and restrained 2D cartoon shading. Do not copy the reference subject or composition.

Framing: One compact composition, with the complete subject using about 80-90% of the square. Keep everything inside the frame.

Output: 512x512 PNG, RGBA, genuine transparent background. No text, numerals, labels, logos or watermark.",作成済み,,references/invidious.png
unconstrained.png,制約されない、無制約の,制約されない,"Subject: Moving freely without a tether or barrier.

Composition: Show a horse running freely across an open meadow with no rider, harness, tether, or enclosing fence. Its mane and tail flow with the movement while all four legs remain anatomically clear; an open gate stands far behind on the edge of the small ground vignette.

Style: Use the attached invidious.png for drawing style only. Match its thick rounded dark-brown contours, simplified rounded shapes, and restrained 2D cartoon shading. Do not copy the reference subject or composition.

Framing: One compact composition, with the complete subject using about 80-90% of the square. Keep everything inside the frame.

Output: 512x512 PNG, RGBA, genuine transparent background. No text, numerals, labels, logos or watermark.",作成済み,,references/invidious.png
understated.png,装飾を避けた、地味な,装飾を避けた,"Subject: A deliberately understated interior.

Composition: Show a quiet sitting corner with a plain linen armchair, a small unadorned wooden side table, and one slender ceramic vase holding a single branch. Use simple straight silhouettes, muted neutral colors, and no gilding, busy patterns, or crowded ornaments; every object rests firmly on the same floor patch.

Style: Use the attached invidious.png for drawing style only. Match its thick rounded dark-brown contours, simplified rounded shapes, and restrained 2D cartoon shading. Do not copy the reference subject or composition.

Framing: One compact composition, with the complete subject using about 80-90% of the square. Keep everything inside the frame.

Output: 512x512 PNG, RGBA, genuine transparent background. No text, numerals, labels, logos or watermark.",作成済み,,references/invidious.png
ureter.png,尿管,尿管,"Subject: The tubes carrying urine from kidneys to bladder.

Composition: Show a clean anatomical teaching model on a stand with two kidneys above one bladder. Highlight the two slender ureters descending separately from the renal pelves to enter the bladder at its upper back sides; keep the short urethra leaving the bladder below in a muted color to distinguish it.

Style: Use the attached invidious.png for drawing style only. Match its thick rounded dark-brown contours, simplified rounded shapes, and restrained 2D cartoon shading. Do not copy the reference subject or composition.

Framing: One compact composition, with the complete subject using about 80-90% of the square. Keep everything inside the frame.

Output: 512x512 PNG, RGBA, genuine transparent background. No text, numerals, labels, logos or watermark.",作成済み,,references/invidious.png
Hyman.png,ハイマン,ハイマン,"Subject: A fictional adult named Hyman.

Composition: Show a middle-aged adult man with short curly dark hair and round spectacles seated on a low stool repairing a violin bridge. He holds the violin securely across his lap and a small fitting tool in one hand; use ordinary workshop clothing and avoid suggesting a particular historical person.

Style: Use the attached invidious.png for drawing style only. Match its thick rounded dark-brown contours, simplified rounded shapes, and restrained 2D cartoon shading. Do not copy the reference subject or composition.

Framing: One compact composition, with the complete subject using about 80-90% of the square. Keep everything inside the frame.

Output: 512x512 PNG, RGBA, genuine transparent background. No text, numerals, labels, logos or watermark.",作成済み,,references/invidious.png
Roxanne.png,ロクサーヌ、ロクサン,ロクサーヌ,"Subject: A fictional adult named Roxanne.

Composition: Show an adult woman with auburn shoulder-length hair arranging three fresh tulips in a ceramic vase on a kitchen table. She wears a simple blue cardigan, steadies the vase with one hand, and adjusts a stem with the other; keep her full relaxed figure visible without name lettering.

Style: Use the attached invidious.png for drawing style only. Match its thick rounded dark-brown contours, simplified rounded shapes, and restrained 2D cartoon shading. Do not copy the reference subject or composition.

Framing: One compact composition, with the complete subject using about 80-90% of the square. Keep everything inside the frame.

Output: 512x512 PNG, RGBA, genuine transparent background. No text, numerals, labels, logos or watermark.",作成済み,,references/invidious.png
Soho.png,ソーホー,ソーホー,"Subject: London’s Soho around its historic square.

Composition: Show Soho Square’s distinctive small black-and-white timbered garden hut with its pointed layered roof, surrounded by a low iron fence and leafy trees. Behind the compact garden edge stand close-set London brick townhouses; keep the hut the main landmark and omit street names, shop branding, and unrelated skylines.

Style: Use the attached invidious.png for drawing style only. Match its thick rounded dark-brown contours, simplified rounded shapes, and restrained 2D cartoon shading. Do not copy the reference subject or composition.

Framing: One compact composition, with the complete subject using about 80-90% of the square. Keep everything inside the frame.

Output: 512x512 PNG, RGBA, genuine transparent background. No text, numerals, labels, logos or watermark.",作成済み,,references/invidious.png
armistice.png,休戦,休戦,"Subject: Opposing forces agreeing to stop fighting.

Composition: Show two fictional military officers from opposing sides meeting at a small field table and shaking hands above a rolled ceasefire document. Their nearby soldiers hold rifles pointed down with fingers away from triggers; the quiet shared ground and resting equipment suggest a halt to hostilities without claiming permanent peace.

Style: Use the attached invidious.png for drawing style only. Match its thick rounded dark-brown contours, simplified rounded shapes, and restrained 2D cartoon shading. Do not copy the reference subject or composition.

Framing: One compact composition, with the complete subject using about 80-90% of the square. Keep everything inside the frame.

Output: 512x512 PNG, RGBA, genuine transparent background. No text, numerals, labels, logos or watermark.",作成済み,,references/invidious.png
astride.png,またがって,またがって,"Subject: Sitting with one leg on each side.

Composition: Show an adult sitting astride a low wooden fence rail, with one boot planted on each side of the fence and both knees clearly separated by the rail. The person steadies one hand on the rail and smiles at a companion, making the two-sided leg position the dominant cue.

Style: Use the attached invidious.png for drawing style only. Match its thick rounded dark-brown contours, simplified rounded shapes, and restrained 2D cartoon shading. Do not copy the reference subject or composition.

Framing: One compact composition, with the complete subject using about 80-90% of the square. Keep everything inside the frame.

Output: 512x512 PNG, RGBA, genuine transparent background. No text, numerals, labels, logos or watermark.",作成済み,,references/invidious.png
barometer.png,バロメーター,バロメーター,"Subject: An aneroid barometer measuring air pressure.

Composition: Show one round brass aneroid barometer standing on a small shelf, its glass face revealing a pointer over a circular pressure scale. Mark only “hPa”, “980”, “1000”, and “1020”; the needle points near the middle while a tiny cloud appears outside a nearby window, keeping the instrument primary.

Style: Use the attached invidious.png for drawing style only. Match its thick rounded dark-brown contours, simplified rounded shapes, and restrained 2D cartoon shading. Do not copy the reference subject or composition.

Framing: One compact composition, with the complete subject using about 80-90% of the square. Keep everything inside the frame.

Output: 512x512 PNG, RGBA, genuine transparent background. Allow only “hPa”, “980”, “1000”, and “1020” as essential pressure-scale units and numerals. No incidental labels, logos or watermark.",作成済み,,references/invidious.png
biogenesis.png,生物発生,生物発生,"Subject: New life developing from existing life.

Composition: Show one enlarged budding yeast cell in a microscope-style view, with a smaller daughter bud visibly attached by a narrow neck. A newly divided nucleus is present inside the bud and another remains in the parent; keep both enclosed by connected cell membranes, without life appearing from inert debris.

Style: Use the attached invidious.png for drawing style only. Match its thick rounded dark-brown contours, simplified rounded shapes, and restrained 2D cartoon shading. Do not copy the reference subject or composition.

Framing: One compact composition, with the complete subject using about 80-90% of the square. Keep everything inside the frame.

Output: 512x512 PNG, RGBA, genuine transparent background. No text, numerals, labels, logos or watermark.",作成済み,,references/invidious.png
buzzer.png,ブザー、汽笛,ブザー,"Subject: An electric buzzer sounding when a button is pressed.

Composition: Show an adult pressing a pushbutton on a simple tabletop buzzer circuit. Three insulated leads form a closed loop from the battery holder through the button and round buzzer back to the battery; short vibration marks surround the buzzer housing while the person turns toward it, with no floating sound words or loose wire ends.

Style: Use the attached invidious.png for drawing style only. Match its thick rounded dark-brown contours, simplified rounded shapes, and restrained 2D cartoon shading. Do not copy the reference subject or composition.

Framing: One compact composition, with the complete subject using about 80-90% of the square. Keep everything inside the frame.

Output: 512x512 PNG, RGBA, genuine transparent background. No text, numerals, labels, logos or watermark.",作成済み,,references/invidious.png
clang.png,カランと鳴る,カランと鳴る,"Subject: A hollow metallic clang from striking a pan.

Composition: Show an adult accidentally knocking a hanging metal pan with a long-handled ladle. The ladle’s bowl touches the pan’s side, the pan swings slightly from its hook, and sharp curved sound marks radiate from the contact; keep the person’s gripping hand connected and show no written onomatopoeia.

Style: Use the attached invidious.png for drawing style only. Match its thick rounded dark-brown contours, simplified rounded shapes, and restrained 2D cartoon shading. Do not copy the reference subject or composition.

Framing: One compact composition, with the complete subject using about 80-90% of the square. Keep everything inside the frame.

Output: 512x512 PNG, RGBA, genuine transparent background. No text, numerals, labels, logos or watermark.",作成済み,,references/invidious.png
coerce.png,強制する,強制する,"Subject: Forcing someone to sign against their will.

Composition: Show a stern adult blocking an office doorway while pushing a contract and pen toward a seated worker. The worker draws back with a worried expression and reluctantly reaches for the pen as the blocker points insistently at the paper; keep the page unreadable and the coercive body language clear.

Style: Use the attached invidious.png for drawing style only. Match its thick rounded dark-brown contours, simplified rounded shapes, and restrained 2D cartoon shading. Do not copy the reference subject or composition.

Framing: One compact composition, with the complete subject using about 80-90% of the square. Keep everything inside the frame.

Output: 512x512 PNG, RGBA, genuine transparent background. No text, numerals, labels, logos or watermark.",作成済み,,references/invidious.png
consulate.png,領事館,領事館,"Subject: A consular office assisting a traveller.

Composition: Show a traveller standing at a service counter inside a modest consular office, passing a closed passport through a document slot to an official behind glass. A small French tricolor hangs on the wall; use a coherent reception space with a waiting chair and no readable signs or document details.

Style: Use the attached invidious.png for drawing style only. Match its thick rounded dark-brown contours, simplified rounded shapes, and restrained 2D cartoon shading. Do not copy the reference subject or composition.

Framing: One compact composition, with the complete subject using about 80-90% of the square. Keep everything inside the frame.

Output: 512x512 PNG, RGBA, genuine transparent background. No text, numerals, labels, logos or watermark.",作成済み,,references/invidious.png
cuckoo.png,カッコウ,カッコウ,"Subject: A common cuckoo perched on a branch.

Composition: Show one common cuckoo in side view on a slender branch attached to a small tree. Give it a gray head and upperparts, pale belly with dark horizontal barring, long tail with light spots, yellow eye ring, and short slightly curved bill; keep its feet gripping the branch naturally.

Style: Use the attached invidious.png for drawing style only. Match its thick rounded dark-brown contours, simplified rounded shapes, and restrained 2D cartoon shading. Do not copy the reference subject or composition.

Framing: One compact composition, with the complete subject using about 80-90% of the square. Keep everything inside the frame.

Output: 512x512 PNG, RGBA, genuine transparent background. No text, numerals, labels, logos or watermark.",作成済み,,references/invidious.png
derelict.png,放棄された,放棄された,"Subject: A boat abandoned and left to decay.

Composition: Show a small wooden fishing boat stranded on a muddy shore, with peeling paint, a broken cabin window, and weeds growing through the deck. A loose mooring rope trails unused on the ground and no people are present; keep the hull complete enough to read as a neglected vessel.

Style: Use the attached invidious.png for drawing style only. Match its thick rounded dark-brown contours, simplified rounded shapes, and restrained 2D cartoon shading. Do not copy the reference subject or composition.

Framing: One compact composition, with the complete subject using about 80-90% of the square. Keep everything inside the frame.

Output: 512x512 PNG, RGBA, genuine transparent background. No text, numerals, labels, logos or watermark.",作成済み,,references/invidious.png
frankness.png,率直さ,率直さ,"Subject: Expressing an opinion openly and directly.

Composition: Show a diner tasting soup, then meeting the cook’s eyes honestly and gesturing gently toward the salt cellar. The cook listens while the diner remains calm and straightforward rather than flattering or insulting; use no transcribed criticism.

Style: Use the attached invidious.png for drawing style only. Match its thick rounded dark-brown contours, simplified rounded shapes, and restrained 2D cartoon shading. Do not copy the reference subject or composition.

Framing: One compact composition, with the complete subject using about 80-90% of the square. Keep everything inside the frame.

Output: 512x512 PNG, RGBA, genuine transparent background. No text, explanatory labels, speech balloons or bubbles, numerals, logos or watermark.",作成済み,,references/invidious.png
grapefruit.png,グレープフルーツ,グレープフルーツ,"Subject: A grapefruit showing its segmented pink interior.

Composition: Show one whole pale-yellow grapefruit beside a freshly cut half on a small cutting board. The half reveals a thick white pith ring, radial pink citrus segments, and a few pale seeds; keep the rind smoothly pebbled and the fruit round and larger than a small orange.

Style: Use the attached invidious.png for drawing style only. Match its thick rounded dark-brown contours, simplified rounded shapes, and restrained 2D cartoon shading. Do not copy the reference subject or composition.

Framing: One compact composition, with the complete subject using about 80-90% of the square. Keep everything inside the frame.

Output: 512x512 PNG, RGBA, genuine transparent background. No text, numerals, labels, logos or watermark.",作成済み,,references/invidious.png
gunner.png,射撃手、砲手,射撃手,"Subject: An artillery gunner operating a cannon.

Composition: Show a historical artillery gunner in a plain uniform standing beside a wheeled cannon, looking along the barrel while turning its elevation handwheel. The other hand rests on the carriage, and the cannon remains grounded with its muzzle pointing away from people; show aiming only, without a firing sequence.

Style: Use the attached invidious.png for drawing style only. Match its thick rounded dark-brown contours, simplified rounded shapes, and restrained 2D cartoon shading. Do not copy the reference subject or composition.

Framing: One compact composition, with the complete subject using about 80-90% of the square. Keep everything inside the frame.

Output: 512x512 PNG, RGBA, genuine transparent background. No text, numerals, labels, logos or watermark.",作成済み,,references/invidious.png
interception.png,横取り,横取り,"Subject: Intercepting a pass between two players.

Composition: Show three basketball players in one half-court scene: a defender reaches between the intended passer and receiver and catches the travelling ball with both hands. The passer’s arms remain extended and the receiver reaches toward empty space; keep all players grounded or plausibly mid-step and the interrupted path obvious.

Style: Use the attached invidious.png for drawing style only. Match its thick rounded dark-brown contours, simplified rounded shapes, and restrained 2D cartoon shading. Do not copy the reference subject or composition.

Framing: One compact composition, with the complete subject using about 80-90% of the square. Keep everything inside the frame.

Output: 512x512 PNG, RGBA, genuine transparent background. No text, numerals, labels, logos or watermark.",作成済み,,references/invidious.png
isotherm.png,等温線,等温線,"Subject: A line joining places with equal temperature.

Composition: Show a meteorologist drawing one smooth contour across a weather map on a desk. The line passes through three points each marked “20°C”, with a “15°C” point on one side and a “25°C” point on the other; keep the map, pen, and complete researcher in one scene.

Style: Use the attached invidious.png for drawing style only. Match its thick rounded dark-brown contours, simplified rounded shapes, and restrained 2D cartoon shading. Do not copy the reference subject or composition.

Framing: One compact composition, with the complete subject using about 80-90% of the square. Keep everything inside the frame.

Output: 512x512 PNG, RGBA, genuine transparent background. Allow only “15°C”, “20°C”, and “25°C” at the observation points, essential to show equal-temperature contouring. No incidental labels, logos or watermark.",作成済み,,references/invidious.png
lingua.png,舌,舌,"Subject: The human tongue as an anatomical organ.

Composition: Show a clean teaching model of an open human mouth on a stable stand, with the tongue extended slightly over the lower front teeth. Highlight its broad pink muscular surface and fine papillae while keeping gums, teeth, palate, and the tongue’s attached base visible; avoid a detached organ or exaggerated expression.

Style: Use the attached invidious.png for drawing style only. Match its thick rounded dark-brown contours, simplified rounded shapes, and restrained 2D cartoon shading. Do not copy the reference subject or composition.

Framing: One compact composition, with the complete subject using about 80-90% of the square. Keep everything inside the frame.

Output: 512x512 PNG, RGBA, genuine transparent background. No text, numerals, labels, logos or watermark.",作成済み,,references/invidious.png
masquerade.png,仮装パーティー、仮面舞踏会,仮装パーティー,"Subject: A masquerade dance with masked adults.

Composition: Show two adults dancing together in an elegant hall, each wearing a decorative eye mask and formal evening clothes. One partner’s hand rests on the other’s shoulder while their free hands meet in a dance hold; a third masked guest stands nearby, keeping the masks central to the gathering.

Style: Use the attached invidious.png for drawing style only. Match its thick rounded dark-brown contours, simplified rounded shapes, and restrained 2D cartoon shading. Do not copy the reference subject or composition.

Framing: One compact composition, with the complete subject using about 80-90% of the square. Keep everything inside the frame.

Output: 512x512 PNG, RGBA, genuine transparent background. No text, numerals, labels, logos or watermark.",作成済み,,references/invidious.png
meme.png,ミーム,ミーム,"Subject: The same humorous image spreading between phone users.

Composition: Show three adults seated together at a café table, laughing as they share the same simple image of a startled cat wearing a colander. Each phone screen displays that identical image inside a message bubble, and one person points from their own screen toward a friend’s, without captions or platform logos.

Style: Use the attached invidious.png for drawing style only. Match its thick rounded dark-brown contours, simplified rounded shapes, and restrained 2D cartoon shading. Do not copy the reference subject or composition.

Framing: One compact composition, with the complete subject using about 80-90% of the square. Keep everything inside the frame.

Output: 512x512 PNG, RGBA, genuine transparent background. No text, numerals, labels, logos or watermark.",作成済み,,references/invidious.png
militarism.png,軍国主義,軍国主義,"Subject: Military priorities dominating civilian government.

Composition: Show a fictional cabinet meeting where a uniformed general occupies the high central chair and points insistently to a large tank model on the table. Two civilian ministers sit lower and reluctantly slide budget tokens toward the model while a small school model is left neglected at the table’s edge.

Style: Use the attached invidious.png for drawing style only. Match its thick rounded dark-brown contours, simplified rounded shapes, and restrained 2D cartoon shading. Do not copy the reference subject or composition.

Framing: One compact composition, with the complete subject using about 80-90% of the square. Keep everything inside the frame.

Output: 512x512 PNG, RGBA, genuine transparent background. No text, numerals, labels, logos or watermark.",作成済み,,references/invidious.png
mooring.png,係船,係船,"Subject: Securing a boat to a dock with a line.

Composition: Show an adult sailor standing on a dock looping a mooring line around a fixed cleat. The single rope runs continuously from a strong bow fitting on the adjacent boat to the cleat, with the boat protected by a hanging fender; keep the hull beside the dock and the sailor’s feet supported.

Style: Use the attached invidious.png for drawing style only. Match its thick rounded dark-brown contours, simplified rounded shapes, and restrained 2D cartoon shading. Do not copy the reference subject or composition.

Framing: One compact composition, with the complete subject using about 80-90% of the square. Keep everything inside the frame.

Output: 512x512 PNG, RGBA, genuine transparent background. No text, numerals, labels, logos or watermark.",作成済み,,references/invidious.png
mutuality.png,相互関係、相関,相互関係,"Subject: Two neighbors helping one another in return.

Composition: Show two adults on opposite sides of a low garden fence making a simultaneous friendly exchange: one passes a basket of tomatoes while receiving a bundle of freshly cut flowers. Each person uses one hand for giving and the other for receiving, making the reciprocal relationship visible in one compact interaction.

Style: Use the attached invidious.png for drawing style only. Match its thick rounded dark-brown contours, simplified rounded shapes, and restrained 2D cartoon shading. Do not copy the reference subject or composition.

Framing: One compact composition, with the complete subject using about 80-90% of the square. Keep everything inside the frame.

Output: 512x512 PNG, RGBA, genuine transparent background. No text, numerals, labels, logos or watermark.",作成済み,,references/invidious.png
partisanship.png,党派心,党派心,"Subject: Supporting one’s own faction regardless of merit.

Composition: Show a committee member eagerly applauding a speaker wearing the same blue rosette while pointedly turning away from another speaker wearing a red rosette. The rejected speaker holds a plainly better repaired chair, while the favored speaker stands beside a visibly broken chair; no real political symbols or written claims appear.

Style: Use the attached invidious.png for drawing style only. Match its thick rounded dark-brown contours, simplified rounded shapes, and restrained 2D cartoon shading. Do not copy the reference subject or composition.

Framing: One compact composition, with the complete subject using about 80-90% of the square. Keep everything inside the frame.

Output: 512x512 PNG, RGBA, genuine transparent background. No text, numerals, labels, logos or watermark.",作成済み,,references/invidious.png
persecute.png,迫害する,迫害する,"Subject: Targeting someone for religious belief.

Composition: Show a fictional official forcibly closing a small prayer room while its peaceful worshipper, holding prayer beads, is pushed away from the doorway. A guard blocks reentry with an outstretched arm and points specifically at the beads; keep the victim dignified and the discriminatory exclusion non-graphic.

Style: Use the attached invidious.png for drawing style only. Match its thick rounded dark-brown contours, simplified rounded shapes, and restrained 2D cartoon shading. Do not copy the reference subject or composition.

Framing: One compact composition, with the complete subject using about 80-90% of the square. Keep everything inside the frame.

Output: 512x512 PNG, RGBA, genuine transparent background. No text, numerals, labels, logos or watermark.",作成済み,,references/invidious.png
procreation.png,生殖,生殖,"Subject: Parents with newly born offspring.

Composition: Show an adult mare standing protectively beside her newborn foal on clean straw in a stable. The foal’s legs are long and unsteady as it presses against its mother, and the mare lowers her head to nuzzle it; keep the scene gentle, with no delivery, wounds, or reproductive anatomy.

Style: Use the attached invidious.png for drawing style only. Match its thick rounded dark-brown contours, simplified rounded shapes, and restrained 2D cartoon shading. Do not copy the reference subject or composition.

Framing: One compact composition, with the complete subject using about 80-90% of the square. Keep everything inside the frame.

Output: 512x512 PNG, RGBA, genuine transparent background. No text, numerals, labels, logos or watermark.",作成済み,,references/invidious.png
purgatory.png,煉獄,煉獄,"Subject: A Catholic image of temporary purification after death.

Composition: Show a symbolic human soul in a plain pale robe standing amid gentle purifying golden flames at the foot of a staircase leading toward a bright open heavenly doorway. The soul looks upward with hope, not permanent despair; use a respectful religious allegory without devils, torture, or bodily damage.

Style: Use the attached invidious.png for drawing style only. Match its thick rounded dark-brown contours, simplified rounded shapes, and restrained 2D cartoon shading. Do not copy the reference subject or composition.

Framing: One compact composition, with the complete subject using about 80-90% of the square. Keep everything inside the frame.

Output: 512x512 PNG, RGBA, genuine transparent background. No text, numerals, labels, logos or watermark.",作成済み,,references/invidious.png
recklessness.png,無謀さ,無謀さ,"Subject: Taking an obvious danger without caution.

Composition: Show an adult cyclist speeding down a steep rough path toward a visibly broken bridge despite a pictorial barrier warning. The cyclist grins carelessly with both hands loosely on the handlebars, while a nearby walker recoils; freeze the scene before a fall and keep the bike mechanically intact.

Style: Use the attached invidious.png for drawing style only. Match its thick rounded dark-brown contours, simplified rounded shapes, and restrained 2D cartoon shading. Do not copy the reference subject or composition.

Framing: One compact composition, with the complete subject using about 80-90% of the square. Keep everything inside the frame.

Output: 512x512 PNG, RGBA, genuine transparent background. No text, numerals, labels, logos or watermark.",作成済み,,references/invidious.png
reconsideration.png,再考,再考,"Subject: Reconsidering a decision after noticing new information.

Composition: Show an adult reconsidering a previously discarded crumpled plan now resting on a desk beside a new site photograph. One hand lifts the plan’s crumpled corner while the other smooths its center; the person studies both thoughtfully, with the wastepaper basket below the desk and no finished replacement decision implied.

Style: Use the attached invidious.png for drawing style only. Match its thick rounded dark-brown contours, simplified rounded shapes, and restrained 2D cartoon shading. Do not copy the reference subject or composition.

Framing: One compact composition, with the complete subject using about 80-90% of the square. Keep everything inside the frame.

Output: 512x512 PNG, RGBA, genuine transparent background. No text, numerals, labels, logos or watermark.",作成済み,,references/invidious.png
secularization.png,分離、世俗化,分離,"Subject: A former chapel converted to civic use.

Composition: Show workers carefully converting a small deconsecrated chapel into a public reading room. One carries a removed altar furnishing toward an open door while another installs a bookshelf in the former altar recess; retain the arched windows and pew-shaped benches, with no destruction, hostility, or readable signs.

Style: Use the attached invidious.png for drawing style only. Match its thick rounded dark-brown contours, simplified rounded shapes, and restrained 2D cartoon shading. Do not copy the reference subject or composition.

Framing: One compact composition, with the complete subject using about 80-90% of the square. Keep everything inside the frame.

Output: 512x512 PNG, RGBA, genuine transparent background. No text, numerals, labels, logos or watermark.",作成済み,,references/invidious.png
stutter.png,どもる,どもる,"Subject: A speaker experiencing difficulty getting words out.

Composition: Show an adult at a reception desk speaking with visible effort and a brief tense pause while an attentive clerk waits patiently. Keep the person dignified and the listener calm, with no imitated syllables, speech bubble, exaggerated tongue, or mockery.

Style: Use the attached invidious.png for drawing style only. Match its thick rounded dark-brown contours, simplified rounded shapes, and restrained 2D cartoon shading. Do not copy the reference subject or composition.

Framing: One compact composition, with the complete subject using about 80-90% of the square. Keep everything inside the frame.

Output: 512x512 PNG, RGBA, genuine transparent background. No text, explanatory labels, speech balloons or bubbles, numerals, logos or watermark.",作成済み,,references/invidious.png
thermo-.png,「熱」の意,「熱」の意,"Subject: Heat passing into a thermometer.

Composition: Show an adult holding a long glass laboratory thermometer by its upper end with the bulb immersed in a beaker of hot water on a heatproof bench. The colored liquid column rises high and gentle steam curls from the water; emphasize measured heat without printed scales or loose floating symbols.

Style: Use the attached invidious.png for drawing style only. Match its thick rounded dark-brown contours, simplified rounded shapes, and restrained 2D cartoon shading. Do not copy the reference subject or composition.

Framing: One compact composition, with the complete subject using about 80-90% of the square. Keep everything inside the frame.

Output: 512x512 PNG, RGBA, genuine transparent background. No text, numerals, labels, logos or watermark.",作成済み,,references/invidious.png
thermoelectric.png,熱電気の、熱電の,熱電気の,"Subject: A thermoelectric circuit producing voltage from a temperature difference.

Composition: Show a tabletop experiment with copper and bismuth strips joined at one end above a small heater. Their separate free ends share one cool insulating block and connect by wires to the two terminals of a sensitive analog meter; the needle deflects while the strips remain held on insulating supports, with no external battery.

Style: Use the attached invidious.png for drawing style only. Match its thick rounded dark-brown contours, simplified rounded shapes, and restrained 2D cartoon shading. Do not copy the reference subject or composition.

Framing: One compact composition, with the complete subject using about 80-90% of the square. Keep everything inside the frame.

Output: 512x512 PNG, RGBA, genuine transparent background. No text, numerals, labels, logos or watermark.",作成済み,,references/invidious.png
theta.png,θ、Θ,θ、Θ,"Subject: The lowercase and uppercase forms of a Greek letter.

Composition: Show an adult student using a broad marker to copy “θ Θ” onto a single practice sheet resting on a desk. Make the lowercase oval crossed by a short horizontal stroke and the larger uppercase oval with its central bar clear; keep the hand attached to the full seated student.

Style: Use the attached invidious.png for drawing style only. Match its thick rounded dark-brown contours, simplified rounded shapes, and restrained 2D cartoon shading. Do not copy the reference subject or composition.

Framing: One compact composition, with the complete subject using about 80-90% of the square. Keep everything inside the frame.

Output: 512x512 PNG, RGBA, genuine transparent background. Allow only “θ Θ”, the actual letterforms that are the target meaning; never spell their English name. No incidental labels, logos or watermark.",作成済み,,references/invidious.png
tubercle.png,小結節、小瘤,小結節,"Subject: A small rounded projection on a plant stem.

Composition: Show a potted Mammillaria cactus with small rounded tubercles covering its green surface, each mound topped by a short star of spines. One clearly exposed foreground mound catches a soft highlight while the others recede naturally around the living plant; keep the living plant rooted in soil and avoid turning nodules into separate berries.

Style: Use the attached invidious.png for drawing style only. Match its thick rounded dark-brown contours, simplified rounded shapes, and restrained 2D cartoon shading. Do not copy the reference subject or composition.

Framing: One compact composition, with the complete subject using about 80-90% of the square. Keep everything inside the frame.

Output: 512x512 PNG, RGBA, genuine transparent background. No text, numerals, labels, logos or watermark.",作成済み,,references/invidious.png
unaltered.png,変わらない、不変の,変わらない,"Subject: An object remaining as it was stored.

Composition: Show an adult opening a sealed storage box to find a pristine wooden toy boat still nestled in its original undisturbed wrapping. Their recognition and the intact folds emphasize that it has remained unchanged, without a quoted claim or comparison panel.

Style: Use the attached invidious.png for drawing style only. Match its thick rounded dark-brown contours, simplified rounded shapes, and restrained 2D cartoon shading. Do not copy the reference subject or composition.

Framing: One compact composition, with the complete subject using about 80-90% of the square. Keep everything inside the frame.

Output: 512x512 PNG, RGBA, genuine transparent background. No text, explanatory labels, speech balloons or bubbles, numerals, logos or watermark.",作成済み,,references/invidious.png
upside-down.png,逆さまの、混乱した,逆さまの,"Subject: A cup turned with its opening downward.

Composition: Show one ordinary ceramic mug placed upside down on a drying rack above a sink, its circular base facing upward and its open mouth resting on the rack bars. A small droplet falls from the rim while the handle curves sideways; keep the entire mug and supporting rack visible.

Style: Use the attached invidious.png for drawing style only. Match its thick rounded dark-brown contours, simplified rounded shapes, and restrained 2D cartoon shading. Do not copy the reference subject or composition.

Framing: One compact composition, with the complete subject using about 80-90% of the square. Keep everything inside the frame.

Output: 512x512 PNG, RGBA, genuine transparent background. No text, numerals, labels, logos or watermark.",作成済み,,references/invidious.png
velvety.png,ビロードのような、滑らかな,ビロードのような,"Subject: A soft surface with a velvet-like nap.

Composition: Show an adult gently stroking the plush surface of a deep purple cushion with the fingertips. The short dense nap changes shade along the hand’s path, creating a soft brushed streak; the other hand steadies the cushion on a chair, with the person’s complete relaxed posture visible.

Style: Use the attached invidious.png for drawing style only. Match its thick rounded dark-brown contours, simplified rounded shapes, and restrained 2D cartoon shading. Do not copy the reference subject or composition.

Framing: One compact composition, with the complete subject using about 80-90% of the square. Keep everything inside the frame.

Output: 512x512 PNG, RGBA, genuine transparent background. No text, numerals, labels, logos or watermark.",作成済み,,references/invidious.png
yaw.png,進路がそれる,進路がそれる,"Subject: A boat yawing away from its previous heading.

Composition: Show a small sailboat seen slightly from above as a side gust swings its bow to the right of the straight wake behind it. The sailor grips the tiller and looks toward the unintended turn; keep the hull afloat and emphasize horizontal heading change rather than rolling onto its side.

Style: Use the attached invidious.png for drawing style only. Match its thick rounded dark-brown contours, simplified rounded shapes, and restrained 2D cartoon shading. Do not copy the reference subject or composition.

Framing: One compact composition, with the complete subject using about 80-90% of the square. Keep everything inside the frame.

Output: 512x512 PNG, RGBA, genuine transparent background. No text, numerals, labels, logos or watermark.",作成済み,,references/invidious.png
Cesar.png,シーザー、セサル,シーザー,"Subject: A fictional adult named Cesar.

Composition: Show an adult man with short black hair and a neat mustache standing at a woodworking bench, sanding the edge of a small birdhouse. One hand holds the sanding block and the other secures the birdhouse; give him an ordinary green work shirt and avoid Roman imperial costume or name text.

Style: Use the attached invidious.png for drawing style only. Match its thick rounded dark-brown contours, simplified rounded shapes, and restrained 2D cartoon shading. Do not copy the reference subject or composition.

Framing: One compact composition, with the complete subject using about 80-90% of the square. Keep everything inside the frame.

Output: 512x512 PNG, RGBA, genuine transparent background. No text, numerals, labels, logos or watermark.",作成済み,,references/invidious.png
Jody.png,ジョディ、ジョーディ,ジョディ,"Subject: A fictional adult named Jody.

Composition: Show an adult with short light-brown hair kneeling beside a grounded kayak, fastening the buckle of a life jacket. A double-bladed paddle rests horizontally beside the boat, fully visible; use a calm lakeside launch scene and keep the person’s expression friendly without implying a known celebrity.

Style: Use the attached invidious.png for drawing style only. Match its thick rounded dark-brown contours, simplified rounded shapes, and restrained 2D cartoon shading. Do not copy the reference subject or composition.

Framing: One compact composition, with the complete subject using about 80-90% of the square. Keep everything inside the frame.

Output: 512x512 PNG, RGBA, genuine transparent background. No text, numerals, labels, logos or watermark.",作成済み,,references/invidious.png
Selina.png,セリーナ,セリーナ,"Subject: A fictional adult named Selina.

Composition: Show an adult woman with dark braided hair sitting cross-legged on a low garden mat, repotting a small fern. She holds the root ball above a wider pot with both hands, while loose soil and a trowel remain on the mat; keep the everyday personal portrait warm and concrete.

Style: Use the attached invidious.png for drawing style only. Match its thick rounded dark-brown contours, simplified rounded shapes, and restrained 2D cartoon shading. Do not copy the reference subject or composition.

Framing: One compact composition, with the complete subject using about 80-90% of the square. Keep everything inside the frame.

Output: 512x512 PNG, RGBA, genuine transparent background. No text, numerals, labels, logos or watermark.",作成済み,,references/invidious.png
Tristram.png,トリストラム,トリストラム,"Subject: Tristram sharing the fateful drink with Isolde.

Composition: Show the medieval knight Tristram and the adult Isolde seated close together on a wooden ship’s deck, sharing a small goblet. Tristram wears a simple tunic over mail, his sword remains sheathed, and Isolde wears a long medieval gown; a small stoppered potion flask rests beside them, without text.

Style: Use the attached invidious.png for drawing style only. Match its thick rounded dark-brown contours, simplified rounded shapes, and restrained 2D cartoon shading. Do not copy the reference subject or composition.

Framing: One compact composition, with the complete subject using about 80-90% of the square. Keep everything inside the frame.

Output: 512x512 PNG, RGBA, genuine transparent background. No text, numerals, labels, logos or watermark.",作成済み,,references/invidious.png
august.png,威厳ある,威厳ある,"Subject: A dignified elderly ruler receiving visitors.

Composition: Show an elderly fictional monarch seated upright on a tall carved chair atop a low dais. The ruler’s face is calm and solemn, one hand rests on a ceremonial staff, and two visitors bow respectfully at the foot of the dais; keep the scene restrained, balanced, and majestic.

Style: Use the attached invidious.png for drawing style only. Match its thick rounded dark-brown contours, simplified rounded shapes, and restrained 2D cartoon shading. Do not copy the reference subject or composition.

Framing: One compact composition, with the complete subject using about 80-90% of the square. Keep everything inside the frame.

Output: 512x512 PNG, RGBA, genuine transparent background. No text, numerals, labels, logos or watermark.",作成済み,,references/invidious.png
belated.png,遅れた,遅れた,"Subject: Arriving after a celebration has already ended.

Composition: Show an adult arriving at a doorway with a wrapped birthday gift while the host is already gathering empty plates and deflated balloons. The late visitor looks sheepish and the host glances at a wristwatch; an eaten cake and stacked chairs inside make the missed occasion clear without written dates.

Style: Use the attached invidious.png for drawing style only. Match its thick rounded dark-brown contours, simplified rounded shapes, and restrained 2D cartoon shading. Do not copy the reference subject or composition.

Framing: One compact composition, with the complete subject using about 80-90% of the square. Keep everything inside the frame.

Output: 512x512 PNG, RGBA, genuine transparent background. No text, numerals, labels, logos or watermark.",作成済み,,references/invidious.png
bitumen.png,瀝青,瀝青,"Subject: Sticky black bitumen used in road surfacing.

Composition: Show a road worker spreading thick shiny black bitumen from a low metal bucket onto a small prepared road patch with a long-handled squeegee. The viscous material forms a short sticky strand at the tool edge; the worker wears boots and gloves, and all equipment remains on the ground.

Style: Use the attached invidious.png for drawing style only. Match its thick rounded dark-brown contours, simplified rounded shapes, and restrained 2D cartoon shading. Do not copy the reference subject or composition.

Framing: One compact composition, with the complete subject using about 80-90% of the square. Keep everything inside the frame.

Output: 512x512 PNG, RGBA, genuine transparent background. No text, numerals, labels, logos or watermark.",作成済み,,references/invidious.png
breech.png,銃尾,銃尾,"Subject: The rear breech of a firearm.

Composition: Show a complete unloaded bolt-action rifle resting horizontally on two padded display supports. Emphasize the rear end of the barrel where the open bolt reveals the breech chamber, keeping the muzzle, stock, and trigger guard muted; omit ammunition, hands, firing instructions, and internal assembly steps.

Style: Use the attached invidious.png for drawing style only. Match its thick rounded dark-brown contours, simplified rounded shapes, and restrained 2D cartoon shading. Do not copy the reference subject or composition.

Framing: One compact composition, with the complete subject using about 80-90% of the square. Keep everything inside the frame.

Output: 512x512 PNG, RGBA, genuine transparent background. No text, numerals, labels, logos or watermark.",作成済み,,references/invidious.png
carp.png,あら探しをする,あら探しをする,"Subject: Finding trivial faults in someone else’s work.

Composition: Show an adult critically inspecting a beautifully set dining table with a magnifying glass, pointing at one tiny crumb beside an otherwise spotless plate. The cook stands nearby with a weary expression and folded towel; exaggerate the critic’s frown and narrow focus while keeping the complaint visibly disproportionate.

Style: Use the attached invidious.png for drawing style only. Match its thick rounded dark-brown contours, simplified rounded shapes, and restrained 2D cartoon shading. Do not copy the reference subject or composition.

Framing: One compact composition, with the complete subject using about 80-90% of the square. Keep everything inside the frame.

Output: 512x512 PNG, RGBA, genuine transparent background. No text, numerals, labels, logos or watermark.",作成済み,,references/invidious.png
chronicler.png,年代記編者,年代記編者,"Subject: A chronicler recording events year by year.

Composition: Show a medieval chronicler seated at a writing desk, entering a small battle sketch beside the final of three dated sections on a long parchment. Use only “1201”, “1202”, and “1203” in chronological order; a quill touches the newest entry and the parchment remains supported by the desk.

Style: Use the attached invidious.png for drawing style only. Match its thick rounded dark-brown contours, simplified rounded shapes, and restrained 2D cartoon shading. Do not copy the reference subject or composition.

Framing: One compact composition, with the complete subject using about 80-90% of the square. Keep everything inside the frame.

Output: 512x512 PNG, RGBA, genuine transparent background. Allow only “1201”, “1202”, and “1203”, essential dates showing the chronological organization of a fictional record. No incidental labels, logos or watermark.",作成済み,,references/invidious.png
concoction.png,調合物,調合物,"Subject: A deliberately mixed herbal preparation.

Composition: Show an adult cook stirring chopped mint, ginger slices, and lemon peel together in a small ceramic mortar. One hand turns the pestle while the other holds the mortar steady, and a little liquid pools among the crushed ingredients; keep everything on one worktop without medicinal claims or recipe quantities.

Style: Use the attached invidious.png for drawing style only. Match its thick rounded dark-brown contours, simplified rounded shapes, and restrained 2D cartoon shading. Do not copy the reference subject or composition.

Framing: One compact composition, with the complete subject using about 80-90% of the square. Keep everything inside the frame.

Output: 512x512 PNG, RGBA, genuine transparent background. No text, numerals, labels, logos or watermark.",作成済み,,references/invidious.png
dampen.png,湿らせる、湿気を与える,湿らせる,"Subject: Adding a little moisture to dry cloth.

Composition: Show an adult sprinkling water from the fingertips onto a dry linen cloth laid flat on a table. Darker damp patches spread where droplets land, while most of the cloth remains dry; the other hand holds a small bowl of water and the whole person stays visible.

Style: Use the attached invidious.png for drawing style only. Match its thick rounded dark-brown contours, simplified rounded shapes, and restrained 2D cartoon shading. Do not copy the reference subject or composition.

Framing: One compact composition, with the complete subject using about 80-90% of the square. Keep everything inside the frame.

Output: 512x512 PNG, RGBA, genuine transparent background. No text, numerals, labels, logos or watermark.",作成済み,,references/invidious.png
drinker.png,酒飲み、飲む人,酒飲み,"Subject: An adult drinking beer at a bar.

Composition: Show an adult seated on a bar stool lifting a handled mug of amber beer to the lips. A small foam line clings to the glass and a coaster waits on the counter; keep the posture composed and the scene ordinary, with no intoxicated collapse or branded bottle labels.

Style: Use the attached invidious.png for drawing style only. Match its thick rounded dark-brown contours, simplified rounded shapes, and restrained 2D cartoon shading. Do not copy the reference subject or composition.

Framing: One compact composition, with the complete subject using about 80-90% of the square. Keep everything inside the frame.

Output: 512x512 PNG, RGBA, genuine transparent background. No text, numerals, labels, logos or watermark.",作成済み,,references/invidious.png
equalization.png,同等化、均等化,同等化,"Subject: Making two quantities equal.

Composition: Show an adult letting the last grains of a final scoop of rice fall into one of two identical bowls on a kitchen counter. The transfer has brought both rice surfaces to the same height, and the person looks carefully between them; keep the scoop in one hand and both bowls resting flat on the counter.

Style: Use the attached invidious.png for drawing style only. Match its thick rounded dark-brown contours, simplified rounded shapes, and restrained 2D cartoon shading. Do not copy the reference subject or composition.

Framing: One compact composition, with the complete subject using about 80-90% of the square. Keep everything inside the frame.

Output: 512x512 PNG, RGBA, genuine transparent background. No text, numerals, labels, logos or watermark.",作成済み,,references/invidious.png
fortuitous.png,偶然の,偶然の,"Subject: A lucky discovery made by chance.

Composition: Show an adult gardener digging a hole for a flower and unexpectedly uncovering a lost gold ring in the soil. The person pauses with a delighted surprised face, holding a small trowel in one hand while the other points at the ring still partly embedded beside the newly dug hole.

Style: Use the attached invidious.png for drawing style only. Match its thick rounded dark-brown contours, simplified rounded shapes, and restrained 2D cartoon shading. Do not copy the reference subject or composition.

Framing: One compact composition, with the complete subject using about 80-90% of the square. Keep everything inside the frame.

Output: 512x512 PNG, RGBA, genuine transparent background. No text, numerals, labels, logos or watermark.",作成済み,,references/invidious.png
fuselage.png,機体、胴体,機体,"Subject: The central fuselage of an airplane.

Composition: Show a complete passenger aircraft resting on its landing gear, with the long central fuselage highlighted in warm color from cockpit to tail cone. Wings, engines, and tail surfaces stay pale but physically attached; include cabin windows along the highlighted body and avoid cutting the aircraft into floating parts.

Style: Use the attached invidious.png for drawing style only. Match its thick rounded dark-brown contours, simplified rounded shapes, and restrained 2D cartoon shading. Do not copy the reference subject or composition.

Framing: One compact composition, with the complete subject using about 80-90% of the square. Keep everything inside the frame.

Output: 512x512 PNG, RGBA, genuine transparent background. No text, numerals, labels, logos or watermark.",作成済み,,references/invidious.png
ghee.png,ギー,ギー,"Subject: Golden clarified butter separated from milk solids.

Composition: Show a cook carefully pouring clear golden melted butter through a fine sieve into a wide heatproof glass jar on a counter. Pale milk solids remain caught in the sieve while the jar fills with translucent fat; both hands hold the saucepan securely and the sieve rests across the jar mouth.

Style: Use the attached invidious.png for drawing style only. Match its thick rounded dark-brown contours, simplified rounded shapes, and restrained 2D cartoon shading. Do not copy the reference subject or composition.

Framing: One compact composition, with the complete subject using about 80-90% of the square. Keep everything inside the frame.

Output: 512x512 PNG, RGBA, genuine transparent background. No text, numerals, labels, logos or watermark.",作成済み,,references/invidious.png
goosebumps.png,『ミステリー・グースバンプス』は,『ミステリー・グースバンプス』,"Subject: Slappy, the uncanny dummy from the Goosebumps stories.

Composition: Show Slappy the wooden ventriloquist dummy seated alone on a bedroom chair, wearing a three-button dark suit and a bright bow tie. His painted red lips curve into an eerie grin, carved jaw seam visible, while his thin wooden fingers grip the chair arms as if alive; omit all title lettering.

Style: Use the attached invidious.png for drawing style only. Match its thick rounded dark-brown contours, simplified rounded shapes, and restrained 2D cartoon shading. Do not copy the reference subject or composition.

Framing: One compact composition, with the complete subject using about 80-90% of the square. Keep everything inside the frame.

Output: 512x512 PNG, RGBA, genuine transparent background. No text, numerals, labels, logos or watermark.",作成済み,,references/invidious.png
hoax.png,いたずら,いたずら,"Subject: A harmless prank using a fake spider.

Composition: Show an adult lifting a teacup and recoiling at a large rubber spider hidden beneath it. The prankster stands nearby trying to suppress a smile, with the empty toy packaging resting discreetly on the table; make the spider visibly rubbery and harmless, without a dangerous deception or injury.

Style: Use the attached invidious.png for drawing style only. Match its thick rounded dark-brown contours, simplified rounded shapes, and restrained 2D cartoon shading. Do not copy the reference subject or composition.

Framing: One compact composition, with the complete subject using about 80-90% of the square. Keep everything inside the frame.

Output: 512x512 PNG, RGBA, genuine transparent background. No text, numerals, labels, logos or watermark.",作成済み,,references/invidious.png
humanly.png,人間らしい、人間的な,人間らしい,"Subject: Responding with human warmth and understanding.

Composition: Show a tired adult crying quietly at a table while a friend sits close, gently holds one hand, and offers a clean tissue with the other. The friend’s concerned face and patient posture convey compassionate attention to ordinary human feelings; keep both bodies supported by their chairs and avoid symbolic hearts.

Style: Use the attached invidious.png for drawing style only. Match its thick rounded dark-brown contours, simplified rounded shapes, and restrained 2D cartoon shading. Do not copy the reference subject or composition.

Framing: One compact composition, with the complete subject using about 80-90% of the square. Keep everything inside the frame.

Output: 512x512 PNG, RGBA, genuine transparent background. No text, numerals, labels, logos or watermark.",作成済み,,references/invidious.png
impracticable.png,実行不可能な,実行不可能な,"Subject: A plan impossible to carry out physically.

Composition: Show a mover confronting a huge rigid wardrobe that is clearly wider and taller than a narrow stone doorway. The wardrobe is upright on a hand truck with its leading edge blocked by both jambs; the mover scratches the head while an intact ceiling rules out simply tipping it through.

Style: Use the attached invidious.png for drawing style only. Match its thick rounded dark-brown contours, simplified rounded shapes, and restrained 2D cartoon shading. Do not copy the reference subject or composition.

Framing: One compact composition, with the complete subject using about 80-90% of the square. Keep everything inside the frame.

Output: 512x512 PNG, RGBA, genuine transparent background. No text, numerals, labels, logos or watermark.",作成済み,,references/invidious.png
incredulity.png,疑い深さ,疑い深さ,"Subject: Doubting an implausible claim.

Composition: Show an adult fisherman spreading both hands far apart to claim an enormous catch, while the actual tiny fish lies in a shallow tray on a table. A listener studies the fish with one eyebrow raised, lips pressed together, and arms folded; keep the disagreement visible through the mismatch without speech, lying labels, or impossible extra hands.

Style: Use the attached invidious.png for drawing style only. Match its thick rounded dark-brown contours, simplified rounded shapes, and restrained 2D cartoon shading. Do not copy the reference subject or composition.

Framing: One compact composition, with the complete subject using about 80-90% of the square. Keep everything inside the frame.

Output: 512x512 PNG, RGBA, genuine transparent background. No text, numerals, labels, logos or watermark.",作成済み,,references/invidious.png
infirmity.png,虚弱,虚弱,"Subject: A frail older adult needing gentle support.

Composition: Show a slender older adult slowly walking with a cane while a companion steadies the free forearm. Slightly bent knees, lowered shoulders, and careful short steps convey physical frailty; both feet and cane tip meet the same path, and the companion is attentive rather than dragging the person.

Style: Use the attached invidious.png for drawing style only. Match its thick rounded dark-brown contours, simplified rounded shapes, and restrained 2D cartoon shading. Do not copy the reference subject or composition.

Framing: One compact composition, with the complete subject using about 80-90% of the square. Keep everything inside the frame.

Output: 512x512 PNG, RGBA, genuine transparent background. No text, numerals, labels, logos or watermark.",作成済み,,references/invidious.png
internationalism.png,国際協力,国際協力,"Subject: People from different countries cooperating on a shared task.

Composition: Show three adult researchers at a laboratory bench jointly examining one clean-water filter prototype. Small Japanese, Kenyan, and Canadian flags on their name badges identify different countries; each contributes a distinct tool or sample while all focus on the same apparatus, with no names, logos, or political slogans.

Style: Use the attached invidious.png for drawing style only. Match its thick rounded dark-brown contours, simplified rounded shapes, and restrained 2D cartoon shading. Do not copy the reference subject or composition.

Framing: One compact composition, with the complete subject using about 80-90% of the square. Keep everything inside the frame.

Output: 512x512 PNG, RGBA, genuine transparent background. No text, numerals, labels, logos or watermark.",作成済み,,references/invidious.png
left-handed.png,左利きの,左利きの,"Subject: A person writing with the left hand.

Composition: Show an adult seated at a desk viewed from a clear front-left angle, writing with the left hand while the right hand steadies the notebook. Keep both arms visibly connected to the torso and the left wrist naturally curved over the page; the pen tip touches nonlegible writing marks.

Style: Use the attached invidious.png for drawing style only. Match its thick rounded dark-brown contours, simplified rounded shapes, and restrained 2D cartoon shading. Do not copy the reference subject or composition.

Framing: One compact composition, with the complete subject using about 80-90% of the square. Keep everything inside the frame.

Output: 512x512 PNG, RGBA, genuine transparent background. No text, numerals, labels, logos or watermark.",作成済み,,references/invidious.png
menial.png,熟練のいらない,熟練のいらない,"Subject: A simple repetitive task requiring little training.

Composition: Show an adult worker placing identical empty cardboard boxes into a neat stack beside a packing table. Each box is already folded and needs only to be lifted into place, with no complex tools or specialized machinery; keep the worker dignified and the straightforward repetitive action easy to read.

Style: Use the attached invidious.png for drawing style only. Match its thick rounded dark-brown contours, simplified rounded shapes, and restrained 2D cartoon shading. Do not copy the reference subject or composition.

Framing: One compact composition, with the complete subject using about 80-90% of the square. Keep everything inside the frame.

Output: 512x512 PNG, RGBA, genuine transparent background. No text, numerals, labels, logos or watermark.",作成済み,,references/invidious.png
nudity.png,裸,裸,"Subject: A nonsexual adult nude model in an art class.

Composition: Show an adult life-drawing model seated on a plain stool with the back toward the viewer, unclothed and relaxed. A bent leg and natural pose keep genitals unseen, while an artist at an easel sketches the figure; use a neutral educational studio setting without sexual emphasis or erotic expression.

Style: Use the attached invidious.png for drawing style only. Match its thick rounded dark-brown contours, simplified rounded shapes, and restrained 2D cartoon shading. Do not copy the reference subject or composition.

Framing: One compact composition, with the complete subject using about 80-90% of the square. Keep everything inside the frame.

Output: 512x512 PNG, RGBA, genuine transparent background. No text, numerals, labels, logos or watermark.",作成済み,,references/invidious.png
overestimate.png,過大評価する,過大評価する,"Subject: Expecting far more strength than a person has.

Composition: Show an adult straining to lift an enormous suitcase with one hand but unable to get it off the floor. The overloaded suitcase bulges and the person’s overconfident smile is fading; a smaller bag rests untouched nearby, showing an unrealistic estimate of personal carrying ability.

Style: Use the attached invidious.png for drawing style only. Match its thick rounded dark-brown contours, simplified rounded shapes, and restrained 2D cartoon shading. Do not copy the reference subject or composition.

Framing: One compact composition, with the complete subject using about 80-90% of the square. Keep everything inside the frame.

Output: 512x512 PNG, RGBA, genuine transparent background. No text, numerals, labels, logos or watermark.",作成済み,,references/invidious.png
petting.png,ペッティング,ペッティング,"Subject: Non-graphic affectionate touching between consenting adults.

Composition: Show two fully clothed adults seated close together on a sofa, sharing a sustained kiss while one gently caresses the other’s cheek and shoulder. Their bodies remain upright and relaxed, with hands away from genitals; convey consensual intimate affection in a neutral, non-explicit educational depiction rather than animal stroking.

Style: Use the attached invidious.png for drawing style only. Match its thick rounded dark-brown contours, simplified rounded shapes, and restrained 2D cartoon shading. Do not copy the reference subject or composition.

Framing: One compact composition, with the complete subject using about 80-90% of the square. Keep everything inside the frame.

Output: 512x512 PNG, RGBA, genuine transparent background. No text, numerals, labels, logos or watermark.",作成済み,,references/invidious.png
physicality.png,身体的な特徴,身体的な特徴,"Subject: A person’s visible bodily characteristics.

Composition: Show an adult tailor studying a tall client’s broad shoulders, long arms, and upright posture while holding a measuring tape across the upper back. The client wears a fitted plain undershirt and trousers, with arms slightly away from the sides; make bodily proportions the focus rather than personality or status.

Style: Use the attached invidious.png for drawing style only. Match its thick rounded dark-brown contours, simplified rounded shapes, and restrained 2D cartoon shading. Do not copy the reference subject or composition.

Framing: One compact composition, with the complete subject using about 80-90% of the square. Keep everything inside the frame.

Output: 512x512 PNG, RGBA, genuine transparent background. No text, numerals, labels, logos or watermark.",作成済み,,references/invidious.png
precocious.png,早熟の,早熟の,"Subject: A child displaying unusually advanced intellectual ability.

Composition: Show a young school-age child calmly making a clever chess move across a table from an astonished adult opponent. The child sits on a raised chair with feet on a small footstool, concentrating on the board; the adult studies the position in surprise, with no claims written on the image.

Style: Use the attached invidious.png for drawing style only. Match its thick rounded dark-brown contours, simplified rounded shapes, and restrained 2D cartoon shading. Do not copy the reference subject or composition.

Framing: One compact composition, with the complete subject using about 80-90% of the square. Keep everything inside the frame.

Output: 512x512 PNG, RGBA, genuine transparent background. No text, numerals, labels, logos or watermark.",作成済み,,references/invidious.png
rucksack.png,リュックサック,リュックサック,"Subject: A practical rucksack with shoulder straps.

Composition: Show one well-filled canvas rucksack standing upright on a trail-side rock, with a flap closure, two buckled front straps, a top carry loop, and two padded shoulder straps visible behind it. A rolled sleeping mat is securely strapped across the top; keep every strap attached and contained in frame.

Style: Use the attached invidious.png for drawing style only. Match its thick rounded dark-brown contours, simplified rounded shapes, and restrained 2D cartoon shading. Do not copy the reference subject or composition.

Framing: One compact composition, with the complete subject using about 80-90% of the square. Keep everything inside the frame.

Output: 512x512 PNG, RGBA, genuine transparent background. No text, numerals, labels, logos or watermark.",作成済み,,references/invidious.png
rundown.png,要約、概要報告,要約,"Subject: Giving a concise report of the main points.

Composition: Show an adult presenter at a small meeting table pointing to a single sheet with three compact pictorial bullets: a packed parcel, a delivery truck, and a parcel at a doorway. A thick binder sits closed beside the sheet, and two listeners follow the short briefing; use these specific pictures to condense one delivery project, without readable report text.

Style: Use the attached invidious.png for drawing style only. Match its thick rounded dark-brown contours, simplified rounded shapes, and restrained 2D cartoon shading. Do not copy the reference subject or composition.

Framing: One compact composition, with the complete subject using about 80-90% of the square. Keep everything inside the frame.

Output: 512x512 PNG, RGBA, genuine transparent background. No text, numerals, labels, logos or watermark.",作成済み,,references/invidious.png
sheaf.png,束,束,"Subject: A sheaf of harvested grain tied together.

Composition: Show one upright bundle of golden wheat stalks tied tightly around the middle with a single loop of twine. The heavy grain heads fan outward above the knot while the cut stalk ends spread slightly on the ground; keep every stem part of the same gathered sheaf.

Style: Use the attached invidious.png for drawing style only. Match its thick rounded dark-brown contours, simplified rounded shapes, and restrained 2D cartoon shading. Do not copy the reference subject or composition.

Framing: One compact composition, with the complete subject using about 80-90% of the square. Keep everything inside the frame.

Output: 512x512 PNG, RGBA, genuine transparent background. No text, numerals, labels, logos or watermark.",作成済み,,references/invidious.png
steamy.png,蒸気の、蒸気から成る,蒸気の,"Subject: Dense steam rising from hot water.

Composition: Show an adult lifting a pot lid with a hand protected by a dry oven mitt. A thick pale cloud of steam curls upward from the hot water and partly veils the cook’s face; the free hand stays safely at the side while the pot remains stable on the stove.

Style: Use the attached invidious.png for drawing style only. Match its thick rounded dark-brown contours, simplified rounded shapes, and restrained 2D cartoon shading. Do not copy the reference subject or composition.

Framing: One compact composition, with the complete subject using about 80-90% of the square. Keep everything inside the frame.

Output: 512x512 PNG, RGBA, genuine transparent background. No text, numerals, labels, logos or watermark.",作成済み,,references/invidious.png
syndicate.png,シンジケート、企業連合,シンジケート,"Subject: Several companies pooling effort in a business consortium.

Composition: Show three adult company representatives gathered around one shared project table, each bringing a different factory model toward a central construction plan. They join their free hands over a single agreement while the models remain supported on the table; distinguish their firms with simple colored shapes, not names or logos.

Style: Use the attached invidious.png for drawing style only. Match its thick rounded dark-brown contours, simplified rounded shapes, and restrained 2D cartoon shading. Do not copy the reference subject or composition.

Framing: One compact composition, with the complete subject using about 80-90% of the square. Keep everything inside the frame.

Output: 512x512 PNG, RGBA, genuine transparent background. No text, numerals, labels, logos or watermark.",作成済み,,references/invidious.png
tarp.png,防水布、防水シート,防水布,"Subject: A waterproof tarp protecting stacked firewood.

Composition: Show a large blue waterproof sheet stretched over a neat stack of firewood, with raindrops beading and sliding off its sloped surface. Ropes run from corner eyelets to grounded stakes and the lower wood remains dry; keep the full tarp, load, and anchoring points in one outdoor scene.

Style: Use the attached invidious.png for drawing style only. Match its thick rounded dark-brown contours, simplified rounded shapes, and restrained 2D cartoon shading. Do not copy the reference subject or composition.

Framing: One compact composition, with the complete subject using about 80-90% of the square. Keep everything inside the frame.

Output: 512x512 PNG, RGBA, genuine transparent background. No text, numerals, labels, logos or watermark.",作成済み,,references/invidious.png
truss.png,縛り上げる,縛り上げる,"Subject: Tying a chicken securely for roasting.

Composition: Show an adult cook tying kitchen twine around a prepared whole chicken on a cutting board. The wings are tucked against the body and the crossed drumsticks are held together by the loop; both hands pull the loose ends into a knot, with no live animal or graphic preparation.

Style: Use the attached invidious.png for drawing style only. Match its thick rounded dark-brown contours, simplified rounded shapes, and restrained 2D cartoon shading. Do not copy the reference subject or composition.

Framing: One compact composition, with the complete subject using about 80-90% of the square. Keep everything inside the frame.

Output: 512x512 PNG, RGBA, genuine transparent background. No text, numerals, labels, logos or watermark.",作成済み,,references/invidious.png
uninhabited.png,居住者のいない、無人の,居住者のいない,"Subject: An island with no inhabitants.

Composition: Show a small isolated rocky island with wind-bent grass, a few palm trees, and empty sandy coves surrounded by sea. There are no houses, boats, paths, smoke, people, or human belongings; keep the entire coastline visible so the absence of settlement is readable at a glance.

Style: Use the attached invidious.png for drawing style only. Match its thick rounded dark-brown contours, simplified rounded shapes, and restrained 2D cartoon shading. Do not copy the reference subject or composition.

Framing: One compact composition, with the complete subject using about 80-90% of the square. Keep everything inside the frame.

Output: 512x512 PNG, RGBA, genuine transparent background. No text, numerals, labels, logos or watermark.",作成済み,,references/invidious.png
vehemence.png,激しさ,激しさ,"Subject: Expressing a forceful opinion with intense emotion.

Composition: Show an adult standing at a meeting table, leaning forward with a tightly focused face and one clenched fist planted firmly on the tabletop. The other hand makes a strong open gesture toward attentive listeners; a glass of water remains upright, emphasizing vehemence without violence or destruction.

Style: Use the attached invidious.png for drawing style only. Match its thick rounded dark-brown contours, simplified rounded shapes, and restrained 2D cartoon shading. Do not copy the reference subject or composition.

Framing: One compact composition, with the complete subject using about 80-90% of the square. Keep everything inside the frame.

Output: 512x512 PNG, RGBA, genuine transparent background. No text, numerals, labels, logos or watermark.",作成済み,,references/invidious.png
wake-up.png,目覚め、起きること,目覚め,"Subject: A person waking from sleep.

Composition: Show an adult sitting up in bed at dawn, stretching both arms overhead with sleepy half-open eyes. The blanket falls naturally over the lap, a bedside alarm clock vibrates with small motion marks, and a narrow warm beam enters through the window; omit all clock numerals.

Style: Use the attached invidious.png for drawing style only. Match its thick rounded dark-brown contours, simplified rounded shapes, and restrained 2D cartoon shading. Do not copy the reference subject or composition.

Framing: One compact composition, with the complete subject using about 80-90% of the square. Keep everything inside the frame.

Output: 512x512 PNG, RGBA, genuine transparent background. No text, numerals, labels, logos or watermark.",作成済み,,references/invidious.png
Chevy.png,シェビー,シェビー,"Subject: A classic Chevrolet nicknamed a Chevy.

Composition: Show a complete turquoise-and-white 1957 Chevrolet Bel Air parked on a short driveway, viewed from the rear three-quarter angle. Emphasize its tall rear fins, chrome bumpers, whitewall tires, and broad ribbed rear-quarter trim; keep the windows, four wheels, and body connected while omitting every badge, logo, and word.

Style: Use the attached invidious.png for drawing style only. Match its thick rounded dark-brown contours, simplified rounded shapes, and restrained 2D cartoon shading. Do not copy the reference subject or composition.

Framing: One compact composition, with the complete subject using about 80-90% of the square. Keep everything inside the frame.

Output: 512x512 PNG, RGBA, genuine transparent background. No text, numerals, labels, logos or watermark.",作成済み,,references/invidious.png
Copernicus.png,コペルニクス,コペルニクス,"Subject: Nicolaus Copernicus examining a Sun-centered model.

Composition: Show Copernicus with dark shoulder-length wavy hair, a dark fur-collared coat, and a white shirt, seated at a study table. He points to a parchment diagram with the Sun at the center and Earth on the third circular orbit; use a quill and dividers without a telescope or printed name.

Style: Use the attached invidious.png for drawing style only. Match its thick rounded dark-brown contours, simplified rounded shapes, and restrained 2D cartoon shading. Do not copy the reference subject or composition.

Framing: One compact composition, with the complete subject using about 80-90% of the square. Keep everything inside the frame.

Output: 512x512 PNG, RGBA, genuine transparent background. No text, numerals, labels, logos or watermark.",作成済み,,references/invidious.png
Irma.png,イルマ,イルマ,"Subject: A fictional adult named Irma.

Composition: Show an older adult woman with short silver hair and round glasses standing at a kitchen counter kneading bread dough. Both hands press into the dough, a flour bowl sits safely beside it, and her rolled sleeves and simple apron create a warm everyday portrait without identifying a real person.

Style: Use the attached invidious.png for drawing style only. Match its thick rounded dark-brown contours, simplified rounded shapes, and restrained 2D cartoon shading. Do not copy the reference subject or composition.

Framing: One compact composition, with the complete subject using about 80-90% of the square. Keep everything inside the frame.

Output: 512x512 PNG, RGBA, genuine transparent background. No text, numerals, labels, logos or watermark.",作成済み,,references/invidious.png
Pericles.png,ペリクレス,ペリクレス,"Subject: Pericles addressing an Athenian assembly.

Composition: Show the bearded Athenian statesman Pericles in a draped cloak and Corinthian helmet pushed back above his forehead. He stands on a low stone speaking platform with one open hand raised toward seated citizens, while the other holds the cloak; keep the full classical figure visible and omit inscriptions.

Style: Use the attached invidious.png for drawing style only. Match its thick rounded dark-brown contours, simplified rounded shapes, and restrained 2D cartoon shading. Do not copy the reference subject or composition.

Framing: One compact composition, with the complete subject using about 80-90% of the square. Keep everything inside the frame.

Output: 512x512 PNG, RGBA, genuine transparent background. No text, numerals, labels, logos or watermark.",作成済み,,references/invidious.png
Porte.png,ポルト,ポルト,"Subject: The Ottoman central government known as the Porte.

Composition: Show a nineteenth-century Ottoman grand vizier in a fez and formal frock coat receiving a diplomat’s sealed dispatch across a substantial office desk. Two similarly dressed ministers stand beside him in an Ottoman state chamber with tall arched windows; keep the scene about official government business, without city-name lettering.

Style: Use the attached invidious.png for drawing style only. Match its thick rounded dark-brown contours, simplified rounded shapes, and restrained 2D cartoon shading. Do not copy the reference subject or composition.

Framing: One compact composition, with the complete subject using about 80-90% of the square. Keep everything inside the frame.

Output: 512x512 PNG, RGBA, genuine transparent background. No text, numerals, labels, logos or watermark.",作成済み,,references/invidious.png
Vichy.png,ビシー,ビシー,"Subject: Vichy as a French spa town.

Composition: Show Vichy’s light-colored Célestins spring pavilion nestled beside a rocky rise and landscaped park. An adult visitor fills a drinking glass from a bronze fountain tap beneath the pavilion’s curved sheltered frontage; connect the spring building and tree-lined path in one compact spa-town view, without commercial water labels.

Style: Use the attached invidious.png for drawing style only. Match its thick rounded dark-brown contours, simplified rounded shapes, and restrained 2D cartoon shading. Do not copy the reference subject or composition.

Framing: One compact composition, with the complete subject using about 80-90% of the square. Keep everything inside the frame.

Output: 512x512 PNG, RGBA, genuine transparent background. No text, numerals, labels, logos or watermark.",作成済み,,references/invidious.png
acquittal.png,無罪判決,無罪判決,"Subject: A defendant released after a not-guilty decision.

Composition: Show a fictional judge concluding a hearing while a relieved defendant stands beside their lawyer. A court officer opens the courtroom barrier to let the defendant leave, and the lawyer offers a reassuring hand; include no verdict text or accusation.

Style: Use the attached invidious.png for drawing style only. Match its thick rounded dark-brown contours, simplified rounded shapes, and restrained 2D cartoon shading. Do not copy the reference subject or composition.

Framing: One compact composition, with the complete subject using about 80-90% of the square. Keep everything inside the frame.

Output: 512x512 PNG, RGBA, genuine transparent background. No text, explanatory labels, speech balloons or bubbles, numerals, logos or watermark.",作成済み,,references/invidious.png
afoot.png,徒歩で,徒歩で,"Subject: Travelling on foot.

Composition: Show an adult traveller walking along a country path with a small backpack and sturdy boots, one foot lifting into the next stride. An empty bicycle rack stands near the path entrance, but no vehicle carries the traveller; keep the complete walking body and its natural shadow grounded.

Style: Use the attached invidious.png for drawing style only. Match its thick rounded dark-brown contours, simplified rounded shapes, and restrained 2D cartoon shading. Do not copy the reference subject or composition.

Framing: One compact composition, with the complete subject using about 80-90% of the square. Keep everything inside the frame.

Output: 512x512 PNG, RGBA, genuine transparent background. No text, numerals, labels, logos or watermark.",作成済み,,references/invidious.png
aristocrat.png,貴族階級の人,貴族階級の人,"Subject: A member of the hereditary aristocracy.

Composition: Show a fictional eighteenth-century nobleman in a richly embroidered coat, lace cuffs, and buckled shoes receiving a visitor in a manor entrance hall. A small rank coronet rests on a velvet cushion beside him, and a servant holds the door; keep the nobleman upright and dignified without a royal throne.

Style: Use the attached invidious.png for drawing style only. Match its thick rounded dark-brown contours, simplified rounded shapes, and restrained 2D cartoon shading. Do not copy the reference subject or composition.

Framing: One compact composition, with the complete subject using about 80-90% of the square. Keep everything inside the frame.

Output: 512x512 PNG, RGBA, genuine transparent background. No text, numerals, labels, logos or watermark.",作成済み,,references/invidious.png
asceticism.png,禁欲、苦行生活,禁欲,"Subject: A life of deliberate material self-denial.

Composition: Show an adult ascetic seated cross-legged on a plain straw mat in a sparse cell, wearing a simple robe. The only possessions are a small wooden bowl, a water jug, and a folded blanket; the calm expression and intentionally bare surroundings convey disciplined simplicity without injury or starvation imagery.

Style: Use the attached invidious.png for drawing style only. Match its thick rounded dark-brown contours, simplified rounded shapes, and restrained 2D cartoon shading. Do not copy the reference subject or composition.

Framing: One compact composition, with the complete subject using about 80-90% of the square. Keep everything inside the frame.

Output: 512x512 PNG, RGBA, genuine transparent background. No text, numerals, labels, logos or watermark.",作成済み,,references/invidious.png
beneficent.png,慈善心に富む,慈善心に富む,"Subject: Generously providing practical help to someone in need.

Composition: Show an adult volunteer kneeling to place a warm blanket around a shivering adult at a shelter entrance. A bowl of soup waits on a nearby bench, and the recipient accepts it with relief; keep the giver’s face gentle and the assistance respectful, with no publicity or identifying labels.

Style: Use the attached invidious.png for drawing style only. Match its thick rounded dark-brown contours, simplified rounded shapes, and restrained 2D cartoon shading. Do not copy the reference subject or composition.

Framing: One compact composition, with the complete subject using about 80-90% of the square. Keep everything inside the frame.

Output: 512x512 PNG, RGBA, genuine transparent background. No text, numerals, labels, logos or watermark.",作成済み,,references/invidious.png
cardinality.png,濃度,濃度,"Subject: The number of elements in a mathematical set.

Composition: Show a teacher at a small board pointing to one drawn set containing exactly three distinct colored circles. Beside it write only “|A| = 3”, with “A” placed by the set boundary; a seated student counts the three circles on the fingers, emphasizing set size rather than liquid concentration.

Style: Use the attached invidious.png for drawing style only. Match its thick rounded dark-brown contours, simplified rounded shapes, and restrained 2D cartoon shading. Do not copy the reference subject or composition.

Framing: One compact composition, with the complete subject using about 80-90% of the square. Keep everything inside the frame.

Output: 512x512 PNG, RGBA, genuine transparent background. Allow only “A” and “|A| = 3”, essential mathematical notation for the number of set elements. No incidental labels, logos or watermark.",作成済み,,references/invidious.png
cha.png,茶、あがり,茶,"Subject: A cup of hot Japanese tea.

Composition: Show a handleless ceramic yunomi filled with clear green tea resting on a small wooden tray beside a side-handled kyusu teapot. A faint wisp of steam rises from the cup, and the teapot spout points toward it; keep the vessels whole and omit written characters or food packaging.

Style: Use the attached invidious.png for drawing style only. Match its thick rounded dark-brown contours, simplified rounded shapes, and restrained 2D cartoon shading. Do not copy the reference subject or composition.

Framing: One compact composition, with the complete subject using about 80-90% of the square. Keep everything inside the frame.

Output: 512x512 PNG, RGBA, genuine transparent background. No text, numerals, labels, logos or watermark.",作成済み,,references/invidious.png
cholinergic.png,アセチルコリンの,アセチルコリンの,"Subject: Acetylcholine released at a cholinergic synapse.

Composition: Show a clean enlarged synapse model with a nerve terminal releasing small transmitter tokens toward receptors on the facing membrane. Put the exact structural formula “CH3–C(=O)–O–CH2–CH2–N+(CH3)3” on the model’s base to identify the tokens; keep the cleft between membranes and the vesicles inside the terminal.

Style: Use the attached invidious.png for drawing style only. Match its thick rounded dark-brown contours, simplified rounded shapes, and restrained 2D cartoon shading. Do not copy the reference subject or composition.

Framing: One compact composition, with the complete subject using about 80-90% of the square. Keep everything inside the frame.

Output: 512x512 PNG, RGBA, genuine transparent background. Allow only “CH3–C(=O)–O–CH2–CH2–N+(CH3)3”, the essential acetylcholine structural formula; no word labels. No incidental labels, logos or watermark.",作成済み,,references/invidious.png
coloration.png,着色、配色,着色,"Subject: Applying color to a previously pale object.

Composition: Show an adult potter painting vivid blue glaze onto one side of a plain white ceramic bowl on a worktable. The brush touches the surface at the boundary between colored and uncolored clay, while the other hand holds the bowl steady; keep the glaze jar open beside the bowl.

Style: Use the attached invidious.png for drawing style only. Match its thick rounded dark-brown contours, simplified rounded shapes, and restrained 2D cartoon shading. Do not copy the reference subject or composition.

Framing: One compact composition, with the complete subject using about 80-90% of the square. Keep everything inside the frame.

Output: 512x512 PNG, RGBA, genuine transparent background. No text, numerals, labels, logos or watermark.",作成済み,,references/invidious.png
conservatory.png,保存の,保存の,"Subject: Protective treatment preserving a fragile old object.

Composition: Show a museum conservator carefully laying acid-free tissue over an old textile inside a shallow archival box. One hand smooths the tissue and the other steadies the fabric edge; the box has a fitted lid waiting beside it, emphasizing protective preservation rather than a greenhouse or music school.

Style: Use the attached invidious.png for drawing style only. Match its thick rounded dark-brown contours, simplified rounded shapes, and restrained 2D cartoon shading. Do not copy the reference subject or composition.

Framing: One compact composition, with the complete subject using about 80-90% of the square. Keep everything inside the frame.

Output: 512x512 PNG, RGBA, genuine transparent background. No text, numerals, labels, logos or watermark.",作成済み,,references/invidious.png
crescendo.png,クレッシェンド,クレッシェンド,"Subject: Music gradually increasing in volume.

Composition: Show an adult violinist playing beside a music stand while a conductor slowly raises both hands outward and upward to request more volume. On the score allow one clear widening hairpin mark beneath a short row of plain noteheads; keep the instrument supported beneath the chin and the bow touching strings.

Style: Use the attached invidious.png for drawing style only. Match its thick rounded dark-brown contours, simplified rounded shapes, and restrained 2D cartoon shading. Do not copy the reference subject or composition.

Framing: One compact composition, with the complete subject using about 80-90% of the square. Keep everything inside the frame.

Output: 512x512 PNG, RGBA, genuine transparent background. Allow the widening crescendo hairpin and essential musical noteheads on the score; no written musical terms or dynamic letters. No incidental labels, logos or watermark.",作成済み,,references/invidious.png
defile@de-gwhi.png,縦列で進む、峡谷,縦列で進む,"Subject: Walking through a narrow gap in single file.

Composition: Show four hikers moving one behind another through a narrow rocky passage, each placing boots on the same winding trail. The lead hiker is emerging into open ground while the others remain evenly spaced in the cleft; keep their order unmistakably single-file with no side-by-side pair.

Style: Use the attached invidious.png for drawing style only. Match its thick rounded dark-brown contours, simplified rounded shapes, and restrained 2D cartoon shading. Do not copy the reference subject or composition.

Framing: One compact composition, with the complete subject using about 80-90% of the square. Keep everything inside the frame.

Output: 512x512 PNG, RGBA, genuine transparent background. No text, numerals, labels, logos or watermark.",作成済み,,references/invidious.png
detonation.png,爆発,爆発,"Subject: A sudden burst from a controlled rock demolition.

Composition: Show a distant compact quarry face at the instant a controlled blast sends a short cloud of dust and small rock fragments outward. A helmeted worker watches from behind a solid protective barrier well outside the blast area; show no explosive devices, wiring, triggering instructions, or injuries.

Style: Use the attached invidious.png for drawing style only. Match its thick rounded dark-brown contours, simplified rounded shapes, and restrained 2D cartoon shading. Do not copy the reference subject or composition.

Framing: One compact composition, with the complete subject using about 80-90% of the square. Keep everything inside the frame.

Output: 512x512 PNG, RGBA, genuine transparent background. No text, numerals, labels, logos or watermark.",作成済み,,references/invidious.png
diploid.png,二倍性の,二倍性の,"Subject: A cell carrying two complete chromosome sets.

Composition: Show one enlarged teaching-model cell whose nucleus contains exactly six simple chromosome rods: two long, two medium, and two short. In each matching pair one rod is red and the other blue, indicating parental sets; keep them separate rather than fused into X-shapes and place only “2n = 6” on the base.

Style: Use the attached invidious.png for drawing style only. Match its thick rounded dark-brown contours, simplified rounded shapes, and restrained 2D cartoon shading. Do not copy the reference subject or composition.

Framing: One compact composition, with the complete subject using about 80-90% of the square. Keep everything inside the frame.

Output: 512x512 PNG, RGBA, genuine transparent background. Allow only “2n = 6”, essential notation for the simplified two-set chromosome model. No incidental labels, logos or watermark.",作成済み,,references/invidious.png
discoloration.png,変色すること,変色すること,"Subject: A fabric changing color unevenly.

Composition: Show an adult lifting a once-white cotton shirt from a laundry basin and discovering a pale pink stain spreading through the fabric. A red sock is partly visible in the same wash water, and the person looks dismayed; keep the shirt as one continuous garment with a clear changed-color patch.

Style: Use the attached invidious.png for drawing style only. Match its thick rounded dark-brown contours, simplified rounded shapes, and restrained 2D cartoon shading. Do not copy the reference subject or composition.

Framing: One compact composition, with the complete subject using about 80-90% of the square. Keep everything inside the frame.

Output: 512x512 PNG, RGBA, genuine transparent background. No text, numerals, labels, logos or watermark.",作成済み,,references/invidious.png
disjointed.png,支離滅裂な,支離滅裂な,"Subject: A speech whose ideas fail to connect.

Composition: Show an adult speaking at a small meeting table while listeners exchange confused looks. The speaker’s speech balloon contains three disconnected little pictures, a fish, a clock, and a boot, each separated by empty space; keep them inside that one balloon rather than turning the full image into a collage.

Style: Use the attached invidious.png for drawing style only. Match its thick rounded dark-brown contours, simplified rounded shapes, and restrained 2D cartoon shading. Do not copy the reference subject or composition.

Framing: One compact composition, with the complete subject using about 80-90% of the square. Keep everything inside the frame.

Output: 512x512 PNG, RGBA, genuine transparent background. No text, numerals, labels, logos or watermark.",作成済み,,references/invidious.png
endometrium.png,子宮内膜,子宮内膜,"Subject: The inner tissue lining of the uterus.

Composition: Show a clean frontal cutaway anatomical model of a uterus on a stable stand, including the tubes ending in open fimbriae near separate ovaries, the cervix, and a short upper vaginal segment. Highlight only the soft inner lining around the uterine cavity in warm pink, leaving the thicker muscular wall muted and all passageways anatomically continuous.

Style: Use the attached invidious.png for drawing style only. Match its thick rounded dark-brown contours, simplified rounded shapes, and restrained 2D cartoon shading. Do not copy the reference subject or composition.

Framing: One compact composition, with the complete subject using about 80-90% of the square. Keep everything inside the frame.

Output: 512x512 PNG, RGBA, genuine transparent background. No text, numerals, labels, logos or watermark.",作成済み,,references/invidious.png
eulogy.png,賛辞,賛辞,"Subject: A heartfelt spoken tribute to a respected person.

Composition: Show an adult speaker standing beside a framed portrait at a small memorial gathering, one hand over the heart and the other holding a short note. The listeners bow their heads appreciatively, and a flower arrangement rests below the portrait; keep the tribute respectful without readable praise or a visible body.

Style: Use the attached invidious.png for drawing style only. Match its thick rounded dark-brown contours, simplified rounded shapes, and restrained 2D cartoon shading. Do not copy the reference subject or composition.

Framing: One compact composition, with the complete subject using about 80-90% of the square. Keep everything inside the frame.

Output: 512x512 PNG, RGBA, genuine transparent background. No text, numerals, labels, logos or watermark.",作成済み,,references/invidious.png
felicity.png,至福,至福,"Subject: A moment of deep contented happiness.

Composition: Show an adult resting in a hammock under a flowering tree, eyes softly closed with a peaceful broad smile while a small cat sleeps on the lap. Both ends of the hammock are securely tied to sturdy supports, and a mild breeze moves a few petals through the compact garden scene.

Style: Use the attached invidious.png for drawing style only. Match its thick rounded dark-brown contours, simplified rounded shapes, and restrained 2D cartoon shading. Do not copy the reference subject or composition.

Framing: One compact composition, with the complete subject using about 80-90% of the square. Keep everything inside the frame.

Output: 512x512 PNG, RGBA, genuine transparent background. No text, numerals, labels, logos or watermark.",作成済み,,references/invidious.png
floppy.png,柔軟な、柔らかい,柔軟な,"Subject: A soft object that flops under its own weight.

Composition: Show an adult holding a floppy wide-brimmed cloth hat by one edge, letting the crown and opposite brim droop downward. The other hand rests open beneath it without supporting the fabric; emphasize soft folds and sagging shape while keeping the whole person and hat visible.

Style: Use the attached invidious.png for drawing style only. Match its thick rounded dark-brown contours, simplified rounded shapes, and restrained 2D cartoon shading. Do not copy the reference subject or composition.

Framing: One compact composition, with the complete subject using about 80-90% of the square. Keep everything inside the frame.

Output: 512x512 PNG, RGBA, genuine transparent background. No text, numerals, labels, logos or watermark.",作成済み,,references/invidious.png
frosted.png,霜でおおわれた. 霜の降りた,霜でおおわれた,"Subject: A leaf covered with frost crystals.

Composition: Show a low living plant on a small winter ground patch, its broad leaves coated along their edges and veins with delicate white frost crystals. A few bare green areas remain visible beneath the coating; keep the leaves attached to the stem and distinguish fine ice from thick snow or cake icing.

Style: Use the attached invidious.png for drawing style only. Match its thick rounded dark-brown contours, simplified rounded shapes, and restrained 2D cartoon shading. Do not copy the reference subject or composition.

Framing: One compact composition, with the complete subject using about 80-90% of the square. Keep everything inside the frame.

Output: 512x512 PNG, RGBA, genuine transparent background. No text, numerals, labels, logos or watermark.",作成済み,,references/invidious.png
gourmet.png,グルメ、食通,グルメ,"Subject: A knowledgeable diner carefully tasting fine food.

Composition: Show an adult diner thoughtfully tasting a small forkful from a carefully plated meal of seared fish, vegetables, and sauce. The diner pauses with a discerning expression while the chef waits attentively beside the table; keep the portions small and the focus on evaluation rather than overeating.

Style: Use the attached invidious.png for drawing style only. Match its thick rounded dark-brown contours, simplified rounded shapes, and restrained 2D cartoon shading. Do not copy the reference subject or composition.

Framing: One compact composition, with the complete subject using about 80-90% of the square. Keep everything inside the frame.

Output: 512x512 PNG, RGBA, genuine transparent background. No text, numerals, labels, logos or watermark.",作成済み,,references/invidious.png
gravelly.png,砂利の、砂利混じりの,砂利の,"Subject: A path containing abundant small stones.

Composition: Show an adult gardener dragging a rake across a short garden path densely mixed with small rounded gray and brown pebbles. The rake leaves shallow furrows among the stones, and both hands grip the handle; expose enough compacted earth between pebbles to make a gravelly surface rather than solid rock.

Style: Use the attached invidious.png for drawing style only. Match its thick rounded dark-brown contours, simplified rounded shapes, and restrained 2D cartoon shading. Do not copy the reference subject or composition.

Framing: One compact composition, with the complete subject using about 80-90% of the square. Keep everything inside the frame.

Output: 512x512 PNG, RGBA, genuine transparent background. No text, numerals, labels, logos or watermark.",作成済み,,references/invidious.png
hexane.png,ヘキサン,ヘキサン,"Subject: A sample of straight-chain hexane.

Composition: Show a sealed clear laboratory bottle containing colorless liquid on a bench beside a supported structure card. The card displays only “CH3–CH2–CH2–CH2–CH2–CH3”, six carbon groups in one continuous chain; keep the bottle closed and omit flames, smell lines, brand text, or handling advice.

Style: Use the attached invidious.png for drawing style only. Match its thick rounded dark-brown contours, simplified rounded shapes, and restrained 2D cartoon shading. Do not copy the reference subject or composition.

Framing: One compact composition, with the complete subject using about 80-90% of the square. Keep everything inside the frame.

Output: 512x512 PNG, RGBA, genuine transparent background. Allow only “CH3–CH2–CH2–CH2–CH2–CH3”, the essential straight-chain structural formula distinguishing the liquid. No incidental labels, logos or watermark.",作成済み,,references/invidious.png
horticultural.png,園芸の,園芸の,"Subject: Cultivating ornamental garden plants.

Composition: Show an adult gardener kneeling beside a raised flower bed, carefully setting a young flowering plant into a prepared hole. One hand supports the root ball and the other draws loose soil around it; a trowel, watering can, and seedling tray rest together on the path within reach.

Style: Use the attached invidious.png for drawing style only. Match its thick rounded dark-brown contours, simplified rounded shapes, and restrained 2D cartoon shading. Do not copy the reference subject or composition.

Framing: One compact composition, with the complete subject using about 80-90% of the square. Keep everything inside the frame.

Output: 512x512 PNG, RGBA, genuine transparent background. No text, numerals, labels, logos or watermark.",作成済み,,references/invidious.png
illiteracy.png,読み書きのできないこと、非識字,読み書きのできないこと,"Subject: An adult receiving help with basic reading and writing.

Composition: Show an adult at a community learning table holding a pencil uncertainly above a simple form while a patient tutor points through a beginner workbook. All marks are nonlegible, and the adult is treated respectfully with no written self-report or inference about intelligence.

Style: Use the attached invidious.png for drawing style only. Match its thick rounded dark-brown contours, simplified rounded shapes, and restrained 2D cartoon shading. Do not copy the reference subject or composition.

Framing: One compact composition, with the complete subject using about 80-90% of the square. Keep everything inside the frame.

Output: 512x512 PNG, RGBA, genuine transparent background. No text, explanatory labels, speech balloons or bubbles, numerals, logos or watermark.",作成済み,,references/invidious.png
inbound.png,入ってくる、到着する,入ってくる,"Subject: A vehicle arriving at its destination.

Composition: Show a small passenger bus turning into a terminal bay with its front approaching the waiting platform. Two travellers with bags look toward the incoming bus, and its front wheels align with the bay’s curb; keep the complete bus visible with no readable route signs or outgoing traffic.

Style: Use the attached invidious.png for drawing style only. Match its thick rounded dark-brown contours, simplified rounded shapes, and restrained 2D cartoon shading. Do not copy the reference subject or composition.

Framing: One compact composition, with the complete subject using about 80-90% of the square. Keep everything inside the frame.

Output: 512x512 PNG, RGBA, genuine transparent background. No text, numerals, labels, logos or watermark.",作成済み,,references/invidious.png
inconspicuous.png,目立たない、影の薄い,目立たない,"Subject: An unobtrusive object blending into its surroundings.

Composition: Show a small plain gray wall-mounted service box almost blending into a larger gray masonry wall while a passerby walks past without noticing it. Give the box only a subtle seam and tiny handle, with no bright colors or labels; keep the passerby and wall segment in one compact scene.

Style: Use the attached invidious.png for drawing style only. Match its thick rounded dark-brown contours, simplified rounded shapes, and restrained 2D cartoon shading. Do not copy the reference subject or composition.

Framing: One compact composition, with the complete subject using about 80-90% of the square. Keep everything inside the frame.

Output: 512x512 PNG, RGBA, genuine transparent background. No text, numerals, labels, logos or watermark.",作成済み,,references/invidious.png
incursion.png,侵入,侵入,"Subject: An armed group making a brief border incursion.

Composition: Show three fictional soldiers slipping through a narrow gap in a broken border fence into a guarded field beyond. A watchtower stands inside the territory and one sentry turns in surprise; keep weapons lowered and emphasize the unauthorized crossing without combat, national flags, or modern real-world factions.

Style: Use the attached invidious.png for drawing style only. Match its thick rounded dark-brown contours, simplified rounded shapes, and restrained 2D cartoon shading. Do not copy the reference subject or composition.

Framing: One compact composition, with the complete subject using about 80-90% of the square. Keep everything inside the frame.

Output: 512x512 PNG, RGBA, genuine transparent background. No text, numerals, labels, logos or watermark.",作成済み,,references/invidious.png
inflationary.png,インフレを誘発する、インフレの,インフレを誘発する,"Subject: Spending pressure that pushes prices upward.

Composition: Show a busy produce stall where many shoppers hold money toward a small remaining pile of apples. The seller replaces a price card marked ""100"" with one marked ""150"", linking strong demand and scarce goods to upward price pressure in a simplified economic scene.

Style: Use the attached invidious.png for drawing style only. Match its thick rounded dark-brown contours, simplified rounded shapes, and restrained 2D cartoon shading. Do not copy the reference subject or composition.

Framing: One compact composition, with the complete subject using about 80-90% of the square. Keep everything inside the frame.

Output: 512x512 PNG, RGBA, genuine transparent background. Allow only the two meaningful price figures ""100"" and ""150"". No incidental labels, logos or watermark.",作成済み,,references/invidious.png
lard.png,ラード、豚脂,ラード,"Subject: Rendered pork fat used as lard.

Composition: Show an opaque white mound of cooled lard in a small ceramic crock on a kitchen worktop, with a spoon resting in the smooth fat. A small pan containing rendered pork-fat pieces stands behind it, linking the white cooking fat to its source without a live pig or branded packaging.

Style: Use the attached invidious.png for drawing style only. Match its thick rounded dark-brown contours, simplified rounded shapes, and restrained 2D cartoon shading. Do not copy the reference subject or composition.

Framing: One compact composition, with the complete subject using about 80-90% of the square. Keep everything inside the frame.

Output: 512x512 PNG, RGBA, genuine transparent background. No text, numerals, labels, logos or watermark.",作成済み,,references/invidious.png
masturbation.png,自慰,自慰,"Subject: A neutral non-graphic adult health-education scene.

Composition: Show one adult seated privately on a bed, fully covered from shoulders to feet by a plain blanket, with both hands concealed at the lap and a calm neutral posture. Keep all anatomy and movement hidden, with no erotic framing, arousal cue, dialogue, or exposed body parts.

Style: Use the attached invidious.png for drawing style only. Match its thick rounded dark-brown contours, simplified rounded shapes, and restrained 2D cartoon shading. Do not copy the reference subject or composition.

Framing: One compact composition, with the complete subject using about 80-90% of the square. Keep everything inside the frame.

Output: 512x512 PNG, RGBA, genuine transparent background. No text, explanatory labels, speech balloons or bubbles, numerals, logos or watermark.",作成済み,,references/invidious.png
meritorious.png,称賛に値する,称賛に値する,"Subject: An action deserving public appreciation.

Composition: Show an adult who has just returned a lost wallet intact to its relieved owner beside a park bench. The owner holds the wallet open with its banknotes still inside while another passerby applauds; the honest finder smiles modestly with empty hands, making the commendable act visible.

Style: Use the attached invidious.png for drawing style only. Match its thick rounded dark-brown contours, simplified rounded shapes, and restrained 2D cartoon shading. Do not copy the reference subject or composition.

Framing: One compact composition, with the complete subject using about 80-90% of the square. Keep everything inside the frame.

Output: 512x512 PNG, RGBA, genuine transparent background. No text, numerals, labels, logos or watermark.",作成済み,,references/invidious.png
mishap.png,災難,災難,"Subject: A small unfortunate accident.

Composition: Show an adult carrying a laundry basket after catching one foot on a rug edge, spilling clean socks onto the floor. The person catches balance against a sturdy chair with the free hand; keep the mishap minor and non-injurious, with the basket, falling clothes, and tripping point clearly connected.

Style: Use the attached invidious.png for drawing style only. Match its thick rounded dark-brown contours, simplified rounded shapes, and restrained 2D cartoon shading. Do not copy the reference subject or composition.

Framing: One compact composition, with the complete subject using about 80-90% of the square. Keep everything inside the frame.

Output: 512x512 PNG, RGBA, genuine transparent background. No text, numerals, labels, logos or watermark.",作成済み,,references/invidious.png
modulator.png,調節する人,調節する人,"Subject: A person carefully adjusting a machine’s output.

Composition: Show an adult audio technician standing at a mixing desk, turning one physical volume knob while listening through connected headphones. The other hand rests beside a row of sliders and a nearby speaker emits small sound-wave arcs; emphasize the attentive human operator doing the adjustment rather than an electronic component.

Style: Use the attached invidious.png for drawing style only. Match its thick rounded dark-brown contours, simplified rounded shapes, and restrained 2D cartoon shading. Do not copy the reference subject or composition.

Framing: One compact composition, with the complete subject using about 80-90% of the square. Keep everything inside the frame.

Output: 512x512 PNG, RGBA, genuine transparent background. No text, numerals, labels, logos or watermark.",作成済み,,references/invidious.png
non-stop.png,直行の,直行の,"Subject: A journey continuing directly to its destination.

Composition: Show a passenger train gliding through a small intermediate station without opening its doors, continuing toward a distant main terminal visible down the same track. A waiting passenger watches it pass from behind the safety line; keep motion arcs on the wheels and no departure boards or readable destination names.

Style: Use the attached invidious.png for drawing style only. Match its thick rounded dark-brown contours, simplified rounded shapes, and restrained 2D cartoon shading. Do not copy the reference subject or composition.

Framing: One compact composition, with the complete subject using about 80-90% of the square. Keep everything inside the frame.

Output: 512x512 PNG, RGBA, genuine transparent background. No text, numerals, labels, logos or watermark.",作成済み,,references/invidious.png
oligarchy.png,寡頭政治,寡頭政治,"Subject: Government controlled by a small ruling group.

Composition: Show three wealthy fictional rulers seated together behind a high council table, making a decision over a city model while ordinary citizens wait outside a low barrier. Only the three rulers hold decision tokens, and the citizens have none; keep the political power imbalance clear without ethnic caricatures or real insignia.

Style: Use the attached invidious.png for drawing style only. Match its thick rounded dark-brown contours, simplified rounded shapes, and restrained 2D cartoon shading. Do not copy the reference subject or composition.

Framing: One compact composition, with the complete subject using about 80-90% of the square. Keep everything inside the frame.

Output: 512x512 PNG, RGBA, genuine transparent background. No text, numerals, labels, logos or watermark.",作成済み,,references/invidious.png
perjury.png,偽証,偽証,"Subject: False sworn testimony contradicted by evidence.

Composition: Show a fictional courtroom witness raising one hand under oath while denying with a headshake and pointing away from a warehouse photograph. A security-camera still on a supported screen clearly shows that same person inside the warehouse, while the judge notices the contradiction; no words appear.

Style: Use the attached invidious.png for drawing style only. Match its thick rounded dark-brown contours, simplified rounded shapes, and restrained 2D cartoon shading. Do not copy the reference subject or composition.

Framing: One compact composition, with the complete subject using about 80-90% of the square. Keep everything inside the frame.

Output: 512x512 PNG, RGBA, genuine transparent background. No text, explanatory labels, speech balloons or bubbles, numerals, logos or watermark.",作成済み,,references/invidious.png
potash.png,炭酸カリウム,炭酸カリウム,"Subject: White potassium carbonate in a chemical sample jar.

Composition: Show a tightly capped glass sample jar containing white granular potassium carbonate beside a small shallow sample dish on a laboratory bench. Mark the jar only “K2CO3” and leave a few crystals visible in the dish; keep the container plain and avoid substituting a generic fertilizer sack.

Style: Use the attached invidious.png for drawing style only. Match its thick rounded dark-brown contours, simplified rounded shapes, and restrained 2D cartoon shading. Do not copy the reference subject or composition.

Framing: One compact composition, with the complete subject using about 80-90% of the square. Keep everything inside the frame.

Output: 512x512 PNG, RGBA, genuine transparent background. Allow only “K2CO3”, the essential formula identifying the otherwise visually nonspecific salt. No incidental labels, logos or watermark.",作成済み,,references/invidious.png
purr.png,喉を鳴らす、満足げな様子を示す,喉を鳴らす,"Subject: A contented cat purring.

Composition: Show a relaxed cat curled on the lap of a fully visible seated adult, eyes half closed and forepaws gently kneading a blanket. The person strokes the cat’s neck with one hand, while small soft vibration arcs radiate from the throat; keep the mouth closed and omit written sound effects.

Style: Use the attached invidious.png for drawing style only. Match its thick rounded dark-brown contours, simplified rounded shapes, and restrained 2D cartoon shading. Do not copy the reference subject or composition.

Framing: One compact composition, with the complete subject using about 80-90% of the square. Keep everything inside the frame.

Output: 512x512 PNG, RGBA, genuine transparent background. No text, numerals, labels, logos or watermark.",作成済み,,references/invidious.png
resplendent.png,輝く,輝く,"Subject: A peacock with resplendent iridescent plumage.

Composition: Show one full peacock standing with its tail spread into a broad fan. Saturated emerald, blue and gold feathers catch distinct bright highlights; retain the complete feet, crest and fan tips, with the bird's gleaming plumage dominating the scene.

Style: Use the attached invidious.png for drawing style only. Match its thick rounded dark-brown contours, simplified rounded shapes, and restrained 2D cartoon shading. Do not copy the reference subject or composition.

Framing: One compact composition, with the complete subject using about 80-90% of the square. Keep everything inside the frame.

Output: 512x512 PNG, RGBA, genuine transparent background. No text, numerals, labels, logos or watermark.",作成済み,,references/invidious.png
stupendous.png,並みはずれた,並みはずれた,"Subject: A pumpkin of astonishing size at a harvest show.

Composition: Show a farmer standing beside a single pumpkin taller than the farmer's waist and wider than an ordinary wheelbarrow parked alongside it. The farmer spreads both arms in amazement; keep the huge pumpkin, person and wheelbarrow on the same ground.

Style: Use the attached invidious.png for drawing style only. Match its thick rounded dark-brown contours, simplified rounded shapes, and restrained 2D cartoon shading. Do not copy the reference subject or composition.

Framing: One compact composition, with the complete subject using about 80-90% of the square. Keep everything inside the frame.

Output: 512x512 PNG, RGBA, genuine transparent background. No text, numerals, labels, logos or watermark.",作成済み,,references/invidious.png
summative.png,累積的な,累積的な,"Subject: Savings increasing through successive additions to one jar.

Composition: Show a child dropping another coin through the slot of a transparent savings jar already filled with many overlapping coins. A small remaining stack waits beside the jar, and the descending coin joins the existing collection rather than replacing it.

Style: Use the attached invidious.png for drawing style only. Match its thick rounded dark-brown contours, simplified rounded shapes, and restrained 2D cartoon shading. Do not copy the reference subject or composition.

Framing: One compact composition, with the complete subject using about 80-90% of the square. Keep everything inside the frame.

Output: 512x512 PNG, RGBA, genuine transparent background. No text, numerals, labels, logos or watermark.",作成済み,,references/invidious.png
three-way.png,3方向,3方向,"Subject: A country path branching in three directions.

Composition: Show a single Y-shaped junction from an elevated angle, with three gravel paths meeting at one central patch. One path enters from below and the other two leave toward opposite upper corners; low grass clearly separates the three arms.

Style: Use the attached invidious.png for drawing style only. Match its thick rounded dark-brown contours, simplified rounded shapes, and restrained 2D cartoon shading. Do not copy the reference subject or composition.

Framing: One compact composition, with the complete subject using about 80-90% of the square. Keep everything inside the frame.

Output: 512x512 PNG, RGBA, genuine transparent background. No text, numerals, labels, logos or watermark.",作成済み,,references/invidious.png
typhus.png,発疹チフス,発疹チフス,"Subject: A patient with the fever and trunk rash of epidemic typhus.

Composition: Show an adult resting on a clinic bed with flushed cheeks, a damp forehead and a scattered dull-red rash across the exposed upper torso. A clinician examines the rash while a folded shirt with lice in its seam rests in a separate examination tray; keep the scene clinical.

Style: Use the attached invidious.png for drawing style only. Match its thick rounded dark-brown contours, simplified rounded shapes, and restrained 2D cartoon shading. Do not copy the reference subject or composition.

Framing: One compact composition, with the complete subject using about 80-90% of the square. Keep everything inside the frame.

Output: 512x512 PNG, RGBA, genuine transparent background. No text, numerals, labels, logos or watermark.",作成済み,,references/invidious.png
unaccustomed.png,不慣れな,不慣れな,"Subject: A beginner struggling to use chopsticks.

Composition: Show an adult at a table awkwardly gripping two chopsticks with an uneven crossing grip. A dumpling slips back onto the plate while the person frowns in concentration; keep both hands, the entire chopsticks and plate visible.

Style: Use the attached invidious.png for drawing style only. Match its thick rounded dark-brown contours, simplified rounded shapes, and restrained 2D cartoon shading. Do not copy the reference subject or composition.

Framing: One compact composition, with the complete subject using about 80-90% of the square. Keep everything inside the frame.

Output: 512x512 PNG, RGBA, genuine transparent background. No text, numerals, labels, logos or watermark.",作成済み,,references/invidious.png
Argus.png,アルゴス,アルゴス,"Subject: Argus Panoptes, the many-eyed giant guarding Io.

Composition: Show a full-bodied ancient Greek giant in a short belted tunic standing beside a white heifer tethered to an olive tree. Many small eyes cover his exposed forehead, arms and legs, with some closed and others watching; his hand holds the tether slack.

Style: Use the attached invidious.png for drawing style only. Match its thick rounded dark-brown contours, simplified rounded shapes, and restrained 2D cartoon shading. Do not copy the reference subject or composition.

Framing: One compact composition, with the complete subject using about 80-90% of the square. Keep everything inside the frame.

Output: 512x512 PNG, RGBA, genuine transparent background. No text, numerals, labels, logos or watermark.",作成済み,,references/invidious.png
Chanel.png,シャネル,シャネル,"Subject: Gabrielle Coco Chanel working as a fashion designer.

Composition: Show mature Gabrielle Chanel with short dark waved hair, a black tailored outfit and layered pearl necklaces beside a dressmaker's mannequin. She adjusts the collar of a simple tweed jacket using both hands; keep her recognizable face, full figure and mannequin stand visible.

Style: Use the attached invidious.png for drawing style only. Match its thick rounded dark-brown contours, simplified rounded shapes, and restrained 2D cartoon shading. Do not copy the reference subject or composition.

Framing: One compact composition, with the complete subject using about 80-90% of the square. Keep everything inside the frame.

Output: 512x512 PNG, RGBA, genuine transparent background. No text, numerals, labels, logos or watermark.",作成済み,,references/invidious.png
Endymion.png,エンディミオン,エンディミオン,"Subject: Endymion sleeping beneath the moon goddess Selene.

Composition: Show a handsome young adult shepherd in an ancient Greek tunic sleeping peacefully on a rock ledge, his entire body supported by the ledge. Selene stands nearby in flowing robes with a crescent above her brow, gazing gently at him; a shepherd's crook rests beside him.

Style: Use the attached invidious.png for drawing style only. Match its thick rounded dark-brown contours, simplified rounded shapes, and restrained 2D cartoon shading. Do not copy the reference subject or composition.

Framing: One compact composition, with the complete subject using about 80-90% of the square. Keep everything inside the frame.

Output: 512x512 PNG, RGBA, genuine transparent background. No text, numerals, labels, logos or watermark.",作成済み,,references/invidious.png
Hippocrates.png,ヒッポクラテス,ヒッポクラテス,"Subject: Hippocrates examining a patient in ancient Greece.

Composition: Show an elderly balding Greek physician with a full gray beard and simple draped robe seated beside an adult patient. He feels the patient's wrist with two fingers while observing the patient's face; a rolled papyrus and ceramic medicine bowl rest on a low stool.

Style: Use the attached invidious.png for drawing style only. Match its thick rounded dark-brown contours, simplified rounded shapes, and restrained 2D cartoon shading. Do not copy the reference subject or composition.

Framing: One compact composition, with the complete subject using about 80-90% of the square. Keep everything inside the frame.

Output: 512x512 PNG, RGBA, genuine transparent background. No text, numerals, labels, logos or watermark.",作成済み,,references/invidious.png
Maltese.png,マルタ島の人、マルタ語,マルタ島の人,"Subject: A Maltese resident on a Valletta doorstep.

Composition: Show a present-day Maltese adult standing comfortably at the doorway of a warm limestone house, watering a potted geranium. An enclosed green wooden balcony projects above on stone brackets, grounding the person in a recognizable Maltese streetscape without costume caricature.

Style: Use the attached invidious.png for drawing style only. Match its thick rounded dark-brown contours, simplified rounded shapes, and restrained 2D cartoon shading. Do not copy the reference subject or composition.

Framing: One compact composition, with the complete subject using about 80-90% of the square. Keep everything inside the frame.

Output: 512x512 PNG, RGBA, genuine transparent background. No text, numerals, labels, logos or watermark.",作成済み,,references/invidious.png
Rus.png,ロシア,ロシア,"Subject: Russia through the distinctive architecture of Saint Basil's Cathedral.

Composition: Show Saint Basil's Cathedral as one compact architectural scene, with its red brick base, clustered patterned onion domes and tall central spire. A short snowy plaza and a single bundled pedestrian establish scale while keeping the cathedral dominant.

Style: Use the attached invidious.png for drawing style only. Match its thick rounded dark-brown contours, simplified rounded shapes, and restrained 2D cartoon shading. Do not copy the reference subject or composition.

Framing: One compact composition, with the complete subject using about 80-90% of the square. Keep everything inside the frame.

Output: 512x512 PNG, RGBA, genuine transparent background. No text, numerals, labels, logos or watermark.",作成済み,,references/invidious.png
Siamese.png,シャムの,シャムの,"Subject: Traditional Siamese architecture at Wat Arun.

Composition: Show the richly decorated central prang of Bangkok's Wat Arun rising above its stepped base, with smaller surrounding prangs and a short stretch of the Chao Phraya riverbank. Emphasize the tall tapering spire and porcelain-like floral surface patterns.

Style: Use the attached invidious.png for drawing style only. Match its thick rounded dark-brown contours, simplified rounded shapes, and restrained 2D cartoon shading. Do not copy the reference subject or composition.

Framing: One compact composition, with the complete subject using about 80-90% of the square. Keep everything inside the frame.

Output: 512x512 PNG, RGBA, genuine transparent background. No text, numerals, labels, logos or watermark.",作成済み,,references/invidious.png
arbiter.png,調停者、裁定人,調停者,"Subject: A mediator settling a disagreement between two neighbors.

Composition: Show two tense neighbors seated on opposite sides of a small table while a calm mediator sits between them. The mediator lays one open hand toward each person and guides their attention to a shared fence plan on the table; the neighbors begin listening.

Style: Use the attached invidious.png for drawing style only. Match its thick rounded dark-brown contours, simplified rounded shapes, and restrained 2D cartoon shading. Do not copy the reference subject or composition.

Framing: One compact composition, with the complete subject using about 80-90% of the square. Keep everything inside the frame.

Output: 512x512 PNG, RGBA, genuine transparent background. No text, numerals, labels, logos or watermark.",作成済み,,references/invidious.png
blister.png,水ぶくれ,水ぶくれ,"Subject: A clear friction blister on a heel.

Composition: Show a seated adult with one bare foot resting side-on on a low padded stool, making the heel prominent. A small raised translucent fluid-filled blister sits on the back of the heel, beside the removed shoe; keep the skin intact and the person fully visible.

Style: Use the attached invidious.png for drawing style only. Match its thick rounded dark-brown contours, simplified rounded shapes, and restrained 2D cartoon shading. Do not copy the reference subject or composition.

Framing: One compact composition, with the complete subject using about 80-90% of the square. Keep everything inside the frame.

Output: 512x512 PNG, RGBA, genuine transparent background. No text, numerals, labels, logos or watermark.",作成済み,,references/invidious.png
calcareous.png,石灰質の、炭酸カルシウムの,石灰質の,"Subject: A pale limestone rock rich in calcium carbonate.

Composition: Show one large cream-colored limestone specimen resting on a low geological display base. A freshly broken face exposes fine chalky texture and embedded pale shell fragments; retain the natural irregular shape and a little matching pale powder at its base.

Style: Use the attached invidious.png for drawing style only. Match its thick rounded dark-brown contours, simplified rounded shapes, and restrained 2D cartoon shading. Do not copy the reference subject or composition.

Framing: One compact composition, with the complete subject using about 80-90% of the square. Keep everything inside the frame.

Output: 512x512 PNG, RGBA, genuine transparent background. No text, numerals, labels, logos or watermark.",作成済み,,references/invidious.png
clam.png,ハマグリ、アサリ,ハマグリ,"Subject: A hard clam with its paired shells slightly open.

Composition: Show one whole hard clam resting on a small patch of damp sand. Its thick cream-and-brown shells meet along a hinge and gape slightly at the front, exposing the pale soft body within; add concentric growth ridges rather than a scallop's radiating ribs.

Style: Use the attached invidious.png for drawing style only. Match its thick rounded dark-brown contours, simplified rounded shapes, and restrained 2D cartoon shading. Do not copy the reference subject or composition.

Framing: One compact composition, with the complete subject using about 80-90% of the square. Keep everything inside the frame.

Output: 512x512 PNG, RGBA, genuine transparent background. No text, numerals, labels, logos or watermark.",作成済み,,references/invidious.png
contemptible.png,いやしむべき,いやしむべき,"Subject: A contemptible act of stealing from a charity collection.

Composition: Show an adult furtively pocketing coins from a donation bowl beside a food-distribution counter while a volunteer's back is turned. The thief looks sideways with a sly expression; untouched meal bowls and a waiting elderly visitor make the selfish act clear.

Style: Use the attached invidious.png for drawing style only. Match its thick rounded dark-brown contours, simplified rounded shapes, and restrained 2D cartoon shading. Do not copy the reference subject or composition.

Framing: One compact composition, with the complete subject using about 80-90% of the square. Keep everything inside the frame.

Output: 512x512 PNG, RGBA, genuine transparent background. No text, numerals, labels, logos or watermark.",作成済み,,references/invidious.png
domino.png,ドミノ牌,ドミノ牌,"Subject: A single domino game tile.

Composition: Show one ivory rectangular domino lying at a slight angle on its long edge, supported by a tabletop. Its face has a central dividing line and two groups of round black pips, three on one half and five on the other.

Style: Use the attached invidious.png for drawing style only. Match its thick rounded dark-brown contours, simplified rounded shapes, and restrained 2D cartoon shading. Do not copy the reference subject or composition.

Framing: One compact composition, with the complete subject using about 80-90% of the square. Keep everything inside the frame.

Output: 512x512 PNG, RGBA, genuine transparent background. No text, numerals, labels, logos or watermark.",作成済み,,references/invidious.png
emaciated.png,やせ衰えた,やせ衰えた,"Subject: An adult weakened by severe weight loss.

Composition: Show a fully clothed adult seated on a clinic chair with very thin arms, hollow cheeks and loose clothing hanging from narrow shoulders. Both feet rest on the floor and both hands lie tiredly in the lap; keep the portrayal compassionate and non-graphic.

Style: Use the attached invidious.png for drawing style only. Match its thick rounded dark-brown contours, simplified rounded shapes, and restrained 2D cartoon shading. Do not copy the reference subject or composition.

Framing: One compact composition, with the complete subject using about 80-90% of the square. Keep everything inside the frame.

Output: 512x512 PNG, RGBA, genuine transparent background. No text, numerals, labels, logos or watermark.",作成済み,,references/invidious.png
encapsulate.png,カプセルに包む、要約する,カプセルに包む,"Subject: Powder being enclosed inside a two-part capsule.

Composition: Show a pharmacist seated at a clean workbench, holding the two halves of one capsule above a tray. One half contains powder, and the empty cap is aligned directly over its opening, ready to slide closed; keep both hands connected to the fully visible pharmacist.

Style: Use the attached invidious.png for drawing style only. Match its thick rounded dark-brown contours, simplified rounded shapes, and restrained 2D cartoon shading. Do not copy the reference subject or composition.

Framing: One compact composition, with the complete subject using about 80-90% of the square. Keep everything inside the frame.

Output: 512x512 PNG, RGBA, genuine transparent background. No text, numerals, labels, logos or watermark.",作成済み,,references/invidious.png
granny.png,おばあちゃん、おばあさん,おばあちゃん,"Subject: A grandmother sharing a quiet moment with her grandchild.

Composition: Show a gray-haired grandmother seated in a comfortable chair while her young grandchild leans against her knee. She gently adjusts the child's knitted scarf with both hands, smiling warmly; retain their full bodies and the chair's supporting legs.

Style: Use the attached invidious.png for drawing style only. Match its thick rounded dark-brown contours, simplified rounded shapes, and restrained 2D cartoon shading. Do not copy the reference subject or composition.

Framing: One compact composition, with the complete subject using about 80-90% of the square. Keep everything inside the frame.

Output: 512x512 PNG, RGBA, genuine transparent background. No text, numerals, labels, logos or watermark.",作成済み,,references/invidious.png
hesitancy.png,ためらい、ちゅうちょ,ためらい,"Subject: A hesitant person about to knock on a door.

Composition: Show an adult standing before a closed door with one hand raised inches from its surface. Their shoulders draw inward, their weight shifts backward and their eyebrows tighten with uncertainty; the other hand grips a small wrapped gift against the waist.

Style: Use the attached invidious.png for drawing style only. Match its thick rounded dark-brown contours, simplified rounded shapes, and restrained 2D cartoon shading. Do not copy the reference subject or composition.

Framing: One compact composition, with the complete subject using about 80-90% of the square. Keep everything inside the frame.

Output: 512x512 PNG, RGBA, genuine transparent background. No text, numerals, labels, logos or watermark.",作成済み,,references/invidious.png
hoe.png,鍬,鍬,"Subject: A gardener using a hoe to remove weeds.

Composition: Show a gardener holding a long wooden hoe with both hands, its flat transverse metal blade contacting soil beside a vegetable row. A small uprooted weed lies at the blade, and the gardener's feet stand clear of the working edge.

Style: Use the attached invidious.png for drawing style only. Match its thick rounded dark-brown contours, simplified rounded shapes, and restrained 2D cartoon shading. Do not copy the reference subject or composition.

Framing: One compact composition, with the complete subject using about 80-90% of the square. Keep everything inside the frame.

Output: 512x512 PNG, RGBA, genuine transparent background. No text, numerals, labels, logos or watermark.",作成済み,,references/invidious.png
horoscope.png,ホロスコープ,ホロスコープ,"Subject: An astrological birth chart being examined at a desk.

Composition: Show one round horoscope chart lying flat on a wooden desk. Divide its rim into twelve sectors containing small zodiac pictures, with intersecting colored aspect lines across the center; a simple brass pointer rests on one sector, with no hand or person needed.

Style: Use the attached invidious.png for drawing style only. Match its thick rounded dark-brown contours, simplified rounded shapes, and restrained 2D cartoon shading. Do not copy the reference subject or composition.

Framing: One compact composition, with the complete subject using about 80-90% of the square. Keep everything inside the frame.

Output: 512x512 PNG, RGBA, genuine transparent background. No text, numerals, labels, logos or watermark.",作成済み,,references/invidious.png
hubris.png,傲慢,傲慢,"Subject: An overconfident champion dismissing a challenger.

Composition: Show a richly dressed fencer standing upright with chin raised and a smug smile, waving away a modestly dressed opponent's offered practice foil. The boastful fencer's own foil points safely downward; the opponent stands calmly ready, with both full figures visible.

Style: Use the attached invidious.png for drawing style only. Match its thick rounded dark-brown contours, simplified rounded shapes, and restrained 2D cartoon shading. Do not copy the reference subject or composition.

Framing: One compact composition, with the complete subject using about 80-90% of the square. Keep everything inside the frame.

Output: 512x512 PNG, RGBA, genuine transparent background. No text, numerals, labels, logos or watermark.",作成済み,,references/invidious.png
igneous.png,火成の,火成の,"Subject: Igneous rock forming beside cooling lava.

Composition: Show a small volcanic outcrop where a thick tongue of orange lava has developed a dark rough solid crust. At the cooler front, an angular piece of black basalt rests against the hardened flow, connecting the stone directly to its molten origin.

Style: Use the attached invidious.png for drawing style only. Match its thick rounded dark-brown contours, simplified rounded shapes, and restrained 2D cartoon shading. Do not copy the reference subject or composition.

Framing: One compact composition, with the complete subject using about 80-90% of the square. Keep everything inside the frame.

Output: 512x512 PNG, RGBA, genuine transparent background. No text, numerals, labels, logos or watermark.",作成済み,,references/invidious.png
indifferently.png,差別せずに、無感動に,差別せずに,"Subject: Treating people without discrimination.

Composition: Show a volunteer offering equal bowls of soup to three adults of different ages and appearances at one serving table. Each receives the same portion and the same welcoming attention, making impartial treatment clear rather than emotional apathy.

Style: Use the attached invidious.png for drawing style only. Match its thick rounded dark-brown contours, simplified rounded shapes, and restrained 2D cartoon shading. Do not copy the reference subject or composition.

Framing: One compact composition, with the complete subject using about 80-90% of the square. Keep everything inside the frame.

Output: 512x512 PNG, RGBA, genuine transparent background. No text, numerals, labels, logos or watermark.",作成済み,,references/invidious.png
insecticide.png,殺虫剤,殺虫剤,"Subject: An insecticide spray being applied to an indoor cockroach.

Composition: Show a fully visible adult crouching beside a baseboard, wearing gloves and holding a plain aerosol can toward one cockroach. A narrow mist reaches the overturned insect on the floor; keep the nozzle and spray path clear, with no food or people in the spray.

Style: Use the attached invidious.png for drawing style only. Match its thick rounded dark-brown contours, simplified rounded shapes, and restrained 2D cartoon shading. Do not copy the reference subject or composition.

Framing: One compact composition, with the complete subject using about 80-90% of the square. Keep everything inside the frame.

Output: 512x512 PNG, RGBA, genuine transparent background. No text, numerals, labels, logos or watermark.",作成済み,,references/invidious.png
intro.png,イントロ、出だし,イントロ,"Subject: The opening musical passage before a singer begins.

Composition: Show a pianist playing the first bars at a small performance while a singer stands beside the piano with lips closed and microphone lowered. The singer watches the pianist and waits for the cue; keep the keyboard, pedals and both full figures connected naturally.

Style: Use the attached invidious.png for drawing style only. Match its thick rounded dark-brown contours, simplified rounded shapes, and restrained 2D cartoon shading. Do not copy the reference subject or composition.

Framing: One compact composition, with the complete subject using about 80-90% of the square. Keep everything inside the frame.

Output: 512x512 PNG, RGBA, genuine transparent background. No text, numerals, labels, logos or watermark.",作成済み,,references/invidious.png
jigsaw.png,ジグソー,ジグソー,"Subject: A handheld jigsaw cutting a curved line in plywood.

Composition: Show a craftsperson holding a powered jigsaw by its top handle with the baseplate flat on a clamped plywood sheet. The narrow blade passes vertically through the wood along a gentle curved cut; the free hand remains safely away from the blade.

Style: Use the attached invidious.png for drawing style only. Match its thick rounded dark-brown contours, simplified rounded shapes, and restrained 2D cartoon shading. Do not copy the reference subject or composition.

Framing: One compact composition, with the complete subject using about 80-90% of the square. Keep everything inside the frame.

Output: 512x512 PNG, RGBA, genuine transparent background. No text, numerals, labels, logos or watermark.",作成済み,,references/invidious.png
kink.png,ねじれ、よじれ,ねじれ,"Subject: A sharp kink stopping water in a garden hose.

Composition: Show a green garden hose looped on a small patch of lawn with one section bent back into a tight flattened crease. Its nozzle lies nearby releasing only a few drops, while the kink remains the largest and clearest feature.

Style: Use the attached invidious.png for drawing style only. Match its thick rounded dark-brown contours, simplified rounded shapes, and restrained 2D cartoon shading. Do not copy the reference subject or composition.

Framing: One compact composition, with the complete subject using about 80-90% of the square. Keep everything inside the frame.

Output: 512x512 PNG, RGBA, genuine transparent background. No text, numerals, labels, logos or watermark.",作成済み,,references/invidious.png
leaden.png,鉛製の、鉛色の,鉛製の,"Subject: A dull gray lead fishing sinker.

Composition: Show one heavy pear-shaped lead fishing weight on a workbench, with a small metal eye embedded securely in its narrow end. Emphasize its matte blue-gray surface, soft dents and squat density; a short fishing line is tied through the eye.

Style: Use the attached invidious.png for drawing style only. Match its thick rounded dark-brown contours, simplified rounded shapes, and restrained 2D cartoon shading. Do not copy the reference subject or composition.

Framing: One compact composition, with the complete subject using about 80-90% of the square. Keep everything inside the frame.

Output: 512x512 PNG, RGBA, genuine transparent background. No text, numerals, labels, logos or watermark.",作成済み,,references/invidious.png
lovable.png,愛らしい、かわいい,愛らしい,"Subject: An affectionate puppy inviting a cuddle.

Composition: Show one small fluffy puppy sitting with its front paws together, head slightly tilted and eyes looking warmly upward. Its ears flop softly and its tail curls close beside the hind paws; keep the puppy alone, with its entire affectionate body and face clearly visible.

Style: Use the attached invidious.png for drawing style only. Match its thick rounded dark-brown contours, simplified rounded shapes, and restrained 2D cartoon shading. Do not copy the reference subject or composition.

Framing: One compact composition, with the complete subject using about 80-90% of the square. Keep everything inside the frame.

Output: 512x512 PNG, RGBA, genuine transparent background. No text, numerals, labels, logos or watermark.",作成済み,,references/invidious.png
manna.png,マナ,マナ,"Subject: Biblical manna gathered from the desert ground.

Composition: Show an ancient Israelite traveler kneeling on a sandy patch at dawn and gathering tiny white flaky granules into a shallow basket. The granules lie like a thin frost across the ground; a simple tent and empty clay pot stand close behind.

Style: Use the attached invidious.png for drawing style only. Match its thick rounded dark-brown contours, simplified rounded shapes, and restrained 2D cartoon shading. Do not copy the reference subject or composition.

Framing: One compact composition, with the complete subject using about 80-90% of the square. Keep everything inside the frame.

Output: 512x512 PNG, RGBA, genuine transparent background. No text, numerals, labels, logos or watermark.",作成済み,,references/invidious.png
mechanized.png,機械化された,機械化された,"Subject: A mechanized farm harvest.

Composition: Show a combine harvester moving through a short strip of ripe wheat with its header gathering stalks at the front. Cut stubble remains immediately behind it, and its unloading auger extends above a grain trailer traveling alongside; all wheels meet the ground.

Style: Use the attached invidious.png for drawing style only. Match its thick rounded dark-brown contours, simplified rounded shapes, and restrained 2D cartoon shading. Do not copy the reference subject or composition.

Framing: One compact composition, with the complete subject using about 80-90% of the square. Keep everything inside the frame.

Output: 512x512 PNG, RGBA, genuine transparent background. No text, numerals, labels, logos or watermark.",作成済み,,references/invidious.png
membranous.png,膜質の、膜形成性の,膜質の,"Subject: The thin membranous wings of a dragonfly.

Composition: Show one dragonfly perched on a reed with four long transparent wings spread from the thorax in two distinct pairs. Fine branching veins support each thin wing membrane, and the reed is faintly visible through the nearest wing.

Style: Use the attached invidious.png for drawing style only. Match its thick rounded dark-brown contours, simplified rounded shapes, and restrained 2D cartoon shading. Do not copy the reference subject or composition.

Framing: One compact composition, with the complete subject using about 80-90% of the square. Keep everything inside the frame.

Output: 512x512 PNG, RGBA, genuine transparent background. No text, numerals, labels, logos or watermark.",作成済み,,references/invidious.png
meniscus.png,半月板,半月板,"Subject: The menisci cushioning a knee joint.

Composition: Show one anatomical knee model with the femur above the tibia and the joint gently opened for visibility. Two blue-gray crescent-shaped cartilage cushions rest on the tibial plateau beneath the femoral condyles; the fibula remains at the outer side.

Style: Use the attached invidious.png for drawing style only. Match its thick rounded dark-brown contours, simplified rounded shapes, and restrained 2D cartoon shading. Do not copy the reference subject or composition.

Framing: One compact composition, with the complete subject using about 80-90% of the square. Keep everything inside the frame.

Output: 512x512 PNG, RGBA, genuine transparent background. No text, numerals, labels, logos or watermark.",作成済み,,references/invidious.png
mulch.png,マルチ,マルチ,"Subject: A protective layer of wood-chip mulch around a shrub.

Composition: Show a gardener spreading coarse brown wood chips around a small planted shrub with a short rake. The mulch covers the surrounding soil but leaves a clear ring around the stem; a partly emptied wheelbarrow stands alongside the same planting bed.

Style: Use the attached invidious.png for drawing style only. Match its thick rounded dark-brown contours, simplified rounded shapes, and restrained 2D cartoon shading. Do not copy the reference subject or composition.

Framing: One compact composition, with the complete subject using about 80-90% of the square. Keep everything inside the frame.

Output: 512x512 PNG, RGBA, genuine transparent background. No text, numerals, labels, logos or watermark.",作成済み,,references/invidious.png
non-violent.png,非暴力の,非暴力の,"Subject: A peaceful protester meeting hostility without striking back.

Composition: Show a protester standing with empty open hands raised at chest level while an angry adult confronts them with clenched fists. The protester's posture is steady and calm, and a seated companion also keeps both palms open; no contact or weapons appear.

Style: Use the attached invidious.png for drawing style only. Match its thick rounded dark-brown contours, simplified rounded shapes, and restrained 2D cartoon shading. Do not copy the reference subject or composition.

Framing: One compact composition, with the complete subject using about 80-90% of the square. Keep everything inside the frame.

Output: 512x512 PNG, RGBA, genuine transparent background. No text, numerals, labels, logos or watermark.",作成済み,,references/invidious.png
omnibus.png,乗合馬車,乗合馬車,"Subject: A nineteenth-century horse-drawn omnibus.

Composition: Show a boxy nineteenth-century passenger carriage with side windows, rear boarding steps and large spoked wheels. A pair of horses pull through harness traces attached to the carriage pole; the seated driver holds reins connected to their bridles, and two passengers appear through the windows.

Style: Use the attached invidious.png for drawing style only. Match its thick rounded dark-brown contours, simplified rounded shapes, and restrained 2D cartoon shading. Do not copy the reference subject or composition.

Framing: One compact composition, with the complete subject using about 80-90% of the square. Keep everything inside the frame.

Output: 512x512 PNG, RGBA, genuine transparent background. No text, numerals, labels, logos or watermark.",作成済み,,references/invidious.png
opportune.png,適切な,適切な,"Subject: An umbrella offered at just the right moment.

Composition: Show rain beginning to fall as a pedestrian steps out of a doorway carrying papers. A nearby friend immediately holds an open umbrella over both heads; the papers remain dry beneath it while fresh drops strike the exposed paving outside.

Style: Use the attached invidious.png for drawing style only. Match its thick rounded dark-brown contours, simplified rounded shapes, and restrained 2D cartoon shading. Do not copy the reference subject or composition.

Framing: One compact composition, with the complete subject using about 80-90% of the square. Keep everything inside the frame.

Output: 512x512 PNG, RGBA, genuine transparent background. No text, numerals, labels, logos or watermark.",作成済み,,references/invidious.png
payer.png,支払人,支払人,"Subject: A customer paying for a meal.

Composition: Show a diner seated beside a finished meal, extending a payment card toward a handheld terminal offered by a server. The card is still in the diner's hand, aligned with the terminal; the server supports the device steadily with one hand.

Style: Use the attached invidious.png for drawing style only. Match its thick rounded dark-brown contours, simplified rounded shapes, and restrained 2D cartoon shading. Do not copy the reference subject or composition.

Framing: One compact composition, with the complete subject using about 80-90% of the square. Keep everything inside the frame.

Output: 512x512 PNG, RGBA, genuine transparent background. No text, numerals, labels, logos or watermark.",作成済み,,references/invidious.png
pervert.png,歪める,歪める,"Subject: A corrupt judge distorting the course of justice.

Composition: Show a robed judge behind a courtroom bench secretly accepting a pouch of coins from a wealthy litigant. With the other hand the judge pushes away a plainly dressed petitioner's evidence folder without reading it, making the entrusted judicial role serve the briber instead.

Style: Use the attached invidious.png for drawing style only. Match its thick rounded dark-brown contours, simplified rounded shapes, and restrained 2D cartoon shading. Do not copy the reference subject or composition.

Framing: One compact composition, with the complete subject using about 80-90% of the square. Keep everything inside the frame.

Output: 512x512 PNG, RGBA, genuine transparent background. No text, numerals, labels, logos or watermark.",作成済み,,references/invidious.png
phoenix.png,不死鳥、フェニックス,不死鳥,"Subject: A phoenix rising from the ashes.

Composition: Show a magnificent red-and-gold bird lifting both wings as it emerges alive from a small mound of gray ashes and glowing embers. Its long tail sweeps upward without touching the fire, and its complete talons are visible above the ash mound.

Style: Use the attached invidious.png for drawing style only. Match its thick rounded dark-brown contours, simplified rounded shapes, and restrained 2D cartoon shading. Do not copy the reference subject or composition.

Framing: One compact composition, with the complete subject using about 80-90% of the square. Keep everything inside the frame.

Output: 512x512 PNG, RGBA, genuine transparent background. No text, numerals, labels, logos or watermark.",作成済み,,references/invidious.png
plaintive.png,悲しげな,悲しげな,"Subject: A dog giving a plaintive howl beside a closed gate.

Composition: Show a small dog sitting beside a shut garden gate with muzzle raised, ears drooping and eyes wistful. Its mouth opens in a gentle howl while its tail rests low on the ground; no other animal distracts from the lonely posture.

Style: Use the attached invidious.png for drawing style only. Match its thick rounded dark-brown contours, simplified rounded shapes, and restrained 2D cartoon shading. Do not copy the reference subject or composition.

Framing: One compact composition, with the complete subject using about 80-90% of the square. Keep everything inside the frame.

Output: 512x512 PNG, RGBA, genuine transparent background. No text, numerals, labels, logos or watermark.",作成済み,,references/invidious.png
promiscuous.png,乱交の,乱交の,"Subject: A neutral adult sexual-health history discussion.

Composition: Show a fully clothed adult in a private clinic reviewing an unlettered relationship-history chart with several adult partner portraits while a clinician listens neutrally. Keep the chart clinical and the scene nonjudgmental, with no intimacy, nudity, sexual act, or verbal confession.

Style: Use the attached invidious.png for drawing style only. Match its thick rounded dark-brown contours, simplified rounded shapes, and restrained 2D cartoon shading. Do not copy the reference subject or composition.

Framing: One compact composition, with the complete subject using about 80-90% of the square. Keep everything inside the frame.

Output: 512x512 PNG, RGBA, genuine transparent background. No text, explanatory labels, speech balloons or bubbles, numerals, logos or watermark.",作成済み,,references/invidious.png
reinvent.png,再発明する、新たに考案する,再発明する,"Subject: An inventor independently rebuilding an already familiar mechanism.

Composition: Show an excited inventor at a workbench unveiling a newly assembled wooden mousetrap with a spring bar. An ordinary working mousetrap of the same mechanism already sits beside the invention, overlooked; the inventor proudly presents the redundant new device with an open palm.

Style: Use the attached invidious.png for drawing style only. Match its thick rounded dark-brown contours, simplified rounded shapes, and restrained 2D cartoon shading. Do not copy the reference subject or composition.

Framing: One compact composition, with the complete subject using about 80-90% of the square. Keep everything inside the frame.

Output: 512x512 PNG, RGBA, genuine transparent background. No text, numerals, labels, logos or watermark.",作成済み,,references/invidious.png
resale.png,再販売、転売,再販売,"Subject: A used bicycle being sold to a new owner.

Composition: Show one adult handing a worn but clean bicycle to another in exchange for cash. The seller releases the handlebar as the buyer grips it, and visible scuffs and a repaired saddle establish that the bicycle has already been used.

Style: Use the attached invidious.png for drawing style only. Match its thick rounded dark-brown contours, simplified rounded shapes, and restrained 2D cartoon shading. Do not copy the reference subject or composition.

Framing: One compact composition, with the complete subject using about 80-90% of the square. Keep everything inside the frame.

Output: 512x512 PNG, RGBA, genuine transparent background. No text, numerals, labels, logos or watermark.",作成済み,,references/invidious.png
restful.png,静穏な、リラックスした気分にさせる,静穏な,"Subject: A restful shaded garden seat.

Composition: Show a reclining adult in a cushioned garden chair beneath a leafy branch, eyes closed and shoulders relaxed. A small side table supports a cool drink, and a folded blanket rests over the person's knees; keep the scene quiet and compact.

Style: Use the attached invidious.png for drawing style only. Match its thick rounded dark-brown contours, simplified rounded shapes, and restrained 2D cartoon shading. Do not copy the reference subject or composition.

Framing: One compact composition, with the complete subject using about 80-90% of the square. Keep everything inside the frame.

Output: 512x512 PNG, RGBA, genuine transparent background. No text, numerals, labels, logos or watermark.",作成済み,,references/invidious.png
shingles.png,帯状疱疹,帯状疱疹,"Subject: A shingles rash confined to one side of an adult's torso.

Composition: Show an adult seated on an examination stool with the side of a loose shirt lifted to reveal one narrow curved band of small clustered blisters along the left ribs. The rash stops before the body's midline; a clinician looks closely without touching it.

Style: Use the attached invidious.png for drawing style only. Match its thick rounded dark-brown contours, simplified rounded shapes, and restrained 2D cartoon shading. Do not copy the reference subject or composition.

Framing: One compact composition, with the complete subject using about 80-90% of the square. Keep everything inside the frame.

Output: 512x512 PNG, RGBA, genuine transparent background. No text, numerals, labels, logos or watermark.",作成済み,,references/invidious.png
shrapnel.png,爆弾の金属片、銃弾の破片,爆弾の金属片,"Subject: Jagged metal fragments from an exploded shell.

Composition: Show a broken empty artillery-shell casing resting in a shallow impact crater with several irregular sharp metal fragments scattered immediately around it. The pieces match the torn edges of the casing; retain a quiet aftermath with no people, fire or active explosion.

Style: Use the attached invidious.png for drawing style only. Match its thick rounded dark-brown contours, simplified rounded shapes, and restrained 2D cartoon shading. Do not copy the reference subject or composition.

Framing: One compact composition, with the complete subject using about 80-90% of the square. Keep everything inside the frame.

Output: 512x512 PNG, RGBA, genuine transparent background. No text, numerals, labels, logos or watermark.",作成済み,,references/invidious.png
stalemate.png,引き分け,引き分け,"Subject: A chess game ending in a genuine stalemate.

Composition: Show a chessboard on a table with only a black king on h8, a white king on f7 and a white queen on g6, with Black to move. Two players calmly shake hands above the board; use the correct alternating squares and no coordinate lettering.

Style: Use the attached invidious.png for drawing style only. Match its thick rounded dark-brown contours, simplified rounded shapes, and restrained 2D cartoon shading. Do not copy the reference subject or composition.

Framing: One compact composition, with the complete subject using about 80-90% of the square. Keep everything inside the frame.

Output: 512x512 PNG, RGBA, genuine transparent background. No text, numerals, labels, logos or watermark.",作成済み,,references/invidious.png
surly.png,険悪な,険悪な,"Subject: A surly shopkeeper responding with a scowl.

Composition: Show a shopkeeper behind a small counter leaning forward with folded arms, lowered eyebrows and a tight downturned mouth. A polite customer holds out an empty shopping basket, but the shopkeeper's hostile expression makes the exchange uncomfortable.

Style: Use the attached invidious.png for drawing style only. Match its thick rounded dark-brown contours, simplified rounded shapes, and restrained 2D cartoon shading. Do not copy the reference subject or composition.

Framing: One compact composition, with the complete subject using about 80-90% of the square. Keep everything inside the frame.

Output: 512x512 PNG, RGBA, genuine transparent background. No text, numerals, labels, logos or watermark.",作成済み,,references/invidious.png
tarot.png,タロット占い,タロット占い,"Subject: A fortune-teller reading tarot cards.

Composition: Show a seated reader arranging three illustrated tarot cards face-up on a cloth-covered table for an attentive adult visitor. The cards depict a sun, a moon and a wheeled figure without lettering; the reader's index finger rests beside the middle card.

Style: Use the attached invidious.png for drawing style only. Match its thick rounded dark-brown contours, simplified rounded shapes, and restrained 2D cartoon shading. Do not copy the reference subject or composition.

Framing: One compact composition, with the complete subject using about 80-90% of the square. Keep everything inside the frame.

Output: 512x512 PNG, RGBA, genuine transparent background. No text, numerals, labels, logos or watermark.",作成済み,,references/invidious.png
tawny.png,黄褐色の,黄褐色の,"Subject: The tawny coat of a resting lioness.

Composition: Show one full-bodied lioness resting on a low rock with her front paws extended together. Give her short fur a clear warm golden-brown color, slightly darker along the back and lighter beneath the muzzle; retain the complete tail and paws.

Style: Use the attached invidious.png for drawing style only. Match its thick rounded dark-brown contours, simplified rounded shapes, and restrained 2D cartoon shading. Do not copy the reference subject or composition.

Framing: One compact composition, with the complete subject using about 80-90% of the square. Keep everything inside the frame.

Output: 512x512 PNG, RGBA, genuine transparent background. No text, numerals, labels, logos or watermark.",作成済み,,references/invidious.png
untoward.png,厄介な,厄介な,"Subject: An awkward plumbing problem under a crowded sink.

Composition: Show a homeowner crouching beside an open sink cabinet as a leaking pipe drips into a bucket. A shelf blocks easy access to the loose joint, and the homeowner struggles to fit a wrench around it; keep the pipe connections mechanically coherent.

Style: Use the attached invidious.png for drawing style only. Match its thick rounded dark-brown contours, simplified rounded shapes, and restrained 2D cartoon shading. Do not copy the reference subject or composition.

Framing: One compact composition, with the complete subject using about 80-90% of the square. Keep everything inside the frame.

Output: 512x512 PNG, RGBA, genuine transparent background. No text, numerals, labels, logos or watermark.",作成済み,,references/invidious.png
waterway.png,河川、水路,河川,"Subject: A natural river through the countryside.

Composition: Show a gently curving natural river flowing between grassy banks with small trees. A simple footbridge crosses one narrow section and a small boat rests at the bank; keep the irregular riverbanks natural rather than a stone-lined irrigation canal.

Style: Use the attached invidious.png for drawing style only. Match its thick rounded dark-brown contours, simplified rounded shapes, and restrained 2D cartoon shading. Do not copy the reference subject or composition.

Framing: One compact composition, with the complete subject using about 80-90% of the square. Keep everything inside the frame.

Output: 512x512 PNG, RGBA, genuine transparent background. No text, numerals, labels, logos or watermark.",作成済み,,references/invidious.png
Aquarius.png,みずがめ座,みずがめ座,"Subject: The Aquarius constellation with its water-bearer imagery.

Composition: Show Aquarius as a compact celestial star pattern: a long upper-left arm reaches a central bend, a short branch drops down-left, and a tight four-star Y-shaped Water Jar lies to the right. From the jar, a long line descends to a lower zigzag curling left; a faint jar outline anchors the water-bearer imagery.

Style: Use the attached invidious.png for drawing style only. Match its thick rounded dark-brown contours, simplified rounded shapes, and restrained 2D cartoon shading. Do not copy the reference subject or composition.

Framing: One compact composition, with the complete subject using about 80-90% of the square. Keep everything inside the frame.

Output: 512x512 PNG, RGBA, genuine transparent background. No text, numerals, labels, logos or watermark.",作成済み,,references/invidious.png
Tigris.png,チグリス川,チグリス川,"Subject: The Tigris flowing through Baghdad.

Composition: Show a broad muted-blue river curving through a compact Baghdad riverside scene, with date palms, low sandy buildings and a domed mosque along its banks. A bridge spans the entire channel on piers, and a small round coracle floats near the foreground bank.

Style: Use the attached invidious.png for drawing style only. Match its thick rounded dark-brown contours, simplified rounded shapes, and restrained 2D cartoon shading. Do not copy the reference subject or composition.

Framing: One compact composition, with the complete subject using about 80-90% of the square. Keep everything inside the frame.

Output: 512x512 PNG, RGBA, genuine transparent background. No text, numerals, labels, logos or watermark.",作成済み,,references/invidious.png
allege.png,主張する,主張する,"Subject: Making an accusation not yet established as true.

Composition: Show an adult presenting an empty wallet to a neutral official and pointing toward an absent person’s empty chair. The official listens and takes unreadable notes without endorsing the account; do not show a theft occurring or any written accusation.

Style: Use the attached invidious.png for drawing style only. Match its thick rounded dark-brown contours, simplified rounded shapes, and restrained 2D cartoon shading. Do not copy the reference subject or composition.

Framing: One compact composition, with the complete subject using about 80-90% of the square. Keep everything inside the frame.

Output: 512x512 PNG, RGBA, genuine transparent background. No text, explanatory labels, speech balloons or bubbles, numerals, logos or watermark.",作成済み,,references/invidious.png
altercation.png,口論,口論,"Subject: Two adults having a heated argument.

Composition: Show two adults facing each other across a garden gate, both with open mouths and sharply furrowed brows. One points toward the gate while the other raises an open palm in rebuttal; keep their bodies apart and include no physical attack.

Style: Use the attached invidious.png for drawing style only. Match its thick rounded dark-brown contours, simplified rounded shapes, and restrained 2D cartoon shading. Do not copy the reference subject or composition.

Framing: One compact composition, with the complete subject using about 80-90% of the square. Keep everything inside the frame.

Output: 512x512 PNG, RGBA, genuine transparent background. No text, numerals, labels, logos or watermark.",作成済み,,references/invidious.png
anaphylaxis.png,アナフィラキシー,アナフィラキシー,"Subject: An adult receiving urgent care for anaphylaxis.

Composition: Show an adult reclining with visibly swollen lips, raised red hives on the arms and a distressed breathing posture while a clinician kneels beside them with an adrenaline auto-injector. Keep the injector capped and the scene focused on recognition and urgent care, without procedural detail.

Style: Use the attached invidious.png for drawing style only. Match its thick rounded dark-brown contours, simplified rounded shapes, and restrained 2D cartoon shading. Do not copy the reference subject or composition.

Framing: One compact composition, with the complete subject using about 80-90% of the square. Keep everything inside the frame.

Output: 512x512 PNG, RGBA, genuine transparent background. No text, numerals, labels, logos or watermark.",作成済み,,references/invidious.png
annihilate.png,滅ぼす,滅ぼす,"Subject: An abandoned stone tower destroyed to rubble.

Composition: Show the last short section of a stone tower collapsing inward into a broad heap of shattered masonry. A dust cloud rises immediately from the falling blocks, and only a broken foundation remains standing; no intact neighboring tower or people appear.

Style: Use the attached invidious.png for drawing style only. Match its thick rounded dark-brown contours, simplified rounded shapes, and restrained 2D cartoon shading. Do not copy the reference subject or composition.

Framing: One compact composition, with the complete subject using about 80-90% of the square. Keep everything inside the frame.

Output: 512x512 PNG, RGBA, genuine transparent background. No text, numerals, labels, logos or watermark.",作成済み,,references/invidious.png
astrological.png,占星術の,占星術の,"Subject: An astrologer consulting a zodiac chart.

Composition: Show an astrologer at a desk using a brass pointer on a circular chart divided into twelve sectors with small zodiac pictures. A window shows a crescent moon and several stars, while the reader studies the chart thoughtfully; avoid telescopes or laboratory equipment.

Style: Use the attached invidious.png for drawing style only. Match its thick rounded dark-brown contours, simplified rounded shapes, and restrained 2D cartoon shading. Do not copy the reference subject or composition.

Framing: One compact composition, with the complete subject using about 80-90% of the square. Keep everything inside the frame.

Output: 512x512 PNG, RGBA, genuine transparent background. No text, numerals, labels, logos or watermark.",作成済み,,references/invidious.png
bickering.png,言い争い、口げんか,言い争い,"Subject: Siblings bickering over the last biscuit.

Composition: Show two children seated at a kitchen table, each reaching toward one biscuit on a shared plate while arguing with annoyed expressions. Their free hands gesture at each other, and neither has taken the biscuit; keep the disagreement petty and nonviolent.

Style: Use the attached invidious.png for drawing style only. Match its thick rounded dark-brown contours, simplified rounded shapes, and restrained 2D cartoon shading. Do not copy the reference subject or composition.

Framing: One compact composition, with the complete subject using about 80-90% of the square. Keep everything inside the frame.

Output: 512x512 PNG, RGBA, genuine transparent background. No text, numerals, labels, logos or watermark.",作成済み,,references/invidious.png
blindfold.png,目隠し,目隠し,"Subject: A cloth blindfold covering a person's eyes.

Composition: Show a standing adult in a party game with a wide soft scarf wrapped securely over both eyes and tied behind the head. They cautiously extend both hands forward; keep the nose and mouth unobstructed and both scarf ends visible.

Style: Use the attached invidious.png for drawing style only. Match its thick rounded dark-brown contours, simplified rounded shapes, and restrained 2D cartoon shading. Do not copy the reference subject or composition.

Framing: One compact composition, with the complete subject using about 80-90% of the square. Keep everything inside the frame.

Output: 512x512 PNG, RGBA, genuine transparent background. No text, numerals, labels, logos or watermark.",作成済み,,references/invidious.png
bogus.png,偽の、いんちきの,偽の,"Subject: A counterfeit pearl necklace revealed by peeling coating.

Composition: Show a jeweler holding one strand of imitation pearls above a velvet tray. One bead has a chipped glossy coating that exposes a dull plastic core, and the jeweler examines that bead through a handheld loupe; retain the entire closed strand.

Style: Use the attached invidious.png for drawing style only. Match its thick rounded dark-brown contours, simplified rounded shapes, and restrained 2D cartoon shading. Do not copy the reference subject or composition.

Framing: One compact composition, with the complete subject using about 80-90% of the square. Keep everything inside the frame.

Output: 512x512 PNG, RGBA, genuine transparent background. No text, numerals, labels, logos or watermark.",作成済み,,references/invidious.png
buoy.png,ブイ,ブイ,"Subject: A navigation buoy floating upright in water.

Composition: Show one red conical navigation buoy with a small metal topmark and a broad floating base, bobbing in a compact patch of rippling water. A short visible chain descends from its underside into the water, showing how it is moored.

Style: Use the attached invidious.png for drawing style only. Match its thick rounded dark-brown contours, simplified rounded shapes, and restrained 2D cartoon shading. Do not copy the reference subject or composition.

Framing: One compact composition, with the complete subject using about 80-90% of the square. Keep everything inside the frame.

Output: 512x512 PNG, RGBA, genuine transparent background. No text, numerals, labels, logos or watermark.",作成済み,,references/invidious.png
canister.png,小型の缶、弾筒,小型の缶,"Subject: A cylindrical kitchen storage canister.

Composition: Show one small brushed-metal cylindrical canister on a counter with its fitted lid placed beside it. The open top reveals loose tea leaves within, and the canister has a plain smooth wall and rolled rim without a label.

Style: Use the attached invidious.png for drawing style only. Match its thick rounded dark-brown contours, simplified rounded shapes, and restrained 2D cartoon shading. Do not copy the reference subject or composition.

Framing: One compact composition, with the complete subject using about 80-90% of the square. Keep everything inside the frame.

Output: 512x512 PNG, RGBA, genuine transparent background. No text, numerals, labels, logos or watermark.",作成済み,,references/invidious.png
clean-up.png,クリーンアップ,クリーンアップ,"Subject: Volunteers cleaning litter from a park.

Composition: Show two volunteers wearing gloves gathering litter into one open rubbish bag on a small patch of grass. One uses a litter picker to lift a crushed cup while the other holds the bag mouth open; the cleaned ground behind them is clear.

Style: Use the attached invidious.png for drawing style only. Match its thick rounded dark-brown contours, simplified rounded shapes, and restrained 2D cartoon shading. Do not copy the reference subject or composition.

Framing: One compact composition, with the complete subject using about 80-90% of the square. Keep everything inside the frame.

Output: 512x512 PNG, RGBA, genuine transparent background. No text, numerals, labels, logos or watermark.",作成済み,,references/invidious.png
cleanly.png,きれい好きな、清潔な,きれい好きな,"Subject: A meticulous person keeping a kitchen spotless.

Composition: Show an adult in an apron wiping a tiny splash from an otherwise clean kitchen counter. Washed dishes stand neatly in a drying rack, and a folded cloth waits by the sink; the person notices and removes the last small mark.

Style: Use the attached invidious.png for drawing style only. Match its thick rounded dark-brown contours, simplified rounded shapes, and restrained 2D cartoon shading. Do not copy the reference subject or composition.

Framing: One compact composition, with the complete subject using about 80-90% of the square. Keep everything inside the frame.

Output: 512x512 PNG, RGBA, genuine transparent background. No text, numerals, labels, logos or watermark.",作成済み,,references/invidious.png
commandant.png,司令官、指揮官,司令官,"Subject: A commandant briefing officers at a map table.

Composition: Show a senior uniformed officer standing at the head of a field-map table and indicating one route with a pointer. Two subordinate officers stand attentively on either side, and the commandant's upright posture and central position establish authority without rank lettering.

Style: Use the attached invidious.png for drawing style only. Match its thick rounded dark-brown contours, simplified rounded shapes, and restrained 2D cartoon shading. Do not copy the reference subject or composition.

Framing: One compact composition, with the complete subject using about 80-90% of the square. Keep everything inside the frame.

Output: 512x512 PNG, RGBA, genuine transparent background. No text, numerals, labels, logos or watermark.",作成済み,,references/invidious.png
crunchy.png,カリカリいう、歯応えの良い,カリカリいう,"Subject: A crisp carrot breaking under a bite.

Composition: Show a person biting the end of a fresh carrot held in one hand, with a small clean piece snapping away between the teeth. The carrot's firm orange interior and a few tiny crisp fragments on the plate emphasize a crunchy texture.

Style: Use the attached invidious.png for drawing style only. Match its thick rounded dark-brown contours, simplified rounded shapes, and restrained 2D cartoon shading. Do not copy the reference subject or composition.

Framing: One compact composition, with the complete subject using about 80-90% of the square. Keep everything inside the frame.

Output: 512x512 PNG, RGBA, genuine transparent background. No text, numerals, labels, logos or watermark.",作成済み,,references/invidious.png
deli.png,惣菜屋,惣菜屋,"Subject: A delicatessen serving prepared food.

Composition: Show a deli worker behind one glass display counter containing trays of potato salad, sliced cooked ham and stuffed olives. The worker uses tongs to transfer ham into a paper takeaway box for a customer; every food tray rests securely inside the counter.

Style: Use the attached invidious.png for drawing style only. Match its thick rounded dark-brown contours, simplified rounded shapes, and restrained 2D cartoon shading. Do not copy the reference subject or composition.

Framing: One compact composition, with the complete subject using about 80-90% of the square. Keep everything inside the frame.

Output: 512x512 PNG, RGBA, genuine transparent background. No text, numerals, labels, logos or watermark.",作成済み,,references/invidious.png
demography.png,人口統計学,人口統計学,"Subject: A demographer analyzing a population's age distribution.

Composition: Show a researcher at a desk studying a large population-pyramid chart on paper, with mirrored horizontal bars stacked from wide lower rows to narrow upper rows. Small baby, adult and elderly silhouettes along the edge indicate age groups; the researcher marks one bar with a pencil.

Style: Use the attached invidious.png for drawing style only. Match its thick rounded dark-brown contours, simplified rounded shapes, and restrained 2D cartoon shading. Do not copy the reference subject or composition.

Framing: One compact composition, with the complete subject using about 80-90% of the square. Keep everything inside the frame.

Output: 512x512 PNG, RGBA, genuine transparent background. No text, numerals, labels, logos or watermark.",作成済み,,references/invidious.png
detritus.png,岩屑,岩屑,"Subject: Rock fragments accumulated below a crumbling cliff.

Composition: Show a compact rocky slope with a fractured cliff face above a fan-shaped pile of loose angular stones. A few matching fragments have recently broken from a crack and rest at the top of the pile, linking the rubble to the parent rock.

Style: Use the attached invidious.png for drawing style only. Match its thick rounded dark-brown contours, simplified rounded shapes, and restrained 2D cartoon shading. Do not copy the reference subject or composition.

Framing: One compact composition, with the complete subject using about 80-90% of the square. Keep everything inside the frame.

Output: 512x512 PNG, RGBA, genuine transparent background. No text, numerals, labels, logos or watermark.",作成済み,,references/invidious.png
ductile.png,柔軟な,柔軟な,"Subject: A flexible copper wire bent into a loop.

Composition: Show a craftsperson holding a single length of copper wire with both hands and gently bending its middle into a broad U. The wire remains continuous and unbroken, with the straight ends held apart and the rounded bend clearly visible.

Style: Use the attached invidious.png for drawing style only. Match its thick rounded dark-brown contours, simplified rounded shapes, and restrained 2D cartoon shading. Do not copy the reference subject or composition.

Framing: One compact composition, with the complete subject using about 80-90% of the square. Keep everything inside the frame.

Output: 512x512 PNG, RGBA, genuine transparent background. No text, numerals, labels, logos or watermark.",作成済み,,references/invidious.png
emphysema.png,肺気腫,肺気腫,"Subject: Emphysema with damaged walls between lung air sacs.

Composition: Show one enlarged anatomical model of a branching bronchiole ending in a cluster of alveoli, with a cutaway exposing enlarged merged air spaces where thin internal walls have broken down. Keep the remaining alveolar walls connected to the airway and avoid depicting fluid-filled sacs.

Style: Use the attached invidious.png for drawing style only. Match its thick rounded dark-brown contours, simplified rounded shapes, and restrained 2D cartoon shading. Do not copy the reference subject or composition.

Framing: One compact composition, with the complete subject using about 80-90% of the square. Keep everything inside the frame.

Output: 512x512 PNG, RGBA, genuine transparent background. No text, numerals, labels, logos or watermark.",作成済み,,references/invidious.png
expedite.png,効率よくする,効率よくする,"Subject: A worker streamlining a parcel-packing station.

Composition: Show a worker sliding a sealed parcel straight from a waist-high packing table onto an adjacent roller conveyor. Tape, boxes and wrapping paper sit within easy reach on fitted shelves, allowing the worker to pack and dispatch without carrying parcels across the room.

Style: Use the attached invidious.png for drawing style only. Match its thick rounded dark-brown contours, simplified rounded shapes, and restrained 2D cartoon shading. Do not copy the reference subject or composition.

Framing: One compact composition, with the complete subject using about 80-90% of the square. Keep everything inside the frame.

Output: 512x512 PNG, RGBA, genuine transparent background. No text, numerals, labels, logos or watermark.",作成済み,,references/invidious.png
gaudy.png,けばけばしい,けばけばしい,"Subject: A room decorated with gaudy excess.

Composition: Show one small sitting room dominated by a hot-pink velvet armchair with gold fringe, a bright purple cushion and an oversized glittering chandelier above it. Dense gold curlicues crowd the chair and side table, creating a deliberately loud, clashing appearance.

Style: Use the attached invidious.png for drawing style only. Match its thick rounded dark-brown contours, simplified rounded shapes, and restrained 2D cartoon shading. Do not copy the reference subject or composition.

Framing: One compact composition, with the complete subject using about 80-90% of the square. Keep everything inside the frame.

Output: 512x512 PNG, RGBA, genuine transparent background. No text, numerals, labels, logos or watermark.",作成済み,,references/invidious.png
hydrocephalus.png,水頭症,水頭症,"Subject: Hydrocephalus shown in a coronal brain model.

Composition: Show one front-facing anatomical head model cut vertically through both cerebral hemispheres. Greatly enlarged blue cerebrospinal-fluid spaces occupy the paired lateral ventricles and compress the surrounding brain tissue; keep the skull outline, midline and connected central ventricular passage intact.

Style: Use the attached invidious.png for drawing style only. Match its thick rounded dark-brown contours, simplified rounded shapes, and restrained 2D cartoon shading. Do not copy the reference subject or composition.

Framing: One compact composition, with the complete subject using about 80-90% of the square. Keep everything inside the frame.

Output: 512x512 PNG, RGBA, genuine transparent background. No text, numerals, labels, logos or watermark.",作成済み,,references/invidious.png
impingement.png,衝突、衝撃,衝突,"Subject: Two billiard balls meeting in a direct collision.

Composition: Show a white cue ball contacting a red billiard ball on a small section of green felt. A tiny contact flash and short movement trails behind the cue ball emphasize the instant of impact; both rigid balls remain perfectly round and rest on the same surface.

Style: Use the attached invidious.png for drawing style only. Match its thick rounded dark-brown contours, simplified rounded shapes, and restrained 2D cartoon shading. Do not copy the reference subject or composition.

Framing: One compact composition, with the complete subject using about 80-90% of the square. Keep everything inside the frame.

Output: 512x512 PNG, RGBA, genuine transparent background. No text, numerals, labels, logos or watermark.",作成済み,,references/invidious.png
initialize.png,初期化する,初期化する,"Subject: A machine counter being returned to its starting value.

Composition: Show a technician standing beside a small counting machine and pressing its reset button. The large counter window reads “000,” while an empty receiving tray waits below the feed chute, establishing a freshly initialized state before the next run.

Style: Use the attached invidious.png for drawing style only. Match its thick rounded dark-brown contours, simplified rounded shapes, and restrained 2D cartoon shading. Do not copy the reference subject or composition.

Framing: One compact composition, with the complete subject using about 80-90% of the square. Keep everything inside the frame.

Output: 512x512 PNG, RGBA, genuine transparent background. Allow only the counter reading “000.” No incidental labels, logos or watermark.",作成済み,,references/invidious.png
intercellular.png,細胞間の,細胞間の,"Subject: The space between neighboring tissue cells.

Composition: Show a single enlarged cross-section of three adjoining rounded tissue cells with intact separate membranes and visible nuclei. Highlight the narrow extracellular gaps between their membranes with pale blue fluid and a few connecting matrix fibers; do not put the highlight inside the cells.

Style: Use the attached invidious.png for drawing style only. Match its thick rounded dark-brown contours, simplified rounded shapes, and restrained 2D cartoon shading. Do not copy the reference subject or composition.

Framing: One compact composition, with the complete subject using about 80-90% of the square. Keep everything inside the frame.

Output: 512x512 PNG, RGBA, genuine transparent background. No text, numerals, labels, logos or watermark.",作成済み,,references/invidious.png
mausoleum.png,墓、霊廟,墓,"Subject: A stone mausoleum with an above-ground burial chamber.

Composition: Show a small dignified stone mausoleum with a pediment, short entrance steps and an open bronze door. Inside the single chamber, one closed stone sarcophagus rests above the floor on a low plinth; keep the structure complete and free of lettering.

Style: Use the attached invidious.png for drawing style only. Match its thick rounded dark-brown contours, simplified rounded shapes, and restrained 2D cartoon shading. Do not copy the reference subject or composition.

Framing: One compact composition, with the complete subject using about 80-90% of the square. Keep everything inside the frame.

Output: 512x512 PNG, RGBA, genuine transparent background. No text, numerals, labels, logos or watermark.",作成済み,,references/invidious.png
narcotic.png,麻酔薬、麻酔剤,麻酔薬,"Subject: Anesthetic medication used during monitored surgery.

Composition: Show an anesthetist beside a reclining adult patient on a hospital bed, with a clear medication syringe attached to an existing IV port. The patient's eyes are closed, a breathing mask covers nose and mouth, and connected monitoring equipment stands beside the bed; keep the scene non-procedural and non-graphic.

Style: Use the attached invidious.png for drawing style only. Match its thick rounded dark-brown contours, simplified rounded shapes, and restrained 2D cartoon shading. Do not copy the reference subject or composition.

Framing: One compact composition, with the complete subject using about 80-90% of the square. Keep everything inside the frame.

Output: 512x512 PNG, RGBA, genuine transparent background. No text, numerals, labels, logos or watermark.",作成済み,,references/invidious.png
ode.png,オード,オード,"Subject: An ancient poet performing a lyrical tribute.

Composition: Show an ancient Greek poet in a draped robe standing beside a flowering laurel and singing solemnly in praise of a victorious athlete. The poet plucks a small lyre, and the laurel-crowned athlete listens respectfully; one rolled verse manuscript rests on a stool.

Style: Use the attached invidious.png for drawing style only. Match its thick rounded dark-brown contours, simplified rounded shapes, and restrained 2D cartoon shading. Do not copy the reference subject or composition.

Framing: One compact composition, with the complete subject using about 80-90% of the square. Keep everything inside the frame.

Output: 512x512 PNG, RGBA, genuine transparent background. No text, numerals, labels, logos or watermark.",作成済み,,references/invidious.png
outgrowth.png,伸び出すこと,伸び出すこと,"Subject: A new shoot growing outward from a tree stump.

Composition: Show a cut tree stump with a fresh green shoot emerging from the side just below the cut surface. The shoot curves outward and carries three unfolding leaves, while its base remains visibly joined to the old bark.

Style: Use the attached invidious.png for drawing style only. Match its thick rounded dark-brown contours, simplified rounded shapes, and restrained 2D cartoon shading. Do not copy the reference subject or composition.

Framing: One compact composition, with the complete subject using about 80-90% of the square. Keep everything inside the frame.

Output: 512x512 PNG, RGBA, genuine transparent background. No text, numerals, labels, logos or watermark.",作成済み,,references/invidious.png
outrun.png,～より速く走る、～を追い越す,～より速く走る,"Subject: One runner overtaking another in the same race.

Composition: Show two adult runners moving in the same direction along one track, with the nearer runner clearly drawing ahead of the other. Their strides and forward leans convey speed, and the trailing runner looks toward the leader's shoulder; keep all limbs separate.

Style: Use the attached invidious.png for drawing style only. Match its thick rounded dark-brown contours, simplified rounded shapes, and restrained 2D cartoon shading. Do not copy the reference subject or composition.

Framing: One compact composition, with the complete subject using about 80-90% of the square. Keep everything inside the frame.

Output: 512x512 PNG, RGBA, genuine transparent background. No text, numerals, labels, logos or watermark.",作成済み,,references/invidious.png
penitent.png,後悔している,後悔している,"Subject: A child remorseful after breaking a treasured vase.

Composition: Show a child kneeling beside large safe pieces of a broken vase, head bowed and brows raised with regret. They offer the remaining flowers to a disappointed parent standing nearby, while keeping both hands clear of the broken edges.

Style: Use the attached invidious.png for drawing style only. Match its thick rounded dark-brown contours, simplified rounded shapes, and restrained 2D cartoon shading. Do not copy the reference subject or composition.

Framing: One compact composition, with the complete subject using about 80-90% of the square. Keep everything inside the frame.

Output: 512x512 PNG, RGBA, genuine transparent background. No text, numerals, labels, logos or watermark.",作成済み,,references/invidious.png
pointy.png,先のとがった,先のとがった,"Subject: A sharply pointed pencil.

Composition: Show one complete wooden pencil resting diagonally on a desk with a freshly sharpened conical tip facing the viewer. The exposed pale wood tapers neatly to a fine graphite point, and a small curled shaving lies beside it.

Style: Use the attached invidious.png for drawing style only. Match its thick rounded dark-brown contours, simplified rounded shapes, and restrained 2D cartoon shading. Do not copy the reference subject or composition.

Framing: One compact composition, with the complete subject using about 80-90% of the square. Keep everything inside the frame.

Output: 512x512 PNG, RGBA, genuine transparent background. No text, numerals, labels, logos or watermark.",作成済み,,references/invidious.png
polygamy.png,複婚,複婚,"Subject: One adult with two adult spouses.

Composition: Show one adult man standing with two adult women at a family celebration, all participating equally and wearing simple wedding bands. Two small framed wedding photographs each show the same man with one of the women; keep the relationships consensual and nonsexual, without an explanatory statement.

Style: Use the attached invidious.png for drawing style only. Match its thick rounded dark-brown contours, simplified rounded shapes, and restrained 2D cartoon shading. Do not copy the reference subject or composition.

Framing: One compact composition, with the complete subject using about 80-90% of the square. Keep everything inside the frame.

Output: 512x512 PNG, RGBA, genuine transparent background. No text, explanatory labels, speech balloons or bubbles, numerals, logos or watermark.",作成済み,,references/invidious.png
preeminent.png,卓越した,卓越した,"Subject: An exceptional violinist captivating an audience.

Composition: Show a violinist centered on a small stage, bow precisely contacting the strings and left fingers placed on the fingerboard. Two fellow musicians behind watch with admiring attention while a nearby listener rises to applaud; the soloist's poised mastery remains the focus.

Style: Use the attached invidious.png for drawing style only. Match its thick rounded dark-brown contours, simplified rounded shapes, and restrained 2D cartoon shading. Do not copy the reference subject or composition.

Framing: One compact composition, with the complete subject using about 80-90% of the square. Keep everything inside the frame.

Output: 512x512 PNG, RGBA, genuine transparent background. No text, numerals, labels, logos or watermark.",作成済み,,references/invidious.png
prohibitive.png,禁止する,禁止する,"Subject: A physical barrier preventing entry to an unsafe stairway.

Composition: Show a sturdy locked gate stretched across the entire mouth of a broken stone stairway. A would-be visitor stops with one hand hovering near the closed latch, while fallen steps remain visible beyond the gate; there is no route around the barrier.

Style: Use the attached invidious.png for drawing style only. Match its thick rounded dark-brown contours, simplified rounded shapes, and restrained 2D cartoon shading. Do not copy the reference subject or composition.

Framing: One compact composition, with the complete subject using about 80-90% of the square. Keep everything inside the frame.

Output: 512x512 PNG, RGBA, genuine transparent background. No text, numerals, labels, logos or watermark.",作成済み,,references/invidious.png
proteinuria.png,タンパク尿,タンパク尿,"Subject: Excess protein leaking into urine through a damaged kidney filter.

Composition: Show one enlarged cutaway model of a glomerulus inside Bowman's capsule, with red blood cells remaining inside the capillary loops. Several oversized folded protein chains cross the abnormal filter into the pale-yellow urinary space and continue toward the connected tubule; keep all pathways physically connected.

Style: Use the attached invidious.png for drawing style only. Match its thick rounded dark-brown contours, simplified rounded shapes, and restrained 2D cartoon shading. Do not copy the reference subject or composition.

Framing: One compact composition, with the complete subject using about 80-90% of the square. Keep everything inside the frame.

Output: 512x512 PNG, RGBA, genuine transparent background. No text, numerals, labels, logos or watermark.",作成済み,,references/invidious.png
providential.png,神意による、摂理の,神意による,"Subject: A traveler interpreting an unexpected rescue as divine providence.

Composition: Show an exhausted traveler beside a newly discovered desert spring, kneeling with clasped hands and looking gratefully upward through a break in the clouds. A warm shaft of light falls on the water and the traveler's empty flask, expressing the person's religious interpretation.

Style: Use the attached invidious.png for drawing style only. Match its thick rounded dark-brown contours, simplified rounded shapes, and restrained 2D cartoon shading. Do not copy the reference subject or composition.

Framing: One compact composition, with the complete subject using about 80-90% of the square. Keep everything inside the frame.

Output: 512x512 PNG, RGBA, genuine transparent background. No text, numerals, labels, logos or watermark.",作成済み,,references/invidious.png
ribosome.png,リボソーム,リボソーム,"Subject: A ribosome building a protein chain.

Composition: Show one enlarged molecular model with a large rounded ribosomal subunit above a smaller one. A single messenger-RNA strand runs through the channel between them, two transfer-RNA shapes sit within the cleft, and a connected bead-like peptide emerges through the large subunit's exit tunnel.

Style: Use the attached invidious.png for drawing style only. Match its thick rounded dark-brown contours, simplified rounded shapes, and restrained 2D cartoon shading. Do not copy the reference subject or composition.

Framing: One compact composition, with the complete subject using about 80-90% of the square. Keep everything inside the frame.

Output: 512x512 PNG, RGBA, genuine transparent background. No text, numerals, labels, logos or watermark.",作成済み,,references/invidious.png
rollout.png,公開、市場への投入,公開,"Subject: A new electric bicycle being introduced to the public.

Composition: Show a presenter pulling a cloth away from one new electric bicycle on a low showroom platform. Two visitors lean forward with interest, and a photographer raises a camera; keep the bicycle's battery, wheels and frame coherent and the unveiling in one scene.

Style: Use the attached invidious.png for drawing style only. Match its thick rounded dark-brown contours, simplified rounded shapes, and restrained 2D cartoon shading. Do not copy the reference subject or composition.

Framing: One compact composition, with the complete subject using about 80-90% of the square. Keep everything inside the frame.

Output: 512x512 PNG, RGBA, genuine transparent background. No text, numerals, labels, logos or watermark.",作成済み,,references/invidious.png
semicircle.png,半円、半円形,半円,"Subject: A semicircular wooden tabletop.

Composition: Show a single wooden tabletop shaped as exactly half of a circle, with one straight diameter edge and one smooth curved edge. It stands securely on three short legs, viewed from above at a slight angle so its semicircular outline is unmistakable.

Style: Use the attached invidious.png for drawing style only. Match its thick rounded dark-brown contours, simplified rounded shapes, and restrained 2D cartoon shading. Do not copy the reference subject or composition.

Framing: One compact composition, with the complete subject using about 80-90% of the square. Keep everything inside the frame.

Output: 512x512 PNG, RGBA, genuine transparent background. No text, numerals, labels, logos or watermark.",作成済み,,references/invidious.png
succulent.png,多汁の,多汁の,"Subject: A ripe peach releasing abundant juice.

Composition: Show a seated adult savoring a bite from one ripe peach half held over a shallow plate. Its pit has been removed, exposing the central cavity; clear juice beads along the bright flesh and drips toward the plate, with the person's hands naturally attached.

Style: Use the attached invidious.png for drawing style only. Match its thick rounded dark-brown contours, simplified rounded shapes, and restrained 2D cartoon shading. Do not copy the reference subject or composition.

Framing: One compact composition, with the complete subject using about 80-90% of the square. Keep everything inside the frame.

Output: 512x512 PNG, RGBA, genuine transparent background. No text, numerals, labels, logos or watermark.",作成済み,,references/invidious.png
thoroughfare.png,大通り、幹線道,大通り,"Subject: A broad city thoroughfare carrying through traffic.

Composition: Show a wide straight avenue passing between two short rows of buildings, with cars traveling in opposite marked lanes and broad sidewalks at both sides. A central crossing and aligned streetlights emphasize the road's continuous main-route function rather than a dead end.

Style: Use the attached invidious.png for drawing style only. Match its thick rounded dark-brown contours, simplified rounded shapes, and restrained 2D cartoon shading. Do not copy the reference subject or composition.

Framing: One compact composition, with the complete subject using about 80-90% of the square. Keep everything inside the frame.

Output: 512x512 PNG, RGBA, genuine transparent background. No text, numerals, labels, logos or watermark.",作成済み,,references/invidious.png
topple.png,倒れる、つんのめる,倒れる,"Subject: A top-heavy stack of boxes beginning to topple.

Composition: Show three cardboard boxes stacked unevenly, with the top two leaning beyond the edge of the lowest box and falling toward the floor. A nearby worker steps back with open hands; retain a clear gap beneath the tipping corner and a stable lower box.

Style: Use the attached invidious.png for drawing style only. Match its thick rounded dark-brown contours, simplified rounded shapes, and restrained 2D cartoon shading. Do not copy the reference subject or composition.

Framing: One compact composition, with the complete subject using about 80-90% of the square. Keep everything inside the frame.

Output: 512x512 PNG, RGBA, genuine transparent background. No text, numerals, labels, logos or watermark.",作成済み,,references/invidious.png
unsaid.png,口にされていない、口に出さない,口にされていない,"Subject: Keeping a thought unspoken.

Composition: Show an adult listening with lips firmly closed while pressing a sealed personal letter in their lap. The other person waits expectantly across the table, but the letter remains closed and nothing is said or pictured in a bubble.

Style: Use the attached invidious.png for drawing style only. Match its thick rounded dark-brown contours, simplified rounded shapes, and restrained 2D cartoon shading. Do not copy the reference subject or composition.

Framing: One compact composition, with the complete subject using about 80-90% of the square. Keep everything inside the frame.

Output: 512x512 PNG, RGBA, genuine transparent background. No text, explanatory labels, speech balloons or bubbles, numerals, logos or watermark.",作成済み,,references/invidious.png
voiceless.png,黙っている、無言の,黙っている,"Subject: A silent person communicating through gesture.

Composition: Show an adult answering a friend's question without speaking, with closed lips and a gentle nod while pointing toward an empty chair. The friend follows the pointing hand with their gaze; keep both full figures and the chair visible.

Style: Use the attached invidious.png for drawing style only. Match its thick rounded dark-brown contours, simplified rounded shapes, and restrained 2D cartoon shading. Do not copy the reference subject or composition.

Framing: One compact composition, with the complete subject using about 80-90% of the square. Keep everything inside the frame.

Output: 512x512 PNG, RGBA, genuine transparent background. No text, numerals, labels, logos or watermark.",作成済み,,references/invidious.png
vulva.png,陰門,陰門,"Subject: A clinical anatomical model of the external female genitalia.

Composition: Show one non-erotic educational anatomical model on a small base, viewed straight on. Depict the outer and inner labial folds, clitoral hood above, the small urethral opening below it and the vaginal opening beneath; keep the forms medically clear and free of decorative sexualization.

Style: Use the attached invidious.png for drawing style only. Match its thick rounded dark-brown contours, simplified rounded shapes, and restrained 2D cartoon shading. Do not copy the reference subject or composition.

Framing: One compact composition, with the complete subject using about 80-90% of the square. Keep everything inside the frame.

Output: 512x512 PNG, RGBA, genuine transparent background. No text, numerals, labels, logos or watermark.",作成済み,,references/invidious.png
woolen.png,紡毛織物、紡毛糸,紡毛織物,"Subject: Soft woolen fabric.

Composition: Show a folded length of thick softly fuzzy woolen cloth on a tailor’s worktable, with one corner lifted to reveal its woven texture. A pair of fabric shears rests safely beside it; omit yarn balls and knitting needles.

Style: Use the attached invidious.png for drawing style only. Match its thick rounded dark-brown contours, simplified rounded shapes, and restrained 2D cartoon shading. Do not copy the reference subject or composition.

Framing: One compact composition, with the complete subject using about 80-90% of the square. Keep everything inside the frame.

Output: 512x512 PNG, RGBA, genuine transparent background. No text, numerals, labels, logos or watermark.",作成済み,,references/invidious.png
Bantu.png,バンツー族、バンツー人,バンツー族,"Subject: A Swahili craftsperson from a Bantu-speaking East African community.

Composition: Show an adult Swahili woodcarver seated at a bench on a coastal East African veranda, carefully carving a floral door panel. The person wears ordinary work clothes, with a carved wooden doorway and coral-stone wall behind; keep the subject an individual rather than a universal ethnic stereotype.

Style: Use the attached invidious.png for drawing style only. Match its thick rounded dark-brown contours, simplified rounded shapes, and restrained 2D cartoon shading. Do not copy the reference subject or composition.

Framing: One compact composition, with the complete subject using about 80-90% of the square. Keep everything inside the frame.

Output: 512x512 PNG, RGBA, genuine transparent background. No text, numerals, labels, logos or watermark.",作成済み,,references/invidious.png
Jacksonville.png,ジャクソンビル,ジャクソンビル,"Subject: Jacksonville's blue Main Street Bridge over the St. Johns River.

Composition: Show the blue steel Main Street Bridge spanning a broad river, with its two vertical-lift towers and central truss span clearly connected. Place a compact downtown skyline and riverwalk along the far bank, while a small boat establishes the river's scale.

Style: Use the attached invidious.png for drawing style only. Match its thick rounded dark-brown contours, simplified rounded shapes, and restrained 2D cartoon shading. Do not copy the reference subject or composition.

Framing: One compact composition, with the complete subject using about 80-90% of the square. Keep everything inside the frame.

Output: 512x512 PNG, RGBA, genuine transparent background. No text, numerals, labels, logos or watermark.",作成済み,,references/invidious.png
Patagonia.png,パタゴニア,パタゴニア,"Subject: A windswept Patagonian mountain landscape.

Composition: Show the sharp granite towers of Torres del Paine rising behind a turquoise glacial lake and a low patch of golden steppe grass. A single guanaco stands in the foreground, its full body visible and fur stirred by the wind.

Style: Use the attached invidious.png for drawing style only. Match its thick rounded dark-brown contours, simplified rounded shapes, and restrained 2D cartoon shading. Do not copy the reference subject or composition.

Framing: One compact composition, with the complete subject using about 80-90% of the square. Keep everything inside the frame.

Output: 512x512 PNG, RGBA, genuine transparent background. No text, numerals, labels, logos or watermark.",作成済み,,references/invidious.png
Scarborough.png,スカーバラ、スカブラー,スカーバラ,"Subject: The Scarborough Bluffs beside Lake Ontario.

Composition: Show tall pale layered bluffs with eroded gullies rising directly above a narrow beach on Lake Ontario. Green trees line the bluff tops, and one small walker stands safely on the beach below, emphasizing the distinctive cliffs of Toronto's Scarborough district.

Style: Use the attached invidious.png for drawing style only. Match its thick rounded dark-brown contours, simplified rounded shapes, and restrained 2D cartoon shading. Do not copy the reference subject or composition.

Framing: One compact composition, with the complete subject using about 80-90% of the square. Keep everything inside the frame.

Output: 512x512 PNG, RGBA, genuine transparent background. No text, numerals, labels, logos or watermark.",作成済み,,references/invidious.png
Scorpio.png,さそり座,さそり座,"Subject: The hooked star pattern of Scorpius.

Composition: Show the Scorpius constellation as a connected chain of luminous stars: a compact triangular head at upper left, a bent descending body through a prominent reddish star, and a broad U-shaped tail curling upward to a close pair at the right. Keep the head above the tail and all stars distinct.

Style: Use the attached invidious.png for drawing style only. Match its thick rounded dark-brown contours, simplified rounded shapes, and restrained 2D cartoon shading. Do not copy the reference subject or composition.

Framing: One compact composition, with the complete subject using about 80-90% of the square. Keep everything inside the frame.

Output: 512x512 PNG, RGBA, genuine transparent background. No text, numerals, labels, logos or watermark.",作成済み,,references/invidious.png
aggressor.png,攻撃者、侵略者,攻撃者,"Subject: An aggressor initiating a physical confrontation.

Composition: Show an angry adult stepping forward and shoving another adult's upper arm while the second person recoils with open palms. The initiating figure's forward stance and tense face identify who begins the attack; keep the scene non-graphic and the limbs anatomically distinct.

Style: Use the attached invidious.png for drawing style only. Match its thick rounded dark-brown contours, simplified rounded shapes, and restrained 2D cartoon shading. Do not copy the reference subject or composition.

Framing: One compact composition, with the complete subject using about 80-90% of the square. Keep everything inside the frame.

Output: 512x512 PNG, RGBA, genuine transparent background. No text, numerals, labels, logos or watermark.",作成済み,,references/invidious.png
aliphatic.png,脂肪族の,脂肪族の,"Subject: An open-chain aliphatic hydrocarbon molecule.

Composition: Show one complete ball-and-stick model of n-butane on a small laboratory stand. Connect four black carbon spheres in a zigzag chain with single bonds; attach three white hydrogens to each terminal carbon and two to each inner carbon, maintaining four bonds per carbon.

Style: Use the attached invidious.png for drawing style only. Match its thick rounded dark-brown contours, simplified rounded shapes, and restrained 2D cartoon shading. Do not copy the reference subject or composition.

Framing: One compact composition, with the complete subject using about 80-90% of the square. Keep everything inside the frame.

Output: 512x512 PNG, RGBA, genuine transparent background. No text, numerals, labels, logos or watermark.",作成済み,,references/invidious.png
aseptic.png,無菌の,無菌の,"Subject: A freshly prepared sterile surgical field.

Composition: Show a masked clinician wearing sterile gloves opening a sterile instrument pack over a clean blue surgical drape. Metal forceps lie within the untouched inner wrapping, and the clinician handles only the outer folded edges; keep the scene orderly and free of contaminants.

Style: Use the attached invidious.png for drawing style only. Match its thick rounded dark-brown contours, simplified rounded shapes, and restrained 2D cartoon shading. Do not copy the reference subject or composition.

Framing: One compact composition, with the complete subject using about 80-90% of the square. Keep everything inside the frame.

Output: 512x512 PNG, RGBA, genuine transparent background. No text, numerals, labels, logos or watermark.",作成済み,,references/invidious.png
bearable.png,耐えられる、我慢できる,耐えられる,"Subject: A manageable burden carried without distress.

Composition: Show a hiker climbing a gentle path with a modest backpack, breathing steadily and maintaining an upright relaxed posture. Both shoulder straps fit correctly and a short rest bench stands nearby, but the hiker continues comfortably without stopping.

Style: Use the attached invidious.png for drawing style only. Match its thick rounded dark-brown contours, simplified rounded shapes, and restrained 2D cartoon shading. Do not copy the reference subject or composition.

Framing: One compact composition, with the complete subject using about 80-90% of the square. Keep everything inside the frame.

Output: 512x512 PNG, RGBA, genuine transparent background. No text, numerals, labels, logos or watermark.",作成済み,,references/invidious.png
befitting.png,適当な、ふさわしい,適当な,"Subject: Protective clothing suited to a rainy day.

Composition: Show an adult stepping into shallow rainwater wearing a properly fitted raincoat, hood and waterproof boots. Water beads on the coat while the person walks comfortably, holding a closed dry shopping bag beneath the coat's open front.

Style: Use the attached invidious.png for drawing style only. Match its thick rounded dark-brown contours, simplified rounded shapes, and restrained 2D cartoon shading. Do not copy the reference subject or composition.

Framing: One compact composition, with the complete subject using about 80-90% of the square. Keep everything inside the frame.

Output: 512x512 PNG, RGBA, genuine transparent background. No text, numerals, labels, logos or watermark.",作成済み,,references/invidious.png
colonize.png,植民地を作る、植民地化する,植民地を作る,"Subject: An imperial expedition establishing colonial control.

Composition: Show armed European colonial officials planting their flag beside a newly erected coastal fort while local adults stand outside the closed entrance watching warily. A sailing ship is anchored nearby; emphasize the imposed occupation and unequal control without celebrating conquest or caricaturing the inhabitants.

Style: Use the attached invidious.png for drawing style only. Match its thick rounded dark-brown contours, simplified rounded shapes, and restrained 2D cartoon shading. Do not copy the reference subject or composition.

Framing: One compact composition, with the complete subject using about 80-90% of the square. Keep everything inside the frame.

Output: 512x512 PNG, RGBA, genuine transparent background. No text, numerals, labels, logos or watermark.",作成済み,,references/invidious.png
colt.png,雄の子馬、初心者,雄の子馬,"Subject: A young male horse beside its dam.

Composition: Show a slender colt with long legs, a short fuzzy mane and youthful proportions standing close beside an adult mare. The colt's small male sheath is discreetly visible beneath the belly, and both horses rest all hooves naturally on a grassy patch.

Style: Use the attached invidious.png for drawing style only. Match its thick rounded dark-brown contours, simplified rounded shapes, and restrained 2D cartoon shading. Do not copy the reference subject or composition.

Framing: One compact composition, with the complete subject using about 80-90% of the square. Keep everything inside the frame.

Output: 512x512 PNG, RGBA, genuine transparent background. No text, numerals, labels, logos or watermark.",作成済み,,references/invidious.png
contaminate.png,汚す,汚す,"Subject: Oil contaminating clean pond water.

Composition: Show a tipped industrial container at the edge of a small pond with a dark oily stream flowing from its open mouth into the water. The spreading iridescent slick reaches nearby reeds; keep the container, bank and continuous spill path clearly connected.

Style: Use the attached invidious.png for drawing style only. Match its thick rounded dark-brown contours, simplified rounded shapes, and restrained 2D cartoon shading. Do not copy the reference subject or composition.

Framing: One compact composition, with the complete subject using about 80-90% of the square. Keep everything inside the frame.

Output: 512x512 PNG, RGBA, genuine transparent background. No text, numerals, labels, logos or watermark.",作成済み,,references/invidious.png
counterintuitive.png,常識に反する、常識では理解し難い,常識に反する,"Subject: A heavy metal ship floating despite its apparent weight.

Composition: Show a small steel boat floating securely in a clear-water tank while a visitor stares in surprise at a solid steel block resting on the bottom. Both objects share the same tank, demonstrating the counterintuitive effect of hollow shape without explanatory text.

Style: Use the attached invidious.png for drawing style only. Match its thick rounded dark-brown contours, simplified rounded shapes, and restrained 2D cartoon shading. Do not copy the reference subject or composition.

Framing: One compact composition, with the complete subject using about 80-90% of the square. Keep everything inside the frame.

Output: 512x512 PNG, RGBA, genuine transparent background. No text, numerals, labels, logos or watermark.",作成済み,,references/invidious.png
delectable.png,おいしい,おいしい,"Subject: A diner savoring a delicious mouthful.

Composition: Show an adult seated before a steaming bowl of dumpling soup, eyes gently closed and face bright with pleasure after a bite. One hand holds a spoon above the bowl while the other rests lightly over the heart; the food remains visibly appetizing.

Style: Use the attached invidious.png for drawing style only. Match its thick rounded dark-brown contours, simplified rounded shapes, and restrained 2D cartoon shading. Do not copy the reference subject or composition.

Framing: One compact composition, with the complete subject using about 80-90% of the square. Keep everything inside the frame.

Output: 512x512 PNG, RGBA, genuine transparent background. No text, numerals, labels, logos or watermark.",作成済み,,references/invidious.png
donut.png,ドーナツ,ドーナツ,"Subject: A classic ring-shaped doughnut.

Composition: Show one golden fried ring doughnut resting on a small plate, with a thin glossy sugar glaze and a few scattered sugar crystals. Keep the central hole open, the rounded dough surface visible and the entire plate within the scene.

Style: Use the attached invidious.png for drawing style only. Match its thick rounded dark-brown contours, simplified rounded shapes, and restrained 2D cartoon shading. Do not copy the reference subject or composition.

Framing: One compact composition, with the complete subject using about 80-90% of the square. Keep everything inside the frame.

Output: 512x512 PNG, RGBA, genuine transparent background. No text, numerals, labels, logos or watermark.",作成済み,,references/invidious.png
double-edged.png,刃が二つある、もろ刃の,刃が二つある,"Subject: A sword with cutting edges along both sides.

Composition: Show one complete straight sword laid diagonally on a padded workbench. Its symmetrical blade tapers to a central point, with polished bevels running continuously along both long edges; retain the crossguard, grip and pommel without a sheath covering the blade.

Style: Use the attached invidious.png for drawing style only. Match its thick rounded dark-brown contours, simplified rounded shapes, and restrained 2D cartoon shading. Do not copy the reference subject or composition.

Framing: One compact composition, with the complete subject using about 80-90% of the square. Keep everything inside the frame.

Output: 512x512 PNG, RGBA, genuine transparent background. No text, numerals, labels, logos or watermark.",作成済み,,references/invidious.png
enumerate.png,列挙する,列挙する,"Subject: A person counting through separate items one by one.

Composition: Show a cook standing beside a counter with an egg, a carrot and a potato arranged in a short row. The cook points at the potato, the current item in the list, while holding up three fingers on the other hand; freeze this one counting gesture.

Style: Use the attached invidious.png for drawing style only. Match its thick rounded dark-brown contours, simplified rounded shapes, and restrained 2D cartoon shading. Do not copy the reference subject or composition.

Framing: One compact composition, with the complete subject using about 80-90% of the square. Keep everything inside the frame.

Output: 512x512 PNG, RGBA, genuine transparent background. No text, numerals, labels, logos or watermark.",作成済み,,references/invidious.png
forego.png,先行する,先行する,"Subject: A guide walking ahead of a group.

Composition: Show a trail guide leading two hikers along one narrow path, positioned several paces in front and looking ahead. The followers step in the guide's footprints, and all three move in the same direction without passing one another.

Style: Use the attached invidious.png for drawing style only. Match its thick rounded dark-brown contours, simplified rounded shapes, and restrained 2D cartoon shading. Do not copy the reference subject or composition.

Framing: One compact composition, with the complete subject using about 80-90% of the square. Keep everything inside the frame.

Output: 512x512 PNG, RGBA, genuine transparent background. No text, numerals, labels, logos or watermark.",作成済み,,references/invidious.png
gambler.png,ばくち打ち、賭博師,ばくち打ち,"Subject: An adult gambler staking chips at a card table.

Composition: Show an adult at a small card table pushing a stack of betting chips toward the center while holding a fan of face-down cards close to the chest. Their tense expression and the remaining chips make the wager clear; show no winning guarantee or instructions.

Style: Use the attached invidious.png for drawing style only. Match its thick rounded dark-brown contours, simplified rounded shapes, and restrained 2D cartoon shading. Do not copy the reference subject or composition.

Framing: One compact composition, with the complete subject using about 80-90% of the square. Keep everything inside the frame.

Output: 512x512 PNG, RGBA, genuine transparent background. No text, numerals, labels, logos or watermark.",作成済み,,references/invidious.png
gore.png,突く,突く,"Subject: A bull thrusting a horn into a straw target.

Composition: Show a full bull lowering its head and driving one curved horn into a tightly packed straw practice bale. Straw parts around the horn's point while the bull braces its forelegs; use no human or injured animal as the target.

Style: Use the attached invidious.png for drawing style only. Match its thick rounded dark-brown contours, simplified rounded shapes, and restrained 2D cartoon shading. Do not copy the reference subject or composition.

Framing: One compact composition, with the complete subject using about 80-90% of the square. Keep everything inside the frame.

Output: 512x512 PNG, RGBA, genuine transparent background. No text, numerals, labels, logos or watermark.",作成済み,,references/invidious.png
half-brother.png,異母兄,異母兄,"Subject: Two brothers sharing a father but different mothers.

Composition: Show two adult brothers examining a physical family-tree board. Their same father’s portrait connects separately to two different adult mothers and then to each corresponding son; the older brother stands beside the younger, with all relationships shown by plain connecting lines and no labels.

Style: Use the attached invidious.png for drawing style only. Match its thick rounded dark-brown contours, simplified rounded shapes, and restrained 2D cartoon shading. Do not copy the reference subject or composition.

Framing: One compact composition, with the complete subject using about 80-90% of the square. Keep everything inside the frame.

Output: 512x512 PNG, RGBA, genuine transparent background. No text, explanatory labels, speech balloons or bubbles, numerals, logos or watermark.",作成済み,,references/invidious.png
inborn.png,生まれつきの,生まれつきの,"Subject: A congenital birthmark present from infancy.

Composition: Show a newborn resting safely in a parent's supported arms, with a small clear brown birthmark on one forearm. The parent gently uncovers that arm with the free hand; the baby's head and body remain fully cradled and clothed.

Style: Use the attached invidious.png for drawing style only. Match its thick rounded dark-brown contours, simplified rounded shapes, and restrained 2D cartoon shading. Do not copy the reference subject or composition.

Framing: One compact composition, with the complete subject using about 80-90% of the square. Keep everything inside the frame.

Output: 512x512 PNG, RGBA, genuine transparent background. No text, numerals, labels, logos or watermark.",作成済み,,references/invidious.png
localize.png,特定の地域に限定する、局部にとどめる,特定の地域に限定する,"Subject: A skin infection confined to one small area.

Composition: Show a clinician examining a seated adult's forearm, where a small circular patch of redness remains sharply localized around a tiny scratch. The surrounding skin looks ordinary and unaffected; the clinician's gloved fingertip points near the patch without touching it.

Style: Use the attached invidious.png for drawing style only. Match its thick rounded dark-brown contours, simplified rounded shapes, and restrained 2D cartoon shading. Do not copy the reference subject or composition.

Framing: One compact composition, with the complete subject using about 80-90% of the square. Keep everything inside the frame.

Output: 512x512 PNG, RGBA, genuine transparent background. No text, numerals, labels, logos or watermark.",作成済み,,references/invidious.png
lyre.png,リラ、ライアー,リラ,"Subject: An ancient Greek lyre.

Composition: Show one complete wooden lyre standing upright on a low support, with a rounded resonating body, two curved arms and a crossbar. Seven separate strings run continuously from the crossbar down to the soundbox bridge, with no loose or impossible connections.

Style: Use the attached invidious.png for drawing style only. Match its thick rounded dark-brown contours, simplified rounded shapes, and restrained 2D cartoon shading. Do not copy the reference subject or composition.

Framing: One compact composition, with the complete subject using about 80-90% of the square. Keep everything inside the frame.

Output: 512x512 PNG, RGBA, genuine transparent background. No text, numerals, labels, logos or watermark.",作成済み,,references/invidious.png
monotheism.png,一神教,一神教,"Subject: Worship focused on one God.

Composition: Show a fictional worshipper in quiet prayer with joined hands and gaze directed toward one undivided source of soft light above. Keep the setting simple, with no deity face, multiple idols, text, or comparison symbols.

Style: Use the attached invidious.png for drawing style only. Match its thick rounded dark-brown contours, simplified rounded shapes, and restrained 2D cartoon shading. Do not copy the reference subject or composition.

Framing: One compact composition, with the complete subject using about 80-90% of the square. Keep everything inside the frame.

Output: 512x512 PNG, RGBA, genuine transparent background. No text, explanatory labels, speech balloons or bubbles, numerals, logos or watermark.",作成済み,,references/invidious.png
ovum.png,卵,卵,"Subject: A mammalian ovum as a single reproductive cell.

Composition: Show one enlarged spherical human egg cell with a central nucleus, pale cytoplasm, a distinct translucent zona pellucida and an outer ring of attached corona-radiata cells. Keep the whole cell visible as one continuous biological structure, without a bird eggshell.

Style: Use the attached invidious.png for drawing style only. Match its thick rounded dark-brown contours, simplified rounded shapes, and restrained 2D cartoon shading. Do not copy the reference subject or composition.

Framing: One compact composition, with the complete subject using about 80-90% of the square. Keep everything inside the frame.

Output: 512x512 PNG, RGBA, genuine transparent background. No text, numerals, labels, logos or watermark.",作成済み,,references/invidious.png
papacy.png,ローマ教皇の職,ローマ教皇の職,"Subject: The office of the Roman Catholic pope.

Composition: Show a pope in white cassock and white skullcap seated on a simple ceremonial chair, receiving a document from a standing church official. The pope's pectoral cross and white attire establish the office; keep the figure generic rather than claiming a specific current pontiff.

Style: Use the attached invidious.png for drawing style only. Match its thick rounded dark-brown contours, simplified rounded shapes, and restrained 2D cartoon shading. Do not copy the reference subject or composition.

Framing: One compact composition, with the complete subject using about 80-90% of the square. Keep everything inside the frame.

Output: 512x512 PNG, RGBA, genuine transparent background. No text, numerals, labels, logos or watermark.",作成済み,,references/invidious.png
peritonitis.png,腹膜炎,腹膜炎,"Subject: Inflammation of the peritoneal lining.

Composition: Show one anatomical abdominal torso model with a clean cutaway exposing the bowel within the cavity. Highlight the thin peritoneal lining along the inner abdominal wall and around the bowel in inflamed red, rather than coloring the bowel contents; keep the model on a base.

Style: Use the attached invidious.png for drawing style only. Match its thick rounded dark-brown contours, simplified rounded shapes, and restrained 2D cartoon shading. Do not copy the reference subject or composition.

Framing: One compact composition, with the complete subject using about 80-90% of the square. Keep everything inside the frame.

Output: 512x512 PNG, RGBA, genuine transparent background. No text, numerals, labels, logos or watermark.",作成済み,,references/invidious.png
photochemical.png,光化学の,光化学の,"Subject: Light initiating a cyanotype printing reaction.

Composition: Show a person at a sunny worktable exposing treated paper beneath a clear glass sheet with a fern leaf pressed against it. Light falls on the uncovered paper while the leaf blocks it; a previously rinsed blue print with a white fern silhouette dries on the same table.

Style: Use the attached invidious.png for drawing style only. Match its thick rounded dark-brown contours, simplified rounded shapes, and restrained 2D cartoon shading. Do not copy the reference subject or composition.

Framing: One compact composition, with the complete subject using about 80-90% of the square. Keep everything inside the frame.

Output: 512x512 PNG, RGBA, genuine transparent background. No text, numerals, labels, logos or watermark.",作成済み,,references/invidious.png
shard.png,破片,破片,"Subject: A shard from a broken ceramic bowl.

Composition: Show one large curved ceramic shard lying on a tabletop beside the remaining broken bowl. Its blue glazed outer face and rough pale fractured edges match a missing section of the bowl, making it clearly a detached fragment rather than an intact small dish.

Style: Use the attached invidious.png for drawing style only. Match its thick rounded dark-brown contours, simplified rounded shapes, and restrained 2D cartoon shading. Do not copy the reference subject or composition.

Framing: One compact composition, with the complete subject using about 80-90% of the square. Keep everything inside the frame.

Output: 512x512 PNG, RGBA, genuine transparent background. No text, numerals, labels, logos or watermark.",作成済み,,references/invidious.png
slowdown.png,減速,減速,"Subject: A cyclist reducing speed before a sharp turn.

Composition: Show a cyclist approaching a tight bend and squeezing both brake levers while shifting the upper body slightly back. The wheels remain on the road, and the bicycle's forward motion trails shorten near the bend; show the entire rider and bicycle.

Style: Use the attached invidious.png for drawing style only. Match its thick rounded dark-brown contours, simplified rounded shapes, and restrained 2D cartoon shading. Do not copy the reference subject or composition.

Framing: One compact composition, with the complete subject using about 80-90% of the square. Keep everything inside the frame.

Output: 512x512 PNG, RGBA, genuine transparent background. No text, numerals, labels, logos or watermark.",作成済み,,references/invidious.png
storied.png,物語で名高い,物語で名高い,"Subject: A castle celebrated in generations of stories.

Composition: Show a storyteller seated before the gate of an old turreted castle, holding an open illustrated book while children listen. The book's single picture depicts the same distinctive castle and a knight, linking the real place to its well-known legends.

Style: Use the attached invidious.png for drawing style only. Match its thick rounded dark-brown contours, simplified rounded shapes, and restrained 2D cartoon shading. Do not copy the reference subject or composition.

Framing: One compact composition, with the complete subject using about 80-90% of the square. Keep everything inside the frame.

Output: 512x512 PNG, RGBA, genuine transparent background. No text, numerals, labels, logos or watermark.",作成済み,,references/invidious.png
sundown.png,日没,日没,"Subject: The sun sinking below the sea horizon.

Composition: Show a low orange sun half hidden by a level ocean horizon, with a narrow warm reflection stretching across the water. A small headland and silhouetted pine tree frame one side without blocking the sinking sun.

Style: Use the attached invidious.png for drawing style only. Match its thick rounded dark-brown contours, simplified rounded shapes, and restrained 2D cartoon shading. Do not copy the reference subject or composition.

Framing: One compact composition, with the complete subject using about 80-90% of the square. Keep everything inside the frame.

Output: 512x512 PNG, RGBA, genuine transparent background. No text, numerals, labels, logos or watermark.",作成済み,,references/invidious.png
unchallenged.png,挑戦されていない、問題にされていない,挑戦されていない,"Subject: A decision accepted without objection.

Composition: Show a meeting chair placing a plan in the center of a table while three colleagues calmly nod in agreement. The colleagues' hands rest openly on the tabletop, and no one interrupts or raises an objection as the chair proceeds with the accepted proposal.

Style: Use the attached invidious.png for drawing style only. Match its thick rounded dark-brown contours, simplified rounded shapes, and restrained 2D cartoon shading. Do not copy the reference subject or composition.

Framing: One compact composition, with the complete subject using about 80-90% of the square. Keep everything inside the frame.

Output: 512x512 PNG, RGBA, genuine transparent background. No text, numerals, labels, logos or watermark.",作成済み,,references/invidious.png
unsupported.png,支えられていない、支持されていない,支えられていない,"Subject: A broken shelf end hanging without support.

Composition: Show a wall shelf with its right bracket pulled loose from the wall and lying on the floor. The right end droops downward while only the left bracket remains attached; a book begins to slide toward the unsupported end.

Style: Use the attached invidious.png for drawing style only. Match its thick rounded dark-brown contours, simplified rounded shapes, and restrained 2D cartoon shading. Do not copy the reference subject or composition.

Framing: One compact composition, with the complete subject using about 80-90% of the square. Keep everything inside the frame.

Output: 512x512 PNG, RGBA, genuine transparent background. No text, numerals, labels, logos or watermark.",作成済み,,references/invidious.png
Holstein.png,ホルシュタイン、ホルスタイン,ホルシュタイン,"Subject: A black-and-white Holstein dairy cow.

Composition: Show one large dairy cow standing in three-quarter view, with irregular black patches on a white coat, a pink-and-black muzzle and a visible udder. Keep the slim dairy build, complete hooves and long tail clear on a small pasture patch.

Style: Use the attached invidious.png for drawing style only. Match its thick rounded dark-brown contours, simplified rounded shapes, and restrained 2D cartoon shading. Do not copy the reference subject or composition.

Framing: One compact composition, with the complete subject using about 80-90% of the square. Keep everything inside the frame.

Output: 512x512 PNG, RGBA, genuine transparent background. No text, numerals, labels, logos or watermark.",作成済み,,references/invidious.png
Johnnie.png,ジョニー、ジョニイ,ジョニー,"Subject: A friendly adult man named Johnnie.

Composition: Show one adult man with short curly brown hair and a casual green sweater standing beside a bicycle at a park gate. He smiles and lifts one hand in greeting, with no name lettering or implication that he is a specific famous person.

Style: Use the attached invidious.png for drawing style only. Match its thick rounded dark-brown contours, simplified rounded shapes, and restrained 2D cartoon shading. Do not copy the reference subject or composition.

Framing: One compact composition, with the complete subject using about 80-90% of the square. Keep everything inside the frame.

Output: 512x512 PNG, RGBA, genuine transparent background. No text, numerals, labels, logos or watermark.",作成済み,,references/invidious.png
Moro.png,モーロ、モロ,モーロ,"Subject: A Maranao member of the Moro peoples in the southern Philippines.

Composition: Show a present-day Maranao adult standing beside a traditional torogan house with raised timber floors and projecting carved panolong beams. The person wears a red-and-green woven malong with an ordinary shirt, holding a folded textile and welcoming a visitor without martial caricature.

Style: Use the attached invidious.png for drawing style only. Match its thick rounded dark-brown contours, simplified rounded shapes, and restrained 2D cartoon shading. Do not copy the reference subject or composition.

Framing: One compact composition, with the complete subject using about 80-90% of the square. Keep everything inside the frame.

Output: 512x512 PNG, RGBA, genuine transparent background. No text, numerals, labels, logos or watermark.",作成済み,,references/invidious.png
actuation.png,作動,作動,"Subject: A lever actuating a mechanical gate.

Composition: Show an operator pulling a hand lever connected by a rigid rod to a hinged gate mechanism. The rod draws the gate upward around its visible pivot while the frame remains fixed; keep the lever, linkage and moving gate connected in one clear assembly.

Style: Use the attached invidious.png for drawing style only. Match its thick rounded dark-brown contours, simplified rounded shapes, and restrained 2D cartoon shading. Do not copy the reference subject or composition.

Framing: One compact composition, with the complete subject using about 80-90% of the square. Keep everything inside the frame.

Output: 512x512 PNG, RGBA, genuine transparent background. No text, numerals, labels, logos or watermark.",作成済み,,references/invidious.png
affine.png,アファイン,アファイン,"Subject: A family connection formed through marriage.

Composition: Show a bride introducing her mother to the groom at a wedding reception. The bride links the two with a warm open-hand gesture while the groom offers a respectful handshake, and a family photograph beside them connects the bride and mother without written kinship labels.

Style: Use the attached invidious.png for drawing style only. Match its thick rounded dark-brown contours, simplified rounded shapes, and restrained 2D cartoon shading. Do not copy the reference subject or composition.

Framing: One compact composition, with the complete subject using about 80-90% of the square. Keep everything inside the frame.

Output: 512x512 PNG, RGBA, genuine transparent background. No text, explanatory labels, speech balloons or bubbles, numerals, logos or watermark.",作成済み,,references/invidious.png
attitudinal.png,態度に関する,態度に関する,"Subject: A dismissive attitude expressed through posture.

Composition: Show an employee listening to a colleague's proposed design with crossed arms, a skeptical raised eyebrow and a slight backward lean. The colleague holds the design at chest height and waits; the employee's expression and body language are the central information.

Style: Use the attached invidious.png for drawing style only. Match its thick rounded dark-brown contours, simplified rounded shapes, and restrained 2D cartoon shading. Do not copy the reference subject or composition.

Framing: One compact composition, with the complete subject using about 80-90% of the square. Keep everything inside the frame.

Output: 512x512 PNG, RGBA, genuine transparent background. No text, numerals, labels, logos or watermark.",作成済み,,references/invidious.png
bailiff.png,廷吏,廷吏,"Subject: A court bailiff maintaining order beside the judge's bench.

Composition: Show a uniformed court officer standing beside an open courtroom gate, guiding a witness toward the witness stand with one open hand. The judge's raised bench and seated clerk remain behind, establishing the bailiff's court role without readable badges.

Style: Use the attached invidious.png for drawing style only. Match its thick rounded dark-brown contours, simplified rounded shapes, and restrained 2D cartoon shading. Do not copy the reference subject or composition.

Framing: One compact composition, with the complete subject using about 80-90% of the square. Keep everything inside the frame.

Output: 512x512 PNG, RGBA, genuine transparent background. No text, numerals, labels, logos or watermark.",作成済み,,references/invidious.png
blurt.png,うっかりしゃべる、口を滑らせる,うっかりしゃべる,"Subject: A person accidentally revealing a surprise.

Composition: Show an adult abruptly speaking while another person carries a covered birthday cake behind the unsuspecting guest. The speaker immediately clamps one hand over their mouth with wide startled eyes, and the cake carrier freezes in alarm; keep the surprise context visible.

Style: Use the attached invidious.png for drawing style only. Match its thick rounded dark-brown contours, simplified rounded shapes, and restrained 2D cartoon shading. Do not copy the reference subject or composition.

Framing: One compact composition, with the complete subject using about 80-90% of the square. Keep everything inside the frame.

Output: 512x512 PNG, RGBA, genuine transparent background. No text, numerals, labels, logos or watermark.",作成済み,,references/invidious.png
breeder.png,畜産家、育種家,畜産家,"Subject: A livestock breeder assessing a young calf.

Composition: Show a breeder standing in a clean cattle pen beside a healthy calf and its mother, carefully observing the calf's legs and build while holding a clipboard. The breeder rests one hand gently on the calf's shoulder, keeping all animals grounded and calm.

Style: Use the attached invidious.png for drawing style only. Match its thick rounded dark-brown contours, simplified rounded shapes, and restrained 2D cartoon shading. Do not copy the reference subject or composition.

Framing: One compact composition, with the complete subject using about 80-90% of the square. Keep everything inside the frame.

Output: 512x512 PNG, RGBA, genuine transparent background. No text, numerals, labels, logos or watermark.",作成済み,,references/invidious.png
buttermilk.png,バターミルク,バターミルク,"Subject: Traditional buttermilk separated during butter churning.

Composition: Show an open wooden butter churn containing pale liquid, with fresh yellow butter gathered in a small bowl beside it. A dairy worker lifts the churn paddle above the remaining liquid, allowing a few milky drops to fall back into the churn.

Style: Use the attached invidious.png for drawing style only. Match its thick rounded dark-brown contours, simplified rounded shapes, and restrained 2D cartoon shading. Do not copy the reference subject or composition.

Framing: One compact composition, with the complete subject using about 80-90% of the square. Keep everything inside the frame.

Output: 512x512 PNG, RGBA, genuine transparent background. No text, numerals, labels, logos or watermark.",作成済み,,references/invidious.png
chargeable.png,支払われるべきで、支払いの対象となる,支払われるべきで,"Subject: An extra hotel service added to a guest's bill.

Composition: Show a hotel guest receiving a tray of room-service breakfast while a staff member presents a small bill on the same tray. The guest reaches for a wallet, making clear that the delivered meal requires payment rather than being complimentary.

Style: Use the attached invidious.png for drawing style only. Match its thick rounded dark-brown contours, simplified rounded shapes, and restrained 2D cartoon shading. Do not copy the reference subject or composition.

Framing: One compact composition, with the complete subject using about 80-90% of the square. Keep everything inside the frame.

Output: 512x512 PNG, RGBA, genuine transparent background. No text, numerals, labels, logos or watermark.",作成済み,,references/invidious.png
clamor.png,やかましく叫ぶ,やかましく叫ぶ,"Subject: A noisy crowd clamoring for attention.

Composition: Show three spectators leaning forward behind a low railing with mouths wide open and hands cupped around their mouths. They all call toward a small stage at once, with animated brows and raised shoulders; keep the scene energetic rather than violent.

Style: Use the attached invidious.png for drawing style only. Match its thick rounded dark-brown contours, simplified rounded shapes, and restrained 2D cartoon shading. Do not copy the reference subject or composition.

Framing: One compact composition, with the complete subject using about 80-90% of the square. Keep everything inside the frame.

Output: 512x512 PNG, RGBA, genuine transparent background. No text, numerals, labels, logos or watermark.",作成済み,,references/invidious.png
domesticity.png,家庭生活,家庭生活,"Subject: A family sharing ordinary domestic routines.

Composition: Show two adults and a child around a kitchen table preparing supper together. One adult chops vegetables, the other sets out bowls and the child folds napkins; their relaxed interaction, household setting and practical tasks convey everyday family life.

Style: Use the attached invidious.png for drawing style only. Match its thick rounded dark-brown contours, simplified rounded shapes, and restrained 2D cartoon shading. Do not copy the reference subject or composition.

Framing: One compact composition, with the complete subject using about 80-90% of the square. Keep everything inside the frame.

Output: 512x512 PNG, RGBA, genuine transparent background. No text, numerals, labels, logos or watermark.",作成済み,,references/invidious.png
empathize.png,他人の気持ちを理解できる、共感する,他人の気持ちを理解できる,"Subject: A friend responding with genuine empathy.

Composition: Show one adult seated beside a tearful friend on a bench, leaning close and listening with a concerned expression. The listener rests a hand gently on the friend's forearm while the friend holds a broken pet leash; avoid cheerful dismissal or forced reassurance.

Style: Use the attached invidious.png for drawing style only. Match its thick rounded dark-brown contours, simplified rounded shapes, and restrained 2D cartoon shading. Do not copy the reference subject or composition.

Framing: One compact composition, with the complete subject using about 80-90% of the square. Keep everything inside the frame.

Output: 512x512 PNG, RGBA, genuine transparent background. No text, numerals, labels, logos or watermark.",作成済み,,references/invidious.png
factorization.png,因数分解,因数分解,"Subject: A student factoring an algebraic expression.

Composition: Show a student at a desk writing “x² − 9 = (x − 3)(x + 3)” on one sheet, with the pen finishing the final bracket. Keep the complete correct equality large and clear, with the student checking both factors thoughtfully.

Style: Use the attached invidious.png for drawing style only. Match its thick rounded dark-brown contours, simplified rounded shapes, and restrained 2D cartoon shading. Do not copy the reference subject or composition.

Framing: One compact composition, with the complete subject using about 80-90% of the square. Keep everything inside the frame.

Output: 512x512 PNG, RGBA, genuine transparent background. Allow only the formula “x² − 9 = (x − 3)(x + 3)”. No incidental labels, logos or watermark.",作成済み,,references/invidious.png
falcon.png,タカ,タカ,"Subject: A falcon perched as a sharp-beaked bird of prey.

Composition: Show one peregrine falcon standing on a rocky ledge with slate-gray back, dark cheek marks, a hooked beak and barred pale underparts. Its yellow feet grip the rock with curved talons, while the long pointed folded wings and complete tail remain visible.

Style: Use the attached invidious.png for drawing style only. Match its thick rounded dark-brown contours, simplified rounded shapes, and restrained 2D cartoon shading. Do not copy the reference subject or composition.

Framing: One compact composition, with the complete subject using about 80-90% of the square. Keep everything inside the frame.

Output: 512x512 PNG, RGBA, genuine transparent background. No text, numerals, labels, logos or watermark.",作成済み,,references/invidious.png
flamboyant.png,けばけばしい,けばけばしい,"Subject: A flamboyant performer making a dramatic entrance.

Composition: Show an adult performer stepping onto a small stage in a vivid turquoise suit with an oversized orange feather collar and sparkling purple shoes. One arm sweeps outward in a theatrical flourish while the other holds a broad hat; retain the full exuberant outfit.

Style: Use the attached invidious.png for drawing style only. Match its thick rounded dark-brown contours, simplified rounded shapes, and restrained 2D cartoon shading. Do not copy the reference subject or composition.

Framing: One compact composition, with the complete subject using about 80-90% of the square. Keep everything inside the frame.

Output: 512x512 PNG, RGBA, genuine transparent background. No text, numerals, labels, logos or watermark.",作成済み,,references/invidious.png
fluorine.png,フッ素,フッ素,"Subject: A molecular model of elemental fluorine.

Composition: Show a single diatomic fluorine molecule as two identical pale-green spheres joined by one short bond, mounted on a small laboratory display base. The base carries only the chemical formula “F₂,” with no element name, atomic number or unrelated laboratory glassware.

Style: Use the attached invidious.png for drawing style only. Match its thick rounded dark-brown contours, simplified rounded shapes, and restrained 2D cartoon shading. Do not copy the reference subject or composition.

Framing: One compact composition, with the complete subject using about 80-90% of the square. Keep everything inside the frame.

Output: 512x512 PNG, RGBA, genuine transparent background. Allow only the chemical formula “F₂.” No incidental labels, logos or watermark.",作成済み,,references/invidious.png
fortify.png,補強する,補強する,"Subject: A carpenter reinforcing a weak wooden shelf.

Composition: Show a carpenter fastening a triangular wooden brace beneath a sagging shelf. One hand holds the brace firmly against the wall and shelf underside while the other turns a screwdriver; the brace's two contact points and the shelf's existing supports remain visible.

Style: Use the attached invidious.png for drawing style only. Match its thick rounded dark-brown contours, simplified rounded shapes, and restrained 2D cartoon shading. Do not copy the reference subject or composition.

Framing: One compact composition, with the complete subject using about 80-90% of the square. Keep everything inside the frame.

Output: 512x512 PNG, RGBA, genuine transparent background. No text, numerals, labels, logos or watermark.",作成済み,,references/invidious.png
gamut.png,全音域,全音域,"Subject: A pianist exploring the full range of a keyboard.

Composition: Show a pianist seated at a grand piano, viewed from a raised three-quarter angle with the entire keyboard visible. One hand reaches toward the lowest bass keys and the other toward the highest treble keys, spanning the instrument's full pitch range with naturally extended arms.

Style: Use the attached invidious.png for drawing style only. Match its thick rounded dark-brown contours, simplified rounded shapes, and restrained 2D cartoon shading. Do not copy the reference subject or composition.

Framing: One compact composition, with the complete subject using about 80-90% of the square. Keep everything inside the frame.

Output: 512x512 PNG, RGBA, genuine transparent background. No text, numerals, labels, logos or watermark.",作成済み,,references/invidious.png
grapevine.png,ブドウの木,ブドウの木,"Subject: A fruiting grapevine trained on a trellis.

Composition: Show a thick twisting grapevine trunk growing from a small soil patch and branching along a wooden trellis. Broad lobed leaves and several heavy clusters of purple grapes hang from attached stems, with tendrils curled securely around the trellis slats.

Style: Use the attached invidious.png for drawing style only. Match its thick rounded dark-brown contours, simplified rounded shapes, and restrained 2D cartoon shading. Do not copy the reference subject or composition.

Framing: One compact composition, with the complete subject using about 80-90% of the square. Keep everything inside the frame.

Output: 512x512 PNG, RGBA, genuine transparent background. No text, numerals, labels, logos or watermark.",作成済み,,references/invidious.png
guarantor.png,保証人,保証人,"Subject: A person accepting responsibility for another’s debt.

Composition: Show two adults beside a loan clerk, with the supporting adult signing a second guarantee section of the same agreement while gesturing toward the borrower. A small reserve pouch of coins sits beside the signer, and all document text stays nonlegible.

Style: Use the attached invidious.png for drawing style only. Match its thick rounded dark-brown contours, simplified rounded shapes, and restrained 2D cartoon shading. Do not copy the reference subject or composition.

Framing: One compact composition, with the complete subject using about 80-90% of the square. Keep everything inside the frame.

Output: 512x512 PNG, RGBA, genuine transparent background. No text, explanatory labels, speech balloons or bubbles, numerals, logos or watermark.",作成済み,,references/invidious.png
hearken.png,耳を傾ける,耳を傾ける,"Subject: A listener giving careful attention to a quiet voice.

Composition: Show an older adult leaning slightly toward a softly speaking child, turning one ear toward the child and cupping a hand behind it. Their other hand rests on a bench, and their attentive eyes remain on the child's face.

Style: Use the attached invidious.png for drawing style only. Match its thick rounded dark-brown contours, simplified rounded shapes, and restrained 2D cartoon shading. Do not copy the reference subject or composition.

Framing: One compact composition, with the complete subject using about 80-90% of the square. Keep everything inside the frame.

Output: 512x512 PNG, RGBA, genuine transparent background. No text, numerals, labels, logos or watermark.",作成済み,,references/invidious.png
hilltop.png,丘の頂上,丘の頂上,"Subject: The rounded summit of a grassy hill.

Composition: Show a single smooth grassy hill with a small hiker standing at its highest point beside a low stone cairn. The slope falls away clearly on both sides, and the hiker looks across the lower landscape rather than climbing a mountain cliff.

Style: Use the attached invidious.png for drawing style only. Match its thick rounded dark-brown contours, simplified rounded shapes, and restrained 2D cartoon shading. Do not copy the reference subject or composition.

Framing: One compact composition, with the complete subject using about 80-90% of the square. Keep everything inside the frame.

Output: 512x512 PNG, RGBA, genuine transparent background. No text, numerals, labels, logos or watermark.",作成済み,,references/invidious.png
horticulture.png,園芸学,園芸学,"Subject: A horticulturist examining cultivated seedlings.

Composition: Show a horticulturist in a greenhouse lifting one young tomato plant from a tray to inspect its intact root ball. The other seedlings stand in neat individual pots, and a magnifying lens and pruning scissors rest on the potting bench.

Style: Use the attached invidious.png for drawing style only. Match its thick rounded dark-brown contours, simplified rounded shapes, and restrained 2D cartoon shading. Do not copy the reference subject or composition.

Framing: One compact composition, with the complete subject using about 80-90% of the square. Keep everything inside the frame.

Output: 512x512 PNG, RGBA, genuine transparent background. No text, numerals, labels, logos or watermark.",作成済み,,references/invidious.png
implore.png,懇願する,懇願する,"Subject: A person pleading earnestly for another chance.

Composition: Show an adult standing before a seated decision-maker with hands clasped at chest height, shoulders leaning forward and face intensely hopeful. The seated person holds a returned application folder and listens; the pleading figure remains the emotional focus.

Style: Use the attached invidious.png for drawing style only. Match its thick rounded dark-brown contours, simplified rounded shapes, and restrained 2D cartoon shading. Do not copy the reference subject or composition.

Framing: One compact composition, with the complete subject using about 80-90% of the square. Keep everything inside the frame.

Output: 512x512 PNG, RGBA, genuine transparent background. No text, numerals, labels, logos or watermark.",作成済み,,references/invidious.png
inky.png,インクの、インクで書かれた,インクの,"Subject: Fresh ink strokes on a handwritten page.

Composition: Show a writer at a desk using a dip pen to make broad dark strokes on a sheet of paper. A small open ink bottle stands beside the page, and fresh ink glistens slightly where the nib touches; use abstract non-letter strokes rather than readable words.

Style: Use the attached invidious.png for drawing style only. Match its thick rounded dark-brown contours, simplified rounded shapes, and restrained 2D cartoon shading. Do not copy the reference subject or composition.

Framing: One compact composition, with the complete subject using about 80-90% of the square. Keep everything inside the frame.

Output: 512x512 PNG, RGBA, genuine transparent background. No text, numerals, labels, logos or watermark.",作成済み,,references/invidious.png
jurist.png,法学者,法学者,"Subject: A legal scholar studying casebooks.

Composition: Show a scholar seated at a desk with several heavy law books, comparing two open volumes while making notes on a blank-topped sheet. A small balance scale stands on the desk and a plain academic gown hangs nearby; emphasize study rather than courtroom advocacy.

Style: Use the attached invidious.png for drawing style only. Match its thick rounded dark-brown contours, simplified rounded shapes, and restrained 2D cartoon shading. Do not copy the reference subject or composition.

Framing: One compact composition, with the complete subject using about 80-90% of the square. Keep everything inside the frame.

Output: 512x512 PNG, RGBA, genuine transparent background. No text, numerals, labels, logos or watermark.",作成済み,,references/invidious.png
maddening.png,気を狂わすような,気を狂わすような,"Subject: An incessant alarm driving a tired person to distraction.

Composition: Show a sleep-deprived adult in pajamas gripping their temples beside a bedside alarm clock whose bell is visibly vibrating. Their hair is disheveled, brows tightly drawn and shoulders tense, while the clock's persistent motion makes the source of frustration clear.

Style: Use the attached invidious.png for drawing style only. Match its thick rounded dark-brown contours, simplified rounded shapes, and restrained 2D cartoon shading. Do not copy the reference subject or composition.

Framing: One compact composition, with the complete subject using about 80-90% of the square. Keep everything inside the frame.

Output: 512x512 PNG, RGBA, genuine transparent background. No text, numerals, labels, logos or watermark.",作成済み,,references/invidious.png
mismanagement.png,誤った管理、管理ミス,誤った管理,"Subject: A badly managed storeroom causing a preventable collapse.

Composition: Show a warehouse supervisor staring at a toppled stack of heavy boxes that had been placed on a flimsy shelf. Light empty cartons remain on the strong lower rack while the overloaded upper shelf has bent, making the poor allocation of storage evident.

Style: Use the attached invidious.png for drawing style only. Match its thick rounded dark-brown contours, simplified rounded shapes, and restrained 2D cartoon shading. Do not copy the reference subject or composition.

Framing: One compact composition, with the complete subject using about 80-90% of the square. Keep everything inside the frame.

Output: 512x512 PNG, RGBA, genuine transparent background. No text, numerals, labels, logos or watermark.",作成済み,,references/invidious.png
musculature.png,筋肉組織,筋肉組織,"Subject: The connected musculature of the human body.

Composition: Show one full anatomical teaching model standing on a base with the skin removed to reveal major skeletal-muscle groups. Display the chest, abdomen, upper arms, thighs and calves as continuous red fiber bundles attached near their joints; avoid exposed wounds or detached muscles.

Style: Use the attached invidious.png for drawing style only. Match its thick rounded dark-brown contours, simplified rounded shapes, and restrained 2D cartoon shading. Do not copy the reference subject or composition.

Framing: One compact composition, with the complete subject using about 80-90% of the square. Keep everything inside the frame.

Output: 512x512 PNG, RGBA, genuine transparent background. No text, numerals, labels, logos or watermark.",作成済み,,references/invidious.png
obtainable.png,得られる、手に入る,得られる,"Subject: An item readily obtainable from a stocked shelf.

Composition: Show a shopper reaching comfortably for a jar on a waist-high shop shelf, with several identical jars still in stock beside it. The shopper holds an open basket in the other hand, and no barrier or shortage prevents taking the item.

Style: Use the attached invidious.png for drawing style only. Match its thick rounded dark-brown contours, simplified rounded shapes, and restrained 2D cartoon shading. Do not copy the reference subject or composition.

Framing: One compact composition, with the complete subject using about 80-90% of the square. Keep everything inside the frame.

Output: 512x512 PNG, RGBA, genuine transparent background. No text, numerals, labels, logos or watermark.",作成済み,,references/invidious.png
patella.png,膝蓋骨,膝蓋骨,"Subject: The patella at the front of the knee.

Composition: Show a side-front anatomical knee model with femur and tibia connected and the kneecap highlighted in ivory. The triangular patella sits in front of the femoral joint, embedded between the quadriceps tendon above and patellar ligament below; retain the fibula on the outer side.

Style: Use the attached invidious.png for drawing style only. Match its thick rounded dark-brown contours, simplified rounded shapes, and restrained 2D cartoon shading. Do not copy the reference subject or composition.

Framing: One compact composition, with the complete subject using about 80-90% of the square. Keep everything inside the frame.

Output: 512x512 PNG, RGBA, genuine transparent background. No text, numerals, labels, logos or watermark.",作成済み,,references/invidious.png
rabid.png,凶暴な,凶暴な,"Subject: A furiously aggressive dog straining at a secure leash.

Composition: Show a full-grown dog braced forward with bared teeth, stiff raised tail and tense shoulders, pulling against a taut leash held by an adult handler. The handler plants both feet securely and maintains distance from a passerby; include no foaming or disease cues.

Style: Use the attached invidious.png for drawing style only. Match its thick rounded dark-brown contours, simplified rounded shapes, and restrained 2D cartoon shading. Do not copy the reference subject or composition.

Framing: One compact composition, with the complete subject using about 80-90% of the square. Keep everything inside the frame.

Output: 512x512 PNG, RGBA, genuine transparent background. No text, numerals, labels, logos or watermark.",作成済み,,references/invidious.png
restructure.png,改革する,改革する,"Subject: A manager reorganizing a crowded work area.

Composition: Show a manager and an employee repositioning two small worktables into a clear L-shaped station, with tools moved into orderly wall holders. A cleared central walkway and compact grouped equipment make the changed organization visible within one workspace.

Style: Use the attached invidious.png for drawing style only. Match its thick rounded dark-brown contours, simplified rounded shapes, and restrained 2D cartoon shading. Do not copy the reference subject or composition.

Framing: One compact composition, with the complete subject using about 80-90% of the square. Keep everything inside the frame.

Output: 512x512 PNG, RGBA, genuine transparent background. No text, numerals, labels, logos or watermark.",作成済み,,references/invidious.png
reverent.png,敬虔な,敬虔な,"Subject: A devout worshipper praying quietly.

Composition: Show an adult kneeling before a simple church altar with head bowed, eyes closed and hands folded in sincere prayer. One candle burns steadily on the altar, and the worshipper's calm posture conveys reverence without a crowd or theatrical spectacle.

Style: Use the attached invidious.png for drawing style only. Match its thick rounded dark-brown contours, simplified rounded shapes, and restrained 2D cartoon shading. Do not copy the reference subject or composition.

Framing: One compact composition, with the complete subject using about 80-90% of the square. Keep everything inside the frame.

Output: 512x512 PNG, RGBA, genuine transparent background. No text, numerals, labels, logos or watermark.",作成済み,,references/invidious.png
rosary.png,ロザリオ,ロザリオ,"Subject: A Catholic rosary laid out for prayer.

Composition: Show a complete rosary on a small cloth: the loop has five groups of ten small beads, with four large beads separating the groups and both ends joined to a central medal. From that medal, a pendant runs through one large bead, three small beads, one large bead, then a crucifix; connect every segment.

Style: Use the attached invidious.png for drawing style only. Match its thick rounded dark-brown contours, simplified rounded shapes, and restrained 2D cartoon shading. Do not copy the reference subject or composition.

Framing: One compact composition, with the complete subject using about 80-90% of the square. Keep everything inside the frame.

Output: 512x512 PNG, RGBA, genuine transparent background. No text, numerals, labels, logos or watermark.",作成済み,,references/invidious.png
saviour.png,救助者、救い手,救助者,"Subject: A rescuer pulling someone safely from a river.

Composition: Show a rescuer kneeling on a firm riverbank and hauling a taut rescue rope attached to a flotation ring held by an adult in the water. The swimmer's head stays above the surface, and the rope connects continuously from rescuer to ring.

Style: Use the attached invidious.png for drawing style only. Match its thick rounded dark-brown contours, simplified rounded shapes, and restrained 2D cartoon shading. Do not copy the reference subject or composition.

Framing: One compact composition, with the complete subject using about 80-90% of the square. Keep everything inside the frame.

Output: 512x512 PNG, RGBA, genuine transparent background. No text, numerals, labels, logos or watermark.",作成済み,,references/invidious.png
sideboard.png,食器棚、サイドボード,食器棚,"Subject: A dining-room sideboard storing tableware.

Composition: Show one low wooden sideboard with drawers above and two cupboard doors open below. Neatly stacked plates, bowls and folded tablecloths sit on its internal shelves, while a serving platter rests on top; retain all cabinet legs and door hinges.

Style: Use the attached invidious.png for drawing style only. Match its thick rounded dark-brown contours, simplified rounded shapes, and restrained 2D cartoon shading. Do not copy the reference subject or composition.

Framing: One compact composition, with the complete subject using about 80-90% of the square. Keep everything inside the frame.

Output: 512x512 PNG, RGBA, genuine transparent background. No text, numerals, labels, logos or watermark.",作成済み,,references/invidious.png
spout.png,噴出す,噴出す,"Subject: Water gushing from a broken pipe.

Composition: Show a short exposed water pipe with a split seam sending a strong upward jet into the air. The jet arches outward and falls into a growing puddle around the pipe's grounded supports, with the rupture and connected pipe ends clearly visible.

Style: Use the attached invidious.png for drawing style only. Match its thick rounded dark-brown contours, simplified rounded shapes, and restrained 2D cartoon shading. Do not copy the reference subject or composition.

Framing: One compact composition, with the complete subject using about 80-90% of the square. Keep everything inside the frame.

Output: 512x512 PNG, RGBA, genuine transparent background. No text, numerals, labels, logos or watermark.",作成済み,,references/invidious.png
subculture.png,サブカルチャー、下位文化,サブカルチャー,"Subject: A skateboarding subculture sharing its own style and activity.

Composition: Show three adult skateboarders gathering at one small skate ramp, wearing distinct casual streetwear and carrying worn customized boards without lettering. One demonstrates a trick while the others watch and exchange tips, establishing a shared community within everyday city life.

Style: Use the attached invidious.png for drawing style only. Match its thick rounded dark-brown contours, simplified rounded shapes, and restrained 2D cartoon shading. Do not copy the reference subject or composition.

Framing: One compact composition, with the complete subject using about 80-90% of the square. Keep everything inside the frame.

Output: 512x512 PNG, RGBA, genuine transparent background. No text, numerals, labels, logos or watermark.",作成済み,,references/invidious.png
subjunctive.png,接続法,接続法,"Subject: Imagining an unreal condition.

Composition: Show a short adult standing beneath a high shelf and reaching unsuccessfully toward a jar, then indicating a wished-for taller height with a hand held above their head. Their hopeful expression and real hand falling short make the imagined alternative clear without a written conditional or thought bubble.

Style: Use the attached invidious.png for drawing style only. Match its thick rounded dark-brown contours, simplified rounded shapes, and restrained 2D cartoon shading. Do not copy the reference subject or composition.

Framing: One compact composition, with the complete subject using about 80-90% of the square. Keep everything inside the frame.

Output: 512x512 PNG, RGBA, genuine transparent background. No text, explanatory labels, speech balloons or bubbles, numerals, logos or watermark.",作成済み,,references/invidious.png
swivel.png,回し継ぎ手,回し継ぎ手,"Subject: A mechanical swivel connecting a chain to a hook.

Composition: Show a complete metal swivel suspended from a short chain anchored to an overhead beam. Its upper eye joins the chain, while a lower hook's shank rotates within a cylindrical collar along the same axis; a small weight hangs securely from the hook below.

Style: Use the attached invidious.png for drawing style only. Match its thick rounded dark-brown contours, simplified rounded shapes, and restrained 2D cartoon shading. Do not copy the reference subject or composition.

Framing: One compact composition, with the complete subject using about 80-90% of the square. Keep everything inside the frame.

Output: 512x512 PNG, RGBA, genuine transparent background. No text, numerals, labels, logos or watermark.",作成済み,,references/invidious.png
synopsis.png,概要,概要,"Subject: A writer reducing a long manuscript to a brief synopsis.

Composition: Show a writer at a desk consulting a thick bound manuscript while completing a single small summary sheet beside it. Only three short abstract ink lines occupy the sheet, contrasting its concise length with the many stacked manuscript pages; no readable words appear.

Style: Use the attached invidious.png for drawing style only. Match its thick rounded dark-brown contours, simplified rounded shapes, and restrained 2D cartoon shading. Do not copy the reference subject or composition.

Framing: One compact composition, with the complete subject using about 80-90% of the square. Keep everything inside the frame.

Output: 512x512 PNG, RGBA, genuine transparent background. No text, numerals, labels, logos or watermark.",作成済み,,references/invidious.png
telltale.png,暴露する人,暴露する人,"Subject: A child revealing another child's hidden misdeed.

Composition: Show one child whispering to a teacher while pointing toward a second child hiding a broken classroom trophy behind their back. The teacher turns toward the concealed object, and the informing child's earnest expression makes the disclosure clear.

Style: Use the attached invidious.png for drawing style only. Match its thick rounded dark-brown contours, simplified rounded shapes, and restrained 2D cartoon shading. Do not copy the reference subject or composition.

Framing: One compact composition, with the complete subject using about 80-90% of the square. Keep everything inside the frame.

Output: 512x512 PNG, RGBA, genuine transparent background. No text, numerals, labels, logos or watermark.",作成済み,,references/invidious.png
unfailing.png,尽きることのない、無尽蔵の,尽きることのない,"Subject: A magical horn continually pouring out fruit.

Composition: Show a cornucopia resting on a table and spilling a fresh stream of apples, pears and grapes into a large basket that is already overflowing. Another apple is emerging from the horn's apparently bottomless interior; keep the fantasy object's continuous abundant supply clear.

Style: Use the attached invidious.png for drawing style only. Match its thick rounded dark-brown contours, simplified rounded shapes, and restrained 2D cartoon shading. Do not copy the reference subject or composition.

Framing: One compact composition, with the complete subject using about 80-90% of the square. Keep everything inside the frame.

Output: 512x512 PNG, RGBA, genuine transparent background. No text, numerals, labels, logos or watermark.",作成済み,,references/invidious.png
vat.png,大おけ,大おけ,"Subject: A large wooden vat for soaking cloth.

Composition: Show one broad waist-high wooden vat bound by dark metal hoops, filled with blue dye and a partly submerged length of fabric. A worker stands beside it holding a long stirring paddle with both hands, establishing the vessel's considerable size.

Style: Use the attached invidious.png for drawing style only. Match its thick rounded dark-brown contours, simplified rounded shapes, and restrained 2D cartoon shading. Do not copy the reference subject or composition.

Framing: One compact composition, with the complete subject using about 80-90% of the square. Keep everything inside the frame.

Output: 512x512 PNG, RGBA, genuine transparent background. No text, numerals, labels, logos or watermark.",作成済み,,references/invidious.png
widower.png,妻を亡くした男性、寡夫,妻を亡くした男性,"Subject: A widower remembering his late wife.

Composition: Show an older man seated alone beside a small grave, holding a framed wedding photograph of himself and his wife. His wedding band remains on his hand, and a modest bouquet rests against the unlettered headstone; portray quiet grief without melodrama.

Style: Use the attached invidious.png for drawing style only. Match its thick rounded dark-brown contours, simplified rounded shapes, and restrained 2D cartoon shading. Do not copy the reference subject or composition.

Framing: One compact composition, with the complete subject using about 80-90% of the square. Keep everything inside the frame.

Output: 512x512 PNG, RGBA, genuine transparent background. No text, numerals, labels, logos or watermark.",作成済み,,references/invidious.png
Balaam.png,埋め草,埋め草,"Subject: A newspaper editor inserting a short filler item.

Composition: Show an editor at a paste-up desk lowering a small rectangular article clipping into the last empty gap at the bottom of a newspaper column. The surrounding columns already contain dense abstract print texture, while the little clipping fits the unused space exactly; no readable words appear.

Style: Use the attached invidious.png for drawing style only. Match its thick rounded dark-brown contours, simplified rounded shapes, and restrained 2D cartoon shading. Do not copy the reference subject or composition.

Framing: One compact composition, with the complete subject using about 80-90% of the square. Keep everything inside the frame.

Output: 512x512 PNG, RGBA, genuine transparent background. No text, numerals, labels, logos or watermark.",作成済み,,references/invidious.png
Bodleian.png,ボドレー図書館,ボドレー図書館,"Subject: Oxford's Bodleian Library complex through the Radcliffe Camera.

Composition: Show the circular Radcliffe Camera with its rusticated lower story, paired columns and broad lead-gray dome, standing on the paving of Radcliffe Square. A student carrying books passes beside the entrance steps, establishing the building's library function without signs or inscriptions.

Style: Use the attached invidious.png for drawing style only. Match its thick rounded dark-brown contours, simplified rounded shapes, and restrained 2D cartoon shading. Do not copy the reference subject or composition.

Framing: One compact composition, with the complete subject using about 80-90% of the square. Keep everything inside the frame.

Output: 512x512 PNG, RGBA, genuine transparent background. No text, numerals, labels, logos or watermark.",作成済み,,references/invidious.png
Cree.png,クリー族、クリー語,クリー族,"Subject: A Cree adult practicing a winter activity in their community.

Composition: Show a Cree adult in contemporary winter clothing fastening woven snowshoes outside a small northern woodland cabin. Snow-covered spruce trees surround the yard, and the person checks a rawhide-style lacing with both hands; portray an individual community member without generic ceremonial costume.

Style: Use the attached invidious.png for drawing style only. Match its thick rounded dark-brown contours, simplified rounded shapes, and restrained 2D cartoon shading. Do not copy the reference subject or composition.

Framing: One compact composition, with the complete subject using about 80-90% of the square. Keep everything inside the frame.

Output: 512x512 PNG, RGBA, genuine transparent background. No text, numerals, labels, logos or watermark.",作成済み,,references/invidious.png
Demeter.png,デメテル,デメテル,"Subject: Demeter, the ancient Greek goddess of grain and harvest.

Composition: Show Demeter as a mature woman in a long draped chiton and mantle, standing beside ripe grain. She holds a bundle of wheat ears in one hand and an upright torch in the other, with a woven grain basket at her feet.

Style: Use the attached invidious.png for drawing style only. Match its thick rounded dark-brown contours, simplified rounded shapes, and restrained 2D cartoon shading. Do not copy the reference subject or composition.

Framing: One compact composition, with the complete subject using about 80-90% of the square. Keep everything inside the frame.

Output: 512x512 PNG, RGBA, genuine transparent background. No text, numerals, labels, logos or watermark.",作成済み,,references/invidious.png
aggravation.png,悪化、いらだち,悪化,"Subject: A worsening leak in a damaged ceiling.

Composition: Show a homeowner looking up at a ceiling crack that has widened into a sagging wet patch, now releasing several streams of water into overflowing buckets. Damp stains spread outward from the original small split, making the deterioration visible in one scene.

Style: Use the attached invidious.png for drawing style only. Match its thick rounded dark-brown contours, simplified rounded shapes, and restrained 2D cartoon shading. Do not copy the reference subject or composition.

Framing: One compact composition, with the complete subject using about 80-90% of the square. Keep everything inside the frame.

Output: 512x512 PNG, RGBA, genuine transparent background. No text, numerals, labels, logos or watermark.",作成済み,,references/invidious.png
cardigan.png,カーディガン,カーディガン,"Subject: A button-front knitted cardigan.

Composition: Show one soft blue cardigan hanging neatly from a wooden hanger on a short clothing stand. It has long sleeves, ribbed cuffs, two lower pockets and a full-length front opening with buttons, one side left slightly open to reveal the fastening.

Style: Use the attached invidious.png for drawing style only. Match its thick rounded dark-brown contours, simplified rounded shapes, and restrained 2D cartoon shading. Do not copy the reference subject or composition.

Framing: One compact composition, with the complete subject using about 80-90% of the square. Keep everything inside the frame.

Output: 512x512 PNG, RGBA, genuine transparent background. No text, numerals, labels, logos or watermark.",作成済み,,references/invidious.png
chute.png,シュート,シュート,"Subject: A sloping chute guiding grain into a bin.

Composition: Show a smooth metal trough descending from a grain hopper to a large open storage bin. A continuous stream of wheat follows the trough's slope and falls from its lower lip into the bin; sturdy legs support both hopper and chute.

Style: Use the attached invidious.png for drawing style only. Match its thick rounded dark-brown contours, simplified rounded shapes, and restrained 2D cartoon shading. Do not copy the reference subject or composition.

Framing: One compact composition, with the complete subject using about 80-90% of the square. Keep everything inside the frame.

Output: 512x512 PNG, RGBA, genuine transparent background. No text, numerals, labels, logos or watermark.",作成済み,,references/invidious.png
cilia.png,繊毛,繊毛,"Subject: Cilia projecting from the surface of an airway cell.

Composition: Show one enlarged strip of airway epithelium with three tall cells side by side and dense short hairlike cilia attached to their upper surfaces. The cilia lean together beneath a thin mucus layer carrying a trapped dust particle, showing coordinated movement without detached hairs.

Style: Use the attached invidious.png for drawing style only. Match its thick rounded dark-brown contours, simplified rounded shapes, and restrained 2D cartoon shading. Do not copy the reference subject or composition.

Framing: One compact composition, with the complete subject using about 80-90% of the square. Keep everything inside the frame.

Output: 512x512 PNG, RGBA, genuine transparent background. No text, numerals, labels, logos or watermark.",作成済み,,references/invidious.png
construe.png,解釈する,解釈する,"Subject: A reader making sense of a puzzling picture message.

Composition: Show an adult at a kitchen table studying a postcard that pictures an umbrella beneath a rain cloud. The reader looks toward the rainy window and reaches for a real umbrella, connecting the message's meaning to the appropriate action.

Style: Use the attached invidious.png for drawing style only. Match its thick rounded dark-brown contours, simplified rounded shapes, and restrained 2D cartoon shading. Do not copy the reference subject or composition.

Framing: One compact composition, with the complete subject using about 80-90% of the square. Keep everything inside the frame.

Output: 512x512 PNG, RGBA, genuine transparent background. No text, numerals, labels, logos or watermark.",作成済み,,references/invidious.png
dab.png,軽くたたく,軽くたたく,"Subject: A painter lightly dabbing color onto a canvas.

Composition: Show a painter touching the tip of a small sponge gently against one spot on a canvas, leaving a soft round patch of yellow paint. The other hand supports a palette, and the elbow stays relaxed rather than swinging in a heavy stroke.

Style: Use the attached invidious.png for drawing style only. Match its thick rounded dark-brown contours, simplified rounded shapes, and restrained 2D cartoon shading. Do not copy the reference subject or composition.

Framing: One compact composition, with the complete subject using about 80-90% of the square. Keep everything inside the frame.

Output: 512x512 PNG, RGBA, genuine transparent background. No text, numerals, labels, logos or watermark.",作成済み,,references/invidious.png
