ファイル名,語義,対象語義,画像生成プロンプト,プロンプト準備状況,要確認理由,画風参照画像
Noah.png,ノア,ノア,"Subject: Noah, target meaning ""ノア"".

Composition: Show the biblical Noah as an elderly bearded man in simple ancient robes standing beside a large wooden ark, with a pair of animals near the ramp.

Style: Use the attached invidious.png for drawing style only. Match its thick rounded dark-brown contours, simplified rounded shapes, and restrained 2D cartoon shading. Do not copy the reference subject or composition.

Framing: One compact composition, with the complete subject using about 80-90% of the square. Keep everything inside the frame.

Output: 512x512 PNG, RGBA, genuine transparent background. No text, numerals, labels, logos or watermark.",作成済み,,references/invidious.png
causal.png,因果関係を示す、原因から続いて起こる,因果関係を示す,"Subject: causal, target meaning ""因果関係を示す"".

Composition: Show one clear cause-and-effect chain: a hand tips a glass, water spills onto the floor, and the resulting puddle forms directly below. Keep the causal sequence visually continuous.

Style: Use the attached invidious.png for drawing style only. Match its thick rounded dark-brown contours, simplified rounded shapes, and restrained 2D cartoon shading. Do not copy the reference subject or composition.

Framing: One compact composition, with the complete subject using about 80-90% of the square. Keep everything inside the frame.

Output: 512x512 PNG, RGBA, genuine transparent background. No text, numerals, labels, logos or watermark.",作成済み,,references/invidious.png
chaos.png,混乱,混乱,"Subject: chaos, target meaning ""混乱"".

Composition: Show a room in complete disorder with overturned chair, scattered papers, tangled cables, and people moving in conflicting directions, with no obvious organization.

Style: Use the attached invidious.png for drawing style only. Match its thick rounded dark-brown contours, simplified rounded shapes, and restrained 2D cartoon shading. Do not copy the reference subject or composition.

Framing: One compact composition, with the complete subject using about 80-90% of the square. Keep everything inside the frame.

Output: 512x512 PNG, RGBA, genuine transparent background. No text, numerals, labels, logos or watermark.",作成済み,,references/invidious.png
hunger.png,渇望,渇望,"Subject: hunger, target meaning ""渇望"".

Composition: Show a hungry person staring intensely at a simple meal while holding an empty stomach, with an empty plate nearby to emphasize strong craving.

Style: Use the attached invidious.png for drawing style only. Match its thick rounded dark-brown contours, simplified rounded shapes, and restrained 2D cartoon shading. Do not copy the reference subject or composition.

Framing: One compact composition, with the complete subject using about 80-90% of the square. Keep everything inside the frame.

Output: 512x512 PNG, RGBA, genuine transparent background. No text, numerals, labels, logos or watermark.",作成済み,,references/invidious.png
keen.png,鋭い,鋭い,"Subject: keen, target meaning ""鋭い"".

Composition: Show one freshly sharpened kitchen knife in close-up, with a very thin crisp cutting edge and pointed tip clearly visible.

Style: Use the attached invidious.png for drawing style only. Match its thick rounded dark-brown contours, simplified rounded shapes, and restrained 2D cartoon shading. Do not copy the reference subject or composition.

Framing: One compact composition, with the complete subject using about 80-90% of the square. Keep everything inside the frame.

Output: 512x512 PNG, RGBA, genuine transparent background. No text, numerals, labels, logos or watermark.",作成済み,,references/invidious.png
launch.png,放つ、勢いよく投げる,放つ,"Subject: launch, target meaning ""放つ"".

Composition: Show one person forcefully throwing a ball upward and forward from the hand, with a clear arc and strong motion marks at release.

Style: Use the attached invidious.png for drawing style only. Match its thick rounded dark-brown contours, simplified rounded shapes, and restrained 2D cartoon shading. Do not copy the reference subject or composition.

Framing: One compact composition, with the complete subject using about 80-90% of the square. Keep everything inside the frame.

Output: 512x512 PNG, RGBA, genuine transparent background. No text, numerals, labels, logos or watermark.",作成済み,,references/invidious.png
magical.png,魅惑的な,魅惑的な,"Subject: magical, target meaning ""魅惑的な"".

Composition: Show a small ordinary object transformed into something enchanting by sparkling light, floating stars, and an amazed viewer, with the magical effect centered on the object.

Style: Use the attached invidious.png for drawing style only. Match its thick rounded dark-brown contours, simplified rounded shapes, and restrained 2D cartoon shading. Do not copy the reference subject or composition.

Framing: One compact composition, with the complete subject using about 80-90% of the square. Keep everything inside the frame.

Output: 512x512 PNG, RGBA, genuine transparent background. No text, numerals, labels, logos or watermark.",作成済み,,references/invidious.png
morality.png,道徳性,道徳性,"Subject: morality, target meaning ""道徳性"".

Composition: Show one person finding a lost wallet and choosing to return it to its owner, with the honest action as the focus.

Style: Use the attached invidious.png for drawing style only. Match its thick rounded dark-brown contours, simplified rounded shapes, and restrained 2D cartoon shading. Do not copy the reference subject or composition.

Framing: One compact composition, with the complete subject using about 80-90% of the square. Keep everything inside the frame.

Output: 512x512 PNG, RGBA, genuine transparent background. No text, numerals, labels, logos or watermark.",作成済み,,references/invidious.png
query.png,質問,質問,"Subject: query, target meaning ""質問"".

Composition: Show one person asking a clear question with raised eyebrows and open palm while another person listens attentively.

Style: Use the attached invidious.png for drawing style only. Match its thick rounded dark-brown contours, simplified rounded shapes, and restrained 2D cartoon shading. Do not copy the reference subject or composition.

Framing: One compact composition, with the complete subject using about 80-90% of the square. Keep everything inside the frame.

Output: 512x512 PNG, RGBA, genuine transparent background. No text, numerals, labels, logos or watermark.",作成済み,,references/invidious.png
scan.png,調べる,調べる,"Subject: scan, target meaning ""調べる"".

Composition: Show a handheld scanner moving methodically across an object while a screen beside it builds a clean image of the object's interior or surface.

Style: Use the attached invidious.png for drawing style only. Match its thick rounded dark-brown contours, simplified rounded shapes, and restrained 2D cartoon shading. Do not copy the reference subject or composition.

Framing: One compact composition, with the complete subject using about 80-90% of the square. Keep everything inside the frame.

Output: 512x512 PNG, RGBA, genuine transparent background. No text, numerals, labels, logos or watermark.",作成済み,,references/invidious.png
script.png,台本,台本,"Subject: script, target meaning ""台本"".

Composition: Show several stapled screenplay pages with character dialogue blocks and scene headings visually implied by layout, plus a pencil resting on top.

Style: Use the attached invidious.png for drawing style only. Match its thick rounded dark-brown contours, simplified rounded shapes, and restrained 2D cartoon shading. Do not copy the reference subject or composition.

Framing: One compact composition, with the complete subject using about 80-90% of the square. Keep everything inside the frame.

Output: 512x512 PNG, RGBA, genuine transparent background. No text, numerals, labels, logos or watermark.",作成済み,,references/invidious.png
silently.png,静かに、黙って,静かに,"Subject: silently, target meaning ""静かに"".

Composition: Show one person moving quietly past a sleeping person with finger to lips, soft steps, and no sound marks.

Style: Use the attached invidious.png for drawing style only. Match its thick rounded dark-brown contours, simplified rounded shapes, and restrained 2D cartoon shading. Do not copy the reference subject or composition.

Framing: One compact composition, with the complete subject using about 80-90% of the square. Keep everything inside the frame.

Output: 512x512 PNG, RGBA, genuine transparent background. No text, numerals, labels, logos or watermark.",作成済み,,references/invidious.png
wholly.png,全く、完全に,全く,"Subject: wholly, target meaning ""全く"".

Composition: Show one complete intact apple with stem, peel, and full round shape visible, with nothing cut away, missing, or separated.

Style: Use the attached invidious.png for drawing style only. Match its thick rounded dark-brown contours, simplified rounded shapes, and restrained 2D cartoon shading. Do not copy the reference subject or composition.

Framing: One compact composition, with the complete subject using about 80-90% of the square. Keep everything inside the frame.

Output: 512x512 PNG, RGBA, genuine transparent background. No text, numerals, labels, logos or watermark.",作成済み,,references/invidious.png
Beijing.png,北京、ペキン,北京,"Subject: Beijing, target meaning ""北京"".

Composition: Show a compact Beijing city scene with the red walls and tiled roofs of the Forbidden City, a broad avenue, and a distant modern skyline.

Style: Use the attached invidious.png for drawing style only. Match its thick rounded dark-brown contours, simplified rounded shapes, and restrained 2D cartoon shading. Do not copy the reference subject or composition.

Framing: One compact composition, with the complete subject using about 80-90% of the square. Keep everything inside the frame.

Output: 512x512 PNG, RGBA, genuine transparent background. No text, numerals, labels, logos or watermark.",作成済み,,references/invidious.png
Douglas.png,ダグラス,ダグラス,"Subject: Douglas, target meaning ""ダグラス"".

Composition: Show an adult man named Douglas with short brown hair, dark jacket, and calm friendly expression in a simple portrait.

Style: Use the attached invidious.png for drawing style only. Match its thick rounded dark-brown contours, simplified rounded shapes, and restrained 2D cartoon shading. Do not copy the reference subject or composition.

Framing: One compact composition, with the complete subject using about 80-90% of the square. Keep everything inside the frame.

Output: 512x512 PNG, RGBA, genuine transparent background. No text, numerals, labels, logos or watermark.",作成済み,,references/invidious.png
Sydney.png,シド、シドニー,シド,"Subject: Sydney, target meaning ""シド"".

Composition: Show Sydney Harbour with the Opera House sails and Harbour Bridge together above bright blue water.

Style: Use the attached invidious.png for drawing style only. Match its thick rounded dark-brown contours, simplified rounded shapes, and restrained 2D cartoon shading. Do not copy the reference subject or composition.

Framing: One compact composition, with the complete subject using about 80-90% of the square. Keep everything inside the frame.

Output: 512x512 PNG, RGBA, genuine transparent background. No text, numerals, labels, logos or watermark.",作成済み,,references/invidious.png
Thompson.png,トンプソン,トンプソン,"Subject: Thompson, target meaning ""トンプソン"".

Composition: Show an adult man named Thompson with short dark hair, collared shirt, and composed approachable expression.

Style: Use the attached invidious.png for drawing style only. Match its thick rounded dark-brown contours, simplified rounded shapes, and restrained 2D cartoon shading. Do not copy the reference subject or composition.

Framing: One compact composition, with the complete subject using about 80-90% of the square. Keep everything inside the frame.

Output: 512x512 PNG, RGBA, genuine transparent background. No text, numerals, labels, logos or watermark.",作成済み,,references/invidious.png
bay@bat.png,湾,湾,"Subject: bay, target meaning ""湾"".

Composition: Show a curved coastline forming a broad sheltered bay, with water enclosed on three sides by land and open sea beyond.

Style: Use the attached invidious.png for drawing style only. Match its thick rounded dark-brown contours, simplified rounded shapes, and restrained 2D cartoon shading. Do not copy the reference subject or composition.

Framing: One compact composition, with the complete subject using about 80-90% of the square. Keep everything inside the frame.

Output: 512x512 PNG, RGBA, genuine transparent background. No text, numerals, labels, logos or watermark.",作成済み,,references/invidious.png
beating.png,殴打,殴打,"Subject: beating, target meaning ""殴打"".

Composition: Show a padded training dummy being struck repeatedly by boxing gloves, with impact marks on the dummy and no injured person.

Style: Use the attached invidious.png for drawing style only. Match its thick rounded dark-brown contours, simplified rounded shapes, and restrained 2D cartoon shading. Do not copy the reference subject or composition.

Framing: One compact composition, with the complete subject using about 80-90% of the square. Keep everything inside the frame.

Output: 512x512 PNG, RGBA, genuine transparent background. No text, numerals, labels, logos or watermark.",作成済み,,references/invidious.png
horrible.png,恐ろしい,恐ろしい,"Subject: horrible, target meaning ""恐ろしい"".

Composition: Show an adult recoiling from a huge distorted shadow filling an open doorway, eyes wide and shoulders raised, with the frightening scene kept non-graphic.

Style: Use the attached invidious.png for drawing style only. Match its thick rounded dark-brown contours, simplified rounded shapes, and restrained 2D cartoon shading. Do not copy the reference subject or composition.

Framing: One compact composition, with the complete subject using about 80-90% of the square. Keep everything inside the frame.

Output: 512x512 PNG, RGBA, genuine transparent background. No text, numerals, labels, logos or watermark.",作成済み,,references/invidious.png
liable.png,責任を負うべき,責任を負うべき,"Subject: liable, target meaning ""責任を負うべき"".

Composition: Show a person signing responsibility for a damaged item while an official document and the damaged object sit together, indicating accountability.

Style: Use the attached invidious.png for drawing style only. Match its thick rounded dark-brown contours, simplified rounded shapes, and restrained 2D cartoon shading. Do not copy the reference subject or composition.

Framing: One compact composition, with the complete subject using about 80-90% of the square. Keep everything inside the frame.

Output: 512x512 PNG, RGBA, genuine transparent background. No text, numerals, labels, logos or watermark.",作成済み,,references/invidious.png
patent.png,特許,特許,"Subject: patent, target meaning ""特許"".

Composition: Show an inventor presenting a unique mechanical device beside an official-looking approval certificate with a seal, emphasizing protected invention rights.

Style: Use the attached invidious.png for drawing style only. Match its thick rounded dark-brown contours, simplified rounded shapes, and restrained 2D cartoon shading. Do not copy the reference subject or composition.

Framing: One compact composition, with the complete subject using about 80-90% of the square. Keep everything inside the frame.

Output: 512x512 PNG, RGBA, genuine transparent background. No text, numerals, labels, logos or watermark.",作成済み,,references/invidious.png
questioning.png,尋ねるような,尋ねるような,"Subject: questioning, target meaning ""尋ねるような"".

Composition: Show one person tilting the head, raising one eyebrow, and holding up one hand with a puzzled questioning expression.

Style: Use the attached invidious.png for drawing style only. Match its thick rounded dark-brown contours, simplified rounded shapes, and restrained 2D cartoon shading. Do not copy the reference subject or composition.

Framing: One compact composition, with the complete subject using about 80-90% of the square. Keep everything inside the frame.

Output: 512x512 PNG, RGBA, genuine transparent background. No text, numerals, labels, logos or watermark.",作成済み,,references/invidious.png
separately.png,切り離して、離れて,切り離して,"Subject: separately, target meaning ""切り離して"".

Composition: Show two identical books placed at opposite sides of the frame with a wide empty gap between them and no contact.

Style: Use the attached invidious.png for drawing style only. Match its thick rounded dark-brown contours, simplified rounded shapes, and restrained 2D cartoon shading. Do not copy the reference subject or composition.

Framing: One compact composition, with the complete subject using about 80-90% of the square. Keep everything inside the frame.

Output: 512x512 PNG, RGBA, genuine transparent background. No text, numerals, labels, logos or watermark.",作成済み,,references/invidious.png
spinal.png,脊髄の,脊髄の,"Subject: spinal, target meaning ""脊髄の"".

Composition: Show a clean anatomical back view of the human spine running from neck to pelvis, with the spinal column clearly emphasized.

Style: Use the attached invidious.png for drawing style only. Match its thick rounded dark-brown contours, simplified rounded shapes, and restrained 2D cartoon shading. Do not copy the reference subject or composition.

Framing: One compact composition, with the complete subject using about 80-90% of the square. Keep everything inside the frame.

Output: 512x512 PNG, RGBA, genuine transparent background. No text, numerals, labels, logos or watermark.",作成済み,,references/invidious.png
supervision.png,監視、監督,監視,"Subject: supervision, target meaning ""監視"".

Composition: Show an experienced adult standing behind a trainee at a workbench, watching closely and guiding the task without taking over.

Style: Use the attached invidious.png for drawing style only. Match its thick rounded dark-brown contours, simplified rounded shapes, and restrained 2D cartoon shading. Do not copy the reference subject or composition.

Framing: One compact composition, with the complete subject using about 80-90% of the square. Keep everything inside the frame.

Output: 512x512 PNG, RGBA, genuine transparent background. No text, numerals, labels, logos or watermark.",作成済み,,references/invidious.png
thereof.png,それの、それについて,それの,"Subject: thereof, target meaning ""それの"".

Composition: Show one main object with a smaller component visibly connected back to it by a line, making it clear the component belongs to that object.

Style: Use the attached invidious.png for drawing style only. Match its thick rounded dark-brown contours, simplified rounded shapes, and restrained 2D cartoon shading. Do not copy the reference subject or composition.

Framing: One compact composition, with the complete subject using about 80-90% of the square. Keep everything inside the frame.

Output: 512x512 PNG, RGBA, genuine transparent background. No text, numerals, labels, logos or watermark.",作成済み,,references/invidious.png
yeah.png,いえあ,いえあ,"Subject: yeah, target meaning ""いえあ"".

Composition: Show one person nodding with an easy affirmative smile and a relaxed thumbs-up gesture.

Style: Use the attached invidious.png for drawing style only. Match its thick rounded dark-brown contours, simplified rounded shapes, and restrained 2D cartoon shading. Do not copy the reference subject or composition.

Framing: One compact composition, with the complete subject using about 80-90% of the square. Keep everything inside the frame.

Output: 512x512 PNG, RGBA, genuine transparent background. No text, numerals, labels, logos or watermark.",作成済み,,references/invidious.png
Alan.png,アラン,アラン,"Subject: Alan, target meaning ""アラン"".

Composition: Show an adult man named Alan with short light-brown hair, blue sweater, and relaxed friendly smile.

Style: Use the attached invidious.png for drawing style only. Match its thick rounded dark-brown contours, simplified rounded shapes, and restrained 2D cartoon shading. Do not copy the reference subject or composition.

Framing: One compact composition, with the complete subject using about 80-90% of the square. Keep everything inside the frame.

Output: 512x512 PNG, RGBA, genuine transparent background. No text, numerals, labels, logos or watermark.",作成済み,,references/invidious.png
Donald.png,ドナルド,ドナルド,"Subject: Donald, target meaning ""ドナルド"".

Composition: Show an adult man named Donald with neatly combed blond-gray hair, dark blazer, and confident neutral expression.

Style: Use the attached invidious.png for drawing style only. Match its thick rounded dark-brown contours, simplified rounded shapes, and restrained 2D cartoon shading. Do not copy the reference subject or composition.

Framing: One compact composition, with the complete subject using about 80-90% of the square. Keep everything inside the frame.

Output: 512x512 PNG, RGBA, genuine transparent background. No text, numerals, labels, logos or watermark.",作成済み,,references/invidious.png
authentic.png,本物の,本物の,"Subject: authentic, target meaning ""本物の"".

Composition: Show one genuine antique object being examined under a magnifying glass while a fake copy sits off to the side, with the authentic object receiving an approval seal.

Style: Use the attached invidious.png for drawing style only. Match its thick rounded dark-brown contours, simplified rounded shapes, and restrained 2D cartoon shading. Do not copy the reference subject or composition.

Framing: One compact composition, with the complete subject using about 80-90% of the square. Keep everything inside the frame.

Output: 512x512 PNG, RGBA, genuine transparent background. No text, numerals, labels, logos or watermark.",作成済み,,references/invidious.png
dragon.png,竜,竜,"Subject: dragon, target meaning ""竜"".

Composition: Show one large fantasy dragon with wings, scales, long tail, horns, and a powerful stance, fully visible and non-graphic.

Style: Use the attached invidious.png for drawing style only. Match its thick rounded dark-brown contours, simplified rounded shapes, and restrained 2D cartoon shading. Do not copy the reference subject or composition.

Framing: One compact composition, with the complete subject using about 80-90% of the square. Keep everything inside the frame.

Output: 512x512 PNG, RGBA, genuine transparent background. No text, numerals, labels, logos or watermark.",作成済み,,references/invidious.png
ghost.png,ゴースト,ゴースト,"Subject: ghost, target meaning ""ゴースト"".

Composition: Show one translucent human-shaped ghost floating slightly above the ground with soft edges and a faint eerie glow.

Style: Use the attached invidious.png for drawing style only. Match its thick rounded dark-brown contours, simplified rounded shapes, and restrained 2D cartoon shading. Do not copy the reference subject or composition.

Framing: One compact composition, with the complete subject using about 80-90% of the square. Keep everything inside the frame.

Output: 512x512 PNG, RGBA, genuine transparent background. No text, numerals, labels, logos or watermark.",作成済み,,references/invidious.png
lab.png,実験室,実験室,"Subject: lab, target meaning ""実験室"".

Composition: Show a compact laboratory bench with microscope, test tubes, pipette stand, and protective gloves arranged for scientific work.

Style: Use the attached invidious.png for drawing style only. Match its thick rounded dark-brown contours, simplified rounded shapes, and restrained 2D cartoon shading. Do not copy the reference subject or composition.

Framing: One compact composition, with the complete subject using about 80-90% of the square. Keep everything inside the frame.

Output: 512x512 PNG, RGBA, genuine transparent background. No text, numerals, labels, logos or watermark.",作成済み,,references/invidious.png
lesser.png,より少ない,より少ない,"Subject: lesser, target meaning ""より少ない"".

Composition: Show two piles of identical coins side by side, with the left pile containing only three coins and the right pile containing a much larger stack.

Style: Use the attached invidious.png for drawing style only. Match its thick rounded dark-brown contours, simplified rounded shapes, and restrained 2D cartoon shading. Do not copy the reference subject or composition.

Framing: One compact composition, with the complete subject using about 80-90% of the square. Keep everything inside the frame.

Output: 512x512 PNG, RGBA, genuine transparent background. No text, numerals, labels, logos or watermark.",作成済み,,references/invidious.png
moisture.png,湿気,湿気,"Subject: moisture, target meaning ""湿気"".

Composition: Show a chilled drinking glass covered in many small beads of condensation, with droplets collecting and running down its outer surface.

Style: Use the attached invidious.png for drawing style only. Match its thick rounded dark-brown contours, simplified rounded shapes, and restrained 2D cartoon shading. Do not copy the reference subject or composition.

Framing: One compact composition, with the complete subject using about 80-90% of the square. Keep everything inside the frame.

Output: 512x512 PNG, RGBA, genuine transparent background. No text, numerals, labels, logos or watermark.",作成済み,,references/invidious.png
skilled.png,熟練した,熟練した,"Subject: skilled, target meaning ""熟練した"".

Composition: Show a craftsperson carving a precise wooden joint with steady hands while several clean finished pieces lie beside the workbench.

Style: Use the attached invidious.png for drawing style only. Match its thick rounded dark-brown contours, simplified rounded shapes, and restrained 2D cartoon shading. Do not copy the reference subject or composition.

Framing: One compact composition, with the complete subject using about 80-90% of the square. Keep everything inside the frame.

Output: 512x512 PNG, RGBA, genuine transparent background. No text, numerals, labels, logos or watermark.",作成済み,,references/invidious.png
CD.png,400,400,"Subject: CD, target meaning ""400"".

Composition: Show the exact quantity expressed by ""400"" using identical simple objects arranged clearly.

Style: Use the attached invidious.png for drawing style only. Match its thick rounded dark-brown contours, simplified rounded shapes, and restrained 2D cartoon shading. Do not copy the reference subject or composition.

Framing: One compact composition, with the complete subject using about 80-90% of the square. Keep everything inside the frame.

Output: 512x512 PNG, RGBA, genuine transparent background. No incidental text, numerals, or labels beyond what is essential to the target meaning. No logos or watermark.",作成済み,,references/invidious.png
Isaiah.png,アイザイア、アイゼア,アイザイア,"Subject: Isaiah, target meaning ""アイザイア"".

Composition: Show the prophet Isaiah as an elderly bearded man in ancient robes holding an open scroll while standing before stone city walls.

Style: Use the attached invidious.png for drawing style only. Match its thick rounded dark-brown contours, simplified rounded shapes, and restrained 2D cartoon shading. Do not copy the reference subject or composition.

Framing: One compact composition, with the complete subject using about 80-90% of the square. Keep everything inside the frame.

Output: 512x512 PNG, RGBA, genuine transparent background. No text, numerals, labels, logos or watermark.",作成済み,,references/invidious.png
Robinson.png,ロビンソン,ロビンソン,"Subject: Robinson, target meaning ""ロビンソン"".

Composition: Show an adult man named Robinson with short dark hair, casual jacket, and calm direct expression.

Style: Use the attached invidious.png for drawing style only. Match its thick rounded dark-brown contours, simplified rounded shapes, and restrained 2D cartoon shading. Do not copy the reference subject or composition.

Framing: One compact composition, with the complete subject using about 80-90% of the square. Keep everything inside the frame.

Output: 512x512 PNG, RGBA, genuine transparent background. No text, numerals, labels, logos or watermark.",作成済み,,references/invidious.png
admission.png,入場,入場,"Subject: admission, target meaning ""入場"".

Composition: Show a visitor presenting a ticket at an entrance gate and being allowed through by an attendant.

Style: Use the attached invidious.png for drawing style only. Match its thick rounded dark-brown contours, simplified rounded shapes, and restrained 2D cartoon shading. Do not copy the reference subject or composition.

Framing: One compact composition, with the complete subject using about 80-90% of the square. Keep everything inside the frame.

Output: 512x512 PNG, RGBA, genuine transparent background. No text, numerals, labels, logos or watermark.",作成済み,,references/invidious.png
bay@badyo.png,赤茶色の,赤茶色の,"Subject: bay, target meaning ""赤茶色の"".

Composition: Show one horse with a rich reddish-brown coat and black mane and tail, standing in side view to make the bay color clear.

Style: Use the attached invidious.png for drawing style only. Match its thick rounded dark-brown contours, simplified rounded shapes, and restrained 2D cartoon shading. Do not copy the reference subject or composition.

Framing: One compact composition, with the complete subject using about 80-90% of the square. Keep everything inside the frame.

Output: 512x512 PNG, RGBA, genuine transparent background. No text, numerals, labels, logos or watermark.",作成済み,,references/invidious.png
capitalist.png,資本家、資本主義者,資本家,"Subject: capitalist, target meaning ""資本家"".

Composition: Show a wealthy business owner reviewing investment charts and company assets at a desk with factory or office property visible behind.

Style: Use the attached invidious.png for drawing style only. Match its thick rounded dark-brown contours, simplified rounded shapes, and restrained 2D cartoon shading. Do not copy the reference subject or composition.

Framing: One compact composition, with the complete subject using about 80-90% of the square. Keep everything inside the frame.

Output: 512x512 PNG, RGBA, genuine transparent background. No text, numerals, labels, logos or watermark.",作成済み,,references/invidious.png
eighteenth.png,第18の、18番目の,第18の,"Subject: eighteenth, target meaning ""第18の"".

Composition: Show eighteen identical objects arranged in order with the eighteenth object at the end clearly emphasized.

Style: Use the attached invidious.png for drawing style only. Match its thick rounded dark-brown contours, simplified rounded shapes, and restrained 2D cartoon shading. Do not copy the reference subject or composition.

Framing: One compact composition, with the complete subject using about 80-90% of the square. Keep everything inside the frame.

Output: 512x512 PNG, RGBA, genuine transparent background. No incidental text, numerals, or labels beyond what is essential to the target meaning. No logos or watermark.",作成済み,,references/invidious.png
foster.png,育成する,育成する,"Subject: foster, target meaning ""育成する"".

Composition: Show one adult carefully helping a young plant grow by staking it upright, watering the soil, and protecting it with a small support frame.

Style: Use the attached invidious.png for drawing style only. Match its thick rounded dark-brown contours, simplified rounded shapes, and restrained 2D cartoon shading. Do not copy the reference subject or composition.

Framing: One compact composition, with the complete subject using about 80-90% of the square. Keep everything inside the frame.

Output: 512x512 PNG, RGBA, genuine transparent background. No text, numerals, labels, logos or watermark.",作成済み,,references/invidious.png
hardware.png,ハードウェア,ハードウェア,"Subject: hardware, target meaning ""ハードウェア"".

Composition: Show a compact set of physical computer parts—keyboard, circuit board, drive, and connector—arranged as tangible equipment.

Style: Use the attached invidious.png for drawing style only. Match its thick rounded dark-brown contours, simplified rounded shapes, and restrained 2D cartoon shading. Do not copy the reference subject or composition.

Framing: One compact composition, with the complete subject using about 80-90% of the square. Keep everything inside the frame.

Output: 512x512 PNG, RGBA, genuine transparent background. No text, numerals, labels, logos or watermark.",作成済み,,references/invidious.png
heated.png,熱せられた,熱せられた,"Subject: heated, target meaning ""熱せられた"".

Composition: Show a metal frying pan just removed from a stove, visibly hot with rising heat waves and a small wisp of steam above the surface.

Style: Use the attached invidious.png for drawing style only. Match its thick rounded dark-brown contours, simplified rounded shapes, and restrained 2D cartoon shading. Do not copy the reference subject or composition.

Framing: One compact composition, with the complete subject using about 80-90% of the square. Keep everything inside the frame.

Output: 512x512 PNG, RGBA, genuine transparent background. No text, numerals, labels, logos or watermark.",作成済み,,references/invidious.png
publishing.png,出版,出版,"Subject: publishing, target meaning ""出版"".

Composition: Show pages moving through a printing press, then being stacked and bound into finished books in one compact production scene.

Style: Use the attached invidious.png for drawing style only. Match its thick rounded dark-brown contours, simplified rounded shapes, and restrained 2D cartoon shading. Do not copy the reference subject or composition.

Framing: One compact composition, with the complete subject using about 80-90% of the square. Keep everything inside the frame.

Output: 512x512 PNG, RGBA, genuine transparent background. No text, numerals, labels, logos or watermark.",作成済み,,references/invidious.png
rush@rezg.png,イグサ,イグサ,"Subject: rush, target meaning ""イグサ"".

Composition: Show a clump of tall slender rush plants growing at the edge of shallow water, with cylindrical stems and narrow leaves.

Style: Use the attached invidious.png for drawing style only. Match its thick rounded dark-brown contours, simplified rounded shapes, and restrained 2D cartoon shading. Do not copy the reference subject or composition.

Framing: One compact composition, with the complete subject using about 80-90% of the square. Keep everything inside the frame.

Output: 512x512 PNG, RGBA, genuine transparent background. No text, numerals, labels, logos or watermark.",作成済み,,references/invidious.png
scream.png,悲鳴をあげる,悲鳴をあげる,"Subject: scream, target meaning ""悲鳴をあげる"".

Composition: Show one person with mouth wide open, eyes tense, and strong outward sound-wave marks indicating a loud scream.

Style: Use the attached invidious.png for drawing style only. Match its thick rounded dark-brown contours, simplified rounded shapes, and restrained 2D cartoon shading. Do not copy the reference subject or composition.

Framing: One compact composition, with the complete subject using about 80-90% of the square. Keep everything inside the frame.

Output: 512x512 PNG, RGBA, genuine transparent background. No text, numerals, labels, logos or watermark.",作成済み,,references/invidious.png
toxicity.png,毒性,毒性,"Subject: toxicity, target meaning ""毒性"".

Composition: Show a clean hazard-style scene where a small sealed substance container causes a nearby plant leaf to wilt, with a skull warning symbol but no chemical details.

Style: Use the attached invidious.png for drawing style only. Match its thick rounded dark-brown contours, simplified rounded shapes, and restrained 2D cartoon shading. Do not copy the reference subject or composition.

Framing: One compact composition, with the complete subject using about 80-90% of the square. Keep everything inside the frame.

Output: 512x512 PNG, RGBA, genuine transparent background. No text, numerals, labels, logos or watermark.",作成済み,,references/invidious.png
urgent.png,緊急の,緊急の,"Subject: urgent, target meaning ""緊急の"".

Composition: Show an alarm clock near a deadline while a person quickly grabs essential items and moves toward a door, with tense focused posture.

Style: Use the attached invidious.png for drawing style only. Match its thick rounded dark-brown contours, simplified rounded shapes, and restrained 2D cartoon shading. Do not copy the reference subject or composition.

Framing: One compact composition, with the complete subject using about 80-90% of the square. Keep everything inside the frame.

Output: 512x512 PNG, RGBA, genuine transparent background. No text, numerals, labels, logos or watermark.",作成済み,,references/invidious.png
well@wel3.png,井戸,井戸,"Subject: well, target meaning ""井戸"".

Composition: Show a traditional stone well with circular rim, bucket, rope, and dark water visible below.

Style: Use the attached invidious.png for drawing style only. Match its thick rounded dark-brown contours, simplified rounded shapes, and restrained 2D cartoon shading. Do not copy the reference subject or composition.

Framing: One compact composition, with the complete subject using about 80-90% of the square. Keep everything inside the frame.

Output: 512x512 PNG, RGBA, genuine transparent background. No text, numerals, labels, logos or watermark.",作成済み,,references/invidious.png
Aaron.png,アロン,アロン,"Subject: Aaron, target meaning ""アロン"".

Composition: Show the biblical Aaron as an elderly priest in ancient ceremonial robes with a breastplate and staff, standing beside a simple altar.

Style: Use the attached invidious.png for drawing style only. Match its thick rounded dark-brown contours, simplified rounded shapes, and restrained 2D cartoon shading. Do not copy the reference subject or composition.

Framing: One compact composition, with the complete subject using about 80-90% of the square. Keep everything inside the frame.

Output: 512x512 PNG, RGBA, genuine transparent background. No text, numerals, labels, logos or watermark.",作成済み,,references/invidious.png
Amy.png,エイミー,エイミー,"Subject: Amy, target meaning ""エイミー"".

Composition: Show a young adult woman named Amy with shoulder-length brown hair, soft green blouse, and cheerful natural smile.

Style: Use the attached invidious.png for drawing style only. Match its thick rounded dark-brown contours, simplified rounded shapes, and restrained 2D cartoon shading. Do not copy the reference subject or composition.

Framing: One compact composition, with the complete subject using about 80-90% of the square. Keep everything inside the frame.

Output: 512x512 PNG, RGBA, genuine transparent background. No text, numerals, labels, logos or watermark.",作成済み,,references/invidious.png
Ian.png,イーアン,イーアン,"Subject: Ian, target meaning ""イーアン"".

Composition: Show a young adult man named Ian with short dark hair, casual sweater, and relaxed thoughtful expression.

Style: Use the attached invidious.png for drawing style only. Match its thick rounded dark-brown contours, simplified rounded shapes, and restrained 2D cartoon shading. Do not copy the reference subject or composition.

Framing: One compact composition, with the complete subject using about 80-90% of the square. Keep everything inside the frame.

Output: 512x512 PNG, RGBA, genuine transparent background. No text, numerals, labels, logos or watermark.",作成済み,,references/invidious.png
Parker.png,パーカ,パーカ,"Subject: Parker, target meaning ""パーカ"".

Composition: Show an adult man named Parker with neatly trimmed hair, light jacket, and friendly professional expression.

Style: Use the attached invidious.png for drawing style only. Match its thick rounded dark-brown contours, simplified rounded shapes, and restrained 2D cartoon shading. Do not copy the reference subject or composition.

Framing: One compact composition, with the complete subject using about 80-90% of the square. Keep everything inside the frame.

Output: 512x512 PNG, RGBA, genuine transparent background. No text, numerals, labels, logos or watermark.",作成済み,,references/invidious.png
Ross.png,ロス、ロース,ロス,"Subject: Ross, target meaning ""ロス"".

Composition: Show an adult man named Ross with short auburn hair, gray shirt, and open friendly smile.

Style: Use the attached invidious.png for drawing style only. Match its thick rounded dark-brown contours, simplified rounded shapes, and restrained 2D cartoon shading. Do not copy the reference subject or composition.

Framing: One compact composition, with the complete subject using about 80-90% of the square. Keep everything inside the frame.

Output: 512x512 PNG, RGBA, genuine transparent background. No text, numerals, labels, logos or watermark.",作成済み,,references/invidious.png
cure.png,治療,治療,"Subject: cure, target meaning ""治療"".

Composition: Show a sick person improving after treatment, with thermometer lowering and the person sitting upright looking healthier, beside simple medicine and water.

Style: Use the attached invidious.png for drawing style only. Match its thick rounded dark-brown contours, simplified rounded shapes, and restrained 2D cartoon shading. Do not copy the reference subject or composition.

Framing: One compact composition, with the complete subject using about 80-90% of the square. Keep everything inside the frame.

Output: 512x512 PNG, RGBA, genuine transparent background. No text, numerals, labels, logos or watermark.",作成済み,,references/invidious.png
failing.png,失敗,失敗,"Subject: failing, target meaning ""失敗"".

Composition: Show a small bridge model collapsing during a load test while the builder watches with slumped shoulders and a disappointed expression.

Style: Use the attached invidious.png for drawing style only. Match its thick rounded dark-brown contours, simplified rounded shapes, and restrained 2D cartoon shading. Do not copy the reference subject or composition.

Framing: One compact composition, with the complete subject using about 80-90% of the square. Keep everything inside the frame.

Output: 512x512 PNG, RGBA, genuine transparent background. No text, numerals, labels, logos or watermark.",作成済み,,references/invidious.png
heal.png,治る,治る,"Subject: heal, target meaning ""治る"".

Composition: Show a small clean skin scratch closing and fading, with fresh healthy skin forming around it and a bandage removed nearby.

Style: Use the attached invidious.png for drawing style only. Match its thick rounded dark-brown contours, simplified rounded shapes, and restrained 2D cartoon shading. Do not copy the reference subject or composition.

Framing: One compact composition, with the complete subject using about 80-90% of the square. Keep everything inside the frame.

Output: 512x512 PNG, RGBA, genuine transparent background. No text, numerals, labels, logos or watermark.",作成済み,,references/invidious.png
mainstream.png,主流,主流,"Subject: mainstream, target meaning ""主流"".

Composition: Show a broad central river carrying most of the water while several tiny side streams branch off, visually representing the main current.

Style: Use the attached invidious.png for drawing style only. Match its thick rounded dark-brown contours, simplified rounded shapes, and restrained 2D cartoon shading. Do not copy the reference subject or composition.

Framing: One compact composition, with the complete subject using about 80-90% of the square. Keep everything inside the frame.

Output: 512x512 PNG, RGBA, genuine transparent background. No text, numerals, labels, logos or watermark.",作成済み,,references/invidious.png
pro-.png,職業選手,職業選手,"Subject: pro-, target meaning ""職業選手"".

Composition: Show a professional athlete in full sports uniform competing in a stadium while receiving a paycheck envelope after the event, clearly distinguishing paid professional play from casual sport.

Style: Use the attached invidious.png for drawing style only. Match its thick rounded dark-brown contours, simplified rounded shapes, and restrained 2D cartoon shading. Do not copy the reference subject or composition.

Framing: One compact composition, with the complete subject using about 80-90% of the square. Keep everything inside the frame.

Output: 512x512 PNG, RGBA, genuine transparent background. No text, numerals, labels, logos or watermark.",作成済み,,references/invidious.png
reactive.png,反作用を示す、反発する,反作用を示す,"Subject: reactive, target meaning ""反作用を示す"".

Composition: Show two harmless liquids meeting in a clear cup and immediately producing a vigorous burst of fizzing bubbles, making the visible reaction the focus.

Style: Use the attached invidious.png for drawing style only. Match its thick rounded dark-brown contours, simplified rounded shapes, and restrained 2D cartoon shading. Do not copy the reference subject or composition.

Framing: One compact composition, with the complete subject using about 80-90% of the square. Keep everything inside the frame.

Output: 512x512 PNG, RGBA, genuine transparent background. No text, numerals, labels, logos or watermark.",作成済み,,references/invidious.png
sunlight.png,日光、太陽光,日光,"Subject: sunlight, target meaning ""日光"".

Composition: Show strong sunbeams streaming through a window and illuminating a patch of floor with warm bright light.

Style: Use the attached invidious.png for drawing style only. Match its thick rounded dark-brown contours, simplified rounded shapes, and restrained 2D cartoon shading. Do not copy the reference subject or composition.

Framing: One compact composition, with the complete subject using about 80-90% of the square. Keep everything inside the frame.

Output: 512x512 PNG, RGBA, genuine transparent background. No text, numerals, labels, logos or watermark.",作成済み,,references/invidious.png
whereby.png,～する,～する,"Subject: whereby, target meaning ""～する"".

Composition: Show one machine connected to a second machine through a clear tube so that pressing the first lever causes the second part to move, visually expressing 'by which'.

Style: Use the attached invidious.png for drawing style only. Match its thick rounded dark-brown contours, simplified rounded shapes, and restrained 2D cartoon shading. Do not copy the reference subject or composition.

Framing: One compact composition, with the complete subject using about 80-90% of the square. Keep everything inside the frame.

Output: 512x512 PNG, RGBA, genuine transparent background. No text, numerals, labels, logos or watermark.",作成済み,,references/invidious.png
Catherine.png,キャサリン,キャサリン,"Subject: Catherine, target meaning ""キャサリン"".

Composition: Show a young adult woman named Catherine with dark wavy hair, simple navy dress, and poised warm expression.

Style: Use the attached invidious.png for drawing style only. Match its thick rounded dark-brown contours, simplified rounded shapes, and restrained 2D cartoon shading. Do not copy the reference subject or composition.

Framing: One compact composition, with the complete subject using about 80-90% of the square. Keep everything inside the frame.

Output: 512x512 PNG, RGBA, genuine transparent background. No text, numerals, labels, logos or watermark.",作成済み,,references/invidious.png
Han.png,漢,漢,"Subject: Han, target meaning ""漢"".

Composition: Show an ancient Han Chinese scholar in traditional robe holding a bamboo-slip manuscript, with a simple tiled palace gate behind.

Style: Use the attached invidious.png for drawing style only. Match its thick rounded dark-brown contours, simplified rounded shapes, and restrained 2D cartoon shading. Do not copy the reference subject or composition.

Framing: One compact composition, with the complete subject using about 80-90% of the square. Keep everything inside the frame.

Output: 512x512 PNG, RGBA, genuine transparent background. No text, numerals, labels, logos or watermark.",作成済み,,references/invidious.png
Iraq.png,イラク,イラク,"Subject: Iraq, target meaning ""イラク"".

Composition: Show a compact Iraq scene with the Tigris-Euphrates river plain, date palms, and warm-toned city architecture.

Style: Use the attached invidious.png for drawing style only. Match its thick rounded dark-brown contours, simplified rounded shapes, and restrained 2D cartoon shading. Do not copy the reference subject or composition.

Framing: One compact composition, with the complete subject using about 80-90% of the square. Keep everything inside the frame.

Output: 512x512 PNG, RGBA, genuine transparent background. No text, numerals, labels, logos or watermark.",作成済み,,references/invidious.png
Isaac.png,アイザック,アイザック,"Subject: Isaac, target meaning ""アイザック"".

Composition: Show the biblical Isaac as a young man in ancient Near Eastern robes beside an elderly Abraham and a simple desert altar cue.

Style: Use the attached invidious.png for drawing style only. Match its thick rounded dark-brown contours, simplified rounded shapes, and restrained 2D cartoon shading. Do not copy the reference subject or composition.

Framing: One compact composition, with the complete subject using about 80-90% of the square. Keep everything inside the frame.

Output: 512x512 PNG, RGBA, genuine transparent background. No text, numerals, labels, logos or watermark.",作成済み,,references/invidious.png
maternal.png,母の,母の,"Subject: maternal, target meaning ""母の"".

Composition: Show a mother gently holding and comforting a small child, with protective posture and warm expression.

Style: Use the attached invidious.png for drawing style only. Match its thick rounded dark-brown contours, simplified rounded shapes, and restrained 2D cartoon shading. Do not copy the reference subject or composition.

Framing: One compact composition, with the complete subject using about 80-90% of the square. Keep everything inside the frame.

Output: 512x512 PNG, RGBA, genuine transparent background. No text, numerals, labels, logos or watermark.",作成済み,,references/invidious.png
oldest.png,最も古い、最古の,最も古い,"Subject: oldest, target meaning ""最も古い"".

Composition: Show three similar historical objects arranged by age, with the most worn and ancient one clearly the oldest.

Style: Use the attached invidious.png for drawing style only. Match its thick rounded dark-brown contours, simplified rounded shapes, and restrained 2D cartoon shading. Do not copy the reference subject or composition.

Framing: One compact composition, with the complete subject using about 80-90% of the square. Keep everything inside the frame.

Output: 512x512 PNG, RGBA, genuine transparent background. No text, numerals, labels, logos or watermark.",作成済み,,references/invidious.png
pose.png,ポーズ,ポーズ,"Subject: pose, target meaning ""ポーズ"".

Composition: Show one person deliberately holding a distinctive still body position for a camera, with feet and arms arranged intentionally.

Style: Use the attached invidious.png for drawing style only. Match its thick rounded dark-brown contours, simplified rounded shapes, and restrained 2D cartoon shading. Do not copy the reference subject or composition.

Framing: One compact composition, with the complete subject using about 80-90% of the square. Keep everything inside the frame.

Output: 512x512 PNG, RGBA, genuine transparent background. No text, numerals, labels, logos or watermark.",作成済み,,references/invidious.png
preservation.png,保存、温存,保存,"Subject: preservation, target meaning ""保存"".

Composition: Show sliced vegetables sealed tightly inside a clean glass preserving jar with the lid secured, emphasizing protection from spoilage.

Style: Use the attached invidious.png for drawing style only. Match its thick rounded dark-brown contours, simplified rounded shapes, and restrained 2D cartoon shading. Do not copy the reference subject or composition.

Framing: One compact composition, with the complete subject using about 80-90% of the square. Keep everything inside the frame.

Output: 512x512 PNG, RGBA, genuine transparent background. No text, numerals, labels, logos or watermark.",作成済み,,references/invidious.png
reasonably.png,合理的に,合理的に,"Subject: reasonably, target meaning ""合理的に"".

Composition: Show one person choosing a moderate practical option between an extreme expensive choice and an extreme cheap broken choice, nodding at the middle option.

Style: Use the attached invidious.png for drawing style only. Match its thick rounded dark-brown contours, simplified rounded shapes, and restrained 2D cartoon shading. Do not copy the reference subject or composition.

Framing: One compact composition, with the complete subject using about 80-90% of the square. Keep everything inside the frame.

Output: 512x512 PNG, RGBA, genuine transparent background. No text, numerals, labels, logos or watermark.",作成済み,,references/invidious.png
robot.png,ロボット,ロボット,"Subject: robot, target meaning ""ロボット"".

Composition: Show one compact humanoid robot with mechanical joints, sensors, and simple articulated limbs fully visible.

Style: Use the attached invidious.png for drawing style only. Match its thick rounded dark-brown contours, simplified rounded shapes, and restrained 2D cartoon shading. Do not copy the reference subject or composition.

Framing: One compact composition, with the complete subject using about 80-90% of the square. Keep everything inside the frame.

Output: 512x512 PNG, RGBA, genuine transparent background. No text, numerals, labels, logos or watermark.",作成済み,,references/invidious.png
rode@reidh.png,乗った(ride の過去),乗った(ride の過去),"Subject: rode, target meaning ""乗った(ride の過去)"".

Composition: Show one rider already traveling on horseback along a path, seated securely with reins in hand.

Style: Use the attached invidious.png for drawing style only. Match its thick rounded dark-brown contours, simplified rounded shapes, and restrained 2D cartoon shading. Do not copy the reference subject or composition.

Framing: One compact composition, with the complete subject using about 80-90% of the square. Keep everything inside the frame.

Output: 512x512 PNG, RGBA, genuine transparent background. No text, numerals, labels, logos or watermark.",作成済み,,references/invidious.png
sixth.png,第6の,第6の,"Subject: sixth, target meaning ""第6の"".

Composition: Show six identical objects in a row with the sixth object clearly emphasized at the end.

Style: Use the attached invidious.png for drawing style only. Match its thick rounded dark-brown contours, simplified rounded shapes, and restrained 2D cartoon shading. Do not copy the reference subject or composition.

Framing: One compact composition, with the complete subject using about 80-90% of the square. Keep everything inside the frame.

Output: 512x512 PNG, RGBA, genuine transparent background. No incidental text, numerals, or labels beyond what is essential to the target meaning. No logos or watermark.",作成済み,,references/invidious.png
underneath.png,真下に,真下に,"Subject: underneath, target meaning ""真下に"".

Composition: Show a small object placed directly under a table, vertically aligned beneath the tabletop.

Style: Use the attached invidious.png for drawing style only. Match its thick rounded dark-brown contours, simplified rounded shapes, and restrained 2D cartoon shading. Do not copy the reference subject or composition.

Framing: One compact composition, with the complete subject using about 80-90% of the square. Keep everything inside the frame.

Output: 512x512 PNG, RGBA, genuine transparent background. No text, numerals, labels, logos or watermark.",作成済み,,references/invidious.png
washing.png,洗うこと,洗うこと,"Subject: washing, target meaning ""洗うこと"".

Composition: Show two hands scrubbing one dirty plate with a soapy sponge under running water, with suds and rinse water clearly visible.

Style: Use the attached invidious.png for drawing style only. Match its thick rounded dark-brown contours, simplified rounded shapes, and restrained 2D cartoon shading. Do not copy the reference subject or composition.

Framing: One compact composition, with the complete subject using about 80-90% of the square. Keep everything inside the frame.

Output: 512x512 PNG, RGBA, genuine transparent background. No text, numerals, labels, logos or watermark.",作成済み,,references/invidious.png
Marshall.png,マーシャル,マーシャル,"Subject: Marshall, target meaning ""マーシャル"".

Composition: Show an adult man named Marshall with short dark hair, formal shirt, and composed confident expression.

Style: Use the attached invidious.png for drawing style only. Match its thick rounded dark-brown contours, simplified rounded shapes, and restrained 2D cartoon shading. Do not copy the reference subject or composition.

Framing: One compact composition, with the complete subject using about 80-90% of the square. Keep everything inside the frame.

Output: 512x512 PNG, RGBA, genuine transparent background. No text, numerals, labels, logos or watermark.",作成済み,,references/invidious.png
Nigeria.png,ナイジェリア、ナイジェリア連邦共和国,ナイジェリア,"Subject: Nigeria, target meaning ""ナイジェリア"".

Composition: Show a compact Nigerian scene with green savanna, a bustling city skyline, and a green-white flag cue.

Style: Use the attached invidious.png for drawing style only. Match its thick rounded dark-brown contours, simplified rounded shapes, and restrained 2D cartoon shading. Do not copy the reference subject or composition.

Framing: One compact composition, with the complete subject using about 80-90% of the square. Keep everything inside the frame.

Output: 512x512 PNG, RGBA, genuine transparent background. No text, numerals, labels, logos or watermark.",作成済み,,references/invidious.png
Sweden.png,スウェーデン、偉傑瑞典,スウェーデン,"Subject: Sweden, target meaning ""スウェーデン"".

Composition: Show a Swedish scene with red wooden houses, a blue lake, pine forest, and a small blue-yellow flag cue.

Style: Use the attached invidious.png for drawing style only. Match its thick rounded dark-brown contours, simplified rounded shapes, and restrained 2D cartoon shading. Do not copy the reference subject or composition.

Framing: One compact composition, with the complete subject using about 80-90% of the square. Keep everything inside the frame.

Output: 512x512 PNG, RGBA, genuine transparent background. No text, numerals, labels, logos or watermark.",作成済み,,references/invidious.png
alleged.png,申し立てられた,申し立てられた,"Subject: alleged, target meaning ""申し立てられた"".

Composition: Show an accusation being presented in court-like setting while the person accused stands apart and the evidence remains unresolved, emphasizing that the claim is not yet proven.

Style: Use the attached invidious.png for drawing style only. Match its thick rounded dark-brown contours, simplified rounded shapes, and restrained 2D cartoon shading. Do not copy the reference subject or composition.

Framing: One compact composition, with the complete subject using about 80-90% of the square. Keep everything inside the frame.

Output: 512x512 PNG, RGBA, genuine transparent background. No text, numerals, labels, logos or watermark.",作成済み,,references/invidious.png
breeze.png,灰,灰,"Subject: breeze, target meaning ""灰"".

Composition: Show a small pile of soft gray ash with fine powdery texture and a few tiny particles drifting upward.

Style: Use the attached invidious.png for drawing style only. Match its thick rounded dark-brown contours, simplified rounded shapes, and restrained 2D cartoon shading. Do not copy the reference subject or composition.

Framing: One compact composition, with the complete subject using about 80-90% of the square. Keep everything inside the frame.

Output: 512x512 PNG, RGBA, genuine transparent background. No text, numerals, labels, logos or watermark.",作成済み,,references/invidious.png
bunch.png,束ねる,束ねる,"Subject: bunch, target meaning ""束ねる"".

Composition: Show five flower stems gathered tightly together and tied around the middle with one ribbon to form a single compact bundle.

Style: Use the attached invidious.png for drawing style only. Match its thick rounded dark-brown contours, simplified rounded shapes, and restrained 2D cartoon shading. Do not copy the reference subject or composition.

Framing: One compact composition, with the complete subject using about 80-90% of the square. Keep everything inside the frame.

Output: 512x512 PNG, RGBA, genuine transparent background. No text, numerals, labels, logos or watermark.",作成済み,,references/invidious.png
fusion.png,融合,融合,"Subject: fusion, target meaning ""融合"".

Composition: Show two differently colored glowing droplets touching and merging at the center into one larger seamless droplet.

Style: Use the attached invidious.png for drawing style only. Match its thick rounded dark-brown contours, simplified rounded shapes, and restrained 2D cartoon shading. Do not copy the reference subject or composition.

Framing: One compact composition, with the complete subject using about 80-90% of the square. Keep everything inside the frame.

Output: 512x512 PNG, RGBA, genuine transparent background. No text, numerals, labels, logos or watermark.",作成済み,,references/invidious.png
shining.png,光る,光る,"Subject: shining, target meaning ""光る"".

Composition: Show one polished metal bell catching a strong light source, with bright reflected highlights and several sharp sparkles across its curved surface.

Style: Use the attached invidious.png for drawing style only. Match its thick rounded dark-brown contours, simplified rounded shapes, and restrained 2D cartoon shading. Do not copy the reference subject or composition.

Framing: One compact composition, with the complete subject using about 80-90% of the square. Keep everything inside the frame.

Output: 512x512 PNG, RGBA, genuine transparent background. No text, numerals, labels, logos or watermark.",作成済み,,references/invidious.png
sofa.png,長椅子、ソファ,長椅子,"Subject: sofa, target meaning ""長椅子"".

Composition: Show one complete upholstered sofa with backrest, seat cushions, and armrests fully visible.

Style: Use the attached invidious.png for drawing style only. Match its thick rounded dark-brown contours, simplified rounded shapes, and restrained 2D cartoon shading. Do not copy the reference subject or composition.

Framing: One compact composition, with the complete subject using about 80-90% of the square. Keep everything inside the frame.

Output: 512x512 PNG, RGBA, genuine transparent background. No text, numerals, labels, logos or watermark.",作成済み,,references/invidious.png
urine.png,尿,尿,"Subject: urine, target meaning ""尿"".

Composition: Show a clean medical specimen cup containing pale yellow urine, presented clinically with no body shown.

Style: Use the attached invidious.png for drawing style only. Match its thick rounded dark-brown contours, simplified rounded shapes, and restrained 2D cartoon shading. Do not copy the reference subject or composition.

Framing: One compact composition, with the complete subject using about 80-90% of the square. Keep everything inside the frame.

Output: 512x512 PNG, RGBA, genuine transparent background. No text, numerals, labels, logos or watermark.",作成済み,,references/invidious.png
vain.png,無駄な,無駄な,"Subject: vain, target meaning ""無駄な"".

Composition: Show one person repeatedly trying to fill a container with a large hole in the bottom, with the effort clearly producing no useful result.

Style: Use the attached invidious.png for drawing style only. Match its thick rounded dark-brown contours, simplified rounded shapes, and restrained 2D cartoon shading. Do not copy the reference subject or composition.

Framing: One compact composition, with the complete subject using about 80-90% of the square. Keep everything inside the frame.

Output: 512x512 PNG, RGBA, genuine transparent background. No text, numerals, labels, logos or watermark.",作成済み,,references/invidious.png
void.png,空虚,空虚,"Subject: void, target meaning ""空虚"".

Composition: Show a large hollow black opening inside a broken stone wall, with the opening completely empty and nothing visible within it.

Style: Use the attached invidious.png for drawing style only. Match its thick rounded dark-brown contours, simplified rounded shapes, and restrained 2D cartoon shading. Do not copy the reference subject or composition.

Framing: One compact composition, with the complete subject using about 80-90% of the square. Keep everything inside the frame.

Output: 512x512 PNG, RGBA, genuine transparent background. No text, numerals, labels, logos or watermark.",作成済み,,references/invidious.png
AP.png,ad‐ の異形,ad‐ の異形,"Subject: AP, target meaning ""ad‐ の異形"".

Composition: Show a prefix-like visual of one small block moving toward and joining another block, conveying the ad- variant without written letters.

Style: Use the attached invidious.png for drawing style only. Match its thick rounded dark-brown contours, simplified rounded shapes, and restrained 2D cartoon shading. Do not copy the reference subject or composition.

Framing: One compact composition, with the complete subject using about 80-90% of the square. Keep everything inside the frame.

Output: 512x512 PNG, RGBA, genuine transparent background. No text, numerals, labels, logos or watermark.",作成済み,,references/invidious.png
dropping.png,滴下,滴下,"Subject: dropping, target meaning ""滴下"".

Composition: Show clear liquid forming at a dropper tip and falling one droplet at a time into a small container.

Style: Use the attached invidious.png for drawing style only. Match its thick rounded dark-brown contours, simplified rounded shapes, and restrained 2D cartoon shading. Do not copy the reference subject or composition.

Framing: One compact composition, with the complete subject using about 80-90% of the square. Keep everything inside the frame.

Output: 512x512 PNG, RGBA, genuine transparent background. No text, numerals, labels, logos or watermark.",作成済み,,references/invidious.png
fist.png,こぶし,こぶし,"Subject: fist, target meaning ""こぶし"".

Composition: Show one human hand clenched tightly into a fist, isolated and fully visible.

Style: Use the attached invidious.png for drawing style only. Match its thick rounded dark-brown contours, simplified rounded shapes, and restrained 2D cartoon shading. Do not copy the reference subject or composition.

Framing: One compact composition, with the complete subject using about 80-90% of the square. Keep everything inside the frame.

Output: 512x512 PNG, RGBA, genuine transparent background. No text, numerals, labels, logos or watermark.",作成済み,,references/invidious.png
machinery.png,機械装置,機械装置,"Subject: machinery, target meaning ""機械装置"".

Composition: Show a compact assembly of interlocking gears, belts, pistons, and shafts operating together as industrial machinery.

Style: Use the attached invidious.png for drawing style only. Match its thick rounded dark-brown contours, simplified rounded shapes, and restrained 2D cartoon shading. Do not copy the reference subject or composition.

Framing: One compact composition, with the complete subject using about 80-90% of the square. Keep everything inside the frame.

Output: 512x512 PNG, RGBA, genuine transparent background. No text, numerals, labels, logos or watermark.",作成済み,,references/invidious.png
minimize.png,最小限にする,最小限にする,"Subject: minimize, target meaning ""最小限にする"".

Composition: Show a large pile of files being reduced to a tiny neat stack, with several unnecessary sheets removed to the side.

Style: Use the attached invidious.png for drawing style only. Match its thick rounded dark-brown contours, simplified rounded shapes, and restrained 2D cartoon shading. Do not copy the reference subject or composition.

Framing: One compact composition, with the complete subject using about 80-90% of the square. Keep everything inside the frame.

Output: 512x512 PNG, RGBA, genuine transparent background. No text, numerals, labels, logos or watermark.",作成済み,,references/invidious.png
pronounced.png,明白な,明白な,"Subject: pronounced, target meaning ""明白な"".

Composition: Show a faint shape beside a much stronger, sharply defined version of the same shape, with the pronounced one clearly standing out.

Style: Use the attached invidious.png for drawing style only. Match its thick rounded dark-brown contours, simplified rounded shapes, and restrained 2D cartoon shading. Do not copy the reference subject or composition.

Framing: One compact composition, with the complete subject using about 80-90% of the square. Keep everything inside the frame.

Output: 512x512 PNG, RGBA, genuine transparent background. No text, numerals, labels, logos or watermark.",作成済み,,references/invidious.png
sentiment.png,感情,感情,"Subject: sentiment, target meaning ""感情"".

Composition: Show one person holding a keepsake close to the chest with a visibly emotional, reflective expression.

Style: Use the attached invidious.png for drawing style only. Match its thick rounded dark-brown contours, simplified rounded shapes, and restrained 2D cartoon shading. Do not copy the reference subject or composition.

Framing: One compact composition, with the complete subject using about 80-90% of the square. Keep everything inside the frame.

Output: 512x512 PNG, RGBA, genuine transparent background. No text, numerals, labels, logos or watermark.",作成済み,,references/invidious.png
shallow.png,浅い、奥行きのない,浅い,"Subject: shallow, target meaning ""浅い"".

Composition: Show a wide flat pool containing only a very thin layer of clear water, with the bottom stones fully visible just beneath the surface.

Style: Use the attached invidious.png for drawing style only. Match its thick rounded dark-brown contours, simplified rounded shapes, and restrained 2D cartoon shading. Do not copy the reference subject or composition.

Framing: One compact composition, with the complete subject using about 80-90% of the square. Keep everything inside the frame.

Output: 512x512 PNG, RGBA, genuine transparent background. No text, numerals, labels, logos or watermark.",作成済み,,references/invidious.png
Nicholas.png,ニコラス、ニカラス,ニコラス,"Subject: Nicholas, target meaning ""ニコラス"".

Composition: Show an adult man named Nicholas with dark brown hair, collared shirt, and friendly composed expression.

Style: Use the attached invidious.png for drawing style only. Match its thick rounded dark-brown contours, simplified rounded shapes, and restrained 2D cartoon shading. Do not copy the reference subject or composition.

Framing: One compact composition, with the complete subject using about 80-90% of the square. Keep everything inside the frame.

Output: 512x512 PNG, RGBA, genuine transparent background. No text, numerals, labels, logos or watermark.",作成済み,,references/invidious.png
allocation.png,割り当て、配分,割り当て,"Subject: allocation, target meaning ""割り当て"".

Composition: Show one large pile of supplies being divided into several smaller labeled-looking but text-free portions for different recipients.

Style: Use the attached invidious.png for drawing style only. Match its thick rounded dark-brown contours, simplified rounded shapes, and restrained 2D cartoon shading. Do not copy the reference subject or composition.

Framing: One compact composition, with the complete subject using about 80-90% of the square. Keep everything inside the frame.

Output: 512x512 PNG, RGBA, genuine transparent background. No text, numerals, labels, logos or watermark.",作成済み,,references/invidious.png
de-.png,「下降」の意,「下降」の意,"Subject: de-, target meaning ""「下降」の意"".

Composition: Show a red ball moving from the top step of a staircase down toward the lower steps, with a clear descending path and lower final position.

Style: Use the attached invidious.png for drawing style only. Match its thick rounded dark-brown contours, simplified rounded shapes, and restrained 2D cartoon shading. Do not copy the reference subject or composition.

Framing: One compact composition, with the complete subject using about 80-90% of the square. Keep everything inside the frame.

Output: 512x512 PNG, RGBA, genuine transparent background. No text, numerals, labels, logos or watermark.",作成済み,,references/invidious.png
forcing.png,強制,強制,"Subject: forcing, target meaning ""強制"".

Composition: Show one person pushing a heavy door open against strong resistance, with body weight and strained posture clearly applying force.

Style: Use the attached invidious.png for drawing style only. Match its thick rounded dark-brown contours, simplified rounded shapes, and restrained 2D cartoon shading. Do not copy the reference subject or composition.

Framing: One compact composition, with the complete subject using about 80-90% of the square. Keep everything inside the frame.

Output: 512x512 PNG, RGBA, genuine transparent background. No text, numerals, labels, logos or watermark.",作成済み,,references/invidious.png
gradient.png,勾配,勾配,"Subject: gradient, target meaning ""勾配"".

Composition: Show a smooth slope rising steadily from low to high, with evenly spaced markers getting progressively higher.

Style: Use the attached invidious.png for drawing style only. Match its thick rounded dark-brown contours, simplified rounded shapes, and restrained 2D cartoon shading. Do not copy the reference subject or composition.

Framing: One compact composition, with the complete subject using about 80-90% of the square. Keep everything inside the frame.

Output: 512x512 PNG, RGBA, genuine transparent background. No text, numerals, labels, logos or watermark.",作成済み,,references/invidious.png
limitation.png,制限、制約,制限,"Subject: limitation, target meaning ""制限"".

Composition: Show a runner stopped by a low ceiling or barrier that prevents further movement despite open space beyond.

Style: Use the attached invidious.png for drawing style only. Match its thick rounded dark-brown contours, simplified rounded shapes, and restrained 2D cartoon shading. Do not copy the reference subject or composition.

Framing: One compact composition, with the complete subject using about 80-90% of the square. Keep everything inside the frame.

Output: 512x512 PNG, RGBA, genuine transparent background. No text, numerals, labels, logos or watermark.",作成済み,,references/invidious.png
loudly.png,大声で、騒々しく,大声で,"Subject: loudly, target meaning ""大声で"".

Composition: Show one person speaking through a megaphone with strong broad sound-wave marks while nearby listeners cover their ears.

Style: Use the attached invidious.png for drawing style only. Match its thick rounded dark-brown contours, simplified rounded shapes, and restrained 2D cartoon shading. Do not copy the reference subject or composition.

Framing: One compact composition, with the complete subject using about 80-90% of the square. Keep everything inside the frame.

Output: 512x512 PNG, RGBA, genuine transparent background. No text, numerals, labels, logos or watermark.",作成済み,,references/invidious.png
sorrow.png,悲しみ,悲しみ,"Subject: sorrow, target meaning ""悲しみ"".

Composition: Show one person seated alone with lowered head, tearful eyes, and hands folded in the lap, conveying deep sadness.

Style: Use the attached invidious.png for drawing style only. Match its thick rounded dark-brown contours, simplified rounded shapes, and restrained 2D cartoon shading. Do not copy the reference subject or composition.

Framing: One compact composition, with the complete subject using about 80-90% of the square. Keep everything inside the frame.

Output: 512x512 PNG, RGBA, genuine transparent background. No text, numerals, labels, logos or watermark.",作成済み,,references/invidious.png
traveled.png,広く旅をした,広く旅をした,"Subject: traveled, target meaning ""広く旅をした"".

Composition: Show one traveler surrounded by worn suitcase, passport-like booklet, map, and several small landmark souvenirs, conveying extensive travel.

Style: Use the attached invidious.png for drawing style only. Match its thick rounded dark-brown contours, simplified rounded shapes, and restrained 2D cartoon shading. Do not copy the reference subject or composition.

Framing: One compact composition, with the complete subject using about 80-90% of the square. Keep everything inside the frame.

Output: 512x512 PNG, RGBA, genuine transparent background. No text, numerals, labels, logos or watermark.",作成済み,,references/invidious.png
utterly.png,全く、完全に,全く,"Subject: utterly, target meaning ""全く"".

Composition: Show one container completely empty from top to bottom, with nothing remaining inside, emphasizing totality.

Style: Use the attached invidious.png for drawing style only. Match its thick rounded dark-brown contours, simplified rounded shapes, and restrained 2D cartoon shading. Do not copy the reference subject or composition.

Framing: One compact composition, with the complete subject using about 80-90% of the square. Keep everything inside the frame.

Output: 512x512 PNG, RGBA, genuine transparent background. No text, numerals, labels, logos or watermark.",作成済み,,references/invidious.png
clearing.png,開拓地,開拓地,"Subject: clearing, target meaning ""開拓地"".

Composition: Show an open patch of land in the middle of dense forest where trees have been removed and sunlight reaches the ground.

Style: Use the attached invidious.png for drawing style only. Match its thick rounded dark-brown contours, simplified rounded shapes, and restrained 2D cartoon shading. Do not copy the reference subject or composition.

Framing: One compact composition, with the complete subject using about 80-90% of the square. Keep everything inside the frame.

Output: 512x512 PNG, RGBA, genuine transparent background. No text, numerals, labels, logos or watermark.",作成済み,,references/invidious.png
marginal.png,端の,端の,"Subject: marginal, target meaning ""端の"".

Composition: Show a small handwritten note positioned at the extreme outer margin of an open page, far from the main block of content in the center.

Style: Use the attached invidious.png for drawing style only. Match its thick rounded dark-brown contours, simplified rounded shapes, and restrained 2D cartoon shading. Do not copy the reference subject or composition.

Framing: One compact composition, with the complete subject using about 80-90% of the square. Keep everything inside the frame.

Output: 512x512 PNG, RGBA, genuine transparent background. No text, numerals, labels, logos or watermark.",作成済み,,references/invidious.png
myth.png,神話,神話,"Subject: myth, target meaning ""神話"".

Composition: Show an ancient storyteller pointing to a heroic dragon-and-god scene illustrated on a scroll, clearly suggesting a traditional myth.

Style: Use the attached invidious.png for drawing style only. Match its thick rounded dark-brown contours, simplified rounded shapes, and restrained 2D cartoon shading. Do not copy the reference subject or composition.

Framing: One compact composition, with the complete subject using about 80-90% of the square. Keep everything inside the frame.

Output: 512x512 PNG, RGBA, genuine transparent background. No text, numerals, labels, logos or watermark.",作成済み,,references/invidious.png
pit.png,穴,穴,"Subject: pit, target meaning ""穴"".

Composition: Show one deep round pit in the ground with visible walls and bottom, viewed at a slight angle from above.

Style: Use the attached invidious.png for drawing style only. Match its thick rounded dark-brown contours, simplified rounded shapes, and restrained 2D cartoon shading. Do not copy the reference subject or composition.

Framing: One compact composition, with the complete subject using about 80-90% of the square. Keep everything inside the frame.

Output: 512x512 PNG, RGBA, genuine transparent background. No text, numerals, labels, logos or watermark.",作成済み,,references/invidious.png
sharply.png,鋭く、激しく,鋭く,"Subject: sharply, target meaning ""鋭く"".

Composition: Show a single line making one sudden acute-angle turn, changing direction abruptly rather than curving gradually.

Style: Use the attached invidious.png for drawing style only. Match its thick rounded dark-brown contours, simplified rounded shapes, and restrained 2D cartoon shading. Do not copy the reference subject or composition.

Framing: One compact composition, with the complete subject using about 80-90% of the square. Keep everything inside the frame.

Output: 512x512 PNG, RGBA, genuine transparent background. No text, numerals, labels, logos or watermark.",作成済み,,references/invidious.png
suspended.png,つるした,つるした,"Subject: suspended, target meaning ""つるした"".

Composition: Show one lamp hanging from the ceiling by a cord, fully off the floor with clear space beneath it.

Style: Use the attached invidious.png for drawing style only. Match its thick rounded dark-brown contours, simplified rounded shapes, and restrained 2D cartoon shading. Do not copy the reference subject or composition.

Framing: One compact composition, with the complete subject using about 80-90% of the square. Keep everything inside the frame.

Output: 512x512 PNG, RGBA, genuine transparent background. No text, numerals, labels, logos or watermark.",作成済み,,references/invidious.png
y-.png,英語アルファベットの第 25 字,英語アルファベットの第 25 字,"Subject: y-, target meaning ""英語アルファベットの第 25 字"".

Composition: Show a large uppercase Y and lowercase y side by side as the dominant subjects, with no other letters or labels.

Style: Use the attached invidious.png for drawing style only. Match its thick rounded dark-brown contours, simplified rounded shapes, and restrained 2D cartoon shading. Do not copy the reference subject or composition.

Framing: One compact composition, with the complete subject using about 80-90% of the square. Keep everything inside the frame.

Output: 512x512 PNG, RGBA, genuine transparent background. No incidental text, numerals, or labels beyond what is essential to the target meaning. No logos or watermark.",作成済み,,references/invidious.png
Campbell.png,キャンベル,キャンベル,"Subject: Campbell, target meaning ""キャンベル"".

Composition: Show an adult man named Campbell with short brown hair, tweed jacket, and calm friendly expression.

Style: Use the attached invidious.png for drawing style only. Match its thick rounded dark-brown contours, simplified rounded shapes, and restrained 2D cartoon shading. Do not copy the reference subject or composition.

Framing: One compact composition, with the complete subject using about 80-90% of the square. Keep everything inside the frame.

Output: 512x512 PNG, RGBA, genuine transparent background. No text, numerals, labels, logos or watermark.",作成済み,,references/invidious.png
Collins.png,コリンズ,コリンズ,"Subject: Collins, target meaning ""コリンズ"".

Composition: Show an adult man named Collins with short gray-brown hair, dark sweater, and composed approachable expression.

Style: Use the attached invidious.png for drawing style only. Match its thick rounded dark-brown contours, simplified rounded shapes, and restrained 2D cartoon shading. Do not copy the reference subject or composition.

Framing: One compact composition, with the complete subject using about 80-90% of the square. Keep everything inside the frame.

Output: 512x512 PNG, RGBA, genuine transparent background. No text, numerals, labels, logos or watermark.",作成済み,,references/invidious.png
Nelson.png,ネルソン,ネルソン,"Subject: Nelson, target meaning ""ネルソン"".

Composition: Show an adult man named Nelson with short dark hair, simple blazer, and confident relaxed expression.

Style: Use the attached invidious.png for drawing style only. Match its thick rounded dark-brown contours, simplified rounded shapes, and restrained 2D cartoon shading. Do not copy the reference subject or composition.

Framing: One compact composition, with the complete subject using about 80-90% of the square. Keep everything inside the frame.

Output: 512x512 PNG, RGBA, genuine transparent background. No text, numerals, labels, logos or watermark.",作成済み,,references/invidious.png
altar.png,祭壇、供物台,祭壇,"Subject: altar, target meaning ""祭壇"".

Composition: Show a simple ceremonial altar table with candles and a cloth in a quiet place of worship, no readable symbols.

Style: Use the attached invidious.png for drawing style only. Match its thick rounded dark-brown contours, simplified rounded shapes, and restrained 2D cartoon shading. Do not copy the reference subject or composition.

Framing: One compact composition, with the complete subject using about 80-90% of the square. Keep everything inside the frame.

Output: 512x512 PNG, RGBA, genuine transparent background. No text, numerals, labels, logos or watermark.",作成済み,,references/invidious.png
charity.png,慈善,慈善,"Subject: charity, target meaning ""慈善"".

Composition: Show volunteers handing food, blankets, and supplies to people in need from a donation table, respectfully and calmly.

Style: Use the attached invidious.png for drawing style only. Match its thick rounded dark-brown contours, simplified rounded shapes, and restrained 2D cartoon shading. Do not copy the reference subject or composition.

Framing: One compact composition, with the complete subject using about 80-90% of the square. Keep everything inside the frame.

Output: 512x512 PNG, RGBA, genuine transparent background. No text, numerals, labels, logos or watermark.",作成済み,,references/invidious.png
dysfunction.png,機能障害,機能障害,"Subject: dysfunction, target meaning ""機能障害"".

Composition: Show a machine with one gear jammed and a warning light while the other gears cannot move correctly because of the failed part.

Style: Use the attached invidious.png for drawing style only. Match its thick rounded dark-brown contours, simplified rounded shapes, and restrained 2D cartoon shading. Do not copy the reference subject or composition.

Framing: One compact composition, with the complete subject using about 80-90% of the square. Keep everything inside the frame.

Output: 512x512 PNG, RGBA, genuine transparent background. No text, numerals, labels, logos or watermark.",作成済み,,references/invidious.png
favourite.png,愛用,愛用,"Subject: favourite, target meaning ""愛用"".

Composition: Show one visibly well-used personal mug being chosen from a row of four different mugs and held close with an affectionate smile.

Style: Use the attached invidious.png for drawing style only. Match its thick rounded dark-brown contours, simplified rounded shapes, and restrained 2D cartoon shading. Do not copy the reference subject or composition.

Framing: One compact composition, with the complete subject using about 80-90% of the square. Keep everything inside the frame.

Output: 512x512 PNG, RGBA, genuine transparent background. No text, numerals, labels, logos or watermark.",作成済み,,references/invidious.png
insulin.png,インスリン,インスリン,"Subject: insulin, target meaning ""インスリン"".

Composition: Show a clean clinical insulin pen beside a glucose meter and a simplified pancreas cue, with no dosing instructions.

Style: Use the attached invidious.png for drawing style only. Match its thick rounded dark-brown contours, simplified rounded shapes, and restrained 2D cartoon shading. Do not copy the reference subject or composition.

Framing: One compact composition, with the complete subject using about 80-90% of the square. Keep everything inside the frame.

Output: 512x512 PNG, RGBA, genuine transparent background. No text, numerals, labels, logos or watermark.",作成済み,,references/invidious.png
jail.png,刑務所,刑務所,"Subject: jail, target meaning ""刑務所"".

Composition: Show a simple prison cell with barred door, narrow bed, and secure lock, with no violence.

Style: Use the attached invidious.png for drawing style only. Match its thick rounded dark-brown contours, simplified rounded shapes, and restrained 2D cartoon shading. Do not copy the reference subject or composition.

Framing: One compact composition, with the complete subject using about 80-90% of the square. Keep everything inside the frame.

Output: 512x512 PNG, RGBA, genuine transparent background. No text, numerals, labels, logos or watermark.",作成済み,,references/invidious.png
march.png,行進する,行進する,"Subject: march, target meaning ""行進する"".

Composition: Show a line of uniformed people marching in step with synchronized legs and arms moving forward.

Style: Use the attached invidious.png for drawing style only. Match its thick rounded dark-brown contours, simplified rounded shapes, and restrained 2D cartoon shading. Do not copy the reference subject or composition.

Framing: One compact composition, with the complete subject using about 80-90% of the square. Keep everything inside the frame.

Output: 512x512 PNG, RGBA, genuine transparent background. No text, numerals, labels, logos or watermark.",作成済み,,references/invidious.png
patch.png,継ぎ,継ぎ,"Subject: patch, target meaning ""継ぎ"".

Composition: Show a torn piece of fabric repaired by sewing a contrasting patch firmly over the hole.

Style: Use the attached invidious.png for drawing style only. Match its thick rounded dark-brown contours, simplified rounded shapes, and restrained 2D cartoon shading. Do not copy the reference subject or composition.

Framing: One compact composition, with the complete subject using about 80-90% of the square. Keep everything inside the frame.

Output: 512x512 PNG, RGBA, genuine transparent background. No text, numerals, labels, logos or watermark.",作成済み,,references/invidious.png
sophisticated.png,洗練された、教養のある,洗練された,"Subject: sophisticated, target meaning ""洗練された"".

Composition: Show an elegantly dressed adult examining a refined modern design object in a tasteful interior, with polished, knowledgeable demeanor.

Style: Use the attached invidious.png for drawing style only. Match its thick rounded dark-brown contours, simplified rounded shapes, and restrained 2D cartoon shading. Do not copy the reference subject or composition.

Framing: One compact composition, with the complete subject using about 80-90% of the square. Keep everything inside the frame.

Output: 512x512 PNG, RGBA, genuine transparent background. No text, numerals, labels, logos or watermark.",作成済み,,references/invidious.png
strip.png,はぐ,はぐ,"Subject: strip, target meaning ""はぐ"".

Composition: Show two hands peeling the outer insulation from the end of an electrical cable, with one long removed strip curling away from the exposed inner wire.

Style: Use the attached invidious.png for drawing style only. Match its thick rounded dark-brown contours, simplified rounded shapes, and restrained 2D cartoon shading. Do not copy the reference subject or composition.

Framing: One compact composition, with the complete subject using about 80-90% of the square. Keep everything inside the frame.

Output: 512x512 PNG, RGBA, genuine transparent background. No text, numerals, labels, logos or watermark.",作成済み,,references/invidious.png
weekly.png,週に1度の,週に1度の,"Subject: weekly, target meaning ""週に1度の"".

Composition: Show the same weekday highlighted across several consecutive calendar weeks, repeating once each week.

Style: Use the attached invidious.png for drawing style only. Match its thick rounded dark-brown contours, simplified rounded shapes, and restrained 2D cartoon shading. Do not copy the reference subject or composition.

Framing: One compact composition, with the complete subject using about 80-90% of the square. Keep everything inside the frame.

Output: 512x512 PNG, RGBA, genuine transparent background. No incidental text, numerals, or labels beyond what is essential to the target meaning. No logos or watermark.",作成済み,,references/invidious.png
Illinois.png,イリノイ州,イリノイ州,"Subject: Illinois, target meaning ""イリノイ州"".

Composition: Show a compact Illinois scene with Chicago skyline, flat farmland, and a subtle state-outline cue.

Style: Use the attached invidious.png for drawing style only. Match its thick rounded dark-brown contours, simplified rounded shapes, and restrained 2D cartoon shading. Do not copy the reference subject or composition.

Framing: One compact composition, with the complete subject using about 80-90% of the square. Keep everything inside the frame.

Output: 512x512 PNG, RGBA, genuine transparent background. No text, numerals, labels, logos or watermark.",作成済み,,references/invidious.png
Jimmy.png,ジミー,ジミー,"Subject: Jimmy, target meaning ""ジミー"".

Composition: Show a young adult man named Jimmy with short brown hair, casual checked shirt, and cheerful expression.

Style: Use the attached invidious.png for drawing style only. Match its thick rounded dark-brown contours, simplified rounded shapes, and restrained 2D cartoon shading. Do not copy the reference subject or composition.

Framing: One compact composition, with the complete subject using about 80-90% of the square. Keep everything inside the frame.

Output: 512x512 PNG, RGBA, genuine transparent background. No text, numerals, labels, logos or watermark.",作成済み,,references/invidious.png
Scottish.png,スコットランドの、スコットランド人の,スコットランドの,"Subject: Scottish, target meaning ""スコットランドの"".

Composition: Show a Scottish person in modern clothing beside a tartan cloth, stone highland landscape, and thistle cue.

Style: Use the attached invidious.png for drawing style only. Match its thick rounded dark-brown contours, simplified rounded shapes, and restrained 2D cartoon shading. Do not copy the reference subject or composition.

Framing: One compact composition, with the complete subject using about 80-90% of the square. Keep everything inside the frame.

Output: 512x512 PNG, RGBA, genuine transparent background. No text, numerals, labels, logos or watermark.",作成済み,,references/invidious.png
bodily.png,身体上の、肉体の,身体上の,"Subject: bodily, target meaning ""身体上の"".

Composition: Show a simple full human body silhouette with arms, torso, and legs clearly emphasized as the physical body.

Style: Use the attached invidious.png for drawing style only. Match its thick rounded dark-brown contours, simplified rounded shapes, and restrained 2D cartoon shading. Do not copy the reference subject or composition.

Framing: One compact composition, with the complete subject using about 80-90% of the square. Keep everything inside the frame.

Output: 512x512 PNG, RGBA, genuine transparent background. No text, numerals, labels, logos or watermark.",作成済み,,references/invidious.png
clarity.png,明瞭,明瞭,"Subject: clarity, target meaning ""明瞭"".

Composition: Show a previously foggy window wiped clean in one area, revealing a sharply visible object through the clear section.

Style: Use the attached invidious.png for drawing style only. Match its thick rounded dark-brown contours, simplified rounded shapes, and restrained 2D cartoon shading. Do not copy the reference subject or composition.

Framing: One compact composition, with the complete subject using about 80-90% of the square. Keep everything inside the frame.

Output: 512x512 PNG, RGBA, genuine transparent background. No text, numerals, labels, logos or watermark.",作成済み,,references/invidious.png
dull.png,鈍い,鈍い,"Subject: dull, target meaning ""鈍い"".

Composition: Show a kitchen knife with a visibly rounded worn cutting edge pressing unsuccessfully against a tomato skin instead of slicing cleanly.

Style: Use the attached invidious.png for drawing style only. Match its thick rounded dark-brown contours, simplified rounded shapes, and restrained 2D cartoon shading. Do not copy the reference subject or composition.

Framing: One compact composition, with the complete subject using about 80-90% of the square. Keep everything inside the frame.

Output: 512x512 PNG, RGBA, genuine transparent background. No text, numerals, labels, logos or watermark.",作成済み,,references/invidious.png
fraud.png,詐欺、ペテン,詐欺,"Subject: fraud, target meaning ""詐欺"".

Composition: Show one person presenting a fake document while secretly hiding the genuine one, with a deceptive expression and no real private data.

Style: Use the attached invidious.png for drawing style only. Match its thick rounded dark-brown contours, simplified rounded shapes, and restrained 2D cartoon shading. Do not copy the reference subject or composition.

Framing: One compact composition, with the complete subject using about 80-90% of the square. Keep everything inside the frame.

Output: 512x512 PNG, RGBA, genuine transparent background. No text, numerals, labels, logos or watermark.",作成済み,,references/invidious.png
handful.png,一握りの量,一握りの量,"Subject: handful, target meaning ""一握りの量"".

Composition: Show one cupped adult hand holding a small quantity of almonds that fits completely within the palm.

Style: Use the attached invidious.png for drawing style only. Match its thick rounded dark-brown contours, simplified rounded shapes, and restrained 2D cartoon shading. Do not copy the reference subject or composition.

Framing: One compact composition, with the complete subject using about 80-90% of the square. Keep everything inside the frame.

Output: 512x512 PNG, RGBA, genuine transparent background. No text, numerals, labels, logos or watermark.",作成済み,,references/invidious.png
inter-.png,埋める,埋める,"Subject: inter-, target meaning ""埋める"".

Composition: Show a person using a shovel to cover a small wooden box with soil in a dug hole, clearly depicting burying the box underground.

Style: Use the attached invidious.png for drawing style only. Match its thick rounded dark-brown contours, simplified rounded shapes, and restrained 2D cartoon shading. Do not copy the reference subject or composition.

Framing: One compact composition, with the complete subject using about 80-90% of the square. Keep everything inside the frame.

Output: 512x512 PNG, RGBA, genuine transparent background. No text, numerals, labels, logos or watermark.",作成済み,,references/invidious.png
odds.png,見込み,見込み,"Subject: odds, target meaning ""見込み"".

Composition: Show two differently sized piles of tokens representing unequal chances, with the larger pile clearly indicating the more likely outcome.

Style: Use the attached invidious.png for drawing style only. Match its thick rounded dark-brown contours, simplified rounded shapes, and restrained 2D cartoon shading. Do not copy the reference subject or composition.

Framing: One compact composition, with the complete subject using about 80-90% of the square. Keep everything inside the frame.

Output: 512x512 PNG, RGBA, genuine transparent background. No text, numerals, labels, logos or watermark.",作成済み,,references/invidious.png
owing.png,借りている、借りとなっている,借りている,"Subject: owing, target meaning ""借りている"".

Composition: Show one person holding an unpaid bill while another person waits for repayment, with coins absent from the debtor's hand.

Style: Use the attached invidious.png for drawing style only. Match its thick rounded dark-brown contours, simplified rounded shapes, and restrained 2D cartoon shading. Do not copy the reference subject or composition.

Framing: One compact composition, with the complete subject using about 80-90% of the square. Keep everything inside the frame.

Output: 512x512 PNG, RGBA, genuine transparent background. No text, numerals, labels, logos or watermark.",作成済み,,references/invidious.png
realistic.png,現実的な,現実的な,"Subject: realistic, target meaning ""現実的な"".

Composition: Show a practical everyday plan using ordinary tools and limited resources, with no impossible elements and a calm achievable setup.

Style: Use the attached invidious.png for drawing style only. Match its thick rounded dark-brown contours, simplified rounded shapes, and restrained 2D cartoon shading. Do not copy the reference subject or composition.

Framing: One compact composition, with the complete subject using about 80-90% of the square. Keep everything inside the frame.

Output: 512x512 PNG, RGBA, genuine transparent background. No text, numerals, labels, logos or watermark.",作成済み,,references/invidious.png
shelf.png,棚,棚,"Subject: shelf, target meaning ""棚"".

Composition: Show one simple wall shelf holding a few books and objects, fully visible from front and side.

Style: Use the attached invidious.png for drawing style only. Match its thick rounded dark-brown contours, simplified rounded shapes, and restrained 2D cartoon shading. Do not copy the reference subject or composition.

Framing: One compact composition, with the complete subject using about 80-90% of the square. Keep everything inside the frame.

Output: 512x512 PNG, RGBA, genuine transparent background. No text, numerals, labels, logos or watermark.",作成済み,,references/invidious.png
Barbara.png,バーバラ,バーバラ,"Subject: Barbara, target meaning ""バーバラ"".

Composition: Show an adult woman named Barbara with short brown hair, simple blouse, and warm confident expression.

Style: Use the attached invidious.png for drawing style only. Match its thick rounded dark-brown contours, simplified rounded shapes, and restrained 2D cartoon shading. Do not copy the reference subject or composition.

Framing: One compact composition, with the complete subject using about 80-90% of the square. Keep everything inside the frame.

Output: 512x512 PNG, RGBA, genuine transparent background. No text, numerals, labels, logos or watermark.",作成済み,,references/invidious.png
Satan.png,悪魔、サタン,悪魔,"Subject: Satan, target meaning ""悪魔"".

Composition: Show a symbolic horned devil figure in dark red-black tones with pointed tail and dramatic smoke, stylized and non-graphic.

Style: Use the attached invidious.png for drawing style only. Match its thick rounded dark-brown contours, simplified rounded shapes, and restrained 2D cartoon shading. Do not copy the reference subject or composition.

Framing: One compact composition, with the complete subject using about 80-90% of the square. Keep everything inside the frame.

Output: 512x512 PNG, RGBA, genuine transparent background. No text, numerals, labels, logos or watermark.",作成済み,,references/invidious.png
Toronto.png,トロント,トロント,"Subject: Toronto, target meaning ""トロント"".

Composition: Show the Toronto skyline with the CN Tower rising clearly above surrounding buildings beside Lake Ontario.

Style: Use the attached invidious.png for drawing style only. Match its thick rounded dark-brown contours, simplified rounded shapes, and restrained 2D cartoon shading. Do not copy the reference subject or composition.

Framing: One compact composition, with the complete subject using about 80-90% of the square. Keep everything inside the frame.

Output: 512x512 PNG, RGBA, genuine transparent background. No text, numerals, labels, logos or watermark.",作成済み,,references/invidious.png
aggregate.png,集まる,集まる,"Subject: aggregate, target meaning ""集まる"".

Composition: Show many small stones or particles gathering together into one larger mound.

Style: Use the attached invidious.png for drawing style only. Match its thick rounded dark-brown contours, simplified rounded shapes, and restrained 2D cartoon shading. Do not copy the reference subject or composition.

Framing: One compact composition, with the complete subject using about 80-90% of the square. Keep everything inside the frame.

Output: 512x512 PNG, RGBA, genuine transparent background. No text, numerals, labels, logos or watermark.",作成済み,,references/invidious.png
brick.png,れんが,れんが,"Subject: brick, target meaning ""れんが"".

Composition: Show one rectangular fired-clay brick with rough red surface and sharp edges, fully visible.

Style: Use the attached invidious.png for drawing style only. Match its thick rounded dark-brown contours, simplified rounded shapes, and restrained 2D cartoon shading. Do not copy the reference subject or composition.

Framing: One compact composition, with the complete subject using about 80-90% of the square. Keep everything inside the frame.

Output: 512x512 PNG, RGBA, genuine transparent background. No text, numerals, labels, logos or watermark.",作成済み,,references/invidious.png
catching.png,伝染性の,伝染性の,"Subject: catching, target meaning ""伝染性の"".

Composition: Show one person coughing while nearby people step back and put on masks, indicating an illness that spreads easily.

Style: Use the attached invidious.png for drawing style only. Match its thick rounded dark-brown contours, simplified rounded shapes, and restrained 2D cartoon shading. Do not copy the reference subject or composition.

Framing: One compact composition, with the complete subject using about 80-90% of the square. Keep everything inside the frame.

Output: 512x512 PNG, RGBA, genuine transparent background. No text, numerals, labels, logos or watermark.",作成済み,,references/invidious.png
electrode.png,電極,電極,"Subject: electrode, target meaning ""電極"".

Composition: Show one metal electrode rod inserted into a simple liquid cell with wire connection at the top.

Style: Use the attached invidious.png for drawing style only. Match its thick rounded dark-brown contours, simplified rounded shapes, and restrained 2D cartoon shading. Do not copy the reference subject or composition.

Framing: One compact composition, with the complete subject using about 80-90% of the square. Keep everything inside the frame.

Output: 512x512 PNG, RGBA, genuine transparent background. No text, numerals, labels, logos or watermark.",作成済み,,references/invidious.png
fiscal.png,会計の,会計の,"Subject: fiscal, target meaning ""会計の"".

Composition: Show a ledger, calculator, coins, and a yearly budget chart together, clearly focused on financial accounting.

Style: Use the attached invidious.png for drawing style only. Match its thick rounded dark-brown contours, simplified rounded shapes, and restrained 2D cartoon shading. Do not copy the reference subject or composition.

Framing: One compact composition, with the complete subject using about 80-90% of the square. Keep everything inside the frame.

Output: 512x512 PNG, RGBA, genuine transparent background. No text, numerals, labels, logos or watermark.",作成済み,,references/invidious.png
formerly.png,元は、昔は,元は,"Subject: formerly, target meaning ""元は"".

Composition: Show the same place at two times: an old workshop faded behind the current modern room, emphasizing what it used to be.

Style: Use the attached invidious.png for drawing style only. Match its thick rounded dark-brown contours, simplified rounded shapes, and restrained 2D cartoon shading. Do not copy the reference subject or composition.

Framing: One compact composition, with the complete subject using about 80-90% of the square. Keep everything inside the frame.

Output: 512x512 PNG, RGBA, genuine transparent background. No text, numerals, labels, logos or watermark.",作成済み,,references/invidious.png
momentum.png,勢い,勢い,"Subject: momentum, target meaning ""勢い"".

Composition: Show a heavy rolling ball continuing forward after leaving a ramp, with strong motion lines and no person pushing it anymore.

Style: Use the attached invidious.png for drawing style only. Match its thick rounded dark-brown contours, simplified rounded shapes, and restrained 2D cartoon shading. Do not copy the reference subject or composition.

Framing: One compact composition, with the complete subject using about 80-90% of the square. Keep everything inside the frame.

Output: 512x512 PNG, RGBA, genuine transparent background. No text, numerals, labels, logos or watermark.",作成済み,,references/invidious.png
ruin.png,廃墟,廃墟,"Subject: ruin, target meaning ""廃墟"".

Composition: Show the remains of a collapsed stone building with broken walls, fallen columns, and plants growing through the abandoned structure.

Style: Use the attached invidious.png for drawing style only. Match its thick rounded dark-brown contours, simplified rounded shapes, and restrained 2D cartoon shading. Do not copy the reference subject or composition.

Framing: One compact composition, with the complete subject using about 80-90% of the square. Keep everything inside the frame.

Output: 512x512 PNG, RGBA, genuine transparent background. No text, numerals, labels, logos or watermark.",作成済み,,references/invidious.png
swear.png,請け負う,請け負う,"Subject: swear, target meaning ""請け負う"".

Composition: Show one person formally taking responsibility for a task with hand raised and another person accepting the commitment, without legal text.

Style: Use the attached invidious.png for drawing style only. Match its thick rounded dark-brown contours, simplified rounded shapes, and restrained 2D cartoon shading. Do not copy the reference subject or composition.

Framing: One compact composition, with the complete subject using about 80-90% of the square. Keep everything inside the frame.

Output: 512x512 PNG, RGBA, genuine transparent background. No text, numerals, labels, logos or watermark.",作成済み,,references/invidious.png
Persian.png,古代ペルシア人、イラン人,古代ペルシア人,"Subject: Persian, target meaning ""古代ペルシア人"".

Composition: Show an ancient Persian man in long robe and soft cap standing beside a carved Persepolis-style column.

Style: Use the attached invidious.png for drawing style only. Match its thick rounded dark-brown contours, simplified rounded shapes, and restrained 2D cartoon shading. Do not copy the reference subject or composition.

Framing: One compact composition, with the complete subject using about 80-90% of the square. Keep everything inside the frame.

Output: 512x512 PNG, RGBA, genuine transparent background. No text, numerals, labels, logos or watermark.",作成済み,,references/invidious.png
bear@bher3.png,熊,熊,"Subject: bear, target meaning ""熊"".

Composition: Show one full brown bear standing naturally in side view with thick fur, rounded ears, and powerful body.

Style: Use the attached invidious.png for drawing style only. Match its thick rounded dark-brown contours, simplified rounded shapes, and restrained 2D cartoon shading. Do not copy the reference subject or composition.

Framing: One compact composition, with the complete subject using about 80-90% of the square. Keep everything inside the frame.

Output: 512x512 PNG, RGBA, genuine transparent background. No text, numerals, labels, logos or watermark.",作成済み,,references/invidious.png
variability.png,変動性,変動性,"Subject: variability, target meaning ""変動性"".

Composition: Show several readings of the same gauge at noticeably different positions, emphasizing fluctuation from one measurement to another.

Style: Use the attached invidious.png for drawing style only. Match its thick rounded dark-brown contours, simplified rounded shapes, and restrained 2D cartoon shading. Do not copy the reference subject or composition.

Framing: One compact composition, with the complete subject using about 80-90% of the square. Keep everything inside the frame.

Output: 512x512 PNG, RGBA, genuine transparent background. No text, numerals, labels, logos or watermark.",作成済み,,references/invidious.png
Austin.png,オースティン,オースティン,"Subject: Austin, target meaning ""オースティン"".

Composition: Show a compact Austin city scene with the Texas State Capitol dome, live-oak trees, and modern downtown buildings.

Style: Use the attached invidious.png for drawing style only. Match its thick rounded dark-brown contours, simplified rounded shapes, and restrained 2D cartoon shading. Do not copy the reference subject or composition.

Framing: One compact composition, with the complete subject using about 80-90% of the square. Keep everything inside the frame.

Output: 512x512 PNG, RGBA, genuine transparent background. No text, numerals, labels, logos or watermark.",作成済み,,references/invidious.png
Edinburgh.png,エディンバラ,エディンバラ,"Subject: Edinburgh, target meaning ""エディンバラ"".

Composition: Show Edinburgh Castle on its rocky hill above old stone buildings, with a gray Scottish sky and narrow historic street.

Style: Use the attached invidious.png for drawing style only. Match its thick rounded dark-brown contours, simplified rounded shapes, and restrained 2D cartoon shading. Do not copy the reference subject or composition.

Framing: One compact composition, with the complete subject using about 80-90% of the square. Keep everything inside the frame.

Output: 512x512 PNG, RGBA, genuine transparent background. No text, numerals, labels, logos or watermark.",作成済み,,references/invidious.png
Hamilton.png,ハミルトン,ハミルトン,"Subject: Hamilton, target meaning ""ハミルトン"".

Composition: Show an adult man named Hamilton with dark hair, formal coat, and composed serious expression.

Style: Use the attached invidious.png for drawing style only. Match its thick rounded dark-brown contours, simplified rounded shapes, and restrained 2D cartoon shading. Do not copy the reference subject or composition.

Framing: One compact composition, with the complete subject using about 80-90% of the square. Keep everything inside the frame.

Output: 512x512 PNG, RGBA, genuine transparent background. No text, numerals, labels, logos or watermark.",作成済み,,references/invidious.png
Stanford.png,スタンフォード,スタンフォード,"Subject: Stanford, target meaning ""スタンフォード"".

Composition: Show a university courtyard with sandstone arches, red-tile roofs, palm trees, and a tall Hoover-Tower-like landmark.

Style: Use the attached invidious.png for drawing style only. Match its thick rounded dark-brown contours, simplified rounded shapes, and restrained 2D cartoon shading. Do not copy the reference subject or composition.

Framing: One compact composition, with the complete subject using about 80-90% of the square. Keep everything inside the frame.

Output: 512x512 PNG, RGBA, genuine transparent background. No text, numerals, labels, logos or watermark.",作成済み,,references/invidious.png
decent.png,まともな,まともな,"Subject: decent, target meaning ""まともな"".

Composition: Show one clean, modestly dressed adult completing an ordinary task properly and respectfully, with everything neat and acceptable rather than exceptional.

Style: Use the attached invidious.png for drawing style only. Match its thick rounded dark-brown contours, simplified rounded shapes, and restrained 2D cartoon shading. Do not copy the reference subject or composition.

Framing: One compact composition, with the complete subject using about 80-90% of the square. Keep everything inside the frame.

Output: 512x512 PNG, RGBA, genuine transparent background. No text, numerals, labels, logos or watermark.",作成済み,,references/invidious.png
mineral.png,鉱物,鉱物,"Subject: mineral, target meaning ""鉱物"".

Composition: Show a small collection of natural mineral crystals and rock specimens with distinct geometric surfaces.

Style: Use the attached invidious.png for drawing style only. Match its thick rounded dark-brown contours, simplified rounded shapes, and restrained 2D cartoon shading. Do not copy the reference subject or composition.

Framing: One compact composition, with the complete subject using about 80-90% of the square. Keep everything inside the frame.

Output: 512x512 PNG, RGBA, genuine transparent background. No text, numerals, labels, logos or watermark.",作成済み,,references/invidious.png
ours.png,私たちのもの,私たちのもの,"Subject: ours, target meaning ""私たちのもの"".

Composition: Show two people together holding one shared object between them, clearly indicating joint ownership by both.

Style: Use the attached invidious.png for drawing style only. Match its thick rounded dark-brown contours, simplified rounded shapes, and restrained 2D cartoon shading. Do not copy the reference subject or composition.

Framing: One compact composition, with the complete subject using about 80-90% of the square. Keep everything inside the frame.

Output: 512x512 PNG, RGBA, genuine transparent background. No text, numerals, labels, logos or watermark.",作成済み,,references/invidious.png
overhead.png,頭上に、高くに,頭上に,"Subject: overhead, target meaning ""頭上に"".

Composition: Show one object hanging directly above a person's head, clearly positioned high overhead.

Style: Use the attached invidious.png for drawing style only. Match its thick rounded dark-brown contours, simplified rounded shapes, and restrained 2D cartoon shading. Do not copy the reference subject or composition.

Framing: One compact composition, with the complete subject using about 80-90% of the square. Keep everything inside the frame.

Output: 512x512 PNG, RGBA, genuine transparent background. No text, numerals, labels, logos or watermark.",作成済み,,references/invidious.png
pound@spen.png,ポンド,ポンド,"Subject: pound, target meaning ""ポンド"".

Composition: Show a balance scale with a one-pound weight on one side and an equivalent object mass on the other, avoiding written units where possible.

Style: Use the attached invidious.png for drawing style only. Match its thick rounded dark-brown contours, simplified rounded shapes, and restrained 2D cartoon shading. Do not copy the reference subject or composition.

Framing: One compact composition, with the complete subject using about 80-90% of the square. Keep everything inside the frame.

Output: 512x512 PNG, RGBA, genuine transparent background. No text, numerals, labels, logos or watermark.",作成済み,,references/invidious.png
radius.png,半径,半径,"Subject: radius, target meaning ""半径"".

Composition: Show a circle with one straight line drawn from the center point to the edge, clearly indicating the radius.

Style: Use the attached invidious.png for drawing style only. Match its thick rounded dark-brown contours, simplified rounded shapes, and restrained 2D cartoon shading. Do not copy the reference subject or composition.

Framing: One compact composition, with the complete subject using about 80-90% of the square. Keep everything inside the frame.

Output: 512x512 PNG, RGBA, genuine transparent background. No text, numerals, labels, logos or watermark.",作成済み,,references/invidious.png
secular.png,世俗の,世俗の,"Subject: secular, target meaning ""世俗の"".

Composition: Show an ordinary civic or public scene with school, office, and community activity, deliberately without religious symbols.

Style: Use the attached invidious.png for drawing style only. Match its thick rounded dark-brown contours, simplified rounded shapes, and restrained 2D cartoon shading. Do not copy the reference subject or composition.

Framing: One compact composition, with the complete subject using about 80-90% of the square. Keep everything inside the frame.

Output: 512x512 PNG, RGBA, genuine transparent background. No text, numerals, labels, logos or watermark.",作成済み,,references/invidious.png
surroundings.png,周囲の,周囲の,"Subject: surroundings, target meaning ""周囲の"".

Composition: Show one small house at the center with a road, two trees, a fence, and neighboring buildings arranged closely around it as its immediate surroundings.

Style: Use the attached invidious.png for drawing style only. Match its thick rounded dark-brown contours, simplified rounded shapes, and restrained 2D cartoon shading. Do not copy the reference subject or composition.

Framing: One compact composition, with the complete subject using about 80-90% of the square. Keep everything inside the frame.

Output: 512x512 PNG, RGBA, genuine transparent background. No text, numerals, labels, logos or watermark.",作成済み,,references/invidious.png
therapist.png,セラピスト,セラピスト,"Subject: therapist, target meaning ""セラピスト"".

Composition: Show a therapist seated across from a client in a calm room, listening attentively with notebook closed and supportive posture.

Style: Use the attached invidious.png for drawing style only. Match its thick rounded dark-brown contours, simplified rounded shapes, and restrained 2D cartoon shading. Do not copy the reference subject or composition.

Framing: One compact composition, with the complete subject using about 80-90% of the square. Keep everything inside the frame.

Output: 512x512 PNG, RGBA, genuine transparent background. No text, numerals, labels, logos or watermark.",作成済み,,references/invidious.png
Bruce.png,ブルース,ブルース,"Subject: Bruce, target meaning ""ブルース"".

Composition: Show an adult man named Bruce with short dark hair, casual jacket, and friendly relaxed expression.

Style: Use the attached invidious.png for drawing style only. Match its thick rounded dark-brown contours, simplified rounded shapes, and restrained 2D cartoon shading. Do not copy the reference subject or composition.

Framing: One compact composition, with the complete subject using about 80-90% of the square. Keep everything inside the frame.

Output: 512x512 PNG, RGBA, genuine transparent background. No text, numerals, labels, logos or watermark.",作成済み,,references/invidious.png
Morris.png,モリス,モリス,"Subject: Morris, target meaning ""モリス"".

Composition: Show an adult man named Morris with short gray hair, collared shirt, and thoughtful calm expression.

Style: Use the attached invidious.png for drawing style only. Match its thick rounded dark-brown contours, simplified rounded shapes, and restrained 2D cartoon shading. Do not copy the reference subject or composition.

Framing: One compact composition, with the complete subject using about 80-90% of the square. Keep everything inside the frame.

Output: 512x512 PNG, RGBA, genuine transparent background. No text, numerals, labels, logos or watermark.",作成済み,,references/invidious.png
Pierre.png,ピエール,ピエール,"Subject: Pierre, target meaning ""ピエール"".

Composition: Show an adult French man named Pierre with short dark hair, simple shirt, and warm friendly expression.

Style: Use the attached invidious.png for drawing style only. Match its thick rounded dark-brown contours, simplified rounded shapes, and restrained 2D cartoon shading. Do not copy the reference subject or composition.

Framing: One compact composition, with the complete subject using about 80-90% of the square. Keep everything inside the frame.

Output: 512x512 PNG, RGBA, genuine transparent background. No text, numerals, labels, logos or watermark.",作成済み,,references/invidious.png
atomic.png,原子の,原子の,"Subject: atomic, target meaning ""原子の"".

Composition: Show one simplified atom with small nucleus and orbiting electrons, centered and isolated.

Style: Use the attached invidious.png for drawing style only. Match its thick rounded dark-brown contours, simplified rounded shapes, and restrained 2D cartoon shading. Do not copy the reference subject or composition.

Framing: One compact composition, with the complete subject using about 80-90% of the square. Keep everything inside the frame.

Output: 512x512 PNG, RGBA, genuine transparent background. No text, numerals, labels, logos or watermark.",作成済み,,references/invidious.png
grounded.png,地に足のついた、分別のある,地に足のついた,"Subject: grounded, target meaning ""地に足のついた"".

Composition: Show one calm person standing firmly with both feet planted, thoughtfully checking facts and tools before making a practical decision.

Style: Use the attached invidious.png for drawing style only. Match its thick rounded dark-brown contours, simplified rounded shapes, and restrained 2D cartoon shading. Do not copy the reference subject or composition.

Framing: One compact composition, with the complete subject using about 80-90% of the square. Keep everything inside the frame.

Output: 512x512 PNG, RGBA, genuine transparent background. No text, numerals, labels, logos or watermark.",作成済み,,references/invidious.png
lamp.png,ランプ,ランプ,"Subject: lamp, target meaning ""ランプ"".

Composition: Show one complete table lamp with shade, stand, base, and soft light glowing from underneath the shade.

Style: Use the attached invidious.png for drawing style only. Match its thick rounded dark-brown contours, simplified rounded shapes, and restrained 2D cartoon shading. Do not copy the reference subject or composition.

Framing: One compact composition, with the complete subject using about 80-90% of the square. Keep everything inside the frame.

Output: 512x512 PNG, RGBA, genuine transparent background. No text, numerals, labels, logos or watermark.",作成済み,,references/invidious.png
penalty.png,刑罰,刑罰,"Subject: penalty, target meaning ""刑罰"".

Composition: Show a courtroom judge bringing down a gavel while a convicted adult stands at the defense table receiving the imposed legal punishment, with no violence.

Style: Use the attached invidious.png for drawing style only. Match its thick rounded dark-brown contours, simplified rounded shapes, and restrained 2D cartoon shading. Do not copy the reference subject or composition.

Framing: One compact composition, with the complete subject using about 80-90% of the square. Keep everything inside the frame.

Output: 512x512 PNG, RGBA, genuine transparent background. No text, numerals, labels, logos or watermark.",作成済み,,references/invidious.png
relational.png,親類の、関係を示す,親類の,"Subject: relational, target meaning ""親類の"".

Composition: Show two family members connected by a simple branch line within a compact family relationship diagram, without written labels.

Style: Use the attached invidious.png for drawing style only. Match its thick rounded dark-brown contours, simplified rounded shapes, and restrained 2D cartoon shading. Do not copy the reference subject or composition.

Framing: One compact composition, with the complete subject using about 80-90% of the square. Keep everything inside the frame.

Output: 512x512 PNG, RGBA, genuine transparent background. No text, numerals, labels, logos or watermark.",作成済み,,references/invidious.png
rhetoric.png,レトリック,レトリック,"Subject: rhetoric, target meaning ""レトリック"".

Composition: Show one speaker at a podium using expressive hand gestures while an audience listens, emphasizing persuasive speaking style rather than content.

Style: Use the attached invidious.png for drawing style only. Match its thick rounded dark-brown contours, simplified rounded shapes, and restrained 2D cartoon shading. Do not copy the reference subject or composition.

Framing: One compact composition, with the complete subject using about 80-90% of the square. Keep everything inside the frame.

Output: 512x512 PNG, RGBA, genuine transparent background. No text, numerals, labels, logos or watermark.",作成済み,,references/invidious.png
sound@swento.png,健全な、ぐっすりと,健全な,"Subject: sound, target meaning ""健全な"".

Composition: Show one healthy sturdy adult standing upright with strong posture and no visible injury or illness.

Style: Use the attached invidious.png for drawing style only. Match its thick rounded dark-brown contours, simplified rounded shapes, and restrained 2D cartoon shading. Do not copy the reference subject or composition.

Framing: One compact composition, with the complete subject using about 80-90% of the square. Keep everything inside the frame.

Output: 512x512 PNG, RGBA, genuine transparent background. No text, numerals, labels, logos or watermark.",作成済み,,references/invidious.png
tap.png,軽くたたく,軽くたたく,"Subject: tap, target meaning ""軽くたたく"".

Composition: Show one fingertip lightly tapping a small button or tabletop once, with tiny contact motion marks.

Style: Use the attached invidious.png for drawing style only. Match its thick rounded dark-brown contours, simplified rounded shapes, and restrained 2D cartoon shading. Do not copy the reference subject or composition.

Framing: One compact composition, with the complete subject using about 80-90% of the square. Keep everything inside the frame.

Output: 512x512 PNG, RGBA, genuine transparent background. No text, numerals, labels, logos or watermark.",作成済み,,references/invidious.png
tobacco.png,タバコ,タバコ,"Subject: tobacco, target meaning ""タバコ"".

Composition: Show a tobacco plant with broad mature leaves hanging from the stem, focusing on the plant rather than smoking.

Style: Use the attached invidious.png for drawing style only. Match its thick rounded dark-brown contours, simplified rounded shapes, and restrained 2D cartoon shading. Do not copy the reference subject or composition.

Framing: One compact composition, with the complete subject using about 80-90% of the square. Keep everything inside the frame.

Output: 512x512 PNG, RGBA, genuine transparent background. No text, numerals, labels, logos or watermark.",作成済み,,references/invidious.png
Cohen.png,コーエン、コーヘン,コーエン,"Subject: Cohen, target meaning ""コーエン"".

Composition: Show an adult man named Cohen with dark curly hair, neat beard, and simple contemporary clothing in a calm portrait.

Style: Use the attached invidious.png for drawing style only. Match its thick rounded dark-brown contours, simplified rounded shapes, and restrained 2D cartoon shading. Do not copy the reference subject or composition.

Framing: One compact composition, with the complete subject using about 80-90% of the square. Keep everything inside the frame.

Output: 512x512 PNG, RGBA, genuine transparent background. No text, numerals, labels, logos or watermark.",作成済み,,references/invidious.png
Massachusetts.png,マサチューセッツ州,マサチューセッツ州,"Subject: Massachusetts, target meaning ""マサチューセッツ州"".

Composition: Show a Massachusetts scene with a Boston-style brick streetscape, harbor water, and autumn New England trees.

Style: Use the attached invidious.png for drawing style only. Match its thick rounded dark-brown contours, simplified rounded shapes, and restrained 2D cartoon shading. Do not copy the reference subject or composition.

Framing: One compact composition, with the complete subject using about 80-90% of the square. Keep everything inside the frame.

Output: 512x512 PNG, RGBA, genuine transparent background. No text, numerals, labels, logos or watermark.",作成済み,,references/invidious.png
Nancy.png,ナンシー,ナンシー,"Subject: Nancy, target meaning ""ナンシー"".

Composition: Show an adult woman named Nancy with shoulder-length light-brown hair, cardigan, and warm approachable smile.

Style: Use the attached invidious.png for drawing style only. Match its thick rounded dark-brown contours, simplified rounded shapes, and restrained 2D cartoon shading. Do not copy the reference subject or composition.

Framing: One compact composition, with the complete subject using about 80-90% of the square. Keep everything inside the frame.

Output: 512x512 PNG, RGBA, genuine transparent background. No text, numerals, labels, logos or watermark.",作成済み,,references/invidious.png
characterization.png,描写,描写,"Subject: characterization, target meaning ""描写"".

Composition: Show an author sketching a fictional character through a page of notes beside a small illustrated portrait, with personality cues like posture and clothing.

Style: Use the attached invidious.png for drawing style only. Match its thick rounded dark-brown contours, simplified rounded shapes, and restrained 2D cartoon shading. Do not copy the reference subject or composition.

Framing: One compact composition, with the complete subject using about 80-90% of the square. Keep everything inside the frame.

Output: 512x512 PNG, RGBA, genuine transparent background. No text, numerals, labels, logos or watermark.",作成済み,,references/invidious.png
downstairs.png,階下で、階段を下に,階下で,"Subject: downstairs, target meaning ""階下で"".

Composition: Show a staircase descending to a lower floor, with one person moving downward toward the level below.

Style: Use the attached invidious.png for drawing style only. Match its thick rounded dark-brown contours, simplified rounded shapes, and restrained 2D cartoon shading. Do not copy the reference subject or composition.

Framing: One compact composition, with the complete subject using about 80-90% of the square. Keep everything inside the frame.

Output: 512x512 PNG, RGBA, genuine transparent background. No text, numerals, labels, logos or watermark.",作成済み,,references/invidious.png
nucleus.png,核心,核心,"Subject: nucleus, target meaning ""核心"".

Composition: Show a large object with a small dense core at the exact center, with surrounding material arranged around the central nucleus.

Style: Use the attached invidious.png for drawing style only. Match its thick rounded dark-brown contours, simplified rounded shapes, and restrained 2D cartoon shading. Do not copy the reference subject or composition.

Framing: One compact composition, with the complete subject using about 80-90% of the square. Keep everything inside the frame.

Output: 512x512 PNG, RGBA, genuine transparent background. No text, numerals, labels, logos or watermark.",作成済み,,references/invidious.png
plaintiff.png,原告,原告,"Subject: plaintiff, target meaning ""原告"".

Composition: Show one person standing at one side of a civil courtroom presenting a complaint document to a judge, with the opposing side seated separately.

Style: Use the attached invidious.png for drawing style only. Match its thick rounded dark-brown contours, simplified rounded shapes, and restrained 2D cartoon shading. Do not copy the reference subject or composition.

Framing: One compact composition, with the complete subject using about 80-90% of the square. Keep everything inside the frame.

Output: 512x512 PNG, RGBA, genuine transparent background. No text, numerals, labels, logos or watermark.",作成済み,,references/invidious.png
sadness.png,悲しみ,悲しみ,"Subject: sadness, target meaning ""悲しみ"".

Composition: Show one person sitting quietly with lowered shoulders, tearful eyes, and a downturned mouth, clearly sad.

Style: Use the attached invidious.png for drawing style only. Match its thick rounded dark-brown contours, simplified rounded shapes, and restrained 2D cartoon shading. Do not copy the reference subject or composition.

Framing: One compact composition, with the complete subject using about 80-90% of the square. Keep everything inside the frame.

Output: 512x512 PNG, RGBA, genuine transparent background. No text, numerals, labels, logos or watermark.",作成済み,,references/invidious.png
seal@sag.png,封印,封印,"Subject: seal, target meaning ""封印"".

Composition: Show a closed envelope secured with a round wax seal pressed across the flap.

Style: Use the attached invidious.png for drawing style only. Match its thick rounded dark-brown contours, simplified rounded shapes, and restrained 2D cartoon shading. Do not copy the reference subject or composition.

Framing: One compact composition, with the complete subject using about 80-90% of the square. Keep everything inside the frame.

Output: 512x512 PNG, RGBA, genuine transparent background. No text, numerals, labels, logos or watermark.",作成済み,,references/invidious.png
swing.png,揺れる,揺れる,"Subject: swing, target meaning ""揺れる"".

Composition: Show a hanging playground swing moving forward with the seat tilted and curved motion lines marking the arc.

Style: Use the attached invidious.png for drawing style only. Match its thick rounded dark-brown contours, simplified rounded shapes, and restrained 2D cartoon shading. Do not copy the reference subject or composition.

Framing: One compact composition, with the complete subject using about 80-90% of the square. Keep everything inside the frame.

Output: 512x512 PNG, RGBA, genuine transparent background. No text, numerals, labels, logos or watermark.",作成済み,,references/invidious.png
tragedy.png,悲劇,悲劇,"Subject: tragedy, target meaning ""悲劇"".

Composition: Show a solemn theatrical mask beside a fallen stage prop and dark curtain, evoking tragic drama without injury.

Style: Use the attached invidious.png for drawing style only. Match its thick rounded dark-brown contours, simplified rounded shapes, and restrained 2D cartoon shading. Do not copy the reference subject or composition.

Framing: One compact composition, with the complete subject using about 80-90% of the square. Keep everything inside the frame.

Output: 512x512 PNG, RGBA, genuine transparent background. No text, numerals, labels, logos or watermark.",作成済み,,references/invidious.png
Kevin.png,ケヴィン,ケヴィン,"Subject: Kevin, target meaning ""ケヴィン"".

Composition: Show an adult man named Kevin with short brown hair, casual navy shirt, and friendly direct expression.

Style: Use the attached invidious.png for drawing style only. Match its thick rounded dark-brown contours, simplified rounded shapes, and restrained 2D cartoon shading. Do not copy the reference subject or composition.

Framing: One compact composition, with the complete subject using about 80-90% of the square. Keep everything inside the frame.

Output: 512x512 PNG, RGBA, genuine transparent background. No text, numerals, labels, logos or watermark.",作成済み,,references/invidious.png
crash.png,粗い麻布,粗い麻布,"Subject: crash, target meaning ""粗い麻布"".

Composition: Show a swatch of coarse rough burlap-like hemp fabric with thick uneven weave and frayed edge.

Style: Use the attached invidious.png for drawing style only. Match its thick rounded dark-brown contours, simplified rounded shapes, and restrained 2D cartoon shading. Do not copy the reference subject or composition.

Framing: One compact composition, with the complete subject using about 80-90% of the square. Keep everything inside the frame.

Output: 512x512 PNG, RGBA, genuine transparent background. No text, numerals, labels, logos or watermark.",作成済み,,references/invidious.png
documentation.png,証拠書類,証拠書類,"Subject: documentation, target meaning ""証拠書類"".

Composition: Show a neatly organized folder of receipts, certificates, and supporting papers being presented as evidence for a claim.

Style: Use the attached invidious.png for drawing style only. Match its thick rounded dark-brown contours, simplified rounded shapes, and restrained 2D cartoon shading. Do not copy the reference subject or composition.

Framing: One compact composition, with the complete subject using about 80-90% of the square. Keep everything inside the frame.

Output: 512x512 PNG, RGBA, genuine transparent background. No text, numerals, labels, logos or watermark.",作成済み,,references/invidious.png
ego.png,自我,自我,"Subject: ego, target meaning ""自我"".

Composition: Show one person admiring their own reflection proudly while ignoring others nearby, emphasizing an inflated sense of self.

Style: Use the attached invidious.png for drawing style only. Match its thick rounded dark-brown contours, simplified rounded shapes, and restrained 2D cartoon shading. Do not copy the reference subject or composition.

Framing: One compact composition, with the complete subject using about 80-90% of the square. Keep everything inside the frame.

Output: 512x512 PNG, RGBA, genuine transparent background. No text, numerals, labels, logos or watermark.",作成済み,,references/invidious.png
gentlemen.png,男性用トイレ,男性用トイレ,"Subject: gentlemen, target meaning ""男性用トイレ"".

Composition: Show a restroom entrance marked only by a simple male pictogram symbol, with a sink and mirror faintly visible inside; no written text.

Style: Use the attached invidious.png for drawing style only. Match its thick rounded dark-brown contours, simplified rounded shapes, and restrained 2D cartoon shading. Do not copy the reference subject or composition.

Framing: One compact composition, with the complete subject using about 80-90% of the square. Keep everything inside the frame.

Output: 512x512 PNG, RGBA, genuine transparent background. No text, numerals, labels, logos or watermark.",作成済み,,references/invidious.png
globe.png,球体、地球儀,球体,"Subject: globe, target meaning ""球体"".

Composition: Show one smooth sphere with latitude-like and longitude-like curved lines wrapping around it, resembling a simple globe.

Style: Use the attached invidious.png for drawing style only. Match its thick rounded dark-brown contours, simplified rounded shapes, and restrained 2D cartoon shading. Do not copy the reference subject or composition.

Framing: One compact composition, with the complete subject using about 80-90% of the square. Keep everything inside the frame.

Output: 512x512 PNG, RGBA, genuine transparent background. No text, numerals, labels, logos or watermark.",作成済み,,references/invidious.png
glorious.png,名誉となる、名声を高める,名誉となる,"Subject: glorious, target meaning ""名誉となる"".

Composition: Show a person receiving a laurel wreath and bright celebratory attention after an impressive achievement, with proud but dignified expression.

Style: Use the attached invidious.png for drawing style only. Match its thick rounded dark-brown contours, simplified rounded shapes, and restrained 2D cartoon shading. Do not copy the reference subject or composition.

Framing: One compact composition, with the complete subject using about 80-90% of the square. Keep everything inside the frame.

Output: 512x512 PNG, RGBA, genuine transparent background. No text, numerals, labels, logos or watermark.",作成済み,,references/invidious.png
hormone.png,ホルモン,ホルモン,"Subject: hormone, target meaning ""ホルモン"".

Composition: Show a simplified gland releasing small signal molecules into a blood vessel, with the molecules traveling toward a target organ.

Style: Use the attached invidious.png for drawing style only. Match its thick rounded dark-brown contours, simplified rounded shapes, and restrained 2D cartoon shading. Do not copy the reference subject or composition.

Framing: One compact composition, with the complete subject using about 80-90% of the square. Keep everything inside the frame.

Output: 512x512 PNG, RGBA, genuine transparent background. No text, numerals, labels, logos or watermark.",作成済み,,references/invidious.png
midnight.png,真夜中,真夜中,"Subject: midnight, target meaning ""真夜中"".

Composition: Show a clock exactly at 12:00 while a dark night sky with moon and stars fills the surrounding scene.

Style: Use the attached invidious.png for drawing style only. Match its thick rounded dark-brown contours, simplified rounded shapes, and restrained 2D cartoon shading. Do not copy the reference subject or composition.

Framing: One compact composition, with the complete subject using about 80-90% of the square. Keep everything inside the frame.

Output: 512x512 PNG, RGBA, genuine transparent background. No text, numerals, labels, logos or watermark.",作成済み,,references/invidious.png
ridiculous.png,ばかげた、ばかばかしい,ばかげた,"Subject: ridiculous, target meaning ""ばかげた"".

Composition: Show an adult holding an open umbrella indoors directly beneath a tiny dripping faucet while another person stares in bafflement at the absurd situation.

Style: Use the attached invidious.png for drawing style only. Match its thick rounded dark-brown contours, simplified rounded shapes, and restrained 2D cartoon shading. Do not copy the reference subject or composition.

Framing: One compact composition, with the complete subject using about 80-90% of the square. Keep everything inside the frame.

Output: 512x512 PNG, RGBA, genuine transparent background. No text, numerals, labels, logos or watermark.",作成済み,,references/invidious.png
societal.png,社会の,社会の,"Subject: societal, target meaning ""社会の"".

Composition: Show a broad community scene with families, workers, students, and public services interacting together as parts of society.

Style: Use the attached invidious.png for drawing style only. Match its thick rounded dark-brown contours, simplified rounded shapes, and restrained 2D cartoon shading. Do not copy the reference subject or composition.

Framing: One compact composition, with the complete subject using about 80-90% of the square. Keep everything inside the frame.

Output: 512x512 PNG, RGBA, genuine transparent background. No text, numerals, labels, logos or watermark.",作成済み,,references/invidious.png
vocabulary.png,語彙,語彙,"Subject: vocabulary, target meaning ""語彙"".

Composition: Show an open language notebook or dictionary page filled with many separate short word entries, visually emphasizing a collection of words.

Style: Use the attached invidious.png for drawing style only. Match its thick rounded dark-brown contours, simplified rounded shapes, and restrained 2D cartoon shading. Do not copy the reference subject or composition.

Framing: One compact composition, with the complete subject using about 80-90% of the square. Keep everything inside the frame.

Output: 512x512 PNG, RGBA, genuine transparent background. No text, numerals, labels, logos or watermark.",作成済み,,references/invidious.png
Arabic.png,アラビアの、アラビア人の,アラビアの,"Subject: Arabic, target meaning ""アラビアの"".

Composition: Show an Arab man in modern clothing beside Arabic calligraphy-like decorative shapes and a desert-city architecture cue, without readable words.

Style: Use the attached invidious.png for drawing style only. Match its thick rounded dark-brown contours, simplified rounded shapes, and restrained 2D cartoon shading. Do not copy the reference subject or composition.

Framing: One compact composition, with the complete subject using about 80-90% of the square. Keep everything inside the frame.

Output: 512x512 PNG, RGBA, genuine transparent background. No text, numerals, labels, logos or watermark.",作成済み,,references/invidious.png
cavity.png,空洞,空洞,"Subject: cavity, target meaning ""空洞"".

Composition: Show a solid block cut open to reveal one empty hollow chamber inside it.

Style: Use the attached invidious.png for drawing style only. Match its thick rounded dark-brown contours, simplified rounded shapes, and restrained 2D cartoon shading. Do not copy the reference subject or composition.

Framing: One compact composition, with the complete subject using about 80-90% of the square. Keep everything inside the frame.

Output: 512x512 PNG, RGBA, genuine transparent background. No text, numerals, labels, logos or watermark.",作成済み,,references/invidious.png
cigarette.png,紙巻きたばこ、シガレット,紙巻きたばこ,"Subject: cigarette, target meaning ""紙巻きたばこ"".

Composition: Show one unlit paper cigarette in side view with white paper, filter, and tobacco-filled end clearly visible, with no smoking person.

Style: Use the attached invidious.png for drawing style only. Match its thick rounded dark-brown contours, simplified rounded shapes, and restrained 2D cartoon shading. Do not copy the reference subject or composition.

Framing: One compact composition, with the complete subject using about 80-90% of the square. Keep everything inside the frame.

Output: 512x512 PNG, RGBA, genuine transparent background. No text, numerals, labels, logos or watermark.",作成済み,,references/invidious.png
designing.png,設計,設計,"Subject: designing, target meaning ""設計"".

Composition: Show a designer drafting a product on paper while measuring shapes and adjusting a small prototype beside the drawing.

Style: Use the attached invidious.png for drawing style only. Match its thick rounded dark-brown contours, simplified rounded shapes, and restrained 2D cartoon shading. Do not copy the reference subject or composition.

Framing: One compact composition, with the complete subject using about 80-90% of the square. Keep everything inside the frame.

Output: 512x512 PNG, RGBA, genuine transparent background. No text, numerals, labels, logos or watermark.",作成済み,,references/invidious.png
exam.png,テスト、試験,テスト,"Subject: exam, target meaning ""テスト"".

Composition: Show one student seated alone at a desk answering a test paper under quiet exam conditions.

Style: Use the attached invidious.png for drawing style only. Match its thick rounded dark-brown contours, simplified rounded shapes, and restrained 2D cartoon shading. Do not copy the reference subject or composition.

Framing: One compact composition, with the complete subject using about 80-90% of the square. Keep everything inside the frame.

Output: 512x512 PNG, RGBA, genuine transparent background. No text, numerals, labels, logos or watermark.",作成済み,,references/invidious.png
hostile.png,敵意に満ちた,敵意に満ちた,"Subject: hostile, target meaning ""敵意に満ちた"".

Composition: Show one adult glaring with tense jaw, crossed arms, and body angled aggressively away from another adult, with no physical violence.

Style: Use the attached invidious.png for drawing style only. Match its thick rounded dark-brown contours, simplified rounded shapes, and restrained 2D cartoon shading. Do not copy the reference subject or composition.

Framing: One compact composition, with the complete subject using about 80-90% of the square. Keep everything inside the frame.

Output: 512x512 PNG, RGBA, genuine transparent background. No text, numerals, labels, logos or watermark.",作成済み,,references/invidious.png
humble.png,謙虚な,謙虚な,"Subject: humble, target meaning ""謙虚な"".

Composition: Show an accomplished person receiving praise but responding with a modest bow and gentle expression rather than boasting.

Style: Use the attached invidious.png for drawing style only. Match its thick rounded dark-brown contours, simplified rounded shapes, and restrained 2D cartoon shading. Do not copy the reference subject or composition.

Framing: One compact composition, with the complete subject using about 80-90% of the square. Keep everything inside the frame.

Output: 512x512 PNG, RGBA, genuine transparent background. No text, numerals, labels, logos or watermark.",作成済み,,references/invidious.png
philosopher.png,哲学者、悟りを開いた人,哲学者,"Subject: philosopher, target meaning ""哲学者"".

Composition: Show a philosopher seated with chin on hand, surrounded by a few books and a simple diagram, deeply considering an abstract question.

Style: Use the attached invidious.png for drawing style only. Match its thick rounded dark-brown contours, simplified rounded shapes, and restrained 2D cartoon shading. Do not copy the reference subject or composition.

Framing: One compact composition, with the complete subject using about 80-90% of the square. Keep everything inside the frame.

Output: 512x512 PNG, RGBA, genuine transparent background. No text, numerals, labels, logos or watermark.",作成済み,,references/invidious.png
retention.png,保持,保持,"Subject: retention, target meaning ""保持"".

Composition: Show a saturated sponge held above an empty bowl while most of the water remains visibly trapped inside the sponge instead of dripping out.

Style: Use the attached invidious.png for drawing style only. Match its thick rounded dark-brown contours, simplified rounded shapes, and restrained 2D cartoon shading. Do not copy the reference subject or composition.

Framing: One compact composition, with the complete subject using about 80-90% of the square. Keep everything inside the frame.

Output: 512x512 PNG, RGBA, genuine transparent background. No text, numerals, labels, logos or watermark.",作成済み,,references/invidious.png
territorial.png,領土の、地域的な,領土の,"Subject: territorial, target meaning ""領土の"".

Composition: Show an animal standing at the edge of its clearly marked area while another animal remains outside the boundary.

Style: Use the attached invidious.png for drawing style only. Match its thick rounded dark-brown contours, simplified rounded shapes, and restrained 2D cartoon shading. Do not copy the reference subject or composition.

Framing: One compact composition, with the complete subject using about 80-90% of the square. Keep everything inside the frame.

Output: 512x512 PNG, RGBA, genuine transparent background. No text, numerals, labels, logos or watermark.",作成済み,,references/invidious.png
willingness.png,意欲,意欲,"Subject: willingness, target meaning ""意欲"".

Composition: Show one person immediately raising a hand to volunteer and stepping forward with an eager cooperative expression.

Style: Use the attached invidious.png for drawing style only. Match its thick rounded dark-brown contours, simplified rounded shapes, and restrained 2D cartoon shading. Do not copy the reference subject or composition.

Framing: One compact composition, with the complete subject using about 80-90% of the square. Keep everything inside the frame.

Output: 512x512 PNG, RGBA, genuine transparent background. No text, numerals, labels, logos or watermark.",作成済み,,references/invidious.png
Olivia.png,オリビア,オリビア,"Subject: Olivia, target meaning ""オリビア"".

Composition: Show a young adult woman named Olivia with long brown hair, simple cream blouse, and bright friendly expression.

Style: Use the attached invidious.png for drawing style only. Match its thick rounded dark-brown contours, simplified rounded shapes, and restrained 2D cartoon shading. Do not copy the reference subject or composition.

Framing: One compact composition, with the complete subject using about 80-90% of the square. Keep everything inside the frame.

Output: 512x512 PNG, RGBA, genuine transparent background. No text, numerals, labels, logos or watermark.",作成済み,,references/invidious.png
Protestant.png,プロテスタント、新教徒,プロテスタント,"Subject: Protestant, target meaning ""プロテスタント"".

Composition: Show a Protestant worshipper reading an open Bible inside a simple church with plain cross and minimal decoration.

Style: Use the attached invidious.png for drawing style only. Match its thick rounded dark-brown contours, simplified rounded shapes, and restrained 2D cartoon shading. Do not copy the reference subject or composition.

Framing: One compact composition, with the complete subject using about 80-90% of the square. Keep everything inside the frame.

Output: 512x512 PNG, RGBA, genuine transparent background. No text, numerals, labels, logos or watermark.",作成済み,,references/invidious.png
abdominal.png,腹部の,腹部の,"Subject: abdominal, target meaning ""腹部の"".

Composition: Show a clean front view of the human torso with the abdomen area between ribs and pelvis clearly emphasized.

Style: Use the attached invidious.png for drawing style only. Match its thick rounded dark-brown contours, simplified rounded shapes, and restrained 2D cartoon shading. Do not copy the reference subject or composition.

Framing: One compact composition, with the complete subject using about 80-90% of the square. Keep everything inside the frame.

Output: 512x512 PNG, RGBA, genuine transparent background. No text, numerals, labels, logos or watermark.",作成済み,,references/invidious.png
breeding.png,繁殖,繁殖,"Subject: breeding, target meaning ""繁殖"".

Composition: Show a pair of healthy farm animals with a young offspring nearby in a clean husbandry setting, emphasizing reproduction without mating behavior.

Style: Use the attached invidious.png for drawing style only. Match its thick rounded dark-brown contours, simplified rounded shapes, and restrained 2D cartoon shading. Do not copy the reference subject or composition.

Framing: One compact composition, with the complete subject using about 80-90% of the square. Keep everything inside the frame.

Output: 512x512 PNG, RGBA, genuine transparent background. No text, numerals, labels, logos or watermark.",作成済み,,references/invidious.png
evidently.png,明らかに,明らかに,"Subject: evidently, target meaning ""明らかに"".

Composition: Show a muddy floor with clear wet footprints leading directly to a dripping umbrella, making the conclusion obvious from visible evidence.

Style: Use the attached invidious.png for drawing style only. Match its thick rounded dark-brown contours, simplified rounded shapes, and restrained 2D cartoon shading. Do not copy the reference subject or composition.

Framing: One compact composition, with the complete subject using about 80-90% of the square. Keep everything inside the frame.

Output: 512x512 PNG, RGBA, genuine transparent background. No text, numerals, labels, logos or watermark.",作成済み,,references/invidious.png
fleet.png,艦隊,艦隊,"Subject: fleet, target meaning ""艦隊"".

Composition: Show a coordinated group of several naval ships traveling together across the sea in formation.

Style: Use the attached invidious.png for drawing style only. Match its thick rounded dark-brown contours, simplified rounded shapes, and restrained 2D cartoon shading. Do not copy the reference subject or composition.

Framing: One compact composition, with the complete subject using about 80-90% of the square. Keep everything inside the frame.

Output: 512x512 PNG, RGBA, genuine transparent background. No text, numerals, labels, logos or watermark.",作成済み,,references/invidious.png
forgiveness.png,許すこと、許し,許すこと,"Subject: forgiveness, target meaning ""許すこと"".

Composition: Show two people reconciling after conflict, one apologizing with lowered head while the other accepts with a gentle handshake.

Style: Use the attached invidious.png for drawing style only. Match its thick rounded dark-brown contours, simplified rounded shapes, and restrained 2D cartoon shading. Do not copy the reference subject or composition.

Framing: One compact composition, with the complete subject using about 80-90% of the square. Keep everything inside the frame.

Output: 512x512 PNG, RGBA, genuine transparent background. No text, numerals, labels, logos or watermark.",作成済み,,references/invidious.png
happily.png,幸福に、幸せに,幸福に,"Subject: happily, target meaning ""幸福に"".

Composition: Show one person walking with light energetic steps, broad smile, relaxed shoulders, and arms swinging freely.

Style: Use the attached invidious.png for drawing style only. Match its thick rounded dark-brown contours, simplified rounded shapes, and restrained 2D cartoon shading. Do not copy the reference subject or composition.

Framing: One compact composition, with the complete subject using about 80-90% of the square. Keep everything inside the frame.

Output: 512x512 PNG, RGBA, genuine transparent background. No text, numerals, labels, logos or watermark.",作成済み,,references/invidious.png
hatred.png,憎しみ,憎しみ,"Subject: hatred, target meaning ""憎しみ"".

Composition: Show one person glaring at another with clenched jaw, crossed arms, and visibly hostile posture while keeping physical distance.

Style: Use the attached invidious.png for drawing style only. Match its thick rounded dark-brown contours, simplified rounded shapes, and restrained 2D cartoon shading. Do not copy the reference subject or composition.

Framing: One compact composition, with the complete subject using about 80-90% of the square. Keep everything inside the frame.

Output: 512x512 PNG, RGBA, genuine transparent background. No text, numerals, labels, logos or watermark.",作成済み,,references/invidious.png
median.png,中央の,中央の,"Subject: median, target meaning ""中央の"".

Composition: Show five vertical bars of increasing height with the exact middle bar emphasized as the central value.

Style: Use the attached invidious.png for drawing style only. Match its thick rounded dark-brown contours, simplified rounded shapes, and restrained 2D cartoon shading. Do not copy the reference subject or composition.

Framing: One compact composition, with the complete subject using about 80-90% of the square. Keep everything inside the frame.

Output: 512x512 PNG, RGBA, genuine transparent background. No text, numerals, labels, logos or watermark.",作成済み,,references/invidious.png
queer.png,奇妙な,奇妙な,"Subject: queer, target meaning ""奇妙な"".

Composition: Show one teapot with an unexpectedly twisted asymmetrical body, a handle at an odd angle, and a spout curving sideways, clearly strange compared with an ordinary teapot.

Style: Use the attached invidious.png for drawing style only. Match its thick rounded dark-brown contours, simplified rounded shapes, and restrained 2D cartoon shading. Do not copy the reference subject or composition.

Framing: One compact composition, with the complete subject using about 80-90% of the square. Keep everything inside the frame.

Output: 512x512 PNG, RGBA, genuine transparent background. No text, numerals, labels, logos or watermark.",作成済み,,references/invidious.png
satellite.png,衛星,衛星,"Subject: satellite, target meaning ""衛星"".

Composition: Show one artificial satellite orbiting Earth with solar panels, antenna dish, and the planet curving below.

Style: Use the attached invidious.png for drawing style only. Match its thick rounded dark-brown contours, simplified rounded shapes, and restrained 2D cartoon shading. Do not copy the reference subject or composition.

Framing: One compact composition, with the complete subject using about 80-90% of the square. Keep everything inside the frame.

Output: 512x512 PNG, RGBA, genuine transparent background. No text, numerals, labels, logos or watermark.",作成済み,,references/invidious.png
skull.png,頭蓋骨、頭,頭蓋骨,"Subject: skull, target meaning ""頭蓋骨"".

Composition: Show one clean anatomical human skull in front view with eye sockets, jaw, and cranial shape clearly visible.

Style: Use the attached invidious.png for drawing style only. Match its thick rounded dark-brown contours, simplified rounded shapes, and restrained 2D cartoon shading. Do not copy the reference subject or composition.

Framing: One compact composition, with the complete subject using about 80-90% of the square. Keep everything inside the frame.

Output: 512x512 PNG, RGBA, genuine transparent background. No text, numerals, labels, logos or watermark.",作成済み,,references/invidious.png
theater.png,劇場、映画館,劇場,"Subject: theater, target meaning ""劇場"".

Composition: Show a theater interior with stage curtains, rows of seats, overhead lights, and an empty central stage.

Style: Use the attached invidious.png for drawing style only. Match its thick rounded dark-brown contours, simplified rounded shapes, and restrained 2D cartoon shading. Do not copy the reference subject or composition.

Framing: One compact composition, with the complete subject using about 80-90% of the square. Keep everything inside the frame.

Output: 512x512 PNG, RGBA, genuine transparent background. No text, numerals, labels, logos or watermark.",作成済み,,references/invidious.png
vague.png,曖昧な、不明瞭な,曖昧な,"Subject: vague, target meaning ""曖昧な"".

Composition: Show a distant standing figure partly hidden by thick fog, with softened edges and facial details impossible to distinguish.

Style: Use the attached invidious.png for drawing style only. Match its thick rounded dark-brown contours, simplified rounded shapes, and restrained 2D cartoon shading. Do not copy the reference subject or composition.

Framing: One compact composition, with the complete subject using about 80-90% of the square. Keep everything inside the frame.

Output: 512x512 PNG, RGBA, genuine transparent background. No text, numerals, labels, logos or watermark.",作成済み,,references/invidious.png
Joshua.png,ヨシュア,ヨシュア,"Subject: Joshua, target meaning ""ヨシュア"".

Composition: Show the biblical Joshua as a strong ancient leader in simple armor and robe, holding a staff before the walls of an ancient city.

Style: Use the attached invidious.png for drawing style only. Match its thick rounded dark-brown contours, simplified rounded shapes, and restrained 2D cartoon shading. Do not copy the reference subject or composition.

Framing: One compact composition, with the complete subject using about 80-90% of the square. Keep everything inside the frame.

Output: 512x512 PNG, RGBA, genuine transparent background. No text, numerals, labels, logos or watermark.",作成済み,,references/invidious.png
Karl.png,カール,カール,"Subject: Karl, target meaning ""カール"".

Composition: Show an adult man named Karl with short blond-brown hair, dark sweater, and calm serious expression.

Style: Use the attached invidious.png for drawing style only. Match its thick rounded dark-brown contours, simplified rounded shapes, and restrained 2D cartoon shading. Do not copy the reference subject or composition.

Framing: One compact composition, with the complete subject using about 80-90% of the square. Keep everything inside the frame.

Output: 512x512 PNG, RGBA, genuine transparent background. No text, numerals, labels, logos or watermark.",作成済み,,references/invidious.png
Sara.png,サラ、セイラ,サラ,"Subject: Sara, target meaning ""サラ"".

Composition: Show a young adult woman named Sara with dark hair, simple dress, and warm friendly smile.

Style: Use the attached invidious.png for drawing style only. Match its thick rounded dark-brown contours, simplified rounded shapes, and restrained 2D cartoon shading. Do not copy the reference subject or composition.

Framing: One compact composition, with the complete subject using about 80-90% of the square. Keep everything inside the frame.

Output: 512x512 PNG, RGBA, genuine transparent background. No text, numerals, labels, logos or watermark.",作成済み,,references/invidious.png
albeit.png,にもかかわらず,にもかかわらず,"Subject: albeit, target meaning ""にもかかわらず"".

Composition: Show one person continuing a picnic under light rain while holding an umbrella, clearly enjoying the activity despite the bad weather.

Style: Use the attached invidious.png for drawing style only. Match its thick rounded dark-brown contours, simplified rounded shapes, and restrained 2D cartoon shading. Do not copy the reference subject or composition.

Framing: One compact composition, with the complete subject using about 80-90% of the square. Keep everything inside the frame.

Output: 512x512 PNG, RGBA, genuine transparent background. No text, numerals, labels, logos or watermark.",作成済み,,references/invidious.png
demon.png,悪魔,悪魔,"Subject: demon, target meaning ""悪魔"".

Composition: Show a stylized fantasy demon with horns, pointed ears, and shadowy smoke, dramatic but non-graphic.

Style: Use the attached invidious.png for drawing style only. Match its thick rounded dark-brown contours, simplified rounded shapes, and restrained 2D cartoon shading. Do not copy the reference subject or composition.

Framing: One compact composition, with the complete subject using about 80-90% of the square. Keep everything inside the frame.

Output: 512x512 PNG, RGBA, genuine transparent background. No text, numerals, labels, logos or watermark.",作成済み,,references/invidious.png
el.png,高架鉄道,高架鉄道,"Subject: el, target meaning ""高架鉄道"".

Composition: Show an elevated city train running on steel tracks above a street, supported by tall columns.

Style: Use the attached invidious.png for drawing style only. Match its thick rounded dark-brown contours, simplified rounded shapes, and restrained 2D cartoon shading. Do not copy the reference subject or composition.

Framing: One compact composition, with the complete subject using about 80-90% of the square. Keep everything inside the frame.

Output: 512x512 PNG, RGBA, genuine transparent background. No text, numerals, labels, logos or watermark.",作成済み,,references/invidious.png
lipid.png,脂質,脂質,"Subject: lipid, target meaning ""脂質"".

Composition: Show a clean molecular-style fat droplet with triglyceride-like chains beside a cell membrane, emphasizing lipid material.

Style: Use the attached invidious.png for drawing style only. Match its thick rounded dark-brown contours, simplified rounded shapes, and restrained 2D cartoon shading. Do not copy the reference subject or composition.

Framing: One compact composition, with the complete subject using about 80-90% of the square. Keep everything inside the frame.

Output: 512x512 PNG, RGBA, genuine transparent background. No text, numerals, labels, logos or watermark.",作成済み,,references/invidious.png
marker.png,印,印,"Subject: marker, target meaning ""印"".

Composition: Show a small colored flag planted at one exact point on a map, clearly marking a location.

Style: Use the attached invidious.png for drawing style only. Match its thick rounded dark-brown contours, simplified rounded shapes, and restrained 2D cartoon shading. Do not copy the reference subject or composition.

Framing: One compact composition, with the complete subject using about 80-90% of the square. Keep everything inside the frame.

Output: 512x512 PNG, RGBA, genuine transparent background. No text, numerals, labels, logos or watermark.",作成済み,,references/invidious.png
tray.png,トレイ,トレイ,"Subject: tray, target meaning ""トレイ"".

Composition: Show one rectangular serving tray with raised rim carrying a cup, plate, and spoon.

Style: Use the attached invidious.png for drawing style only. Match its thick rounded dark-brown contours, simplified rounded shapes, and restrained 2D cartoon shading. Do not copy the reference subject or composition.

Framing: One compact composition, with the complete subject using about 80-90% of the square. Keep everything inside the frame.

Output: 512x512 PNG, RGBA, genuine transparent background. No text, numerals, labels, logos or watermark.",作成済み,,references/invidious.png
utilization.png,利用,利用,"Subject: utilization, target meaning ""利用"".

Composition: Show an unused tool being picked up and actively used to complete a practical task, emphasizing putting a resource to use.

Style: Use the attached invidious.png for drawing style only. Match its thick rounded dark-brown contours, simplified rounded shapes, and restrained 2D cartoon shading. Do not copy the reference subject or composition.

Framing: One compact composition, with the complete subject using about 80-90% of the square. Keep everything inside the frame.

Output: 512x512 PNG, RGBA, genuine transparent background. No text, numerals, labels, logos or watermark.",作成済み,,references/invidious.png
AIDS.png,エイズ,エイズ,"Subject: AIDS, target meaning ""エイズ"".

Composition: Show a clean medical illustration of reduced helper T cells beside HIV particles and a weakened shield icon, non-graphic and educational.

Style: Use the attached invidious.png for drawing style only. Match its thick rounded dark-brown contours, simplified rounded shapes, and restrained 2D cartoon shading. Do not copy the reference subject or composition.

Framing: One compact composition, with the complete subject using about 80-90% of the square. Keep everything inside the frame.

Output: 512x512 PNG, RGBA, genuine transparent background. No text, numerals, labels, logos or watermark.",作成済み,,references/invidious.png
Carl_cap.png,カール,カール,"Subject: Carl, target meaning ""カール"".

Composition: Show an adult man named Carl with short light-brown hair, casual jacket, and friendly composed expression.

Style: Use the attached invidious.png for drawing style only. Match its thick rounded dark-brown contours, simplified rounded shapes, and restrained 2D cartoon shading. Do not copy the reference subject or composition.

Framing: One compact composition, with the complete subject using about 80-90% of the square. Keep everything inside the frame.

Output: 512x512 PNG, RGBA, genuine transparent background. No text, numerals, labels, logos or watermark.",作成済み,,references/invidious.png
barn.png,納屋,納屋,"Subject: barn, target meaning ""納屋"".

Composition: Show a red wooden barn with large double doors, hay bales, and fenced pasture beside it.

Style: Use the attached invidious.png for drawing style only. Match its thick rounded dark-brown contours, simplified rounded shapes, and restrained 2D cartoon shading. Do not copy the reference subject or composition.

Framing: One compact composition, with the complete subject using about 80-90% of the square. Keep everything inside the frame.

Output: 512x512 PNG, RGBA, genuine transparent background. No text, numerals, labels, logos or watermark.",作成済み,,references/invidious.png
fierce.png,激しい,激しい,"Subject: fierce, target meaning ""激しい"".

Composition: Show a tiger snarling with tense posture and focused eyes, powerful and intense but not attacking.

Style: Use the attached invidious.png for drawing style only. Match its thick rounded dark-brown contours, simplified rounded shapes, and restrained 2D cartoon shading. Do not copy the reference subject or composition.

Framing: One compact composition, with the complete subject using about 80-90% of the square. Keep everything inside the frame.

Output: 512x512 PNG, RGBA, genuine transparent background. No text, numerals, labels, logos or watermark.",作成済み,,references/invidious.png
incorporate@en-kwrep.png,組み入れる、法人化する,組み入れる,"Subject: incorporate, target meaning ""組み入れる"".

Composition: Show a small separate puzzle piece being fitted into a larger completed structure until it becomes part of the whole.

Style: Use the attached invidious.png for drawing style only. Match its thick rounded dark-brown contours, simplified rounded shapes, and restrained 2D cartoon shading. Do not copy the reference subject or composition.

Framing: One compact composition, with the complete subject using about 80-90% of the square. Keep everything inside the frame.

Output: 512x512 PNG, RGBA, genuine transparent background. No text, numerals, labels, logos or watermark.",作成済み,,references/invidious.png
legitimacy.png,合法性、正当性,合法性,"Subject: legitimacy, target meaning ""合法性"".

Composition: Show an official document being checked against a seal and then receiving an approval stamp, conveying lawful validity.

Style: Use the attached invidious.png for drawing style only. Match its thick rounded dark-brown contours, simplified rounded shapes, and restrained 2D cartoon shading. Do not copy the reference subject or composition.

Framing: One compact composition, with the complete subject using about 80-90% of the square. Keep everything inside the frame.

Output: 512x512 PNG, RGBA, genuine transparent background. No text, numerals, labels, logos or watermark.",作成済み,,references/invidious.png
openly.png,おおっぴらに、隠し立てせずに,おおっぴらに,"Subject: openly, target meaning ""おおっぴらに"".

Composition: Show one person speaking to a whole group in a bright open public space with nothing hidden or concealed.

Style: Use the attached invidious.png for drawing style only. Match its thick rounded dark-brown contours, simplified rounded shapes, and restrained 2D cartoon shading. Do not copy the reference subject or composition.

Framing: One compact composition, with the complete subject using about 80-90% of the square. Keep everything inside the frame.

Output: 512x512 PNG, RGBA, genuine transparent background. No text, numerals, labels, logos or watermark.",作成済み,,references/invidious.png
owe.png,借りている,借りている,"Subject: owe, target meaning ""借りている"".

Composition: Show one person holding a borrowed stack of coins while another holds a repayment note and waits, making the debt relationship clear.

Style: Use the attached invidious.png for drawing style only. Match its thick rounded dark-brown contours, simplified rounded shapes, and restrained 2D cartoon shading. Do not copy the reference subject or composition.

Framing: One compact composition, with the complete subject using about 80-90% of the square. Keep everything inside the frame.

Output: 512x512 PNG, RGBA, genuine transparent background. No text, numerals, labels, logos or watermark.",作成済み,,references/invidious.png
ruler.png,定規、物差し,定規,"Subject: ruler, target meaning ""定規"".

Composition: Show one straight measuring ruler with evenly spaced tick marks, fully visible from end to end.

Style: Use the attached invidious.png for drawing style only. Match its thick rounded dark-brown contours, simplified rounded shapes, and restrained 2D cartoon shading. Do not copy the reference subject or composition.

Framing: One compact composition, with the complete subject using about 80-90% of the square. Keep everything inside the frame.

Output: 512x512 PNG, RGBA, genuine transparent background. No text, numerals, labels, logos or watermark.",作成済み,,references/invidious.png
treasure.png,宝物、財宝,宝物,"Subject: treasure, target meaning ""宝物"".

Composition: Show an open wooden treasure chest filled with coins, jewels, and one ornate necklace.

Style: Use the attached invidious.png for drawing style only. Match its thick rounded dark-brown contours, simplified rounded shapes, and restrained 2D cartoon shading. Do not copy the reference subject or composition.

Framing: One compact composition, with the complete subject using about 80-90% of the square. Keep everything inside the frame.

Output: 512x512 PNG, RGBA, genuine transparent background. No text, numerals, labels, logos or watermark.",作成済み,,references/invidious.png
ugly.png,荒海,荒海,"Subject: ugly, target meaning ""荒海"".

Composition: Show rough stormy sea with steep chaotic waves, dark clouds, and white spray, conveying an ugly sea state.

Style: Use the attached invidious.png for drawing style only. Match its thick rounded dark-brown contours, simplified rounded shapes, and restrained 2D cartoon shading. Do not copy the reference subject or composition.

Framing: One compact composition, with the complete subject using about 80-90% of the square. Keep everything inside the frame.

Output: 512x512 PNG, RGBA, genuine transparent background. No text, numerals, labels, logos or watermark.",作成済み,,references/invidious.png
Berkeley.png,バークリー,バークリー,"Subject: Berkeley, target meaning ""バークリー"".

Composition: Show a university campus with a tall white clock tower, classical buildings, and green California trees.

Style: Use the attached invidious.png for drawing style only. Match its thick rounded dark-brown contours, simplified rounded shapes, and restrained 2D cartoon shading. Do not copy the reference subject or composition.

Framing: One compact composition, with the complete subject using about 80-90% of the square. Keep everything inside the frame.

Output: 512x512 PNG, RGBA, genuine transparent background. No text, numerals, labels, logos or watermark.",作成済み,,references/invidious.png
Maggie.png,マギー,マギー,"Subject: Maggie, target meaning ""マギー"".

Composition: Show a young adult woman named Maggie with wavy brown hair, warm sweater, and cheerful friendly expression.

Style: Use the attached invidious.png for drawing style only. Match its thick rounded dark-brown contours, simplified rounded shapes, and restrained 2D cartoon shading. Do not copy the reference subject or composition.

Framing: One compact composition, with the complete subject using about 80-90% of the square. Keep everything inside the frame.

Output: 512x512 PNG, RGBA, genuine transparent background. No text, numerals, labels, logos or watermark.",作成済み,,references/invidious.png
Syria.png,シリア,シリア,"Subject: Syria, target meaning ""シリア"".

Composition: Show a Syrian landscape with ancient stone arches, dry hills, olive trees, and a compact city cue.

Style: Use the attached invidious.png for drawing style only. Match its thick rounded dark-brown contours, simplified rounded shapes, and restrained 2D cartoon shading. Do not copy the reference subject or composition.

Framing: One compact composition, with the complete subject using about 80-90% of the square. Keep everything inside the frame.

Output: 512x512 PNG, RGBA, genuine transparent background. No text, numerals, labels, logos or watermark.",作成済み,,references/invidious.png
boyfriend.png,ボーイフレンド、男友達,ボーイフレンド,"Subject: boyfriend, target meaning ""ボーイフレンド"".

Composition: Show two young adults walking side by side holding hands, with the male partner smiling warmly toward the other person.

Style: Use the attached invidious.png for drawing style only. Match its thick rounded dark-brown contours, simplified rounded shapes, and restrained 2D cartoon shading. Do not copy the reference subject or composition.

Framing: One compact composition, with the complete subject using about 80-90% of the square. Keep everything inside the frame.

Output: 512x512 PNG, RGBA, genuine transparent background. No text, numerals, labels, logos or watermark.",作成済み,,references/invidious.png
closure.png,閉鎖,閉鎖,"Subject: closure, target meaning ""閉鎖"".

Composition: Show a storefront with shutters fully pulled down, lights off, and entrance blocked, clearly indicating closure.

Style: Use the attached invidious.png for drawing style only. Match its thick rounded dark-brown contours, simplified rounded shapes, and restrained 2D cartoon shading. Do not copy the reference subject or composition.

Framing: One compact composition, with the complete subject using about 80-90% of the square. Keep everything inside the frame.

Output: 512x512 PNG, RGBA, genuine transparent background. No text, numerals, labels, logos or watermark.",作成済み,,references/invidious.png
cottage.png,小家屋、小屋,小家屋,"Subject: cottage, target meaning ""小家屋"".

Composition: Show a small cozy stone cottage with pitched roof, chimney, flower garden, and one front door.

Style: Use the attached invidious.png for drawing style only. Match its thick rounded dark-brown contours, simplified rounded shapes, and restrained 2D cartoon shading. Do not copy the reference subject or composition.

Framing: One compact composition, with the complete subject using about 80-90% of the square. Keep everything inside the frame.

Output: 512x512 PNG, RGBA, genuine transparent background. No text, numerals, labels, logos or watermark.",作成済み,,references/invidious.png
firing.png,発火,発火,"Subject: firing, target meaning ""発火"".

Composition: Show a spark igniting dry tinder that begins to catch flame, focusing on ignition rather than weapon fire.

Style: Use the attached invidious.png for drawing style only. Match its thick rounded dark-brown contours, simplified rounded shapes, and restrained 2D cartoon shading. Do not copy the reference subject or composition.

Framing: One compact composition, with the complete subject using about 80-90% of the square. Keep everything inside the frame.

Output: 512x512 PNG, RGBA, genuine transparent background. No text, numerals, labels, logos or watermark.",作成済み,,references/invidious.png
foolish.png,ばかな,ばかな,"Subject: foolish, target meaning ""ばかな"".

Composition: Show one person confidently trying to use an umbrella upside down in the rain while others react with puzzled expressions.

Style: Use the attached invidious.png for drawing style only. Match its thick rounded dark-brown contours, simplified rounded shapes, and restrained 2D cartoon shading. Do not copy the reference subject or composition.

Framing: One compact composition, with the complete subject using about 80-90% of the square. Keep everything inside the frame.

Output: 512x512 PNG, RGBA, genuine transparent background. No text, numerals, labels, logos or watermark.",作成済み,,references/invidious.png
hire.png,を雇う、に仕事をしてもらう,を雇う,"Subject: hire, target meaning ""を雇う"".

Composition: Show an employer shaking hands with a new employee across a desk while offering a work badge and contract.

Style: Use the attached invidious.png for drawing style only. Match its thick rounded dark-brown contours, simplified rounded shapes, and restrained 2D cartoon shading. Do not copy the reference subject or composition.

Framing: One compact composition, with the complete subject using about 80-90% of the square. Keep everything inside the frame.

Output: 512x512 PNG, RGBA, genuine transparent background. No text, numerals, labels, logos or watermark.",作成済み,,references/invidious.png
hollow.png,うつろな,うつろな,"Subject: hollow, target meaning ""うつろな"".

Composition: Show a thick wooden log cut open at one end, revealing a large empty cavity through its center while the outer shell remains intact.

Style: Use the attached invidious.png for drawing style only. Match its thick rounded dark-brown contours, simplified rounded shapes, and restrained 2D cartoon shading. Do not copy the reference subject or composition.

Framing: One compact composition, with the complete subject using about 80-90% of the square. Keep everything inside the frame.

Output: 512x512 PNG, RGBA, genuine transparent background. No text, numerals, labels, logos or watermark.",作成済み,,references/invidious.png
longitudinal.png,経度の,経度の,"Subject: longitudinal, target meaning ""経度の"".

Composition: Show a globe with several north-south longitude lines running from pole to pole, one longitude line emphasized without labels.

Style: Use the attached invidious.png for drawing style only. Match its thick rounded dark-brown contours, simplified rounded shapes, and restrained 2D cartoon shading. Do not copy the reference subject or composition.

Framing: One compact composition, with the complete subject using about 80-90% of the square. Keep everything inside the frame.

Output: 512x512 PNG, RGBA, genuine transparent background. No text, numerals, labels, logos or watermark.",作成済み,,references/invidious.png
politically.png,政治上,政治上,"Subject: politically, target meaning ""政治上"".

Composition: Show a government chamber with officials voting on a proposal, ballot slips and civic desks making the political context clear.

Style: Use the attached invidious.png for drawing style only. Match its thick rounded dark-brown contours, simplified rounded shapes, and restrained 2D cartoon shading. Do not copy the reference subject or composition.

Framing: One compact composition, with the complete subject using about 80-90% of the square. Keep everything inside the frame.

Output: 512x512 PNG, RGBA, genuine transparent background. No text, numerals, labels, logos or watermark.",作成済み,,references/invidious.png
vegetable.png,野菜,野菜,"Subject: vegetable, target meaning ""野菜"".

Composition: Show a compact assortment of fresh vegetables—carrot, cabbage, tomato, eggplant, and leafy greens—arranged together.

Style: Use the attached invidious.png for drawing style only. Match its thick rounded dark-brown contours, simplified rounded shapes, and restrained 2D cartoon shading. Do not copy the reference subject or composition.

Framing: One compact composition, with the complete subject using about 80-90% of the square. Keep everything inside the frame.

Output: 512x512 PNG, RGBA, genuine transparent background. No text, numerals, labels, logos or watermark.",作成済み,,references/invidious.png
withdrawal.png,引き出し,引き出し,"Subject: withdrawal, target meaning ""引き出し"".

Composition: Show one person using an ATM to receive banknotes from the cash slot while holding a bank card.

Style: Use the attached invidious.png for drawing style only. Match its thick rounded dark-brown contours, simplified rounded shapes, and restrained 2D cartoon shading. Do not copy the reference subject or composition.

Framing: One compact composition, with the complete subject using about 80-90% of the square. Keep everything inside the frame.

Output: 512x512 PNG, RGBA, genuine transparent background. No text, numerals, labels, logos or watermark.",作成済み,,references/invidious.png
xi.png,ξ、Ξ,ξ,"Subject: xi, target meaning ""ξ"".

Composition: Show the Greek letter ξ as one large clear typographic character centered on the image.

Style: Use the attached invidious.png for drawing style only. Match its thick rounded dark-brown contours, simplified rounded shapes, and restrained 2D cartoon shading. Do not copy the reference subject or composition.

Framing: One compact composition, with the complete subject using about 80-90% of the square. Keep everything inside the frame.

Output: 512x512 PNG, RGBA, genuine transparent background. No text, numerals, labels, logos or watermark.",作成済み,,references/invidious.png
Caribbean.png,カリブ人の,カリブ人の,"Subject: Caribbean, target meaning ""カリブ人の"".

Composition: Show a Caribbean person in light tropical clothing beside turquoise sea, palm trees, and brightly colored island houses.

Style: Use the attached invidious.png for drawing style only. Match its thick rounded dark-brown contours, simplified rounded shapes, and restrained 2D cartoon shading. Do not copy the reference subject or composition.

Framing: One compact composition, with the complete subject using about 80-90% of the square. Keep everything inside the frame.

Output: 512x512 PNG, RGBA, genuine transparent background. No text, numerals, labels, logos or watermark.",作成済み,,references/invidious.png
Taiwan.png,台湾,台湾,"Subject: Taiwan, target meaning ""台湾"".

Composition: Show a compact Taiwan scene with the island outline, Taipei 101, green mountains, and subtropical coastline.

Style: Use the attached invidious.png for drawing style only. Match its thick rounded dark-brown contours, simplified rounded shapes, and restrained 2D cartoon shading. Do not copy the reference subject or composition.

Framing: One compact composition, with the complete subject using about 80-90% of the square. Keep everything inside the frame.

Output: 512x512 PNG, RGBA, genuine transparent background. No text, numerals, labels, logos or watermark.",作成済み,,references/invidious.png
detective.png,探偵、刑事,探偵,"Subject: detective, target meaning ""探偵"".

Composition: Show a detective in plain clothes examining fingerprints with a magnifying glass beside a notebook and small evidence bag.

Style: Use the attached invidious.png for drawing style only. Match its thick rounded dark-brown contours, simplified rounded shapes, and restrained 2D cartoon shading. Do not copy the reference subject or composition.

Framing: One compact composition, with the complete subject using about 80-90% of the square. Keep everything inside the frame.

Output: 512x512 PNG, RGBA, genuine transparent background. No text, numerals, labels, logos or watermark.",作成済み,,references/invidious.png
friction.png,摩擦,摩擦,"Subject: friction, target meaning ""摩擦"".

Composition: Show two wooden blocks rubbing against each other while motion slows and heat lines appear at the contact surface.

Style: Use the attached invidious.png for drawing style only. Match its thick rounded dark-brown contours, simplified rounded shapes, and restrained 2D cartoon shading. Do not copy the reference subject or composition.

Framing: One compact composition, with the complete subject using about 80-90% of the square. Keep everything inside the frame.

Output: 512x512 PNG, RGBA, genuine transparent background. No text, numerals, labels, logos or watermark.",作成済み,,references/invidious.png
locally.png,地元で、その地方で,地元で,"Subject: locally, target meaning ""地元で"".

Composition: Show a shopper buying vegetables from a small neighborhood market stall directly beside nearby homes, emphasizing activity within the local area.

Style: Use the attached invidious.png for drawing style only. Match its thick rounded dark-brown contours, simplified rounded shapes, and restrained 2D cartoon shading. Do not copy the reference subject or composition.

Framing: One compact composition, with the complete subject using about 80-90% of the square. Keep everything inside the frame.

Output: 512x512 PNG, RGBA, genuine transparent background. No text, numerals, labels, logos or watermark.",作成済み,,references/invidious.png
pole@kwel1.png,極,極,"Subject: pole, target meaning ""極"".

Composition: Show Earth with a globe axis and the top polar point clearly emphasized by snow and converging longitude lines.

Style: Use the attached invidious.png for drawing style only. Match its thick rounded dark-brown contours, simplified rounded shapes, and restrained 2D cartoon shading. Do not copy the reference subject or composition.

Framing: One compact composition, with the complete subject using about 80-90% of the square. Keep everything inside the frame.

Output: 512x512 PNG, RGBA, genuine transparent background. No text, numerals, labels, logos or watermark.",作成済み,,references/invidious.png
quit.png,やめる,やめる,"Subject: quit, target meaning ""やめる"".

Composition: Show one person setting down a work tool, removing gloves, and walking away from the unfinished task with a firm final gesture.

Style: Use the attached invidious.png for drawing style only. Match its thick rounded dark-brown contours, simplified rounded shapes, and restrained 2D cartoon shading. Do not copy the reference subject or composition.

Framing: One compact composition, with the complete subject using about 80-90% of the square. Keep everything inside the frame.

Output: 512x512 PNG, RGBA, genuine transparent background. No text, numerals, labels, logos or watermark.",作成済み,,references/invidious.png
salary.png,給料,給料,"Subject: salary, target meaning ""給料"".

Composition: Show an employee receiving a regular pay envelope and bank deposit slip after work, with a calendar nearby.

Style: Use the attached invidious.png for drawing style only. Match its thick rounded dark-brown contours, simplified rounded shapes, and restrained 2D cartoon shading. Do not copy the reference subject or composition.

Framing: One compact composition, with the complete subject using about 80-90% of the square. Keep everything inside the frame.

Output: 512x512 PNG, RGBA, genuine transparent background. No text, numerals, labels, logos or watermark.",作成済み,,references/invidious.png
severely.png,激しく,激しく,"Subject: severely, target meaning ""激しく"".

Composition: Show a young tree bent almost sideways by an intense windstorm, with branches and leaves streaming hard in one direction.

Style: Use the attached invidious.png for drawing style only. Match its thick rounded dark-brown contours, simplified rounded shapes, and restrained 2D cartoon shading. Do not copy the reference subject or composition.

Framing: One compact composition, with the complete subject using about 80-90% of the square. Keep everything inside the frame.

Output: 512x512 PNG, RGBA, genuine transparent background. No text, numerals, labels, logos or watermark.",作成済み,,references/invidious.png
sexuality.png,性的区別,性的区別,"Subject: sexuality, target meaning ""性的区別"".

Composition: Show paired male and female biological symbols beside two adults standing comfortably together, presented neutrally and non-explicitly.

Style: Use the attached invidious.png for drawing style only. Match its thick rounded dark-brown contours, simplified rounded shapes, and restrained 2D cartoon shading. Do not copy the reference subject or composition.

Framing: One compact composition, with the complete subject using about 80-90% of the square. Keep everything inside the frame.

Output: 512x512 PNG, RGBA, genuine transparent background. No text, numerals, labels, logos or watermark.",作成済み,,references/invidious.png
stake.png,くい,くい,"Subject: stake, target meaning ""くい"".

Composition: Show one sharpened wooden stake driven firmly into the ground with rope tied around it.

Style: Use the attached invidious.png for drawing style only. Match its thick rounded dark-brown contours, simplified rounded shapes, and restrained 2D cartoon shading. Do not copy the reference subject or composition.

Framing: One compact composition, with the complete subject using about 80-90% of the square. Keep everything inside the frame.

Output: 512x512 PNG, RGBA, genuine transparent background. No text, numerals, labels, logos or watermark.",作成済み,,references/invidious.png
stimulus.png,激励、励み,激励,"Subject: stimulus, target meaning ""激励"".

Composition: Show a dim machine suddenly lighting up and moving when a bright button is pressed, clearly depicting stimulation by an external trigger.

Style: Use the attached invidious.png for drawing style only. Match its thick rounded dark-brown contours, simplified rounded shapes, and restrained 2D cartoon shading. Do not copy the reference subject or composition.

Framing: One compact composition, with the complete subject using about 80-90% of the square. Keep everything inside the frame.

Output: 512x512 PNG, RGBA, genuine transparent background. No text, numerals, labels, logos or watermark.",作成済み,,references/invidious.png
straightforward.png,真っすぐに進む、真っすぐな,真っすぐに進む,"Subject: straightforward, target meaning ""真っすぐに進む"".

Composition: Show one person walking directly along a straight unobstructed path from start to destination, with no turns or branches.

Style: Use the attached invidious.png for drawing style only. Match its thick rounded dark-brown contours, simplified rounded shapes, and restrained 2D cartoon shading. Do not copy the reference subject or composition.

Framing: One compact composition, with the complete subject using about 80-90% of the square. Keep everything inside the frame.

Output: 512x512 PNG, RGBA, genuine transparent background. No text, numerals, labels, logos or watermark.",作成済み,,references/invidious.png
Madame.png,夫人,夫人,"Subject: Madame, target meaning ""夫人"".

Composition: Show a refined adult woman addressed respectfully, wearing elegant but simple formal clothing and composed posture.

Style: Use the attached invidious.png for drawing style only. Match its thick rounded dark-brown contours, simplified rounded shapes, and restrained 2D cartoon shading. Do not copy the reference subject or composition.

Framing: One compact composition, with the complete subject using about 80-90% of the square. Keep everything inside the frame.

Output: 512x512 PNG, RGBA, genuine transparent background. No text, numerals, labels, logos or watermark.",作成済み,,references/invidious.png
Murray.png,マレー,マレー,"Subject: Murray, target meaning ""マレー"".

Composition: Show an adult man named Murray with short brown hair, tweed jacket, and calm friendly expression.

Style: Use the attached invidious.png for drawing style only. Match its thick rounded dark-brown contours, simplified rounded shapes, and restrained 2D cartoon shading. Do not copy the reference subject or composition.

Framing: One compact composition, with the complete subject using about 80-90% of the square. Keep everything inside the frame.

Output: 512x512 PNG, RGBA, genuine transparent background. No text, numerals, labels, logos or watermark.",作成済み,,references/invidious.png
X-ray.png,X線,X線,"Subject: X-ray, target meaning ""X線"".

Composition: Show a clean X-ray image of a human hand with bones clearly visible inside the outline of the fingers.

Style: Use the attached invidious.png for drawing style only. Match its thick rounded dark-brown contours, simplified rounded shapes, and restrained 2D cartoon shading. Do not copy the reference subject or composition.

Framing: One compact composition, with the complete subject using about 80-90% of the square. Keep everything inside the frame.

Output: 512x512 PNG, RGBA, genuine transparent background. No text, numerals, labels, logos or watermark.",作成済み,,references/invidious.png
casual.png,くだけた,くだけた,"Subject: casual, target meaning ""くだけた"".

Composition: Show one person in relaxed jeans and T-shirt sitting informally with one ankle over the opposite knee and easy posture.

Style: Use the attached invidious.png for drawing style only. Match its thick rounded dark-brown contours, simplified rounded shapes, and restrained 2D cartoon shading. Do not copy the reference subject or composition.

Framing: One compact composition, with the complete subject using about 80-90% of the square. Keep everything inside the frame.

Output: 512x512 PNG, RGBA, genuine transparent background. No text, numerals, labels, logos or watermark.",作成済み,,references/invidious.png
fatty.png,脂肪の,脂肪の,"Subject: fatty, target meaning ""脂肪の"".

Composition: Show a clean anatomical close-up of pale yellow body fat tissue beneath skin, with rounded fat cells visible in a simple diagram.

Style: Use the attached invidious.png for drawing style only. Match its thick rounded dark-brown contours, simplified rounded shapes, and restrained 2D cartoon shading. Do not copy the reference subject or composition.

Framing: One compact composition, with the complete subject using about 80-90% of the square. Keep everything inside the frame.

Output: 512x512 PNG, RGBA, genuine transparent background. No text, numerals, labels, logos or watermark.",作成済み,,references/invidious.png
formally.png,正式に,正式に,"Subject: formally, target meaning ""正式に"".

Composition: Show two officials in suits exchanging documents during a ceremonial signing at a table, with upright posture and formal setting.

Style: Use the attached invidious.png for drawing style only. Match its thick rounded dark-brown contours, simplified rounded shapes, and restrained 2D cartoon shading. Do not copy the reference subject or composition.

Framing: One compact composition, with the complete subject using about 80-90% of the square. Keep everything inside the frame.

Output: 512x512 PNG, RGBA, genuine transparent background. No text, numerals, labels, logos or watermark.",作成済み,,references/invidious.png
racing.png,競馬,競馬,"Subject: racing, target meaning ""競馬"".

Composition: Show two racehorses running side by side on a track with jockeys leaning forward toward the finish.

Style: Use the attached invidious.png for drawing style only. Match its thick rounded dark-brown contours, simplified rounded shapes, and restrained 2D cartoon shading. Do not copy the reference subject or composition.

Framing: One compact composition, with the complete subject using about 80-90% of the square. Keep everything inside the frame.

Output: 512x512 PNG, RGBA, genuine transparent background. No text, numerals, labels, logos or watermark.",作成済み,,references/invidious.png
torture.png,苦痛,苦痛,"Subject: torture, target meaning ""苦痛"".

Composition: Show one distressed person restrained in a stark historical dungeon setting while an interrogator looms nearby, non-graphic and without visible injury.

Style: Use the attached invidious.png for drawing style only. Match its thick rounded dark-brown contours, simplified rounded shapes, and restrained 2D cartoon shading. Do not copy the reference subject or composition.

Framing: One compact composition, with the complete subject using about 80-90% of the square. Keep everything inside the frame.

Output: 512x512 PNG, RGBA, genuine transparent background. No text, numerals, labels, logos or watermark.",作成済み,,references/invidious.png
traumatic.png,外傷の,外傷の,"Subject: traumatic, target meaning ""外傷の"".

Composition: Show one person sitting shaken after a car accident with a blanket around shoulders while emergency workers assist nearby, no graphic injuries.

Style: Use the attached invidious.png for drawing style only. Match its thick rounded dark-brown contours, simplified rounded shapes, and restrained 2D cartoon shading. Do not copy the reference subject or composition.

Framing: One compact composition, with the complete subject using about 80-90% of the square. Keep everything inside the frame.

Output: 512x512 PNG, RGBA, genuine transparent background. No text, numerals, labels, logos or watermark.",作成済み,,references/invidious.png
up-.png,上のほうへ,上のほうへ,"Subject: up-, target meaning ""上のほうへ"".

Composition: Show a red ball moving from the floor upward toward a high shelf, with a short vertical motion trail and the final position clearly above the starting point.

Style: Use the attached invidious.png for drawing style only. Match its thick rounded dark-brown contours, simplified rounded shapes, and restrained 2D cartoon shading. Do not copy the reference subject or composition.

Framing: One compact composition, with the complete subject using about 80-90% of the square. Keep everything inside the frame.

Output: 512x512 PNG, RGBA, genuine transparent background. No text, numerals, labels, logos or watermark.",作成済み,,references/invidious.png
wake@wegw.png,航跡,航跡,"Subject: wake, target meaning ""航跡"".

Composition: Show the V-shaped trail of disturbed water behind a moving boat, with ripples spreading outward from the stern.

Style: Use the attached invidious.png for drawing style only. Match its thick rounded dark-brown contours, simplified rounded shapes, and restrained 2D cartoon shading. Do not copy the reference subject or composition.

Framing: One compact composition, with the complete subject using about 80-90% of the square. Keep everything inside the frame.

Output: 512x512 PNG, RGBA, genuine transparent background. No text, numerals, labels, logos or watermark.",作成済み,,references/invidious.png
Gregory.png,グレゴリ、グレゴリー,グレゴリ,"Subject: Gregory, target meaning ""グレゴリ"".

Composition: Show an adult man named Gregory with short dark hair, formal sweater, and calm thoughtful expression.

Style: Use the attached invidious.png for drawing style only. Match its thick rounded dark-brown contours, simplified rounded shapes, and restrained 2D cartoon shading. Do not copy the reference subject or composition.

Framing: One compact composition, with the complete subject using about 80-90% of the square. Keep everything inside the frame.

Output: 512x512 PNG, RGBA, genuine transparent background. No text, numerals, labels, logos or watermark.",作成済み,,references/invidious.png
Michigan.png,ミシガン州,ミシガン州,"Subject: Michigan, target meaning ""ミシガン州"".

Composition: Show a Michigan scene with the mitten-shaped lower peninsula outline, Great Lakes water, pine trees, and a lighthouse.

Style: Use the attached invidious.png for drawing style only. Match its thick rounded dark-brown contours, simplified rounded shapes, and restrained 2D cartoon shading. Do not copy the reference subject or composition.

Framing: One compact composition, with the complete subject using about 80-90% of the square. Keep everything inside the frame.

Output: 512x512 PNG, RGBA, genuine transparent background. No text, numerals, labels, logos or watermark.",作成済み,,references/invidious.png
Mitchell.png,ミッチェル、ミチャル,ミッチェル,"Subject: Mitchell, target meaning ""ミッチェル"".

Composition: Show an adult man named Mitchell with short brown hair, blue collared shirt, and friendly professional expression.

Style: Use the attached invidious.png for drawing style only. Match its thick rounded dark-brown contours, simplified rounded shapes, and restrained 2D cartoon shading. Do not copy the reference subject or composition.

Framing: One compact composition, with the complete subject using about 80-90% of the square. Keep everything inside the frame.

Output: 512x512 PNG, RGBA, genuine transparent background. No text, numerals, labels, logos or watermark.",作成済み,,references/invidious.png
cabinet.png,飾り戸棚、キャビネット,飾り戸棚,"Subject: cabinet, target meaning ""飾り戸棚"".

Composition: Show a tall wooden display cabinet with glass doors, interior shelves, and neatly arranged dishes inside.

Style: Use the attached invidious.png for drawing style only. Match its thick rounded dark-brown contours, simplified rounded shapes, and restrained 2D cartoon shading. Do not copy the reference subject or composition.

Framing: One compact composition, with the complete subject using about 80-90% of the square. Keep everything inside the frame.

Output: 512x512 PNG, RGBA, genuine transparent background. No text, numerals, labels, logos or watermark.",作成済み,,references/invidious.png
canal.png,運河、用水路,運河,"Subject: canal, target meaning ""運河"".

Composition: Show a straight man-made water canal with stone banks, towpath, and a small lock gate in the distance.

Style: Use the attached invidious.png for drawing style only. Match its thick rounded dark-brown contours, simplified rounded shapes, and restrained 2D cartoon shading. Do not copy the reference subject or composition.

Framing: One compact composition, with the complete subject using about 80-90% of the square. Keep everything inside the frame.

Output: 512x512 PNG, RGBA, genuine transparent background. No text, numerals, labels, logos or watermark.",作成済み,,references/invidious.png
climbing.png,登山,登山,"Subject: climbing, target meaning ""登山"".

Composition: Show a mountaineer ascending a steep rock face with rope, harness, and hands gripping clear holds.

Style: Use the attached invidious.png for drawing style only. Match its thick rounded dark-brown contours, simplified rounded shapes, and restrained 2D cartoon shading. Do not copy the reference subject or composition.

Framing: One compact composition, with the complete subject using about 80-90% of the square. Keep everything inside the frame.

Output: 512x512 PNG, RGBA, genuine transparent background. No text, numerals, labels, logos or watermark.",作成済み,,references/invidious.png
flux.png,流れ,流れ,"Subject: flux, target meaning ""流れ"".

Composition: Show a steady stream of particles flowing through a rectangular opening from one side to the other, emphasizing continuous flow.

Style: Use the attached invidious.png for drawing style only. Match its thick rounded dark-brown contours, simplified rounded shapes, and restrained 2D cartoon shading. Do not copy the reference subject or composition.

Framing: One compact composition, with the complete subject using about 80-90% of the square. Keep everything inside the frame.

Output: 512x512 PNG, RGBA, genuine transparent background. No text, numerals, labels, logos or watermark.",作成済み,,references/invidious.png
neglected.png,顧みられない、放置された,顧みられない,"Subject: neglected, target meaning ""顧みられない"".

Composition: Show a once-kept houseplant left dry and wilted beside an empty watering can, dust gathering around the pot.

Style: Use the attached invidious.png for drawing style only. Match its thick rounded dark-brown contours, simplified rounded shapes, and restrained 2D cartoon shading. Do not copy the reference subject or composition.

Framing: One compact composition, with the complete subject using about 80-90% of the square. Keep everything inside the frame.

Output: 512x512 PNG, RGBA, genuine transparent background. No text, numerals, labels, logos or watermark.",作成済み,,references/invidious.png
oneself.png,自分自身,自分自身,"Subject: oneself, target meaning ""自分自身"".

Composition: Show one person looking into a mirror and pointing to their own chest, clearly indicating self-reference.

Style: Use the attached invidious.png for drawing style only. Match its thick rounded dark-brown contours, simplified rounded shapes, and restrained 2D cartoon shading. Do not copy the reference subject or composition.

Framing: One compact composition, with the complete subject using about 80-90% of the square. Keep everything inside the frame.

Output: 512x512 PNG, RGBA, genuine transparent background. No text, numerals, labels, logos or watermark.",作成済み,,references/invidious.png
rubber.png,ゴム,ゴム,"Subject: rubber, target meaning ""ゴム"".

Composition: Show one black rubber sheet bent flexibly beside a rubber tire, with matte elastic texture visible.

Style: Use the attached invidious.png for drawing style only. Match its thick rounded dark-brown contours, simplified rounded shapes, and restrained 2D cartoon shading. Do not copy the reference subject or composition.

Framing: One compact composition, with the complete subject using about 80-90% of the square. Keep everything inside the frame.

Output: 512x512 PNG, RGBA, genuine transparent background. No text, numerals, labels, logos or watermark.",作成済み,,references/invidious.png
Annie.png,アニー,アニー,"Subject: Annie, target meaning ""アニー"".

Composition: Show a young adult woman named Annie with auburn hair, light cardigan, and cheerful open smile.

Style: Use the attached invidious.png for drawing style only. Match its thick rounded dark-brown contours, simplified rounded shapes, and restrained 2D cartoon shading. Do not copy the reference subject or composition.

Framing: One compact composition, with the complete subject using about 80-90% of the square. Keep everything inside the frame.

Output: 512x512 PNG, RGBA, genuine transparent background. No text, numerals, labels, logos or watermark.",作成済み,,references/invidious.png
Austria.png,オーストリア,オーストリア,"Subject: Austria, target meaning ""オーストリア"".

Composition: Show an Austrian alpine scene with snow mountains, green valley, red-roofed village, and a small red-white flag cue.

Style: Use the attached invidious.png for drawing style only. Match its thick rounded dark-brown contours, simplified rounded shapes, and restrained 2D cartoon shading. Do not copy the reference subject or composition.

Framing: One compact composition, with the complete subject using about 80-90% of the square. Keep everything inside the frame.

Output: 512x512 PNG, RGBA, genuine transparent background. No text, numerals, labels, logos or watermark.",作成済み,,references/invidious.png
Na.png,ナトリウム; ノルアドレナリン,ナトリウム; ノルアドレナリン,"Subject: Na, target meaning ""ナトリウム; ノルアドレナリン"".

Composition: Show a sodium atom-style model beside a small salt crystal and clean lab vial, emphasizing the chemical element rather than a brand.

Style: Use the attached invidious.png for drawing style only. Match its thick rounded dark-brown contours, simplified rounded shapes, and restrained 2D cartoon shading. Do not copy the reference subject or composition.

Framing: One compact composition, with the complete subject using about 80-90% of the square. Keep everything inside the frame.

Output: 512x512 PNG, RGBA, genuine transparent background. No text, numerals, labels, logos or watermark.",作成済み,,references/invidious.png
arbitrary.png,好みに任せた、任意の,好みに任せた,"Subject: arbitrary, target meaning ""好みに任せた"".

Composition: Show one person choosing randomly between three identical boxes by closing their eyes and pointing, with no visible reason for the choice.

Style: Use the attached invidious.png for drawing style only. Match its thick rounded dark-brown contours, simplified rounded shapes, and restrained 2D cartoon shading. Do not copy the reference subject or composition.

Framing: One compact composition, with the complete subject using about 80-90% of the square. Keep everything inside the frame.

Output: 512x512 PNG, RGBA, genuine transparent background. No text, numerals, labels, logos or watermark.",作成済み,,references/invidious.png
bike.png,自転車,自転車,"Subject: bike, target meaning ""自転車"".

Composition: Show one bicycle in side view with frame, wheels, handlebars, pedals, and chain clearly visible.

Style: Use the attached invidious.png for drawing style only. Match its thick rounded dark-brown contours, simplified rounded shapes, and restrained 2D cartoon shading. Do not copy the reference subject or composition.

Framing: One compact composition, with the complete subject using about 80-90% of the square. Keep everything inside the frame.

Output: 512x512 PNG, RGBA, genuine transparent background. No text, numerals, labels, logos or watermark.",作成済み,,references/invidious.png
bullet.png,弾丸,弾丸,"Subject: bullet, target meaning ""弾丸"".

Composition: Show one inert metallic bullet cartridge in side view on a plain surface, presented as an isolated object.

Style: Use the attached invidious.png for drawing style only. Match its thick rounded dark-brown contours, simplified rounded shapes, and restrained 2D cartoon shading. Do not copy the reference subject or composition.

Framing: One compact composition, with the complete subject using about 80-90% of the square. Keep everything inside the frame.

Output: 512x512 PNG, RGBA, genuine transparent background. No text, numerals, labels, logos or watermark.",作成済み,,references/invidious.png
cope.png,対処する,対処する,"Subject: cope, target meaning ""対処する"".

Composition: Show one stressed person organizing a pile of tasks into a checklist, taking a breath, and handling them one at a time.

Style: Use the attached invidious.png for drawing style only. Match its thick rounded dark-brown contours, simplified rounded shapes, and restrained 2D cartoon shading. Do not copy the reference subject or composition.

Framing: One compact composition, with the complete subject using about 80-90% of the square. Keep everything inside the frame.

Output: 512x512 PNG, RGBA, genuine transparent background. No text, numerals, labels, logos or watermark.",作成済み,,references/invidious.png
dug@dhigw.png,掘った(dig の過去・過去分詞),掘った(dig の過去・過去分詞),"Subject: dug, target meaning ""掘った(dig の過去・過去分詞)"".

Composition: Show a freshly dug hole in soil with a shovel beside it and a pile of displaced earth nearby.

Style: Use the attached invidious.png for drawing style only. Match its thick rounded dark-brown contours, simplified rounded shapes, and restrained 2D cartoon shading. Do not copy the reference subject or composition.

Framing: One compact composition, with the complete subject using about 80-90% of the square. Keep everything inside the frame.

Output: 512x512 PNG, RGBA, genuine transparent background. No text, numerals, labels, logos or watermark.",作成済み,,references/invidious.png
fitness.png,体の健康,体の健康,"Subject: fitness, target meaning ""体の健康"".

Composition: Show one healthy adult doing a controlled squat beside a water bottle and exercise mat, with energetic posture.

Style: Use the attached invidious.png for drawing style only. Match its thick rounded dark-brown contours, simplified rounded shapes, and restrained 2D cartoon shading. Do not copy the reference subject or composition.

Framing: One compact composition, with the complete subject using about 80-90% of the square. Keep everything inside the frame.

Output: 512x512 PNG, RGBA, genuine transparent background. No text, numerals, labels, logos or watermark.",作成済み,,references/invidious.png
founder.png,浸水して沈む,浸水して沈む,"Subject: founder, target meaning ""浸水して沈む"".

Composition: Show a small wooden boat taking on water through a damaged hull and sinking lower at one side, with no people aboard.

Style: Use the attached invidious.png for drawing style only. Match its thick rounded dark-brown contours, simplified rounded shapes, and restrained 2D cartoon shading. Do not copy the reference subject or composition.

Framing: One compact composition, with the complete subject using about 80-90% of the square. Keep everything inside the frame.

Output: 512x512 PNG, RGBA, genuine transparent background. No text, numerals, labels, logos or watermark.",作成済み,,references/invidious.png
governmental.png,政府の,政府の,"Subject: governmental, target meaning ""政府の"".

Composition: Show a government building with officials carrying folders and a national flag on a pole outside.

Style: Use the attached invidious.png for drawing style only. Match its thick rounded dark-brown contours, simplified rounded shapes, and restrained 2D cartoon shading. Do not copy the reference subject or composition.

Framing: One compact composition, with the complete subject using about 80-90% of the square. Keep everything inside the frame.

Output: 512x512 PNG, RGBA, genuine transparent background. No text, numerals, labels, logos or watermark.",作成済み,,references/invidious.png
honestly.png,正直に、誠実に,正直に,"Subject: honestly, target meaning ""正直に"".

Composition: Show one person returning extra change to a cashier even though nobody is watching, with straightforward sincere expression.

Style: Use the attached invidious.png for drawing style only. Match its thick rounded dark-brown contours, simplified rounded shapes, and restrained 2D cartoon shading. Do not copy the reference subject or composition.

Framing: One compact composition, with the complete subject using about 80-90% of the square. Keep everything inside the frame.

Output: 512x512 PNG, RGBA, genuine transparent background. No text, numerals, labels, logos or watermark.",作成済み,,references/invidious.png
offence.png,違反,違反,"Subject: offence, target meaning ""違反"".

Composition: Show a driver stopped beyond a clear road boundary while an officer points to the violation, no text required.

Style: Use the attached invidious.png for drawing style only. Match its thick rounded dark-brown contours, simplified rounded shapes, and restrained 2D cartoon shading. Do not copy the reference subject or composition.

Framing: One compact composition, with the complete subject using about 80-90% of the square. Keep everything inside the frame.

Output: 512x512 PNG, RGBA, genuine transparent background. No text, numerals, labels, logos or watermark.",作成済み,,references/invidious.png
officially.png,公式に、正式に,公式に,"Subject: officially, target meaning ""公式に"".

Composition: Show an official stamping and sealing a document at a formal government desk, making the action institutionally recognized.

Style: Use the attached invidious.png for drawing style only. Match its thick rounded dark-brown contours, simplified rounded shapes, and restrained 2D cartoon shading. Do not copy the reference subject or composition.

Framing: One compact composition, with the complete subject using about 80-90% of the square. Keep everything inside the frame.

Output: 512x512 PNG, RGBA, genuine transparent background. No text, numerals, labels, logos or watermark.",作成済み,,references/invidious.png
proceeds.png,売上高,売上高,"Subject: proceeds, target meaning ""売上高"".

Composition: Show a cash register beside a growing stack of sales receipts and coins collected from several sold items.

Style: Use the attached invidious.png for drawing style only. Match its thick rounded dark-brown contours, simplified rounded shapes, and restrained 2D cartoon shading. Do not copy the reference subject or composition.

Framing: One compact composition, with the complete subject using about 80-90% of the square. Keep everything inside the frame.

Output: 512x512 PNG, RGBA, genuine transparent background. No text, numerals, labels, logos or watermark.",作成済み,,references/invidious.png
projected.png,計画された,計画された,"Subject: projected, target meaning ""計画された"".

Composition: Show a blueprint and calendar on a desk with arrows leading to a future completed building silhouette, emphasizing a planned future result.

Style: Use the attached invidious.png for drawing style only. Match its thick rounded dark-brown contours, simplified rounded shapes, and restrained 2D cartoon shading. Do not copy the reference subject or composition.

Framing: One compact composition, with the complete subject using about 80-90% of the square. Keep everything inside the frame.

Output: 512x512 PNG, RGBA, genuine transparent background. No text, numerals, labels, logos or watermark.",作成済み,,references/invidious.png
righteousness.png,正しさ、公正,正しさ,"Subject: righteousness, target meaning ""正しさ"".

Composition: Show one person fairly returning a lost purse to its owner while refusing an offered reward.

Style: Use the attached invidious.png for drawing style only. Match its thick rounded dark-brown contours, simplified rounded shapes, and restrained 2D cartoon shading. Do not copy the reference subject or composition.

Framing: One compact composition, with the complete subject using about 80-90% of the square. Keep everything inside the frame.

Output: 512x512 PNG, RGBA, genuine transparent background. No text, numerals, labels, logos or watermark.",作成済み,,references/invidious.png
romance.png,ロマンス、恋愛,ロマンス,"Subject: romance, target meaning ""ロマンス"".

Composition: Show two adults sharing a quiet affectionate moment on a park bench with flowers and warm mutual smiles.

Style: Use the attached invidious.png for drawing style only. Match its thick rounded dark-brown contours, simplified rounded shapes, and restrained 2D cartoon shading. Do not copy the reference subject or composition.

Framing: One compact composition, with the complete subject using about 80-90% of the square. Keep everything inside the frame.

Output: 512x512 PNG, RGBA, genuine transparent background. No text, numerals, labels, logos or watermark.",作成済み,,references/invidious.png
whoever.png,誰であれ,誰であれ,"Subject: whoever, target meaning ""誰であれ"".

Composition: Show a varied group of people with an open doorway and invitation gesture making clear that any one of them may enter.

Style: Use the attached invidious.png for drawing style only. Match its thick rounded dark-brown contours, simplified rounded shapes, and restrained 2D cartoon shading. Do not copy the reference subject or composition.

Framing: One compact composition, with the complete subject using about 80-90% of the square. Keep everything inside the frame.

Output: 512x512 PNG, RGBA, genuine transparent background. No text, numerals, labels, logos or watermark.",作成済み,,references/invidious.png
Gabriel.png,ガブリエル、ゲーブリエル,ガブリエル,"Subject: Gabriel, target meaning ""ガブリエル"".

Composition: Show the archangel Gabriel with white wings, simple robe, and a scroll held in one hand, calm and radiant.

Style: Use the attached invidious.png for drawing style only. Match its thick rounded dark-brown contours, simplified rounded shapes, and restrained 2D cartoon shading. Do not copy the reference subject or composition.

Framing: One compact composition, with the complete subject using about 80-90% of the square. Keep everything inside the frame.

Output: 512x512 PNG, RGBA, genuine transparent background. No text, numerals, labels, logos or watermark.",作成済み,,references/invidious.png
Geneva.png,ジュネーブ,ジュネーブ,"Subject: Geneva, target meaning ""ジュネーブ"".

Composition: Show a compact Geneva scene with Lake Geneva, Jet d'Eau fountain, and elegant European waterfront buildings.

Style: Use the attached invidious.png for drawing style only. Match its thick rounded dark-brown contours, simplified rounded shapes, and restrained 2D cartoon shading. Do not copy the reference subject or composition.

Framing: One compact composition, with the complete subject using about 80-90% of the square. Keep everything inside the frame.

Output: 512x512 PNG, RGBA, genuine transparent background. No text, numerals, labels, logos or watermark.",作成済み,,references/invidious.png
automated.png,自動化された,自動化された,"Subject: automated, target meaning ""自動化された"".

Composition: Show a conveyor belt moving boxes through a machine with robotic arms while no human hands operate it directly.

Style: Use the attached invidious.png for drawing style only. Match its thick rounded dark-brown contours, simplified rounded shapes, and restrained 2D cartoon shading. Do not copy the reference subject or composition.

Framing: One compact composition, with the complete subject using about 80-90% of the square. Keep everything inside the frame.

Output: 512x512 PNG, RGBA, genuine transparent background. No text, numerals, labels, logos or watermark.",作成済み,,references/invidious.png
coupling.png,連結,連結,"Subject: coupling, target meaning ""連結"".

Composition: Show two mechanical shafts joined firmly by a central coupling sleeve with bolts around the connection.

Style: Use the attached invidious.png for drawing style only. Match its thick rounded dark-brown contours, simplified rounded shapes, and restrained 2D cartoon shading. Do not copy the reference subject or composition.

Framing: One compact composition, with the complete subject using about 80-90% of the square. Keep everything inside the frame.

Output: 512x512 PNG, RGBA, genuine transparent background. No text, numerals, labels, logos or watermark.",作成済み,,references/invidious.png
girlfriend.png,ガールフレンド、女友達,ガールフレンド,"Subject: girlfriend, target meaning ""ガールフレンド"".

Composition: Show two young adults walking closely together holding hands, with the female partner smiling warmly toward the other.

Style: Use the attached invidious.png for drawing style only. Match its thick rounded dark-brown contours, simplified rounded shapes, and restrained 2D cartoon shading. Do not copy the reference subject or composition.

Framing: One compact composition, with the complete subject using about 80-90% of the square. Keep everything inside the frame.

Output: 512x512 PNG, RGBA, genuine transparent background. No text, numerals, labels, logos or watermark.",作成済み,,references/invidious.png
humor.png,ユーモア,ユーモア,"Subject: humor, target meaning ""ユーモア"".

Composition: Show one person telling a harmless joke while two listeners laugh openly at the punchline.

Style: Use the attached invidious.png for drawing style only. Match its thick rounded dark-brown contours, simplified rounded shapes, and restrained 2D cartoon shading. Do not copy the reference subject or composition.

Framing: One compact composition, with the complete subject using about 80-90% of the square. Keep everything inside the frame.

Output: 512x512 PNG, RGBA, genuine transparent background. No text, numerals, labels, logos or watermark.",作成済み,,references/invidious.png
hunt.png,狩る、狩猟する,狩る,"Subject: hunt, target meaning ""狩る"".

Composition: Show a hunter tracking fresh animal footprints in a forest while using binoculars, with no animal harmed.

Style: Use the attached invidious.png for drawing style only. Match its thick rounded dark-brown contours, simplified rounded shapes, and restrained 2D cartoon shading. Do not copy the reference subject or composition.

Framing: One compact composition, with the complete subject using about 80-90% of the square. Keep everything inside the frame.

Output: 512x512 PNG, RGBA, genuine transparent background. No text, numerals, labels, logos or watermark.",作成済み,,references/invidious.png
imagery.png,比喩,比喩,"Subject: imagery, target meaning ""比喩"".

Composition: Show a poem page with unreadable lines while a vivid visual image of moonlit waves seems to rise from the page, conveying figurative imagery.

Style: Use the attached invidious.png for drawing style only. Match its thick rounded dark-brown contours, simplified rounded shapes, and restrained 2D cartoon shading. Do not copy the reference subject or composition.

Framing: One compact composition, with the complete subject using about 80-90% of the square. Keep everything inside the frame.

Output: 512x512 PNG, RGBA, genuine transparent background. No text, numerals, labels, logos or watermark.",作成済み,,references/invidious.png
texture.png,織り方,織り方,"Subject: texture, target meaning ""織り方"".

Composition: Show a close-up woven fabric with visible crossing threads and repeating weave pattern, emphasizing surface texture.

Style: Use the attached invidious.png for drawing style only. Match its thick rounded dark-brown contours, simplified rounded shapes, and restrained 2D cartoon shading. Do not copy the reference subject or composition.

Framing: One compact composition, with the complete subject using about 80-90% of the square. Keep everything inside the frame.

Output: 512x512 PNG, RGBA, genuine transparent background. No text, numerals, labels, logos or watermark.",作成済み,,references/invidious.png
tremendous.png,巨大な,巨大な,"Subject: tremendous, target meaning ""巨大な"".

Composition: Show an enormous elephant beside a tiny stool, the elephant filling most of the frame to emphasize huge scale.

Style: Use the attached invidious.png for drawing style only. Match its thick rounded dark-brown contours, simplified rounded shapes, and restrained 2D cartoon shading. Do not copy the reference subject or composition.

Framing: One compact composition, with the complete subject using about 80-90% of the square. Keep everything inside the frame.

Output: 512x512 PNG, RGBA, genuine transparent background. No text, numerals, labels, logos or watermark.",作成済み,,references/invidious.png
unclear.png,はっきりしない、不明確な,はっきりしない,"Subject: unclear, target meaning ""はっきりしない"".

Composition: Show a roadside sign almost completely hidden by dense fog, with only its outer shape visible and its details impossible to make out.

Style: Use the attached invidious.png for drawing style only. Match its thick rounded dark-brown contours, simplified rounded shapes, and restrained 2D cartoon shading. Do not copy the reference subject or composition.

Framing: One compact composition, with the complete subject using about 80-90% of the square. Keep everything inside the frame.

Output: 512x512 PNG, RGBA, genuine transparent background. No text, numerals, labels, logos or watermark.",作成済み,,references/invidious.png
uptake.png,理解、物分かり,理解,"Subject: uptake, target meaning ""理解"".

Composition: Show one learner suddenly understanding a diagram, with eyes brightening and hand pointing correctly to the key part.

Style: Use the attached invidious.png for drawing style only. Match its thick rounded dark-brown contours, simplified rounded shapes, and restrained 2D cartoon shading. Do not copy the reference subject or composition.

Framing: One compact composition, with the complete subject using about 80-90% of the square. Keep everything inside the frame.

Output: 512x512 PNG, RGBA, genuine transparent background. No text, numerals, labels, logos or watermark.",作成済み,,references/invidious.png
Anglo.png,アングロサクソン系米国人、白系米国人,アングロサクソン系米国人,"Subject: Anglo, target meaning ""アングロサクソン系米国人"".

Composition: Show an Anglo-American adult with light skin in contemporary U.S. clothing beside subtle British-American cultural cues, avoiding stereotypes.

Style: Use the attached invidious.png for drawing style only. Match its thick rounded dark-brown contours, simplified rounded shapes, and restrained 2D cartoon shading. Do not copy the reference subject or composition.

Framing: One compact composition, with the complete subject using about 80-90% of the square. Keep everything inside the frame.

Output: 512x512 PNG, RGBA, genuine transparent background. No text, numerals, labels, logos or watermark.",作成済み,,references/invidious.png
Fred.png,フレッド,フレッド,"Subject: Fred, target meaning ""フレッド"".

Composition: Show an adult man named Fred with short gray-brown hair, simple sweater, and friendly relaxed expression.

Style: Use the attached invidious.png for drawing style only. Match its thick rounded dark-brown contours, simplified rounded shapes, and restrained 2D cartoon shading. Do not copy the reference subject or composition.

Framing: One compact composition, with the complete subject using about 80-90% of the square. Keep everything inside the frame.

Output: 512x512 PNG, RGBA, genuine transparent background. No text, numerals, labels, logos or watermark.",作成済み,,references/invidious.png
cardiovascular.png,心臓血管の,心臓血管の,"Subject: cardiovascular, target meaning ""心臓血管の"".

Composition: Show a clean anatomical heart connected to major arteries and veins throughout a simplified upper torso.

Style: Use the attached invidious.png for drawing style only. Match its thick rounded dark-brown contours, simplified rounded shapes, and restrained 2D cartoon shading. Do not copy the reference subject or composition.

Framing: One compact composition, with the complete subject using about 80-90% of the square. Keep everything inside the frame.

Output: 512x512 PNG, RGBA, genuine transparent background. No text, numerals, labels, logos or watermark.",作成済み,,references/invidious.png
clever.png,賢い,賢い,"Subject: clever, target meaning ""賢い"".

Composition: Show one person solving a small mechanical puzzle quickly while others look impressed, with confident focused expression.

Style: Use the attached invidious.png for drawing style only. Match its thick rounded dark-brown contours, simplified rounded shapes, and restrained 2D cartoon shading. Do not copy the reference subject or composition.

Framing: One compact composition, with the complete subject using about 80-90% of the square. Keep everything inside the frame.

Output: 512x512 PNG, RGBA, genuine transparent background. No text, numerals, labels, logos or watermark.",作成済み,,references/invidious.png
corpus.png,集成,集成,"Subject: corpus, target meaning ""集成"".

Composition: Show a large organized collection of documents and books gathered together on shelves as one complete body of texts.

Style: Use the attached invidious.png for drawing style only. Match its thick rounded dark-brown contours, simplified rounded shapes, and restrained 2D cartoon shading. Do not copy the reference subject or composition.

Framing: One compact composition, with the complete subject using about 80-90% of the square. Keep everything inside the frame.

Output: 512x512 PNG, RGBA, genuine transparent background. No text, numerals, labels, logos or watermark.",作成済み,,references/invidious.png
favorable.png,有利な,有利な,"Subject: favorable, target meaning ""有利な"".

Composition: Show one sailing boat moving smoothly with wind filling the sail and bright weather helping it forward, conveying favorable conditions.

Style: Use the attached invidious.png for drawing style only. Match its thick rounded dark-brown contours, simplified rounded shapes, and restrained 2D cartoon shading. Do not copy the reference subject or composition.

Framing: One compact composition, with the complete subject using about 80-90% of the square. Keep everything inside the frame.

Output: 512x512 PNG, RGBA, genuine transparent background. No text, numerals, labels, logos or watermark.",作成済み,,references/invidious.png
rounded.png,丸められた,丸められた,"Subject: rounded, target meaning ""丸められた"".

Composition: Show a once-square block with all four corners smoothly curved and edges softened into a rounded form.

Style: Use the attached invidious.png for drawing style only. Match its thick rounded dark-brown contours, simplified rounded shapes, and restrained 2D cartoon shading. Do not copy the reference subject or composition.

Framing: One compact composition, with the complete subject using about 80-90% of the square. Keep everything inside the frame.

Output: 512x512 PNG, RGBA, genuine transparent background. No text, numerals, labels, logos or watermark.",作成済み,,references/invidious.png
tales.png,補欠陪審員,補欠陪審員,"Subject: tales, target meaning ""補欠陪審員"".

Composition: Show an alternate juror seated just outside the main jury box, ready to take a vacant juror's place in court.

Style: Use the attached invidious.png for drawing style only. Match its thick rounded dark-brown contours, simplified rounded shapes, and restrained 2D cartoon shading. Do not copy the reference subject or composition.

Framing: One compact composition, with the complete subject using about 80-90% of the square. Keep everything inside the frame.

Output: 512x512 PNG, RGBA, genuine transparent background. No text, numerals, labels, logos or watermark.",作成済み,,references/invidious.png
witch.png,魔女,魔女,"Subject: witch, target meaning ""魔女"".

Composition: Show a classic storybook witch in dark robe and pointed hat stirring a bubbling cauldron, whimsical rather than frightening.

Style: Use the attached invidious.png for drawing style only. Match its thick rounded dark-brown contours, simplified rounded shapes, and restrained 2D cartoon shading. Do not copy the reference subject or composition.

Framing: One compact composition, with the complete subject using about 80-90% of the square. Keep everything inside the frame.

Output: 512x512 PNG, RGBA, genuine transparent background. No text, numerals, labels, logos or watermark.",作成済み,,references/invidious.png
Buddhist.png,仏教徒,仏教徒,"Subject: Buddhist, target meaning ""仏教徒"".

Composition: Show a Buddhist monk in simple saffron robes seated calmly in meditation beside a small temple bell.

Style: Use the attached invidious.png for drawing style only. Match its thick rounded dark-brown contours, simplified rounded shapes, and restrained 2D cartoon shading. Do not copy the reference subject or composition.

Framing: One compact composition, with the complete subject using about 80-90% of the square. Keep everything inside the frame.

Output: 512x512 PNG, RGBA, genuine transparent background. No text, numerals, labels, logos or watermark.",作成済み,,references/invidious.png
Claire.png,クレア,クレア,"Subject: Claire, target meaning ""クレア"".

Composition: Show a young adult woman named Claire with light-brown hair, blue blouse, and friendly composed expression.

Style: Use the attached invidious.png for drawing style only. Match its thick rounded dark-brown contours, simplified rounded shapes, and restrained 2D cartoon shading. Do not copy the reference subject or composition.

Framing: One compact composition, with the complete subject using about 80-90% of the square. Keep everything inside the frame.

Output: 512x512 PNG, RGBA, genuine transparent background. No text, numerals, labels, logos or watermark.",作成済み,,references/invidious.png
Hindu.png,ヒンドゥー,ヒンドゥー,"Subject: Hindu, target meaning ""ヒンドゥー"".

Composition: Show a Hindu worshipper offering flowers before a small temple shrine with oil lamp and decorative arch, respectful and non-specific.

Style: Use the attached invidious.png for drawing style only. Match its thick rounded dark-brown contours, simplified rounded shapes, and restrained 2D cartoon shading. Do not copy the reference subject or composition.

Framing: One compact composition, with the complete subject using about 80-90% of the square. Keep everything inside the frame.

Output: 512x512 PNG, RGBA, genuine transparent background. No text, numerals, labels, logos or watermark.",作成済み,,references/invidious.png
Nazi.png,ナチ、ナチス,ナチ,"Subject: Nazi, target meaning ""ナチ"".

Composition: Show a historical 1930s German Nazi Party member in brown uniform standing stiffly at a political rally setting, presented neutrally as historical context.

Style: Use the attached invidious.png for drawing style only. Match its thick rounded dark-brown contours, simplified rounded shapes, and restrained 2D cartoon shading. Do not copy the reference subject or composition.

Framing: One compact composition, with the complete subject using about 80-90% of the square. Keep everything inside the frame.

Output: 512x512 PNG, RGBA, genuine transparent background. No text, numerals, labels, logos or watermark.",作成済み,,references/invidious.png
Norman.png,ノルマン人,ノルマン人,"Subject: Norman, target meaning ""ノルマン人"".

Composition: Show an 11th-century Norman man in mail armor and conical helmet carrying a kite-shaped shield.

Style: Use the attached invidious.png for drawing style only. Match its thick rounded dark-brown contours, simplified rounded shapes, and restrained 2D cartoon shading. Do not copy the reference subject or composition.

Framing: One compact composition, with the complete subject using about 80-90% of the square. Keep everything inside the frame.

Output: 512x512 PNG, RGBA, genuine transparent background. No text, numerals, labels, logos or watermark.",作成済み,,references/invidious.png
Portuguese.png,ポルトガルの、ポルトガル人の,ポルトガルの,"Subject: Portuguese, target meaning ""ポルトガルの"".

Composition: Show a Portuguese person in contemporary clothing beside blue-white tile architecture and an Atlantic waterfront cue.

Style: Use the attached invidious.png for drawing style only. Match its thick rounded dark-brown contours, simplified rounded shapes, and restrained 2D cartoon shading. Do not copy the reference subject or composition.

Framing: One compact composition, with the complete subject using about 80-90% of the square. Keep everything inside the frame.

Output: 512x512 PNG, RGBA, genuine transparent background. No text, numerals, labels, logos or watermark.",作成済み,,references/invidious.png
Sophie.png,ソフィー、ソフィア,ソフィー,"Subject: Sophie, target meaning ""ソフィー"".

Composition: Show a young adult woman named Sophie with shoulder-length dark-blonde hair, light sweater, and warm friendly expression.

Style: Use the attached invidious.png for drawing style only. Match its thick rounded dark-brown contours, simplified rounded shapes, and restrained 2D cartoon shading. Do not copy the reference subject or composition.

Framing: One compact composition, with the complete subject using about 80-90% of the square. Keep everything inside the frame.

Output: 512x512 PNG, RGBA, genuine transparent background. No text, numerals, labels, logos or watermark.",作成済み,,references/invidious.png
cement.png,セメント,セメント,"Subject: cement, target meaning ""セメント"".

Composition: Show gray cement powder being mixed with water into smooth wet paste in a construction bucket.

Style: Use the attached invidious.png for drawing style only. Match its thick rounded dark-brown contours, simplified rounded shapes, and restrained 2D cartoon shading. Do not copy the reference subject or composition.

Framing: One compact composition, with the complete subject using about 80-90% of the square. Keep everything inside the frame.

Output: 512x512 PNG, RGBA, genuine transparent background. No text, numerals, labels, logos or watermark.",作成済み,,references/invidious.png
cracked.png,砕けた,砕けた,"Subject: cracked, target meaning ""砕けた"".

Composition: Show a ceramic bowl broken by several deep cracks, with one small piece separated from the rim.

Style: Use the attached invidious.png for drawing style only. Match its thick rounded dark-brown contours, simplified rounded shapes, and restrained 2D cartoon shading. Do not copy the reference subject or composition.

Framing: One compact composition, with the complete subject using about 80-90% of the square. Keep everything inside the frame.

Output: 512x512 PNG, RGBA, genuine transparent background. No text, numerals, labels, logos or watermark.",作成済み,,references/invidious.png
deadly.png,致命的な,致命的な,"Subject: deadly, target meaning ""致命的な"".

Composition: Show a poison warning scene with a sealed toxic bottle, wilted plant beside it, and strong hazard symbol, no use instructions.

Style: Use the attached invidious.png for drawing style only. Match its thick rounded dark-brown contours, simplified rounded shapes, and restrained 2D cartoon shading. Do not copy the reference subject or composition.

Framing: One compact composition, with the complete subject using about 80-90% of the square. Keep everything inside the frame.

Output: 512x512 PNG, RGBA, genuine transparent background. No text, numerals, labels, logos or watermark.",作成済み,,references/invidious.png
deserved.png,功罪に応じた,功罪に応じた,"Subject: deserved, target meaning ""功罪に応じた"".

Composition: Show one athlete receiving a medal after visibly completing a difficult race, with muddy shoes and finish line behind.

Style: Use the attached invidious.png for drawing style only. Match its thick rounded dark-brown contours, simplified rounded shapes, and restrained 2D cartoon shading. Do not copy the reference subject or composition.

Framing: One compact composition, with the complete subject using about 80-90% of the square. Keep everything inside the frame.

Output: 512x512 PNG, RGBA, genuine transparent background. No text, numerals, labels, logos or watermark.",作成済み,,references/invidious.png
elastic.png,伸縮性のある,伸縮性のある,"Subject: elastic, target meaning ""伸縮性のある"".

Composition: Show a rubber band stretched between two hands and returning toward its original shape, with clear flexible tension.

Style: Use the attached invidious.png for drawing style only. Match its thick rounded dark-brown contours, simplified rounded shapes, and restrained 2D cartoon shading. Do not copy the reference subject or composition.

Framing: One compact composition, with the complete subject using about 80-90% of the square. Keep everything inside the frame.

Output: 512x512 PNG, RGBA, genuine transparent background. No text, numerals, labels, logos or watermark.",作成済み,,references/invidious.png
elementary.png,初歩の、初歩的な,初歩の,"Subject: elementary, target meaning ""初歩の"".

Composition: Show a child learning the simplest basics using large counting blocks and a beginner reading book on a desk.

Style: Use the attached invidious.png for drawing style only. Match its thick rounded dark-brown contours, simplified rounded shapes, and restrained 2D cartoon shading. Do not copy the reference subject or composition.

Framing: One compact composition, with the complete subject using about 80-90% of the square. Keep everything inside the frame.

Output: 512x512 PNG, RGBA, genuine transparent background. No text, numerals, labels, logos or watermark.",作成済み,,references/invidious.png
limb.png,肢,肢,"Subject: limb, target meaning ""肢"".

Composition: Show one human arm and one leg in a clean anatomical figure, with the limb shapes clearly separated from the torso.

Style: Use the attached invidious.png for drawing style only. Match its thick rounded dark-brown contours, simplified rounded shapes, and restrained 2D cartoon shading. Do not copy the reference subject or composition.

Framing: One compact composition, with the complete subject using about 80-90% of the square. Keep everything inside the frame.

Output: 512x512 PNG, RGBA, genuine transparent background. No text, numerals, labels, logos or watermark.",作成済み,,references/invidious.png
purse.png,財布,財布,"Subject: purse, target meaning ""財布"".

Composition: Show one small handbag or purse with clasp, strap, and a few coins visible inside the open top.

Style: Use the attached invidious.png for drawing style only. Match its thick rounded dark-brown contours, simplified rounded shapes, and restrained 2D cartoon shading. Do not copy the reference subject or composition.

Framing: One compact composition, with the complete subject using about 80-90% of the square. Keep everything inside the frame.

Output: 512x512 PNG, RGBA, genuine transparent background. No text, numerals, labels, logos or watermark.",作成済み,,references/invidious.png
rating.png,格付け,格付け,"Subject: rating, target meaning ""格付け"".

Composition: Show five star-shaped symbols in a row with four filled and one empty, representing a rating without text.

Style: Use the attached invidious.png for drawing style only. Match its thick rounded dark-brown contours, simplified rounded shapes, and restrained 2D cartoon shading. Do not copy the reference subject or composition.

Framing: One compact composition, with the complete subject using about 80-90% of the square. Keep everything inside the frame.

Output: 512x512 PNG, RGBA, genuine transparent background. No text, numerals, labels, logos or watermark.",作成済み,,references/invidious.png
seldom.png,めったに～しない、ほとんど～ない,めったに～しない,"Subject: seldom, target meaning ""めったに～しない"".

Composition: Show a calendar with many ordinary days but only one isolated marked event far apart from the others, indicating rare occurrence.

Style: Use the attached invidious.png for drawing style only. Match its thick rounded dark-brown contours, simplified rounded shapes, and restrained 2D cartoon shading. Do not copy the reference subject or composition.

Framing: One compact composition, with the complete subject using about 80-90% of the square. Keep everything inside the frame.

Output: 512x512 PNG, RGBA, genuine transparent background. No text, numerals, labels, logos or watermark.",作成済み,,references/invidious.png
shed@skei.png,流す,流す,"Subject: shed, target meaning ""流す"".

Composition: Show one eye releasing a single tear down the cheek, clearly depicting shedding tears.

Style: Use the attached invidious.png for drawing style only. Match its thick rounded dark-brown contours, simplified rounded shapes, and restrained 2D cartoon shading. Do not copy the reference subject or composition.

Framing: One compact composition, with the complete subject using about 80-90% of the square. Keep everything inside the frame.

Output: 512x512 PNG, RGBA, genuine transparent background. No text, numerals, labels, logos or watermark.",作成済み,,references/invidious.png
sheer@skai2.png,切り立った、まったくの、ごく薄い,切り立った,"Subject: sheer, target meaning ""切り立った"".

Composition: Show a very steep cliff face rising almost vertically from the ground, with the sharp drop emphasized.

Style: Use the attached invidious.png for drawing style only. Match its thick rounded dark-brown contours, simplified rounded shapes, and restrained 2D cartoon shading. Do not copy the reference subject or composition.

Framing: One compact composition, with the complete subject using about 80-90% of the square. Keep everything inside the frame.

Output: 512x512 PNG, RGBA, genuine transparent background. No text, numerals, labels, logos or watermark.",作成済み,,references/invidious.png
tech.png,科学技術の,科学技術の,"Subject: tech, target meaning ""科学技術の"".

Composition: Show a compact technology workbench with laptop, circuit board, small robot, and precision tools.

Style: Use the attached invidious.png for drawing style only. Match its thick rounded dark-brown contours, simplified rounded shapes, and restrained 2D cartoon shading. Do not copy the reference subject or composition.

Framing: One compact composition, with the complete subject using about 80-90% of the square. Keep everything inside the frame.

Output: 512x512 PNG, RGBA, genuine transparent background. No text, numerals, labels, logos or watermark.",作成済み,,references/invidious.png
Dave.png,友好的な、フレンドリーな,友好的な,"Subject: Dave, target meaning ""友好的な"".

Composition: Show an adult man named Dave smiling warmly while shaking hands with another person, emphasizing a friendly nature.

Style: Use the attached invidious.png for drawing style only. Match its thick rounded dark-brown contours, simplified rounded shapes, and restrained 2D cartoon shading. Do not copy the reference subject or composition.

Framing: One compact composition, with the complete subject using about 80-90% of the square. Keep everything inside the frame.

Output: 512x512 PNG, RGBA, genuine transparent background. No text, numerals, labels, logos or watermark.",作成済み,,references/invidious.png
Lett.png,ラトビア人、ラトビアの,ラトビア人,"Subject: Lett, target meaning ""ラトビア人"".

Composition: Show a Latvian person in contemporary clothing beside a small red-white-red flag cue and Baltic old-town architecture.

Style: Use the attached invidious.png for drawing style only. Match its thick rounded dark-brown contours, simplified rounded shapes, and restrained 2D cartoon shading. Do not copy the reference subject or composition.

Framing: One compact composition, with the complete subject using about 80-90% of the square. Keep everything inside the frame.

Output: 512x512 PNG, RGBA, genuine transparent background. No text, numerals, labels, logos or watermark.",作成済み,,references/invidious.png
Manchester.png,マンチェスター,マンチェスター,"Subject: Manchester, target meaning ""マンチェスター"".

Composition: Show a compact Manchester scene with red-brick industrial buildings, canal, and modern city skyline.

Style: Use the attached invidious.png for drawing style only. Match its thick rounded dark-brown contours, simplified rounded shapes, and restrained 2D cartoon shading. Do not copy the reference subject or composition.

Framing: One compact composition, with the complete subject using about 80-90% of the square. Keep everything inside the frame.

Output: 512x512 PNG, RGBA, genuine transparent background. No text, numerals, labels, logos or watermark.",作成済み,,references/invidious.png
beaten.png,打ち負かされた,打ち負かされた,"Subject: beaten, target meaning ""打ち負かされた"".

Composition: Show a defeated boxer seated on a stool after a match with slumped shoulders while the opponent stands celebrating at a distance, no injury.

Style: Use the attached invidious.png for drawing style only. Match its thick rounded dark-brown contours, simplified rounded shapes, and restrained 2D cartoon shading. Do not copy the reference subject or composition.

Framing: One compact composition, with the complete subject using about 80-90% of the square. Keep everything inside the frame.

Output: 512x512 PNG, RGBA, genuine transparent background. No text, numerals, labels, logos or watermark.",作成済み,,references/invidious.png
bride.png,花嫁、新婦,花嫁,"Subject: bride, target meaning ""花嫁"".

Composition: Show a bride in a simple wedding dress holding a bouquet, with veil and wedding ring clearly visible.

Style: Use the attached invidious.png for drawing style only. Match its thick rounded dark-brown contours, simplified rounded shapes, and restrained 2D cartoon shading. Do not copy the reference subject or composition.

Framing: One compact composition, with the complete subject using about 80-90% of the square. Keep everything inside the frame.

Output: 512x512 PNG, RGBA, genuine transparent background. No text, numerals, labels, logos or watermark.",作成済み,,references/invidious.png
casting.png,鋳造,鋳造,"Subject: casting, target meaning ""鋳造"".

Composition: Show molten metal being poured from a ladle into a shaped mold, with protective tools and glowing metal visible.

Style: Use the attached invidious.png for drawing style only. Match its thick rounded dark-brown contours, simplified rounded shapes, and restrained 2D cartoon shading. Do not copy the reference subject or composition.

Framing: One compact composition, with the complete subject using about 80-90% of the square. Keep everything inside the frame.

Output: 512x512 PNG, RGBA, genuine transparent background. No text, numerals, labels, logos or watermark.",作成済み,,references/invidious.png
caution.png,注意,注意,"Subject: caution, target meaning ""注意"".

Composition: Show one person slowing down and carefully stepping around a wet floor hazard while holding an open hand defensively.

Style: Use the attached invidious.png for drawing style only. Match its thick rounded dark-brown contours, simplified rounded shapes, and restrained 2D cartoon shading. Do not copy the reference subject or composition.

Framing: One compact composition, with the complete subject using about 80-90% of the square. Keep everything inside the frame.

Output: 512x512 PNG, RGBA, genuine transparent background. No text, numerals, labels, logos or watermark.",作成済み,,references/invidious.png
dramatically.png,劇的に,劇的に,"Subject: dramatically, target meaning ""劇的に"".

Composition: Show a small ordinary room transformed by a sudden bright spotlight and sweeping curtain, producing an obviously dramatic change in appearance.

Style: Use the attached invidious.png for drawing style only. Match its thick rounded dark-brown contours, simplified rounded shapes, and restrained 2D cartoon shading. Do not copy the reference subject or composition.

Framing: One compact composition, with the complete subject using about 80-90% of the square. Keep everything inside the frame.

Output: 512x512 PNG, RGBA, genuine transparent background. No text, numerals, labels, logos or watermark.",作成済み,,references/invidious.png
festival.png,祝祭,祝祭,"Subject: festival, target meaning ""祝祭"".

Composition: Show an outdoor festival with lanterns, food stalls, flags, and several people celebrating together.

Style: Use the attached invidious.png for drawing style only. Match its thick rounded dark-brown contours, simplified rounded shapes, and restrained 2D cartoon shading. Do not copy the reference subject or composition.

Framing: One compact composition, with the complete subject using about 80-90% of the square. Keep everything inside the frame.

Output: 512x512 PNG, RGBA, genuine transparent background. No text, numerals, labels, logos or watermark.",作成済み,,references/invidious.png
maturity.png,成熟,成熟,"Subject: maturity, target meaning ""成熟"".

Composition: Show a fruit progressing from green unripe stage to fully colored ripe fruit on the same branch, emphasizing mature development.

Style: Use the attached invidious.png for drawing style only. Match its thick rounded dark-brown contours, simplified rounded shapes, and restrained 2D cartoon shading. Do not copy the reference subject or composition.

Framing: One compact composition, with the complete subject using about 80-90% of the square. Keep everything inside the frame.

Output: 512x512 PNG, RGBA, genuine transparent background. No text, numerals, labels, logos or watermark.",作成済み,,references/invidious.png
miserable.png,惨めな、わずかな,惨めな,"Subject: miserable, target meaning ""惨めな"".

Composition: Show one soaked person sitting alone on a bench in cold rain with slumped shoulders, torn umbrella, and deeply unhappy expression.

Style: Use the attached invidious.png for drawing style only. Match its thick rounded dark-brown contours, simplified rounded shapes, and restrained 2D cartoon shading. Do not copy the reference subject or composition.

Framing: One compact composition, with the complete subject using about 80-90% of the square. Keep everything inside the frame.

Output: 512x512 PNG, RGBA, genuine transparent background. No text, numerals, labels, logos or watermark.",作成済み,,references/invidious.png
quest.png,探求,探求,"Subject: quest, target meaning ""探求"".

Composition: Show a traveler studying a map while following a marked path toward a distant glowing artifact on a hill.

Style: Use the attached invidious.png for drawing style only. Match its thick rounded dark-brown contours, simplified rounded shapes, and restrained 2D cartoon shading. Do not copy the reference subject or composition.

Framing: One compact composition, with the complete subject using about 80-90% of the square. Keep everything inside the frame.

Output: 512x512 PNG, RGBA, genuine transparent background. No text, numerals, labels, logos or watermark.",作成済み,,references/invidious.png
scanning.png,スキャン,スキャン,"Subject: scanning, target meaning ""スキャン"".

Composition: Show a flatbed scanner with its light bar moving beneath a document while a digital copy appears on a nearby screen.

Style: Use the attached invidious.png for drawing style only. Match its thick rounded dark-brown contours, simplified rounded shapes, and restrained 2D cartoon shading. Do not copy the reference subject or composition.

Framing: One compact composition, with the complete subject using about 80-90% of the square. Keep everything inside the frame.

Output: 512x512 PNG, RGBA, genuine transparent background. No text, numerals, labels, logos or watermark.",作成済み,,references/invidious.png
stiff.png,堅い,堅い,"Subject: stiff, target meaning ""堅い"".

Composition: Show a thick sheet of rigid cardboard held horizontally by one hand at the edge, staying perfectly straight instead of bending under its own weight.

Style: Use the attached invidious.png for drawing style only. Match its thick rounded dark-brown contours, simplified rounded shapes, and restrained 2D cartoon shading. Do not copy the reference subject or composition.

Framing: One compact composition, with the complete subject using about 80-90% of the square. Keep everything inside the frame.

Output: 512x512 PNG, RGBA, genuine transparent background. No text, numerals, labels, logos or watermark.",作成済み,,references/invidious.png
sympathetic.png,同情の念を抱いた、思いやりのある,同情の念を抱いた,"Subject: sympathetic, target meaning ""同情の念を抱いた"".

Composition: Show one person listening closely to a sad friend, placing a gentle hand on their shoulder with concerned expression.

Style: Use the attached invidious.png for drawing style only. Match its thick rounded dark-brown contours, simplified rounded shapes, and restrained 2D cartoon shading. Do not copy the reference subject or composition.

Framing: One compact composition, with the complete subject using about 80-90% of the square. Keep everything inside the frame.

Output: 512x512 PNG, RGBA, genuine transparent background. No text, numerals, labels, logos or watermark.",作成済み,,references/invidious.png
ashamed.png,恥ずかしい,恥ずかしい,"Subject: ashamed, target meaning ""恥ずかしい"".

Composition: Show one person looking down with flushed cheeks, hunched shoulders, and hands clasped after making a mistake.

Style: Use the attached invidious.png for drawing style only. Match its thick rounded dark-brown contours, simplified rounded shapes, and restrained 2D cartoon shading. Do not copy the reference subject or composition.

Framing: One compact composition, with the complete subject using about 80-90% of the square. Keep everything inside the frame.

Output: 512x512 PNG, RGBA, genuine transparent background. No text, numerals, labels, logos or watermark.",作成済み,,references/invidious.png
bid.png,入札,入札,"Subject: bid, target meaning ""入札"".

Composition: Show two bidders at an auction raising numbered-free paddles while an auctioneer points toward the current bidder.

Style: Use the attached invidious.png for drawing style only. Match its thick rounded dark-brown contours, simplified rounded shapes, and restrained 2D cartoon shading. Do not copy the reference subject or composition.

Framing: One compact composition, with the complete subject using about 80-90% of the square. Keep everything inside the frame.

Output: 512x512 PNG, RGBA, genuine transparent background. No text, numerals, labels, logos or watermark.",作成済み,,references/invidious.png
bind.png,縛る,縛る,"Subject: bind, target meaning ""縛る"".

Composition: Show two bundles of sticks being tied tightly together with rope wrapped several times around the middle.

Style: Use the attached invidious.png for drawing style only. Match its thick rounded dark-brown contours, simplified rounded shapes, and restrained 2D cartoon shading. Do not copy the reference subject or composition.

Framing: One compact composition, with the complete subject using about 80-90% of the square. Keep everything inside the frame.

Output: 512x512 PNG, RGBA, genuine transparent background. No text, numerals, labels, logos or watermark.",作成済み,,references/invidious.png
celebration.png,祝賀,祝賀,"Subject: celebration, target meaning ""祝賀"".

Composition: Show a small group cheering around a cake and raised glasses of juice with confetti in the air.

Style: Use the attached invidious.png for drawing style only. Match its thick rounded dark-brown contours, simplified rounded shapes, and restrained 2D cartoon shading. Do not copy the reference subject or composition.

Framing: One compact composition, with the complete subject using about 80-90% of the square. Keep everything inside the frame.

Output: 512x512 PNG, RGBA, genuine transparent background. No text, numerals, labels, logos or watermark.",作成済み,,references/invidious.png
gang.png,群れ,群れ,"Subject: gang, target meaning ""群れ"".

Composition: Show a tight group of several people moving together as one cluster down a street, with coordinated posture and shared direction.

Style: Use the attached invidious.png for drawing style only. Match its thick rounded dark-brown contours, simplified rounded shapes, and restrained 2D cartoon shading. Do not copy the reference subject or composition.

Framing: One compact composition, with the complete subject using about 80-90% of the square. Keep everything inside the frame.

Output: 512x512 PNG, RGBA, genuine transparent background. No text, numerals, labels, logos or watermark.",作成済み,,references/invidious.png
instability.png,不安定な性質、不安定度,不安定な性質,"Subject: instability, target meaning ""不安定な性質"".

Composition: Show a tall stack of blocks leaning dangerously with the top blocks wobbling and one nearly slipping off.

Style: Use the attached invidious.png for drawing style only. Match its thick rounded dark-brown contours, simplified rounded shapes, and restrained 2D cartoon shading. Do not copy the reference subject or composition.

Framing: One compact composition, with the complete subject using about 80-90% of the square. Keep everything inside the frame.

Output: 512x512 PNG, RGBA, genuine transparent background. No text, numerals, labels, logos or watermark.",作成済み,,references/invidious.png
lemon.png,レモン,レモン,"Subject: lemon, target meaning ""レモン"".

Composition: Show one whole lemon and one freshly cut lemon half with bright yellow peel, pale segments, visible seeds, and a few juice droplets.

Style: Use the attached invidious.png for drawing style only. Match its thick rounded dark-brown contours, simplified rounded shapes, and restrained 2D cartoon shading. Do not copy the reference subject or composition.

Framing: One compact composition, with the complete subject using about 80-90% of the square. Keep everything inside the frame.

Output: 512x512 PNG, RGBA, genuine transparent background. No text, numerals, labels, logos or watermark.",作成済み,,references/invidious.png
oppression.png,抑圧,抑圧,"Subject: oppression, target meaning ""抑圧"".

Composition: Show one powerful figure pressing down on a smaller group with a heavy barrier while the group strains beneath it, symbolizing sustained oppression without physical injury.

Style: Use the attached invidious.png for drawing style only. Match its thick rounded dark-brown contours, simplified rounded shapes, and restrained 2D cartoon shading. Do not copy the reference subject or composition.

Framing: One compact composition, with the complete subject using about 80-90% of the square. Keep everything inside the frame.

Output: 512x512 PNG, RGBA, genuine transparent background. No text, numerals, labels, logos or watermark.",作成済み,,references/invidious.png
tide.png,潮,潮,"Subject: tide, target meaning ""潮"".

Composition: Show the same shoreline with a visible wet mark high on the rocks while seawater is currently lower, clearly indicating the rise and fall of the tide.

Style: Use the attached invidious.png for drawing style only. Match its thick rounded dark-brown contours, simplified rounded shapes, and restrained 2D cartoon shading. Do not copy the reference subject or composition.

Framing: One compact composition, with the complete subject using about 80-90% of the square. Keep everything inside the frame.

Output: 512x512 PNG, RGBA, genuine transparent background. No text, numerals, labels, logos or watermark.",作成済み,,references/invidious.png
Florence.png,フローレンス、フロランス,フローレンス,"Subject: Florence, target meaning ""フローレンス"".

Composition: Show a compact Florence scene with the Duomo's red dome, warm stone buildings, and the Arno River crossing the foreground.

Style: Use the attached invidious.png for drawing style only. Match its thick rounded dark-brown contours, simplified rounded shapes, and restrained 2D cartoon shading. Do not copy the reference subject or composition.

Framing: One compact composition, with the complete subject using about 80-90% of the square. Keep everything inside the frame.

Output: 512x512 PNG, RGBA, genuine transparent background. No text, numerals, labels, logos or watermark.",作成済み,,references/invidious.png
Vienna.png,ウイーン,ウイーン,"Subject: Vienna, target meaning ""ウイーン"".

Composition: Show a Vienna city scene with grand imperial architecture, a domed classical building, and a tram on a broad European street.

Style: Use the attached invidious.png for drawing style only. Match its thick rounded dark-brown contours, simplified rounded shapes, and restrained 2D cartoon shading. Do not copy the reference subject or composition.

Framing: One compact composition, with the complete subject using about 80-90% of the square. Keep everything inside the frame.

Output: 512x512 PNG, RGBA, genuine transparent background. No text, numerals, labels, logos or watermark.",作成済み,,references/invidious.png
Yale.png,エール,エール,"Subject: Yale, target meaning ""エール"".

Composition: Show a Gothic-style university courtyard with stone towers, arched windows, green lawn, and students carrying books.

Style: Use the attached invidious.png for drawing style only. Match its thick rounded dark-brown contours, simplified rounded shapes, and restrained 2D cartoon shading. Do not copy the reference subject or composition.

Framing: One compact composition, with the complete subject using about 80-90% of the square. Keep everything inside the frame.

Output: 512x512 PNG, RGBA, genuine transparent background. No text, numerals, labels, logos or watermark.",作成済み,,references/invidious.png
coating.png,塗り,塗り,"Subject: coating, target meaning ""塗り"".

Composition: Show a paintbrush laying a smooth fresh layer of paint over a plain metal surface, with the coated and uncoated sections clearly contrasted.

Style: Use the attached invidious.png for drawing style only. Match its thick rounded dark-brown contours, simplified rounded shapes, and restrained 2D cartoon shading. Do not copy the reference subject or composition.

Framing: One compact composition, with the complete subject using about 80-90% of the square. Keep everything inside the frame.

Output: 512x512 PNG, RGBA, genuine transparent background. No text, numerals, labels, logos or watermark.",作成済み,,references/invidious.png
dough.png,パン生地,パン生地,"Subject: dough, target meaning ""パン生地"".

Composition: Show a soft ball of bread dough being kneaded by two hands on a floured wooden board.

Style: Use the attached invidious.png for drawing style only. Match its thick rounded dark-brown contours, simplified rounded shapes, and restrained 2D cartoon shading. Do not copy the reference subject or composition.

Framing: One compact composition, with the complete subject using about 80-90% of the square. Keep everything inside the frame.

Output: 512x512 PNG, RGBA, genuine transparent background. No text, numerals, labels, logos or watermark.",作成済み,,references/invidious.png
earnings.png,報酬、賃金,報酬,"Subject: earnings, target meaning ""報酬"".

Composition: Show a worker counting coins and banknotes received after work, with a small pay envelope and timesheet nearby.

Style: Use the attached invidious.png for drawing style only. Match its thick rounded dark-brown contours, simplified rounded shapes, and restrained 2D cartoon shading. Do not copy the reference subject or composition.

Framing: One compact composition, with the complete subject using about 80-90% of the square. Keep everything inside the frame.

Output: 512x512 PNG, RGBA, genuine transparent background. No text, numerals, labels, logos or watermark.",作成済み,,references/invidious.png
embarrassed.png,きまり悪がる,きまり悪がる,"Subject: embarrassed, target meaning ""きまり悪がる"".

Composition: Show one person blushing with lowered eyes, shoulders pulled inward, and one hand covering part of the face after an awkward moment.

Style: Use the attached invidious.png for drawing style only. Match its thick rounded dark-brown contours, simplified rounded shapes, and restrained 2D cartoon shading. Do not copy the reference subject or composition.

Framing: One compact composition, with the complete subject using about 80-90% of the square. Keep everything inside the frame.

Output: 512x512 PNG, RGBA, genuine transparent background. No text, numerals, labels, logos or watermark.",作成済み,,references/invidious.png
fossil.png,化石,化石,"Subject: fossil, target meaning ""化石"".

Composition: Show a rock slab containing a clear fossilized ammonite shell imprint with spiral ridges fully visible.

Style: Use the attached invidious.png for drawing style only. Match its thick rounded dark-brown contours, simplified rounded shapes, and restrained 2D cartoon shading. Do not copy the reference subject or composition.

Framing: One compact composition, with the complete subject using about 80-90% of the square. Keep everything inside the frame.

Output: 512x512 PNG, RGBA, genuine transparent background. No text, numerals, labels, logos or watermark.",作成済み,,references/invidious.png
garage.png,ガレージ,ガレージ,"Subject: garage, target meaning ""ガレージ"".

Composition: Show a home garage with one parked car, raised garage door, wall tools, and storage shelves.

Style: Use the attached invidious.png for drawing style only. Match its thick rounded dark-brown contours, simplified rounded shapes, and restrained 2D cartoon shading. Do not copy the reference subject or composition.

Framing: One compact composition, with the complete subject using about 80-90% of the square. Keep everything inside the frame.

Output: 512x512 PNG, RGBA, genuine transparent background. No text, numerals, labels, logos or watermark.",作成済み,,references/invidious.png
lately.png,最近,最近,"Subject: lately, target meaning ""最近"".

Composition: Show a calendar with only the most recent few days emphasized and one fresh event marker close to the present day.

Style: Use the attached invidious.png for drawing style only. Match its thick rounded dark-brown contours, simplified rounded shapes, and restrained 2D cartoon shading. Do not copy the reference subject or composition.

Framing: One compact composition, with the complete subject using about 80-90% of the square. Keep everything inside the frame.

Output: 512x512 PNG, RGBA, genuine transparent background. No text, numerals, labels, logos or watermark.",作成済み,,references/invidious.png
mum.png,しっ,しっ,"Subject: mum, target meaning ""しっ"".

Composition: Show one person holding an index finger gently to their lips while looking toward another person, clearly signaling silence.

Style: Use the attached invidious.png for drawing style only. Match its thick rounded dark-brown contours, simplified rounded shapes, and restrained 2D cartoon shading. Do not copy the reference subject or composition.

Framing: One compact composition, with the complete subject using about 80-90% of the square. Keep everything inside the frame.

Output: 512x512 PNG, RGBA, genuine transparent background. No text, numerals, labels, logos or watermark.",作成済み,,references/invidious.png
realise.png,気がつく,気がつく,"Subject: realise, target meaning ""気がつく"".

Composition: Show one person suddenly understanding a problem, eyes widening as they point to the correct puzzle piece with a small lightbulb-like realization cue.

Style: Use the attached invidious.png for drawing style only. Match its thick rounded dark-brown contours, simplified rounded shapes, and restrained 2D cartoon shading. Do not copy the reference subject or composition.

Framing: One compact composition, with the complete subject using about 80-90% of the square. Keep everything inside the frame.

Output: 512x512 PNG, RGBA, genuine transparent background. No text, numerals, labels, logos or watermark.",作成済み,,references/invidious.png
scholarly.png,学術的な,学術的な,"Subject: scholarly, target meaning ""学術的な"".

Composition: Show a scholar at a desk surrounded by reference books, notes, and a magnifying glass, reading carefully with focused expression.

Style: Use the attached invidious.png for drawing style only. Match its thick rounded dark-brown contours, simplified rounded shapes, and restrained 2D cartoon shading. Do not copy the reference subject or composition.

Framing: One compact composition, with the complete subject using about 80-90% of the square. Keep everything inside the frame.

Output: 512x512 PNG, RGBA, genuine transparent background. No text, numerals, labels, logos or watermark.",作成済み,,references/invidious.png
startled.png,びっくりした,びっくりした,"Subject: startled, target meaning ""びっくりした"".

Composition: Show one person jumping back with wide eyes, raised shoulders, and hands lifted after a harmless object suddenly falls nearby.

Style: Use the attached invidious.png for drawing style only. Match its thick rounded dark-brown contours, simplified rounded shapes, and restrained 2D cartoon shading. Do not copy the reference subject or composition.

Framing: One compact composition, with the complete subject using about 80-90% of the square. Keep everything inside the frame.

Output: 512x512 PNG, RGBA, genuine transparent background. No text, numerals, labels, logos or watermark.",作成済み,,references/invidious.png
th.png,木曜日(Thursday の略),木曜日(Thursday の略),"Subject: th, target meaning ""木曜日(Thursday の略)"".

Composition: Show a weekly calendar with the Thursday position emphasized between Wednesday and Friday, with no other text required.

Style: Use the attached invidious.png for drawing style only. Match its thick rounded dark-brown contours, simplified rounded shapes, and restrained 2D cartoon shading. Do not copy the reference subject or composition.

Framing: One compact composition, with the complete subject using about 80-90% of the square. Keep everything inside the frame.

Output: 512x512 PNG, RGBA, genuine transparent background. No text, numerals, labels, logos or watermark.",作成済み,,references/invidious.png
tropical.png,熱帯の,熱帯の,"Subject: tropical, target meaning ""熱帯の"".

Composition: Show a lush tropical scene with broad green leaves, palm trees, bright flowers, humid air, and warm sunlight.

Style: Use the attached invidious.png for drawing style only. Match its thick rounded dark-brown contours, simplified rounded shapes, and restrained 2D cartoon shading. Do not copy the reference subject or composition.

Framing: One compact composition, with the complete subject using about 80-90% of the square. Keep everything inside the frame.

Output: 512x512 PNG, RGBA, genuine transparent background. No text, numerals, labels, logos or watermark.",作成済み,,references/invidious.png
Anglo-.png,「英国,「英国,"Subject: Anglo-, target meaning ""「英国"".

Composition: Show a split cultural motif combining a subtle British flag pattern with an American city cue, expressing an Anglo- connection without written text.

Style: Use the attached invidious.png for drawing style only. Match its thick rounded dark-brown contours, simplified rounded shapes, and restrained 2D cartoon shading. Do not copy the reference subject or composition.

Framing: One compact composition, with the complete subject using about 80-90% of the square. Keep everything inside the frame.

Output: 512x512 PNG, RGBA, genuine transparent background. No text, numerals, labels, logos or watermark.",作成済み,,references/invidious.png
CEO.png,最高経営責任者,最高経営責任者,"Subject: CEO, target meaning ""最高経営責任者"".

Composition: Show a chief executive seated at the head of a boardroom table reviewing company charts while several managers listen.

Style: Use the attached invidious.png for drawing style only. Match its thick rounded dark-brown contours, simplified rounded shapes, and restrained 2D cartoon shading. Do not copy the reference subject or composition.

Framing: One compact composition, with the complete subject using about 80-90% of the square. Keep everything inside the frame.

Output: 512x512 PNG, RGBA, genuine transparent background. No text, numerals, labels, logos or watermark.",作成済み,,references/invidious.png
Hans.png,ハンス,ハンス,"Subject: Hans, target meaning ""ハンス"".

Composition: Show an adult man named Hans with blond-brown hair, simple European-style jacket, and calm friendly expression.

Style: Use the attached invidious.png for drawing style only. Match its thick rounded dark-brown contours, simplified rounded shapes, and restrained 2D cartoon shading. Do not copy the reference subject or composition.

Framing: One compact composition, with the complete subject using about 80-90% of the square. Keep everything inside the frame.

Output: 512x512 PNG, RGBA, genuine transparent background. No text, numerals, labels, logos or watermark.",作成済み,,references/invidious.png
Owen.png,オーウェン、オーエン,オーウェン,"Subject: Owen, target meaning ""オーウェン"".

Composition: Show an adult man named Owen with short brown hair, casual sweater, and open friendly smile.

Style: Use the attached invidious.png for drawing style only. Match its thick rounded dark-brown contours, simplified rounded shapes, and restrained 2D cartoon shading. Do not copy the reference subject or composition.

Framing: One compact composition, with the complete subject using about 80-90% of the square. Keep everything inside the frame.

Output: 512x512 PNG, RGBA, genuine transparent background. No text, numerals, labels, logos or watermark.",作成済み,,references/invidious.png
Solomon.png,ソロモン,ソロモン,"Subject: Solomon, target meaning ""ソロモン"".

Composition: Show biblical King Solomon in ancient royal robes seated on a throne, holding a scroll while two advisors stand nearby.

Style: Use the attached invidious.png for drawing style only. Match its thick rounded dark-brown contours, simplified rounded shapes, and restrained 2D cartoon shading. Do not copy the reference subject or composition.

Framing: One compact composition, with the complete subject using about 80-90% of the square. Keep everything inside the frame.

Output: 512x512 PNG, RGBA, genuine transparent background. No text, numerals, labels, logos or watermark.",作成済み,,references/invidious.png
architectural.png,建築学の、建築上の,建築学の,"Subject: architectural, target meaning ""建築学の"".

Composition: Show an architect's desk with floor plan, elevation drawing, scale ruler, and a small building model arranged together.

Style: Use the attached invidious.png for drawing style only. Match its thick rounded dark-brown contours, simplified rounded shapes, and restrained 2D cartoon shading. Do not copy the reference subject or composition.

Framing: One compact composition, with the complete subject using about 80-90% of the square. Keep everything inside the frame.

Output: 512x512 PNG, RGBA, genuine transparent background. No text, numerals, labels, logos or watermark.",作成済み,,references/invidious.png
defensive.png,防衛的な、守備の,防衛的な,"Subject: defensive, target meaning ""防衛的な"".

Composition: Show one person standing behind a shield with body turned protectively away from an approaching harmless object.

Style: Use the attached invidious.png for drawing style only. Match its thick rounded dark-brown contours, simplified rounded shapes, and restrained 2D cartoon shading. Do not copy the reference subject or composition.

Framing: One compact composition, with the complete subject using about 80-90% of the square. Keep everything inside the frame.

Output: 512x512 PNG, RGBA, genuine transparent background. No text, numerals, labels, logos or watermark.",作成済み,,references/invidious.png
esteem.png,尊重する,尊重する,"Subject: esteem, target meaning ""尊重する"".

Composition: Show one respected elder receiving a formal handshake and slight bow from another person, conveying high regard and respect.

Style: Use the attached invidious.png for drawing style only. Match its thick rounded dark-brown contours, simplified rounded shapes, and restrained 2D cartoon shading. Do not copy the reference subject or composition.

Framing: One compact composition, with the complete subject using about 80-90% of the square. Keep everything inside the frame.

Output: 512x512 PNG, RGBA, genuine transparent background. No text, numerals, labels, logos or watermark.",作成済み,,references/invidious.png
poetic.png,詩的な,詩的な,"Subject: poetic, target meaning ""詩的な"".

Composition: Show a handwritten poem page beside a feather pen and a small moon-and-flower illustration, with short verse lines visible but unreadable.

Style: Use the attached invidious.png for drawing style only. Match its thick rounded dark-brown contours, simplified rounded shapes, and restrained 2D cartoon shading. Do not copy the reference subject or composition.

Framing: One compact composition, with the complete subject using about 80-90% of the square. Keep everything inside the frame.

Output: 512x512 PNG, RGBA, genuine transparent background. No text, numerals, labels, logos or watermark.",作成済み,,references/invidious.png
solidarity.png,連帯,連帯,"Subject: solidarity, target meaning ""連帯"".

Composition: Show several people standing shoulder to shoulder with linked arms while facing the same direction together.

Style: Use the attached invidious.png for drawing style only. Match its thick rounded dark-brown contours, simplified rounded shapes, and restrained 2D cartoon shading. Do not copy the reference subject or composition.

Framing: One compact composition, with the complete subject using about 80-90% of the square. Keep everything inside the frame.

Output: 512x512 PNG, RGBA, genuine transparent background. No text, numerals, labels, logos or watermark.",作成済み,,references/invidious.png
visitor.png,訪問者、観光客,訪問者,"Subject: visitor, target meaning ""訪問者"".

Composition: Show one guest arriving at a house door with a small bag while the host opens the door in welcome.

Style: Use the attached invidious.png for drawing style only. Match its thick rounded dark-brown contours, simplified rounded shapes, and restrained 2D cartoon shading. Do not copy the reference subject or composition.

Framing: One compact composition, with the complete subject using about 80-90% of the square. Keep everything inside the frame.

Output: 512x512 PNG, RGBA, genuine transparent background. No text, numerals, labels, logos or watermark.",作成済み,,references/invidious.png
Athens.png,アテネ,アテネ,"Subject: Athens, target meaning ""アテネ"".

Composition: Show a compact Athens scene with the Parthenon on the Acropolis above white city buildings under a bright Mediterranean sky.

Style: Use the attached invidious.png for drawing style only. Match its thick rounded dark-brown contours, simplified rounded shapes, and restrained 2D cartoon shading. Do not copy the reference subject or composition.

Framing: One compact composition, with the complete subject using about 80-90% of the square. Keep everything inside the frame.

Output: 512x512 PNG, RGBA, genuine transparent background. No text, numerals, labels, logos or watermark.",作成済み,,references/invidious.png
alpha.png,α、Α,α,"Subject: alpha, target meaning ""α"".

Composition: Show the Greek letter α as one large clear typographic character centered on the image.

Style: Use the attached invidious.png for drawing style only. Match its thick rounded dark-brown contours, simplified rounded shapes, and restrained 2D cartoon shading. Do not copy the reference subject or composition.

Framing: One compact composition, with the complete subject using about 80-90% of the square. Keep everything inside the frame.

Output: 512x512 PNG, RGBA, genuine transparent background. No text, numerals, labels, logos or watermark.",作成済み,,references/invidious.png
arbitration.png,仲裁,仲裁,"Subject: arbitration, target meaning ""仲裁"".

Composition: Show two disagreeing people seated across a table while a neutral mediator in the middle points to a compromise document.

Style: Use the attached invidious.png for drawing style only. Match its thick rounded dark-brown contours, simplified rounded shapes, and restrained 2D cartoon shading. Do not copy the reference subject or composition.

Framing: One compact composition, with the complete subject using about 80-90% of the square. Keep everything inside the frame.

Output: 512x512 PNG, RGBA, genuine transparent background. No text, numerals, labels, logos or watermark.",作成済み,,references/invidious.png
audio.png,音声の,音声の,"Subject: audio, target meaning ""音声の"".

Composition: Show a pair of headphones beside a speaker emitting visible sound-wave lines, clearly representing audio.

Style: Use the attached invidious.png for drawing style only. Match its thick rounded dark-brown contours, simplified rounded shapes, and restrained 2D cartoon shading. Do not copy the reference subject or composition.

Framing: One compact composition, with the complete subject using about 80-90% of the square. Keep everything inside the frame.

Output: 512x512 PNG, RGBA, genuine transparent background. No text, numerals, labels, logos or watermark.",作成済み,,references/invidious.png
bomb.png,爆弾,爆弾,"Subject: bomb, target meaning ""爆弾"".

Composition: Show one inert cartoon-style spherical bomb with a short unlit fuse placed alone as a historical-symbol object, with no explosion or assembly detail.

Style: Use the attached invidious.png for drawing style only. Match its thick rounded dark-brown contours, simplified rounded shapes, and restrained 2D cartoon shading. Do not copy the reference subject or composition.

Framing: One compact composition, with the complete subject using about 80-90% of the square. Keep everything inside the frame.

Output: 512x512 PNG, RGBA, genuine transparent background. No text, numerals, labels, logos or watermark.",作成済み,,references/invidious.png
disturbed.png,かき乱された,かき乱された,"Subject: disturbed, target meaning ""かき乱された"".

Composition: Show a neatly arranged desk suddenly disordered by scattered papers and tipped objects, with one person reacting uneasily to the disruption.

Style: Use the attached invidious.png for drawing style only. Match its thick rounded dark-brown contours, simplified rounded shapes, and restrained 2D cartoon shading. Do not copy the reference subject or composition.

Framing: One compact composition, with the complete subject using about 80-90% of the square. Keep everything inside the frame.

Output: 512x512 PNG, RGBA, genuine transparent background. No text, numerals, labels, logos or watermark.",作成済み,,references/invidious.png
exhibition.png,展示,展示,"Subject: exhibition, target meaning ""展示"".

Composition: Show a gallery wall with several framed artworks and one sculpture on a pedestal while visitors walk through the display.

Style: Use the attached invidious.png for drawing style only. Match its thick rounded dark-brown contours, simplified rounded shapes, and restrained 2D cartoon shading. Do not copy the reference subject or composition.

Framing: One compact composition, with the complete subject using about 80-90% of the square. Keep everything inside the frame.

Output: 512x512 PNG, RGBA, genuine transparent background. No text, numerals, labels, logos or watermark.",作成済み,,references/invidious.png
motive.png,動機,動機,"Subject: motive, target meaning ""動機"".

Composition: Show one person looking toward a desired goal while holding a small note and taking a deliberate step toward it, emphasizing the reason behind action.

Style: Use the attached invidious.png for drawing style only. Match its thick rounded dark-brown contours, simplified rounded shapes, and restrained 2D cartoon shading. Do not copy the reference subject or composition.

Framing: One compact composition, with the complete subject using about 80-90% of the square. Keep everything inside the frame.

Output: 512x512 PNG, RGBA, genuine transparent background. No text, numerals, labels, logos or watermark.",作成済み,,references/invidious.png
pole@pag.png,棒,棒,"Subject: pole, target meaning ""棒"".

Composition: Show one long straight wooden pole lying diagonally, with uniform thickness and both ends fully visible.

Style: Use the attached invidious.png for drawing style only. Match its thick rounded dark-brown contours, simplified rounded shapes, and restrained 2D cartoon shading. Do not copy the reference subject or composition.

Framing: One compact composition, with the complete subject using about 80-90% of the square. Keep everything inside the frame.

Output: 512x512 PNG, RGBA, genuine transparent background. No text, numerals, labels, logos or watermark.",作成済み,,references/invidious.png
recognise.png,認識する,認識する,"Subject: recognise, target meaning ""認識する"".

Composition: Show one person seeing a familiar face in a crowd and immediately pointing with a bright expression of recognition.

Style: Use the attached invidious.png for drawing style only. Match its thick rounded dark-brown contours, simplified rounded shapes, and restrained 2D cartoon shading. Do not copy the reference subject or composition.

Framing: One compact composition, with the complete subject using about 80-90% of the square. Keep everything inside the frame.

Output: 512x512 PNG, RGBA, genuine transparent background. No text, numerals, labels, logos or watermark.",作成済み,,references/invidious.png
seventh.png,第7の,第7の,"Subject: seventh, target meaning ""第7の"".

Composition: Show seven identical blocks in a row with the seventh block clearly separated slightly from the first six.

Style: Use the attached invidious.png for drawing style only. Match its thick rounded dark-brown contours, simplified rounded shapes, and restrained 2D cartoon shading. Do not copy the reference subject or composition.

Framing: One compact composition, with the complete subject using about 80-90% of the square. Keep everything inside the frame.

Output: 512x512 PNG, RGBA, genuine transparent background. No incidental text, numerals, or labels beyond what is essential to the target meaning. No logos or watermark.",作成済み,,references/invidious.png
shaft.png,柄,柄,"Subject: shaft, target meaning ""柄"".

Composition: Show one hammer with the long wooden shaft clearly emphasized between handle end and metal head.

Style: Use the attached invidious.png for drawing style only. Match its thick rounded dark-brown contours, simplified rounded shapes, and restrained 2D cartoon shading. Do not copy the reference subject or composition.

Framing: One compact composition, with the complete subject using about 80-90% of the square. Keep everything inside the frame.

Output: 512x512 PNG, RGBA, genuine transparent background. No text, numerals, labels, logos or watermark.",作成済み,,references/invidious.png
temper.png,鎮める,鎮める,"Subject: temper, target meaning ""鎮める"".

Composition: Show one angry person taking a slow breath and lowering clenched fists until their posture visibly relaxes, clearly calming their temper.

Style: Use the attached invidious.png for drawing style only. Match its thick rounded dark-brown contours, simplified rounded shapes, and restrained 2D cartoon shading. Do not copy the reference subject or composition.

Framing: One compact composition, with the complete subject using about 80-90% of the square. Keep everything inside the frame.

Output: 512x512 PNG, RGBA, genuine transparent background. No text, numerals, labels, logos or watermark.",作成済み,,references/invidious.png
vs.png,対,対,"Subject: vs, target meaning ""対"".

Composition: Show two sports competitors facing each other from opposite sides of a central dividing line, ready to compete.

Style: Use the attached invidious.png for drawing style only. Match its thick rounded dark-brown contours, simplified rounded shapes, and restrained 2D cartoon shading. Do not copy the reference subject or composition.

Framing: One compact composition, with the complete subject using about 80-90% of the square. Keep everything inside the frame.

Output: 512x512 PNG, RGBA, genuine transparent background. No text, numerals, labels, logos or watermark.",作成済み,,references/invidious.png
wavelength.png,波長,波長,"Subject: wavelength, target meaning ""波長"".

Composition: Show one smooth sine wave with the horizontal distance between two neighboring peaks clearly marked by a bracket-like visual cue without text.

Style: Use the attached invidious.png for drawing style only. Match its thick rounded dark-brown contours, simplified rounded shapes, and restrained 2D cartoon shading. Do not copy the reference subject or composition.

Framing: One compact composition, with the complete subject using about 80-90% of the square. Keep everything inside the frame.

Output: 512x512 PNG, RGBA, genuine transparent background. No text, numerals, labels, logos or watermark.",作成済み,,references/invidious.png
Amsterdam.png,アムステルダム,アムステルダム,"Subject: Amsterdam, target meaning ""アムステルダム"".

Composition: Show a compact Amsterdam canal scene with narrow gabled houses, bicycles, arched bridge, and canal boats.

Style: Use the attached invidious.png for drawing style only. Match its thick rounded dark-brown contours, simplified rounded shapes, and restrained 2D cartoon shading. Do not copy the reference subject or composition.

Framing: One compact composition, with the complete subject using about 80-90% of the square. Keep everything inside the frame.

Output: 512x512 PNG, RGBA, genuine transparent background. No text, numerals, labels, logos or watermark.",作成済み,,references/invidious.png
Andy.png,アンディー,アンディー,"Subject: Andy, target meaning ""アンディー"".

Composition: Show an adult man named Andy with short dark hair, casual jacket, and warm relaxed expression.

Style: Use the attached invidious.png for drawing style only. Match its thick rounded dark-brown contours, simplified rounded shapes, and restrained 2D cartoon shading. Do not copy the reference subject or composition.

Framing: One compact composition, with the complete subject using about 80-90% of the square. Keep everything inside the frame.

Output: 512x512 PNG, RGBA, genuine transparent background. No text, numerals, labels, logos or watermark.",作成済み,,references/invidious.png
Hollywood.png,ハリウッド,ハリウッド,"Subject: Hollywood, target meaning ""ハリウッド"".

Composition: Show a stylized Los Angeles hillside with large white HOLLYWOOD-like block letters replaced by blank white blocks, plus studio lights and film camera cues.

Style: Use the attached invidious.png for drawing style only. Match its thick rounded dark-brown contours, simplified rounded shapes, and restrained 2D cartoon shading. Do not copy the reference subject or composition.

Framing: One compact composition, with the complete subject using about 80-90% of the square. Keep everything inside the frame.

Output: 512x512 PNG, RGBA, genuine transparent background. No text, numerals, labels, logos or watermark.",作成済み,,references/invidious.png
Juan.png,ジュアン、ファン,ジュアン,"Subject: Juan, target meaning ""ジュアン"".

Composition: Show an adult man named Juan with dark hair, simple collared shirt, and friendly confident expression.

Style: Use the attached invidious.png for drawing style only. Match its thick rounded dark-brown contours, simplified rounded shapes, and restrained 2D cartoon shading. Do not copy the reference subject or composition.

Framing: One compact composition, with the complete subject using about 80-90% of the square. Keep everything inside the frame.

Output: 512x512 PNG, RGBA, genuine transparent background. No text, numerals, labels, logos or watermark.",作成済み,,references/invidious.png
Ottoman.png,オスマン帝国の、オスマン帝国人の,オスマン帝国の,"Subject: Ottoman, target meaning ""オスマン帝国の"".

Composition: Show an Ottoman-era official in ornate robe and turban standing beside a domed palace and crescent motif, presented historically.

Style: Use the attached invidious.png for drawing style only. Match its thick rounded dark-brown contours, simplified rounded shapes, and restrained 2D cartoon shading. Do not copy the reference subject or composition.

Framing: One compact composition, with the complete subject using about 80-90% of the square. Keep everything inside the frame.

Output: 512x512 PNG, RGBA, genuine transparent background. No text, numerals, labels, logos or watermark.",作成済み,,references/invidious.png
UV.png,紫外,紫外,"Subject: UV, target meaning ""紫外"".

Composition: Show invisible ultraviolet light represented by violet rays shining from a sunlamp onto a surface, with fluorescence glowing where the rays strike.

Style: Use the attached invidious.png for drawing style only. Match its thick rounded dark-brown contours, simplified rounded shapes, and restrained 2D cartoon shading. Do not copy the reference subject or composition.

Framing: One compact composition, with the complete subject using about 80-90% of the square. Keep everything inside the frame.

Output: 512x512 PNG, RGBA, genuine transparent background. No text, numerals, labels, logos or watermark.",作成済み,,references/invidious.png
clue.png,手がかり,手がかり,"Subject: clue, target meaning ""手がかり"".

Composition: Show a detective's table with one fingerprint, a torn fabric piece, and a key arranged beside a magnifying glass, clearly serving as clues.

Style: Use the attached invidious.png for drawing style only. Match its thick rounded dark-brown contours, simplified rounded shapes, and restrained 2D cartoon shading. Do not copy the reference subject or composition.

Framing: One compact composition, with the complete subject using about 80-90% of the square. Keep everything inside the frame.

Output: 512x512 PNG, RGBA, genuine transparent background. No text, numerals, labels, logos or watermark.",作成済み,,references/invidious.png
distal.png,末梢部の,末梢部の,"Subject: distal, target meaning ""末梢部の"".

Composition: Show an arm with the hand far from the shoulder, highlighting the fingers and wrist as the distal end of the limb.

Style: Use the attached invidious.png for drawing style only. Match its thick rounded dark-brown contours, simplified rounded shapes, and restrained 2D cartoon shading. Do not copy the reference subject or composition.

Framing: One compact composition, with the complete subject using about 80-90% of the square. Keep everything inside the frame.

Output: 512x512 PNG, RGBA, genuine transparent background. No text, numerals, labels, logos or watermark.",作成済み,,references/invidious.png
goodbye.png,別れの言葉、さようならと言うこと,別れの言葉,"Subject: goodbye, target meaning ""別れの言葉"".

Composition: Show two people parting at a doorway, one waving while the other walks away carrying a bag.

Style: Use the attached invidious.png for drawing style only. Match its thick rounded dark-brown contours, simplified rounded shapes, and restrained 2D cartoon shading. Do not copy the reference subject or composition.

Framing: One compact composition, with the complete subject using about 80-90% of the square. Keep everything inside the frame.

Output: 512x512 PNG, RGBA, genuine transparent background. No text, numerals, labels, logos or watermark.",作成済み,,references/invidious.png
imaginary.png,想像上の,想像上の,"Subject: imaginary, target meaning ""想像上の"".

Composition: Show one child looking at an empty cardboard box while a colorful fantasy castle and dragon appear only in a thought bubble above.

Style: Use the attached invidious.png for drawing style only. Match its thick rounded dark-brown contours, simplified rounded shapes, and restrained 2D cartoon shading. Do not copy the reference subject or composition.

Framing: One compact composition, with the complete subject using about 80-90% of the square. Keep everything inside the frame.

Output: 512x512 PNG, RGBA, genuine transparent background. No text, numerals, labels, logos or watermark.",作成済み,,references/invidious.png
maid.png,お手伝い,お手伝い,"Subject: maid, target meaning ""お手伝い"".

Composition: Show a domestic helper in simple work clothes making a bed neatly inside a home bedroom.

Style: Use the attached invidious.png for drawing style only. Match its thick rounded dark-brown contours, simplified rounded shapes, and restrained 2D cartoon shading. Do not copy the reference subject or composition.

Framing: One compact composition, with the complete subject using about 80-90% of the square. Keep everything inside the frame.

Output: 512x512 PNG, RGBA, genuine transparent background. No text, numerals, labels, logos or watermark.",作成済み,,references/invidious.png
tourist.png,観光客,観光客,"Subject: tourist, target meaning ""観光客"".

Composition: Show one traveler with camera, map, backpack, and sunhat standing in front of a famous landmark.

Style: Use the attached invidious.png for drawing style only. Match its thick rounded dark-brown contours, simplified rounded shapes, and restrained 2D cartoon shading. Do not copy the reference subject or composition.

Framing: One compact composition, with the complete subject using about 80-90% of the square. Keep everything inside the frame.

Output: 512x512 PNG, RGBA, genuine transparent background. No text, numerals, labels, logos or watermark.",作成済み,,references/invidious.png
vegetation.png,植物,植物,"Subject: vegetation, target meaning ""植物"".

Composition: Show dense mixed vegetation with grasses, shrubs, ferns, and small trees covering the ground in one lush patch.

Style: Use the attached invidious.png for drawing style only. Match its thick rounded dark-brown contours, simplified rounded shapes, and restrained 2D cartoon shading. Do not copy the reference subject or composition.

Framing: One compact composition, with the complete subject using about 80-90% of the square. Keep everything inside the frame.

Output: 512x512 PNG, RGBA, genuine transparent background. No text, numerals, labels, logos or watermark.",作成済み,,references/invidious.png
Nathan.png,ネイサン,ネイサン,"Subject: Nathan, target meaning ""ネイサン"".

Composition: Show an adult man named Nathan with short dark-blond hair, blue shirt, and calm friendly smile.

Style: Use the attached invidious.png for drawing style only. Match its thick rounded dark-brown contours, simplified rounded shapes, and restrained 2D cartoon shading. Do not copy the reference subject or composition.

Framing: One compact composition, with the complete subject using about 80-90% of the square. Keep everything inside the frame.

Output: 512x512 PNG, RGBA, genuine transparent background. No text, numerals, labels, logos or watermark.",作成済み,,references/invidious.png
coronavirus.png,コロナウイルス,コロナウイルス,"Subject: coronavirus, target meaning ""コロナウイルス"".

Composition: Show enlarged spherical coronavirus particles with crown-like spike proteins around a clean cell illustration, educational and non-graphic.

Style: Use the attached invidious.png for drawing style only. Match its thick rounded dark-brown contours, simplified rounded shapes, and restrained 2D cartoon shading. Do not copy the reference subject or composition.

Framing: One compact composition, with the complete subject using about 80-90% of the square. Keep everything inside the frame.

Output: 512x512 PNG, RGBA, genuine transparent background. No text, numerals, labels, logos or watermark.",作成済み,,references/invidious.png
merit.png,長所,長所,"Subject: merit, target meaning ""長所"".

Composition: Show one worker presenting a well-made finished object while a supervisor points approvingly at the quality of the work.

Style: Use the attached invidious.png for drawing style only. Match its thick rounded dark-brown contours, simplified rounded shapes, and restrained 2D cartoon shading. Do not copy the reference subject or composition.

Framing: One compact composition, with the complete subject using about 80-90% of the square. Keep everything inside the frame.

Output: 512x512 PNG, RGBA, genuine transparent background. No text, numerals, labels, logos or watermark.",作成済み,,references/invidious.png
outward.png,外側の、外部からの,外側の,"Subject: outward, target meaning ""外側の"".

Composition: Show arrows moving from the center of a circle toward the outside in several directions, clearly indicating outward movement.

Style: Use the attached invidious.png for drawing style only. Match its thick rounded dark-brown contours, simplified rounded shapes, and restrained 2D cartoon shading. Do not copy the reference subject or composition.

Framing: One compact composition, with the complete subject using about 80-90% of the square. Keep everything inside the frame.

Output: 512x512 PNG, RGBA, genuine transparent background. No text, numerals, labels, logos or watermark.",作成済み,,references/invidious.png
prize@per5.png,賞,賞,"Subject: prize, target meaning ""賞"".

Composition: Show one gold trophy cup and medal on a small pedestal with confetti nearby, clearly representing a prize.

Style: Use the attached invidious.png for drawing style only. Match its thick rounded dark-brown contours, simplified rounded shapes, and restrained 2D cartoon shading. Do not copy the reference subject or composition.

Framing: One compact composition, with the complete subject using about 80-90% of the square. Keep everything inside the frame.

Output: 512x512 PNG, RGBA, genuine transparent background. No text, numerals, labels, logos or watermark.",作成済み,,references/invidious.png
pussy.png,膿状の,膿状の,"Subject: pussy, target meaning ""膿状の"".

Composition: Show a clean medical close-up of a small superficial skin lesion with a tiny yellow pus-filled center, non-graphic and clinical.

Style: Use the attached invidious.png for drawing style only. Match its thick rounded dark-brown contours, simplified rounded shapes, and restrained 2D cartoon shading. Do not copy the reference subject or composition.

Framing: One compact composition, with the complete subject using about 80-90% of the square. Keep everything inside the frame.

Output: 512x512 PNG, RGBA, genuine transparent background. No text, numerals, labels, logos or watermark.",作成済み,,references/invidious.png
rape.png,強姦,強姦,"Subject: rape, target meaning ""強姦"".

Composition: Show a non-graphic support scene after sexual assault: a distressed adult fully clothed and wrapped in a blanket speaking with a counselor while an evidence bag and police notebook sit nearby.

Style: Use the attached invidious.png for drawing style only. Match its thick rounded dark-brown contours, simplified rounded shapes, and restrained 2D cartoon shading. Do not copy the reference subject or composition.

Framing: One compact composition, with the complete subject using about 80-90% of the square. Keep everything inside the frame.

Output: 512x512 PNG, RGBA, genuine transparent background. No text, numerals, labels, logos or watermark.",作成済み,,references/invidious.png
sip.png,一口,一口,"Subject: sip, target meaning ""一口"".

Composition: Show one person lifting a small cup and taking a tiny single sip, with only a little liquid touching the lips.

Style: Use the attached invidious.png for drawing style only. Match its thick rounded dark-brown contours, simplified rounded shapes, and restrained 2D cartoon shading. Do not copy the reference subject or composition.

Framing: One compact composition, with the complete subject using about 80-90% of the square. Keep everything inside the frame.

Output: 512x512 PNG, RGBA, genuine transparent background. No text, numerals, labels, logos or watermark.",作成済み,,references/invidious.png
spouse.png,配偶者,配偶者,"Subject: spouse, target meaning ""配偶者"".

Composition: Show a married adult couple standing together with matching wedding rings clearly visible on their hands.

Style: Use the attached invidious.png for drawing style only. Match its thick rounded dark-brown contours, simplified rounded shapes, and restrained 2D cartoon shading. Do not copy the reference subject or composition.

Framing: One compact composition, with the complete subject using about 80-90% of the square. Keep everything inside the frame.

Output: 512x512 PNG, RGBA, genuine transparent background. No text, numerals, labels, logos or watermark.",作成済み,,references/invidious.png
tactics.png,戦術,戦術,"Subject: tactics, target meaning ""戦術"".

Composition: Show a sports coach moving player magnets on a field board to arrange a specific play before a match.

Style: Use the attached invidious.png for drawing style only. Match its thick rounded dark-brown contours, simplified rounded shapes, and restrained 2D cartoon shading. Do not copy the reference subject or composition.

Framing: One compact composition, with the complete subject using about 80-90% of the square. Keep everything inside the frame.

Output: 512x512 PNG, RGBA, genuine transparent background. No text, numerals, labels, logos or watermark.",作成済み,,references/invidious.png
tear@dakru.png,涙,涙,"Subject: tear, target meaning ""涙"".

Composition: Show one clear tear forming at the corner of an eye and rolling down the cheek.

Style: Use the attached invidious.png for drawing style only. Match its thick rounded dark-brown contours, simplified rounded shapes, and restrained 2D cartoon shading. Do not copy the reference subject or composition.

Framing: One compact composition, with the complete subject using about 80-90% of the square. Keep everything inside the frame.

Output: 512x512 PNG, RGBA, genuine transparent background. No text, numerals, labels, logos or watermark.",作成済み,,references/invidious.png
unhappy.png,不運な、不幸な,不運な,"Subject: unhappy, target meaning ""不運な"".

Composition: Show one person sitting with slumped shoulders, downturned mouth, and lowered gaze beside a canceled-plan calendar.

Style: Use the attached invidious.png for drawing style only. Match its thick rounded dark-brown contours, simplified rounded shapes, and restrained 2D cartoon shading. Do not copy the reference subject or composition.

Framing: One compact composition, with the complete subject using about 80-90% of the square. Keep everything inside the frame.

Output: 512x512 PNG, RGBA, genuine transparent background. No text, numerals, labels, logos or watermark.",作成済み,,references/invidious.png
warrant.png,召喚状,召喚状,"Subject: warrant, target meaning ""召喚状"".

Composition: Show an official legal paper bearing a court seal being handed from a judge's clerk to an officer, with text unreadable.

Style: Use the attached invidious.png for drawing style only. Match its thick rounded dark-brown contours, simplified rounded shapes, and restrained 2D cartoon shading. Do not copy the reference subject or composition.

Framing: One compact composition, with the complete subject using about 80-90% of the square. Keep everything inside the frame.

Output: 512x512 PNG, RGBA, genuine transparent background. No text, numerals, labels, logos or watermark.",作成済み,,references/invidious.png
wilderness.png,荒野,荒野,"Subject: wilderness, target meaning ""荒野"".

Composition: Show a remote untamed landscape of mountains, forest, river, and no buildings or roads anywhere in view.

Style: Use the attached invidious.png for drawing style only. Match its thick rounded dark-brown contours, simplified rounded shapes, and restrained 2D cartoon shading. Do not copy the reference subject or composition.

Framing: One compact composition, with the complete subject using about 80-90% of the square. Keep everything inside the frame.

Output: 512x512 PNG, RGBA, genuine transparent background. No text, numerals, labels, logos or watermark.",作成済み,,references/invidious.png
wireless.png,無線の,無線の,"Subject: wireless, target meaning ""無線の"".

Composition: Show a laptop and smartphone exchanging curved radio-wave signals through the air with no cable connecting them.

Style: Use the attached invidious.png for drawing style only. Match its thick rounded dark-brown contours, simplified rounded shapes, and restrained 2D cartoon shading. Do not copy the reference subject or composition.

Framing: One compact composition, with the complete subject using about 80-90% of the square. Keep everything inside the frame.

Output: 512x512 PNG, RGBA, genuine transparent background. No text, numerals, labels, logos or watermark.",作成済み,,references/invidious.png
Caroline.png,キャロライン,キャロライン,"Subject: Caroline, target meaning ""キャロライン"".

Composition: Show a young adult woman named Caroline with long brown hair, simple blouse, and friendly poised expression.

Style: Use the attached invidious.png for drawing style only. Match its thick rounded dark-brown contours, simplified rounded shapes, and restrained 2D cartoon shading. Do not copy the reference subject or composition.

Framing: One compact composition, with the complete subject using about 80-90% of the square. Keep everything inside the frame.

Output: 512x512 PNG, RGBA, genuine transparent background. No text, numerals, labels, logos or watermark.",作成済み,,references/invidious.png
Johnny.png,ジョニー,ジョニー,"Subject: Johnny, target meaning ""ジョニー"".

Composition: Show a young adult man named Johnny with short dark hair, denim jacket, and cheerful casual expression.

Style: Use the attached invidious.png for drawing style only. Match its thick rounded dark-brown contours, simplified rounded shapes, and restrained 2D cartoon shading. Do not copy the reference subject or composition.

Framing: One compact composition, with the complete subject using about 80-90% of the square. Keep everything inside the frame.

Output: 512x512 PNG, RGBA, genuine transparent background. No text, numerals, labels, logos or watermark.",作成済み,,references/invidious.png
Tokyo.png,東京,東京,"Subject: Tokyo, target meaning ""東京"".

Composition: Show a compact Tokyo scene with dense high-rise buildings, a busy crosswalk, Tokyo Tower-like landmark, and neon-style color blocks without text.

Style: Use the attached invidious.png for drawing style only. Match its thick rounded dark-brown contours, simplified rounded shapes, and restrained 2D cartoon shading. Do not copy the reference subject or composition.

Framing: One compact composition, with the complete subject using about 80-90% of the square. Keep everything inside the frame.

Output: 512x512 PNG, RGBA, genuine transparent background. No text, numerals, labels, logos or watermark.",作成済み,,references/invidious.png
burnt.png,焼いた、焼けた,焼いた,"Subject: burnt, target meaning ""焼いた"".

Composition: Show a slice of toast with clearly blackened charred edges and dark burnt surface beside a normal golden slice.

Style: Use the attached invidious.png for drawing style only. Match its thick rounded dark-brown contours, simplified rounded shapes, and restrained 2D cartoon shading. Do not copy the reference subject or composition.

Framing: One compact composition, with the complete subject using about 80-90% of the square. Keep everything inside the frame.

Output: 512x512 PNG, RGBA, genuine transparent background. No text, numerals, labels, logos or watermark.",作成済み,,references/invidious.png
charming.png,魅力的な,魅力的な,"Subject: charming, target meaning ""魅力的な"".

Composition: Show one well-dressed person smiling warmly while another nearby person turns toward them with visibly delighted expression.

Style: Use the attached invidious.png for drawing style only. Match its thick rounded dark-brown contours, simplified rounded shapes, and restrained 2D cartoon shading. Do not copy the reference subject or composition.

Framing: One compact composition, with the complete subject using about 80-90% of the square. Keep everything inside the frame.

Output: 512x512 PNG, RGBA, genuine transparent background. No text, numerals, labels, logos or watermark.",作成済み,,references/invidious.png
coin.png,コイン、硬貨,コイン,"Subject: coin, target meaning ""コイン"".

Composition: Show one metal coin in close-up with raised rim and generic embossed symbol, plus a small stack of matching coins.

Style: Use the attached invidious.png for drawing style only. Match its thick rounded dark-brown contours, simplified rounded shapes, and restrained 2D cartoon shading. Do not copy the reference subject or composition.

Framing: One compact composition, with the complete subject using about 80-90% of the square. Keep everything inside the frame.

Output: 512x512 PNG, RGBA, genuine transparent background. No text, numerals, labels, logos or watermark.",作成済み,,references/invidious.png
enhancement.png,強化、増強,強化,"Subject: enhancement, target meaning ""強化"".

Composition: Show a dim blurry photograph on the left becoming brighter and sharper on the right, with improved detail clearly visible.

Style: Use the attached invidious.png for drawing style only. Match its thick rounded dark-brown contours, simplified rounded shapes, and restrained 2D cartoon shading. Do not copy the reference subject or composition.

Framing: One compact composition, with the complete subject using about 80-90% of the square. Keep everything inside the frame.

Output: 512x512 PNG, RGBA, genuine transparent background. No text, numerals, labels, logos or watermark.",作成済み,,references/invidious.png
er.png,えー,えー,"Subject: er, target meaning ""えー"".

Composition: Show one hesitant speaker pausing mid-sentence with raised eyebrows and mouth slightly open, searching for words.

Style: Use the attached invidious.png for drawing style only. Match its thick rounded dark-brown contours, simplified rounded shapes, and restrained 2D cartoon shading. Do not copy the reference subject or composition.

Framing: One compact composition, with the complete subject using about 80-90% of the square. Keep everything inside the frame.

Output: 512x512 PNG, RGBA, genuine transparent background. No text, numerals, labels, logos or watermark.",作成済み,,references/invidious.png
overlap.png,重なる、重ね合わせる,重なる,"Subject: overlap, target meaning ""重なる"".

Composition: Show two translucent colored circles partly covering each other so the overlapping central area is clearly visible.

Style: Use the attached invidious.png for drawing style only. Match its thick rounded dark-brown contours, simplified rounded shapes, and restrained 2D cartoon shading. Do not copy the reference subject or composition.

Framing: One compact composition, with the complete subject using about 80-90% of the square. Keep everything inside the frame.

Output: 512x512 PNG, RGBA, genuine transparent background. No text, numerals, labels, logos or watermark.",作成済み,,references/invidious.png
practiced.png,練習を積んだ,練習を積んだ,"Subject: practiced, target meaning ""練習を積んだ"".

Composition: Show one musician playing a difficult passage smoothly from memory while a stack of worn practice sheets sits nearby.

Style: Use the attached invidious.png for drawing style only. Match its thick rounded dark-brown contours, simplified rounded shapes, and restrained 2D cartoon shading. Do not copy the reference subject or composition.

Framing: One compact composition, with the complete subject using about 80-90% of the square. Keep everything inside the frame.

Output: 512x512 PNG, RGBA, genuine transparent background. No text, numerals, labels, logos or watermark.",作成済み,,references/invidious.png
rifle.png,ライフル銃,ライフル銃,"Subject: rifle, target meaning ""ライフル銃"".

Composition: Show one inert hunting rifle in side view resting on a padded display stand, with stock, barrel, trigger guard, and sights clearly visible; no firing scene.

Style: Use the attached invidious.png for drawing style only. Match its thick rounded dark-brown contours, simplified rounded shapes, and restrained 2D cartoon shading. Do not copy the reference subject or composition.

Framing: One compact composition, with the complete subject using about 80-90% of the square. Keep everything inside the frame.

Output: 512x512 PNG, RGBA, genuine transparent background. No text, numerals, labels, logos or watermark.",作成済み,,references/invidious.png
sensible.png,分別のある,分別のある,"Subject: sensible, target meaning ""分別のある"".

Composition: Show one person choosing a sturdy umbrella and raincoat before leaving into heavy rain while another unsuitable option is left behind.

Style: Use the attached invidious.png for drawing style only. Match its thick rounded dark-brown contours, simplified rounded shapes, and restrained 2D cartoon shading. Do not copy the reference subject or composition.

Framing: One compact composition, with the complete subject using about 80-90% of the square. Keep everything inside the frame.

Output: 512x512 PNG, RGBA, genuine transparent background. No text, numerals, labels, logos or watermark.",作成済み,,references/invidious.png
unfortunate.png,不運な、不幸な,不運な,"Subject: unfortunate, target meaning ""不運な"".

Composition: Show one traveler standing beside a flat tire in pouring rain with a missed bus departing in the distance, clearly experiencing bad luck.

Style: Use the attached invidious.png for drawing style only. Match its thick rounded dark-brown contours, simplified rounded shapes, and restrained 2D cartoon shading. Do not copy the reference subject or composition.

Framing: One compact composition, with the complete subject using about 80-90% of the square. Keep everything inside the frame.

Output: 512x512 PNG, RGBA, genuine transparent background. No text, numerals, labels, logos or watermark.",作成済み,,references/invidious.png
vacuum.png,真空,真空,"Subject: vacuum, target meaning ""真空"".

Composition: Show a sealed transparent chamber with almost all air removed, represented by sparse particles inside and many particles outside.

Style: Use the attached invidious.png for drawing style only. Match its thick rounded dark-brown contours, simplified rounded shapes, and restrained 2D cartoon shading. Do not copy the reference subject or composition.

Framing: One compact composition, with the complete subject using about 80-90% of the square. Keep everything inside the frame.

Output: 512x512 PNG, RGBA, genuine transparent background. No text, numerals, labels, logos or watermark.",作成済み,,references/invidious.png
warrior.png,武人,武人,"Subject: warrior, target meaning ""武人"".

Composition: Show a historical warrior in simple armor holding a shield and sheathed sword in a ready but non-combat pose.

Style: Use the attached invidious.png for drawing style only. Match its thick rounded dark-brown contours, simplified rounded shapes, and restrained 2D cartoon shading. Do not copy the reference subject or composition.

Framing: One compact composition, with the complete subject using about 80-90% of the square. Keep everything inside the frame.

Output: 512x512 PNG, RGBA, genuine transparent background. No text, numerals, labels, logos or watermark.",作成済み,,references/invidious.png
Alfred.png,アルフレッド,アルフレッド,"Subject: Alfred, target meaning ""アルフレッド"".

Composition: Show an adult man named Alfred with neatly combed gray-brown hair, dark sweater, and calm dignified expression.

Style: Use the attached invidious.png for drawing style only. Match its thick rounded dark-brown contours, simplified rounded shapes, and restrained 2D cartoon shading. Do not copy the reference subject or composition.

Framing: One compact composition, with the complete subject using about 80-90% of the square. Keep everything inside the frame.

Output: 512x512 PNG, RGBA, genuine transparent background. No text, numerals, labels, logos or watermark.",作成済み,,references/invidious.png
Dick.png,ディック,ディック,"Subject: Dick, target meaning ""ディック"".

Composition: Show an adult man named Dick with short brown hair, casual collared shirt, and friendly relaxed expression.

Style: Use the attached invidious.png for drawing style only. Match its thick rounded dark-brown contours, simplified rounded shapes, and restrained 2D cartoon shading. Do not copy the reference subject or composition.

Framing: One compact composition, with the complete subject using about 80-90% of the square. Keep everything inside the frame.

Output: 512x512 PNG, RGBA, genuine transparent background. No text, numerals, labels, logos or watermark.",作成済み,,references/invidious.png
Jersey_cap.png,ジャージー,ジャージー,"Subject: Jersey, target meaning ""ジャージー"".

Composition: Show the island of Jersey as a small coastal map silhouette beside cliffs, green fields, and Channel-island shoreline.

Style: Use the attached invidious.png for drawing style only. Match its thick rounded dark-brown contours, simplified rounded shapes, and restrained 2D cartoon shading. Do not copy the reference subject or composition.

Framing: One compact composition, with the complete subject using about 80-90% of the square. Keep everything inside the frame.

Output: 512x512 PNG, RGBA, genuine transparent background. No text, numerals, labels, logos or watermark.",作成済み,,references/invidious.png
Madison.png,マディソン、マジソン,マディソン,"Subject: Madison, target meaning ""マディソン"".

Composition: Show an adult person named Madison with medium-length brown hair, casual jacket, and friendly modern expression.

Style: Use the attached invidious.png for drawing style only. Match its thick rounded dark-brown contours, simplified rounded shapes, and restrained 2D cartoon shading. Do not copy the reference subject or composition.

Framing: One compact composition, with the complete subject using about 80-90% of the square. Keep everything inside the frame.

Output: 512x512 PNG, RGBA, genuine transparent background. No text, numerals, labels, logos or watermark.",作成済み,,references/invidious.png
accustomed.png,慣れて、習慣で,慣れて,"Subject: accustomed, target meaning ""慣れて"".

Composition: Show one commuter moving through the same morning routine—coffee, bag, train card—with effortless familiar motions.

Style: Use the attached invidious.png for drawing style only. Match its thick rounded dark-brown contours, simplified rounded shapes, and restrained 2D cartoon shading. Do not copy the reference subject or composition.

Framing: One compact composition, with the complete subject using about 80-90% of the square. Keep everything inside the frame.

Output: 512x512 PNG, RGBA, genuine transparent background. No text, numerals, labels, logos or watermark.",作成済み,,references/invidious.png
ash@as.png,灰,灰,"Subject: ash, target meaning ""灰"".

Composition: Show a small pile of pale gray ash left after a burned log, with fine powder texture and no active flame.

Style: Use the attached invidious.png for drawing style only. Match its thick rounded dark-brown contours, simplified rounded shapes, and restrained 2D cartoon shading. Do not copy the reference subject or composition.

Framing: One compact composition, with the complete subject using about 80-90% of the square. Keep everything inside the frame.

Output: 512x512 PNG, RGBA, genuine transparent background. No text, numerals, labels, logos or watermark.",作成済み,,references/invidious.png
cow.png,雌牛,雌牛,"Subject: cow, target meaning ""雌牛"".

Composition: Show one adult female cow in side view with udder, broad body, and calm farm posture.

Style: Use the attached invidious.png for drawing style only. Match its thick rounded dark-brown contours, simplified rounded shapes, and restrained 2D cartoon shading. Do not copy the reference subject or composition.

Framing: One compact composition, with the complete subject using about 80-90% of the square. Keep everything inside the frame.

Output: 512x512 PNG, RGBA, genuine transparent background. No text, numerals, labels, logos or watermark.",作成済み,,references/invidious.png
cultivated.png,耕作された,耕作された,"Subject: cultivated, target meaning ""耕作された"".

Composition: Show neatly plowed and planted crop rows in a field, with irrigation lines and healthy young plants.

Style: Use the attached invidious.png for drawing style only. Match its thick rounded dark-brown contours, simplified rounded shapes, and restrained 2D cartoon shading. Do not copy the reference subject or composition.

Framing: One compact composition, with the complete subject using about 80-90% of the square. Keep everything inside the frame.

Output: 512x512 PNG, RGBA, genuine transparent background. No text, numerals, labels, logos or watermark.",作成済み,,references/invidious.png
deformation.png,変形、奇形,変形,"Subject: deformation, target meaning ""変形"".

Composition: Show a straight metal bar beside a second identical bar permanently bent out of shape after pressure.

Style: Use the attached invidious.png for drawing style only. Match its thick rounded dark-brown contours, simplified rounded shapes, and restrained 2D cartoon shading. Do not copy the reference subject or composition.

Framing: One compact composition, with the complete subject using about 80-90% of the square. Keep everything inside the frame.

Output: 512x512 PNG, RGBA, genuine transparent background. No text, numerals, labels, logos or watermark.",作成済み,,references/invidious.png
inference.png,推論、推測,推論,"Subject: inference, target meaning ""推論"".

Composition: Show three visible clues—a wet umbrella, puddle, and dark clouds—leading one person to point toward a rain conclusion icon.

Style: Use the attached invidious.png for drawing style only. Match its thick rounded dark-brown contours, simplified rounded shapes, and restrained 2D cartoon shading. Do not copy the reference subject or composition.

Framing: One compact composition, with the complete subject using about 80-90% of the square. Keep everything inside the frame.

Output: 512x512 PNG, RGBA, genuine transparent background. No text, numerals, labels, logos or watermark.",作成済み,,references/invidious.png
marble.png,大理石、大理石模様,大理石,"Subject: marble, target meaning ""大理石"".

Composition: Show one polished slab of white marble with gray veining and a small cut cube revealing the stone texture.

Style: Use the attached invidious.png for drawing style only. Match its thick rounded dark-brown contours, simplified rounded shapes, and restrained 2D cartoon shading. Do not copy the reference subject or composition.

Framing: One compact composition, with the complete subject using about 80-90% of the square. Keep everything inside the frame.

Output: 512x512 PNG, RGBA, genuine transparent background. No text, numerals, labels, logos or watermark.",作成済み,,references/invidious.png
mistaken.png,間違った,間違った,"Subject: mistaken, target meaning ""間違った"".

Composition: Show one person confidently placing the wrong key into a lock, then noticing the correct key beside it with surprised expression.

Style: Use the attached invidious.png for drawing style only. Match its thick rounded dark-brown contours, simplified rounded shapes, and restrained 2D cartoon shading. Do not copy the reference subject or composition.

Framing: One compact composition, with the complete subject using about 80-90% of the square. Keep everything inside the frame.

Output: 512x512 PNG, RGBA, genuine transparent background. No text, numerals, labels, logos or watermark.",作成済み,,references/invidious.png
scattering.png,四散する,四散する,"Subject: scattering, target meaning ""四散する"".

Composition: Show a cluster of small beads struck at the center and flying outward in many different directions.

Style: Use the attached invidious.png for drawing style only. Match its thick rounded dark-brown contours, simplified rounded shapes, and restrained 2D cartoon shading. Do not copy the reference subject or composition.

Framing: One compact composition, with the complete subject using about 80-90% of the square. Keep everything inside the frame.

Output: 512x512 PNG, RGBA, genuine transparent background. No text, numerals, labels, logos or watermark.",作成済み,,references/invidious.png
undergo.png,経験する,経験する,"Subject: undergo, target meaning ""経験する"".

Composition: Show one patient calmly going through a medical scan while a technician monitors the process, emphasizing experiencing a procedure.

Style: Use the attached invidious.png for drawing style only. Match its thick rounded dark-brown contours, simplified rounded shapes, and restrained 2D cartoon shading. Do not copy the reference subject or composition.

Framing: One compact composition, with the complete subject using about 80-90% of the square. Keep everything inside the frame.

Output: 512x512 PNG, RGBA, genuine transparent background. No text, numerals, labels, logos or watermark.",作成済み,,references/invidious.png
Kings.png,列王記(旧約聖書の二書),列王記(旧約聖書の二書),"Subject: Kings, target meaning ""列王記(旧約聖書の二書)"".

Composition: Show two old biblical books side by side with royal crown motifs and ancient parchment pages, representing the Books of Kings without readable titles.

Style: Use the attached invidious.png for drawing style only. Match its thick rounded dark-brown contours, simplified rounded shapes, and restrained 2D cartoon shading. Do not copy the reference subject or composition.

Framing: One compact composition, with the complete subject using about 80-90% of the square. Keep everything inside the frame.

Output: 512x512 PNG, RGBA, genuine transparent background. No text, numerals, labels, logos or watermark.",作成済み,,references/invidious.png
Muhammad.png,ムハマド、ムハメド,ムハマド,"Subject: Muhammad, target meaning ""ムハマド"".

Composition: Show a respectful 7th-century Arabian religious leader from behind in simple robe and cloak, face not visible, standing before a small early mosque and gathered listeners.

Style: Use the attached invidious.png for drawing style only. Match its thick rounded dark-brown contours, simplified rounded shapes, and restrained 2D cartoon shading. Do not copy the reference subject or composition.

Framing: One compact composition, with the complete subject using about 80-90% of the square. Keep everything inside the frame.

Output: 512x512 PNG, RGBA, genuine transparent background. No text, numerals, labels, logos or watermark.",作成済み,,references/invidious.png
Rebecca.png,レベッカ、リベカ,レベッカ,"Subject: Rebecca, target meaning ""レベッカ"".

Composition: Show an adult woman named Rebecca with long dark hair, simple blouse, and warm composed expression.

Style: Use the attached invidious.png for drawing style only. Match its thick rounded dark-brown contours, simplified rounded shapes, and restrained 2D cartoon shading. Do not copy the reference subject or composition.

Framing: One compact composition, with the complete subject using about 80-90% of the square. Keep everything inside the frame.

Output: 512x512 PNG, RGBA, genuine transparent background. No text, numerals, labels, logos or watermark.",作成済み,,references/invidious.png
aqueous.png,水性の,水性の,"Subject: aqueous, target meaning ""水性の"".

Composition: Show a laboratory beaker containing a clear water-based solution with dissolved particles evenly dispersed throughout.

Style: Use the attached invidious.png for drawing style only. Match its thick rounded dark-brown contours, simplified rounded shapes, and restrained 2D cartoon shading. Do not copy the reference subject or composition.

Framing: One compact composition, with the complete subject using about 80-90% of the square. Keep everything inside the frame.

Output: 512x512 PNG, RGBA, genuine transparent background. No text, numerals, labels, logos or watermark.",作成済み,,references/invidious.png
civilian.png,民間人,民間人,"Subject: civilian, target meaning ""民間人"".

Composition: Show an ordinary non-uniformed citizen carrying groceries while military personnel pass in the distant background, clearly distinguishing civilian life.

Style: Use the attached invidious.png for drawing style only. Match its thick rounded dark-brown contours, simplified rounded shapes, and restrained 2D cartoon shading. Do not copy the reference subject or composition.

Framing: One compact composition, with the complete subject using about 80-90% of the square. Keep everything inside the frame.

Output: 512x512 PNG, RGBA, genuine transparent background. No text, numerals, labels, logos or watermark.",作成済み,,references/invidious.png
eyebrow.png,眉,眉,"Subject: eyebrow, target meaning ""眉"".

Composition: Show a close-up of one eye with the curved eyebrow directly above it clearly emphasized.

Style: Use the attached invidious.png for drawing style only. Match its thick rounded dark-brown contours, simplified rounded shapes, and restrained 2D cartoon shading. Do not copy the reference subject or composition.

Framing: One compact composition, with the complete subject using about 80-90% of the square. Keep everything inside the frame.

Output: 512x512 PNG, RGBA, genuine transparent background. No text, numerals, labels, logos or watermark.",作成済み,,references/invidious.png
lease.png,賃貸借契約,賃貸借契約,"Subject: lease, target meaning ""賃貸借契約"".

Composition: Show a tenant and landlord signing the same rental agreement while a house key rests between them on the table.

Style: Use the attached invidious.png for drawing style only. Match its thick rounded dark-brown contours, simplified rounded shapes, and restrained 2D cartoon shading. Do not copy the reference subject or composition.

Framing: One compact composition, with the complete subject using about 80-90% of the square. Keep everything inside the frame.

Output: 512x512 PNG, RGBA, genuine transparent background. No text, numerals, labels, logos or watermark.",作成済み,,references/invidious.png
lesion.png,損傷、病気,損傷,"Subject: lesion, target meaning ""損傷"".

Composition: Show a clean medical close-up of a small red skin lesion with defined border, non-graphic and clinical.

Style: Use the attached invidious.png for drawing style only. Match its thick rounded dark-brown contours, simplified rounded shapes, and restrained 2D cartoon shading. Do not copy the reference subject or composition.

Framing: One compact composition, with the complete subject using about 80-90% of the square. Keep everything inside the frame.

Output: 512x512 PNG, RGBA, genuine transparent background. No text, numerals, labels, logos or watermark.",作成済み,,references/invidious.png
liberation.png,解放,解放,"Subject: liberation, target meaning ""解放"".

Composition: Show a person stepping out through an opened cage door into bright open space, arms raised freely.

Style: Use the attached invidious.png for drawing style only. Match its thick rounded dark-brown contours, simplified rounded shapes, and restrained 2D cartoon shading. Do not copy the reference subject or composition.

Framing: One compact composition, with the complete subject using about 80-90% of the square. Keep everything inside the frame.

Output: 512x512 PNG, RGBA, genuine transparent background. No text, numerals, labels, logos or watermark.",作成済み,,references/invidious.png
merchant.png,商人,商人,"Subject: merchant, target meaning ""商人"".

Composition: Show a market merchant behind a stall arranging goods and exchanging coins with a customer.

Style: Use the attached invidious.png for drawing style only. Match its thick rounded dark-brown contours, simplified rounded shapes, and restrained 2D cartoon shading. Do not copy the reference subject or composition.

Framing: One compact composition, with the complete subject using about 80-90% of the square. Keep everything inside the frame.

Output: 512x512 PNG, RGBA, genuine transparent background. No text, numerals, labels, logos or watermark.",作成済み,,references/invidious.png
outbreak.png,発生,発生,"Subject: outbreak, target meaning ""発生"".

Composition: Show one sick plant at the center of a field with several nearby plants beginning to show the same spots, indicating an outbreak spreading.

Style: Use the attached invidious.png for drawing style only. Match its thick rounded dark-brown contours, simplified rounded shapes, and restrained 2D cartoon shading. Do not copy the reference subject or composition.

Framing: One compact composition, with the complete subject using about 80-90% of the square. Keep everything inside the frame.

Output: 512x512 PNG, RGBA, genuine transparent background. No text, numerals, labels, logos or watermark.",作成済み,,references/invidious.png
spinning.png,糸紡ぎ,糸紡ぎ,"Subject: spinning, target meaning ""糸紡ぎ"".

Composition: Show hands drawing fibers from a bundle of wool onto a spinning wheel as thread winds onto the spindle.

Style: Use the attached invidious.png for drawing style only. Match its thick rounded dark-brown contours, simplified rounded shapes, and restrained 2D cartoon shading. Do not copy the reference subject or composition.

Framing: One compact composition, with the complete subject using about 80-90% of the square. Keep everything inside the frame.

Output: 512x512 PNG, RGBA, genuine transparent background. No text, numerals, labels, logos or watermark.",作成済み,,references/invidious.png
wastewater.png,廃水,廃水,"Subject: wastewater, target meaning ""廃水"".

Composition: Show cloudy gray wastewater flowing from a pipe into a treatment tank, with cleaner water exiting a second pipe after filtration.

Style: Use the attached invidious.png for drawing style only. Match its thick rounded dark-brown contours, simplified rounded shapes, and restrained 2D cartoon shading. Do not copy the reference subject or composition.

Framing: One compact composition, with the complete subject using about 80-90% of the square. Keep everything inside the frame.

Output: 512x512 PNG, RGBA, genuine transparent background. No text, numerals, labels, logos or watermark.",作成済み,,references/invidious.png
amplitude.png,大きさ、大きいこと,大きさ,"Subject: amplitude, target meaning ""大きさ"".

Composition: Show one sine wave with a tall peak and deep trough, with the vertical height from center line to peak emphasized by a bracket-like marker.

Style: Use the attached invidious.png for drawing style only. Match its thick rounded dark-brown contours, simplified rounded shapes, and restrained 2D cartoon shading. Do not copy the reference subject or composition.

Framing: One compact composition, with the complete subject using about 80-90% of the square. Keep everything inside the frame.

Output: 512x512 PNG, RGBA, genuine transparent background. No text, numerals, labels, logos or watermark.",作成済み,,references/invidious.png
