ファイル名,語義,対象語義,画像生成プロンプト,プロンプト準備状況,要確認理由,画風参照画像
um.png,ウーン,ウーン,"Subject: um, target meaning ""ウーン"".

Composition: Show one person hesitating mid-thought with mouth slightly open, eyes looking upward, and one hand paused in the air as they search for words.

Style: Use the attached invidious.png for drawing style only. Match its thick rounded dark-brown contours, simplified rounded shapes, and restrained 2D cartoon shading. Do not copy the reference subject or composition.

Framing: One compact composition, with the complete subject using about 80-90% of the square. Keep everything inside the frame.

Output: 512x512 PNG, RGBA, genuine transparent background. No text, numerals, labels, logos or watermark.",作成済み,,references/invidious.png
Kansas.png,カンザス州,カンザス州,"Subject: Kansas, target meaning ""カンザス州"".

Composition: Show a Kansas scene with wide wheat fields, red barn, grain silo, and flat open prairie under a huge sky.

Style: Use the attached invidious.png for drawing style only. Match its thick rounded dark-brown contours, simplified rounded shapes, and restrained 2D cartoon shading. Do not copy the reference subject or composition.

Framing: One compact composition, with the complete subject using about 80-90% of the square. Keep everything inside the frame.

Output: 512x512 PNG, RGBA, genuine transparent background. No text, numerals, labels, logos or watermark.",作成済み,,references/invidious.png
Palestinian.png,パレスチナの、パレスチナ人,パレスチナの,"Subject: Palestinian, target meaning ""パレスチナの"".

Composition: Show a Palestinian adult in contemporary clothing beside olive trees, stone hillside homes, and embroidered textile patterns, presented neutrally.

Style: Use the attached invidious.png for drawing style only. Match its thick rounded dark-brown contours, simplified rounded shapes, and restrained 2D cartoon shading. Do not copy the reference subject or composition.

Framing: One compact composition, with the complete subject using about 80-90% of the square. Keep everything inside the frame.

Output: 512x512 PNG, RGBA, genuine transparent background. No text, numerals, labels, logos or watermark.",作成済み,,references/invidious.png
Socrates.png,ソクラテス,ソクラテス,"Subject: Socrates, target meaning ""ソクラテス"".

Composition: Show Socrates as an elderly bald Greek philosopher with beard, simple robe, and questioning gesture while speaking to a small group in an ancient agora.

Style: Use the attached invidious.png for drawing style only. Match its thick rounded dark-brown contours, simplified rounded shapes, and restrained 2D cartoon shading. Do not copy the reference subject or composition.

Framing: One compact composition, with the complete subject using about 80-90% of the square. Keep everything inside the frame.

Output: 512x512 PNG, RGBA, genuine transparent background. No text, numerals, labels, logos or watermark.",作成済み,,references/invidious.png
appealing.png,哀願的な,哀願的な,"Subject: appealing, target meaning ""哀願的な"".

Composition: Show one person pleading earnestly with clasped hands, raised eyebrows, and an imploring expression toward another person.

Style: Use the attached invidious.png for drawing style only. Match its thick rounded dark-brown contours, simplified rounded shapes, and restrained 2D cartoon shading. Do not copy the reference subject or composition.

Framing: One compact composition, with the complete subject using about 80-90% of the square. Keep everything inside the frame.

Output: 512x512 PNG, RGBA, genuine transparent background. No text, numerals, labels, logos or watermark.",作成済み,,references/invidious.png
authenticity.png,信ぴょう性、信頼性,信ぴょう性,"Subject: authenticity, target meaning ""信ぴょう性"".

Composition: Show an expert comparing a genuine antique object with a reference mark under a magnifying glass, then placing an approval seal beside the genuine item.

Style: Use the attached invidious.png for drawing style only. Match its thick rounded dark-brown contours, simplified rounded shapes, and restrained 2D cartoon shading. Do not copy the reference subject or composition.

Framing: One compact composition, with the complete subject using about 80-90% of the square. Keep everything inside the frame.

Output: 512x512 PNG, RGBA, genuine transparent background. No text, numerals, labels, logos or watermark.",作成済み,,references/invidious.png
cliff.png,がけ,がけ,"Subject: cliff, target meaning ""がけ"".

Composition: Show a steep rocky cliff dropping almost vertically from a high grassy edge down to the sea or valley below.

Style: Use the attached invidious.png for drawing style only. Match its thick rounded dark-brown contours, simplified rounded shapes, and restrained 2D cartoon shading. Do not copy the reference subject or composition.

Framing: One compact composition, with the complete subject using about 80-90% of the square. Keep everything inside the frame.

Output: 512x512 PNG, RGBA, genuine transparent background. No text, numerals, labels, logos or watermark.",作成済み,,references/invidious.png
guardian.png,監視者,監視者,"Subject: guardian, target meaning ""監視者"".

Composition: Show a responsible adult standing protectively beside a child or valuable object, alert and watchful while keeping the protected subject close.

Style: Use the attached invidious.png for drawing style only. Match its thick rounded dark-brown contours, simplified rounded shapes, and restrained 2D cartoon shading. Do not copy the reference subject or composition.

Framing: One compact composition, with the complete subject using about 80-90% of the square. Keep everything inside the frame.

Output: 512x512 PNG, RGBA, genuine transparent background. No text, numerals, labels, logos or watermark.",作成済み,,references/invidious.png
imposing.png,印象的な,印象的な,"Subject: imposing, target meaning ""印象的な"".

Composition: Show a massive grand building with tall columns and towering entrance dwarfing one small person at the base, creating an impressive commanding presence.

Style: Use the attached invidious.png for drawing style only. Match its thick rounded dark-brown contours, simplified rounded shapes, and restrained 2D cartoon shading. Do not copy the reference subject or composition.

Framing: One compact composition, with the complete subject using about 80-90% of the square. Keep everything inside the frame.

Output: 512x512 PNG, RGBA, genuine transparent background. No text, numerals, labels, logos or watermark.",作成済み,,references/invidious.png
in-depth.png,掘り下げた、徹底的な,掘り下げた,"Subject: in-depth, target meaning ""掘り下げた"".

Composition: Show a researcher examining one object layer by layer with magnifying glass, cross-section, notes, and careful close inspection rather than a quick glance.

Style: Use the attached invidious.png for drawing style only. Match its thick rounded dark-brown contours, simplified rounded shapes, and restrained 2D cartoon shading. Do not copy the reference subject or composition.

Framing: One compact composition, with the complete subject using about 80-90% of the square. Keep everything inside the frame.

Output: 512x512 PNG, RGBA, genuine transparent background. No text, numerals, labels, logos or watermark.",作成済み,,references/invidious.png
lust.png,切望する,切望する,"Subject: lust, target meaning ""切望する"".

Composition: Show one person gazing intensely at a desired object kept just out of reach, hands clenched and body leaning forward with strong longing.

Style: Use the attached invidious.png for drawing style only. Match its thick rounded dark-brown contours, simplified rounded shapes, and restrained 2D cartoon shading. Do not copy the reference subject or composition.

Framing: One compact composition, with the complete subject using about 80-90% of the square. Keep everything inside the frame.

Output: 512x512 PNG, RGBA, genuine transparent background. No text, numerals, labels, logos or watermark.",作成済み,,references/invidious.png
mist.png,霧,霧,"Subject: mist, target meaning ""霧"".

Composition: Show a low landscape partly obscured by thin pale mist, with nearby trees visible but distant forms fading softly.

Style: Use the attached invidious.png for drawing style only. Match its thick rounded dark-brown contours, simplified rounded shapes, and restrained 2D cartoon shading. Do not copy the reference subject or composition.

Framing: One compact composition, with the complete subject using about 80-90% of the square. Keep everything inside the frame.

Output: 512x512 PNG, RGBA, genuine transparent background. No text, numerals, labels, logos or watermark.",作成済み,,references/invidious.png
nail.png,つめ,つめ,"Subject: nail, target meaning ""つめ"".

Composition: Show one human fingernail in close-up on the tip of a finger, with nail plate, cuticle, and fingertip clearly visible.

Style: Use the attached invidious.png for drawing style only. Match its thick rounded dark-brown contours, simplified rounded shapes, and restrained 2D cartoon shading. Do not copy the reference subject or composition.

Framing: One compact composition, with the complete subject using about 80-90% of the square. Keep everything inside the frame.

Output: 512x512 PNG, RGBA, genuine transparent background. No text, numerals, labels, logos or watermark.",作成済み,,references/invidious.png
rental.png,賃借,賃借,"Subject: rental, target meaning ""賃借"".

Composition: Show one person receiving temporary use of a bicycle or key from an owner while handing over payment, with a return arrow implying it must be given back.

Style: Use the attached invidious.png for drawing style only. Match its thick rounded dark-brown contours, simplified rounded shapes, and restrained 2D cartoon shading. Do not copy the reference subject or composition.

Framing: One compact composition, with the complete subject using about 80-90% of the square. Keep everything inside the frame.

Output: 512x512 PNG, RGBA, genuine transparent background. No text, numerals, labels, logos or watermark.",作成済み,,references/invidious.png
sanctuary.png,聖域,聖域,"Subject: sanctuary, target meaning ""聖域"".

Composition: Show a peaceful protected refuge with a small shrine-like shelter, trees, and one person or animal resting safely inside away from danger.

Style: Use the attached invidious.png for drawing style only. Match its thick rounded dark-brown contours, simplified rounded shapes, and restrained 2D cartoon shading. Do not copy the reference subject or composition.

Framing: One compact composition, with the complete subject using about 80-90% of the square. Keep everything inside the frame.

Output: 512x512 PNG, RGBA, genuine transparent background. No text, numerals, labels, logos or watermark.",作成済み,,references/invidious.png
sixteenth.png,第16番の、16番目の,第16番の,"Subject: sixteenth, target meaning ""第16番の"".

Composition: Show sixteen identical objects in order with the sixteenth object at the end clearly emphasized.

Style: Use the attached invidious.png for drawing style only. Match its thick rounded dark-brown contours, simplified rounded shapes, and restrained 2D cartoon shading. Do not copy the reference subject or composition.

Framing: One compact composition, with the complete subject using about 80-90% of the square. Keep everything inside the frame.

Output: 512x512 PNG, RGBA, genuine transparent background. No incidental text, numerals, or labels beyond what is essential to the target meaning. No logos or watermark.",作成済み,,references/invidious.png
unfamiliar.png,慣れていない、親しくない,慣れていない,"Subject: unfamiliar, target meaning ""慣れていない"".

Composition: Show a traveler studying an unknown machine or map with hesitant posture, furrowed brow, and no sign of recognition.

Style: Use the attached invidious.png for drawing style only. Match its thick rounded dark-brown contours, simplified rounded shapes, and restrained 2D cartoon shading. Do not copy the reference subject or composition.

Framing: One compact composition, with the complete subject using about 80-90% of the square. Keep everything inside the frame.

Output: 512x512 PNG, RGBA, genuine transparent background. No text, numerals, labels, logos or watermark.",作成済み,,references/invidious.png
wildlife.png,野生生物,野生生物,"Subject: wildlife, target meaning ""野生生物"".

Composition: Show several wild animals—deer, fox, bird—living naturally in a forest habitat with no cages or human handling.

Style: Use the attached invidious.png for drawing style only. Match its thick rounded dark-brown contours, simplified rounded shapes, and restrained 2D cartoon shading. Do not copy the reference subject or composition.

Framing: One compact composition, with the complete subject using about 80-90% of the square. Keep everything inside the frame.

Output: 512x512 PNG, RGBA, genuine transparent background. No text, numerals, labels, logos or watermark.",作成済み,,references/invidious.png
Duncan.png,ダンカン,ダンカン,"Subject: Duncan, target meaning ""ダンカン"".

Composition: Show an adult man named Duncan with short brown hair, casual jacket, and friendly composed expression.

Style: Use the attached invidious.png for drawing style only. Match its thick rounded dark-brown contours, simplified rounded shapes, and restrained 2D cartoon shading. Do not copy the reference subject or composition.

Framing: One compact composition, with the complete subject using about 80-90% of the square. Keep everything inside the frame.

Output: 512x512 PNG, RGBA, genuine transparent background. No text, numerals, labels, logos or watermark.",作成済み,,references/invidious.png
Ella.png,エラ,エラ,"Subject: Ella, target meaning ""エラ"".

Composition: Show a young adult woman named Ella with shoulder-length dark hair, simple blouse, and bright friendly smile.

Style: Use the attached invidious.png for drawing style only. Match its thick rounded dark-brown contours, simplified rounded shapes, and restrained 2D cartoon shading. Do not copy the reference subject or composition.

Framing: One compact composition, with the complete subject using about 80-90% of the square. Keep everything inside the frame.

Output: 512x512 PNG, RGBA, genuine transparent background. No text, numerals, labels, logos or watermark.",作成済み,,references/invidious.png
Louise.png,ルイーズ,ルイーズ,"Subject: Louise, target meaning ""ルイーズ"".

Composition: Show an adult woman named Louise with light-brown hair, elegant simple cardigan, and calm warm expression.

Style: Use the attached invidious.png for drawing style only. Match its thick rounded dark-brown contours, simplified rounded shapes, and restrained 2D cartoon shading. Do not copy the reference subject or composition.

Framing: One compact composition, with the complete subject using about 80-90% of the square. Keep everything inside the frame.

Output: 512x512 PNG, RGBA, genuine transparent background. No text, numerals, labels, logos or watermark.",作成済み,,references/invidious.png
Missouri.png,ミズーリ州,ミズーリ州,"Subject: Missouri, target meaning ""ミズーリ州"".

Composition: Show a Missouri scene with broad river, rolling farmland, small town, and a gateway-arch-like city cue in the distance.

Style: Use the attached invidious.png for drawing style only. Match its thick rounded dark-brown contours, simplified rounded shapes, and restrained 2D cartoon shading. Do not copy the reference subject or composition.

Framing: One compact composition, with the complete subject using about 80-90% of the square. Keep everything inside the frame.

Output: 512x512 PNG, RGBA, genuine transparent background. No text, numerals, labels, logos or watermark.",作成済み,,references/invidious.png
clan.png,一族,一族,"Subject: clan, target meaning ""一族"".

Composition: Show a large extended family group of several generations gathered together under one shared family crest-like symbol with no text.

Style: Use the attached invidious.png for drawing style only. Match its thick rounded dark-brown contours, simplified rounded shapes, and restrained 2D cartoon shading. Do not copy the reference subject or composition.

Framing: One compact composition, with the complete subject using about 80-90% of the square. Keep everything inside the frame.

Output: 512x512 PNG, RGBA, genuine transparent background. No text, numerals, labels, logos or watermark.",作成済み,,references/invidious.png
com.png,喜劇、コメディ(comedy の略),喜劇,"Subject: com, target meaning ""喜劇"".

Composition: Show a simple comedy stage scene with an actor making an exaggerated harmless mistake while the audience laughs.

Style: Use the attached invidious.png for drawing style only. Match its thick rounded dark-brown contours, simplified rounded shapes, and restrained 2D cartoon shading. Do not copy the reference subject or composition.

Framing: One compact composition, with the complete subject using about 80-90% of the square. Keep everything inside the frame.

Output: 512x512 PNG, RGBA, genuine transparent background. No text, numerals, labels, logos or watermark.",作成済み,,references/invidious.png
distraction.png,気を散らすこと、気持ちをそらせること,気を散らすこと,"Subject: distraction, target meaning ""気を散らすこと"".

Composition: Show a student reading while a bright phone notification, nearby noise, and moving object pull their eyes away from the book.

Style: Use the attached invidious.png for drawing style only. Match its thick rounded dark-brown contours, simplified rounded shapes, and restrained 2D cartoon shading. Do not copy the reference subject or composition.

Framing: One compact composition, with the complete subject using about 80-90% of the square. Keep everything inside the frame.

Output: 512x512 PNG, RGBA, genuine transparent background. No text, numerals, labels, logos or watermark.",作成済み,,references/invidious.png
pharmaceutical.png,調剤の,調剤の,"Subject: pharmaceutical, target meaning ""調剤の"".

Composition: Show a pharmacist in a clean dispensary preparing packaged medicine beside bottles, blister packs, and a mortar, without brand labels or dosing instructions.

Style: Use the attached invidious.png for drawing style only. Match its thick rounded dark-brown contours, simplified rounded shapes, and restrained 2D cartoon shading. Do not copy the reference subject or composition.

Framing: One compact composition, with the complete subject using about 80-90% of the square. Keep everything inside the frame.

Output: 512x512 PNG, RGBA, genuine transparent background. No text, numerals, labels, logos or watermark.",作成済み,,references/invidious.png
pseudo.png,偽物の、まがいものの,偽物の,"Subject: pseudo, target meaning ""偽物の"".

Composition: Show a fake gemstone beside a genuine one, with the fake made from cheap glass and visibly imitating the real item.

Style: Use the attached invidious.png for drawing style only. Match its thick rounded dark-brown contours, simplified rounded shapes, and restrained 2D cartoon shading. Do not copy the reference subject or composition.

Framing: One compact composition, with the complete subject using about 80-90% of the square. Keep everything inside the frame.

Output: 512x512 PNG, RGBA, genuine transparent background. No text, numerals, labels, logos or watermark.",作成済み,,references/invidious.png
radar.png,レーダー、電波探知機,レーダー,"Subject: radar, target meaning ""レーダー"".

Composition: Show a radar dish sending curved wave pulses toward an aircraft or ship, with a round screen displaying one detected blip.

Style: Use the attached invidious.png for drawing style only. Match its thick rounded dark-brown contours, simplified rounded shapes, and restrained 2D cartoon shading. Do not copy the reference subject or composition.

Framing: One compact composition, with the complete subject using about 80-90% of the square. Keep everything inside the frame.

Output: 512x512 PNG, RGBA, genuine transparent background. No text, numerals, labels, logos or watermark.",作成済み,,references/invidious.png
robe.png,衣服,衣服,"Subject: robe, target meaning ""衣服"".

Composition: Show one long loose robe with wide sleeves and belt, hanging fully visible from shoulders to hem.

Style: Use the attached invidious.png for drawing style only. Match its thick rounded dark-brown contours, simplified rounded shapes, and restrained 2D cartoon shading. Do not copy the reference subject or composition.

Framing: One compact composition, with the complete subject using about 80-90% of the square. Keep everything inside the frame.

Output: 512x512 PNG, RGBA, genuine transparent background. No text, numerals, labels, logos or watermark.",作成済み,,references/invidious.png
school@skel1.png,魚の群れ,魚の群れ,"Subject: school, target meaning ""魚の群れ"".

Composition: Show a tightly coordinated school of fish swimming together in the same direction, maintaining close spacing.

Style: Use the attached invidious.png for drawing style only. Match its thick rounded dark-brown contours, simplified rounded shapes, and restrained 2D cartoon shading. Do not copy the reference subject or composition.

Framing: One compact composition, with the complete subject using about 80-90% of the square. Keep everything inside the frame.

Output: 512x512 PNG, RGBA, genuine transparent background. No text, numerals, labels, logos or watermark.",作成済み,,references/invidious.png
spark.png,言い寄る,言い寄る,"Subject: spark, target meaning ""言い寄る"".

Composition: Show one adult leaning toward another with a hopeful smile, offering a small flower and clearly making a romantic advance, both fully clothed.

Style: Use the attached invidious.png for drawing style only. Match its thick rounded dark-brown contours, simplified rounded shapes, and restrained 2D cartoon shading. Do not copy the reference subject or composition.

Framing: One compact composition, with the complete subject using about 80-90% of the square. Keep everything inside the frame.

Output: 512x512 PNG, RGBA, genuine transparent background. No text, numerals, labels, logos or watermark.",作成済み,,references/invidious.png
swift.png,迅速な,迅速な,"Subject: swift, target meaning ""迅速な"".

Composition: Show a swift bird or cyclist streaking forward with strong motion lines, emphasizing very rapid movement.

Style: Use the attached invidious.png for drawing style only. Match its thick rounded dark-brown contours, simplified rounded shapes, and restrained 2D cartoon shading. Do not copy the reference subject or composition.

Framing: One compact composition, with the complete subject using about 80-90% of the square. Keep everything inside the frame.

Output: 512x512 PNG, RGBA, genuine transparent background. No text, numerals, labels, logos or watermark.",作成済み,,references/invidious.png
urinary.png,尿の,尿の,"Subject: urinary, target meaning ""尿の"".

Composition: Show a clean anatomical urinary system with kidneys, ureters, bladder, and urine flow path highlighted.

Style: Use the attached invidious.png for drawing style only. Match its thick rounded dark-brown contours, simplified rounded shapes, and restrained 2D cartoon shading. Do not copy the reference subject or composition.

Framing: One compact composition, with the complete subject using about 80-90% of the square. Keep everything inside the frame.

Output: 512x512 PNG, RGBA, genuine transparent background. No text, numerals, labels, logos or watermark.",作成済み,,references/invidious.png
worrying.png,やっかいな,やっかいな,"Subject: worrying, target meaning ""やっかいな"".

Composition: Show one person staring at a growing stack of overdue tasks or a warning light, brows tense and hands clasped in concern.

Style: Use the attached invidious.png for drawing style only. Match its thick rounded dark-brown contours, simplified rounded shapes, and restrained 2D cartoon shading. Do not copy the reference subject or composition.

Framing: One compact composition, with the complete subject using about 80-90% of the square. Keep everything inside the frame.

Output: 512x512 PNG, RGBA, genuine transparent background. No text, numerals, labels, logos or watermark.",作成済み,,references/invidious.png
zinc.png,亜鉛,亜鉛,"Subject: zinc, target meaning ""亜鉛"".

Composition: Show one bluish-silver zinc metal piece beside a galvanized metal surface, emphasizing the metallic element without labels.

Style: Use the attached invidious.png for drawing style only. Match its thick rounded dark-brown contours, simplified rounded shapes, and restrained 2D cartoon shading. Do not copy the reference subject or composition.

Framing: One compact composition, with the complete subject using about 80-90% of the square. Keep everything inside the frame.

Output: 512x512 PNG, RGBA, genuine transparent background. No text, numerals, labels, logos or watermark.",作成済み,,references/invidious.png
Eden.png,イーデン、エーデン,イーデン,"Subject: Eden, target meaning ""イーデン"".

Composition: Show a lush paradisiacal garden filled with fruit trees, clear stream, flowers, and soft golden light, with no buildings.

Style: Use the attached invidious.png for drawing style only. Match its thick rounded dark-brown contours, simplified rounded shapes, and restrained 2D cartoon shading. Do not copy the reference subject or composition.

Framing: One compact composition, with the complete subject using about 80-90% of the square. Keep everything inside the frame.

Output: 512x512 PNG, RGBA, genuine transparent background. No text, numerals, labels, logos or watermark.",作成済み,,references/invidious.png
bin.png,大型箱,大型箱,"Subject: bin, target meaning ""大型箱"".

Composition: Show one large sturdy storage bin with high sides and open top, filled with bulk material.

Style: Use the attached invidious.png for drawing style only. Match its thick rounded dark-brown contours, simplified rounded shapes, and restrained 2D cartoon shading. Do not copy the reference subject or composition.

Framing: One compact composition, with the complete subject using about 80-90% of the square. Keep everything inside the frame.

Output: 512x512 PNG, RGBA, genuine transparent background. No text, numerals, labels, logos or watermark.",作成済み,,references/invidious.png
bronze.png,青銅、ブロンズ,青銅,"Subject: bronze, target meaning ""青銅"".

Composition: Show one bronze-colored metal sculpture or ingot with warm brown-gold surface and slight green patina at the edges.

Style: Use the attached invidious.png for drawing style only. Match its thick rounded dark-brown contours, simplified rounded shapes, and restrained 2D cartoon shading. Do not copy the reference subject or composition.

Framing: One compact composition, with the complete subject using about 80-90% of the square. Keep everything inside the frame.

Output: 512x512 PNG, RGBA, genuine transparent background. No text, numerals, labels, logos or watermark.",作成済み,,references/invidious.png
cautious.png,注意深い,注意深い,"Subject: cautious, target meaning ""注意深い"".

Composition: Show one person stepping carefully across a slippery floor, testing each step while holding a rail and watching the ground closely.

Style: Use the attached invidious.png for drawing style only. Match its thick rounded dark-brown contours, simplified rounded shapes, and restrained 2D cartoon shading. Do not copy the reference subject or composition.

Framing: One compact composition, with the complete subject using about 80-90% of the square. Keep everything inside the frame.

Output: 512x512 PNG, RGBA, genuine transparent background. No text, numerals, labels, logos or watermark.",作成済み,,references/invidious.png
characterize.png,特性を示す,特性を示す,"Subject: characterize, target meaning ""特性を示す"".

Composition: Show several similar animals where one distinctive stripe or shape is repeatedly pointed out as the defining feature of the group.

Style: Use the attached invidious.png for drawing style only. Match its thick rounded dark-brown contours, simplified rounded shapes, and restrained 2D cartoon shading. Do not copy the reference subject or composition.

Framing: One compact composition, with the complete subject using about 80-90% of the square. Keep everything inside the frame.

Output: 512x512 PNG, RGBA, genuine transparent background. No text, numerals, labels, logos or watermark.",作成済み,,references/invidious.png
clergy.png,聖職者,聖職者,"Subject: clergy, target meaning ""聖職者"".

Composition: Show a small group of religious clergy in simple ceremonial garments inside a place of worship, presented neutrally.

Style: Use the attached invidious.png for drawing style only. Match its thick rounded dark-brown contours, simplified rounded shapes, and restrained 2D cartoon shading. Do not copy the reference subject or composition.

Framing: One compact composition, with the complete subject using about 80-90% of the square. Keep everything inside the frame.

Output: 512x512 PNG, RGBA, genuine transparent background. No text, numerals, labels, logos or watermark.",作成済み,,references/invidious.png
documentary.png,ドキュメンタリー,ドキュメンタリー,"Subject: documentary, target meaning ""ドキュメンタリー"".

Composition: Show a camera crew filming a real-world subject while a notebook and interview microphone capture factual material rather than staged fiction.

Style: Use the attached invidious.png for drawing style only. Match its thick rounded dark-brown contours, simplified rounded shapes, and restrained 2D cartoon shading. Do not copy the reference subject or composition.

Framing: One compact composition, with the complete subject using about 80-90% of the square. Keep everything inside the frame.

Output: 512x512 PNG, RGBA, genuine transparent background. No text, numerals, labels, logos or watermark.",作成済み,,references/invidious.png
groundwater.png,地下水,地下水,"Subject: groundwater, target meaning ""地下水"".

Composition: Show a clean ground cutaway with rain soaking through soil into a blue underground water layer beneath the surface.

Style: Use the attached invidious.png for drawing style only. Match its thick rounded dark-brown contours, simplified rounded shapes, and restrained 2D cartoon shading. Do not copy the reference subject or composition.

Framing: One compact composition, with the complete subject using about 80-90% of the square. Keep everything inside the frame.

Output: 512x512 PNG, RGBA, genuine transparent background. No text, numerals, labels, logos or watermark.",作成済み,,references/invidious.png
imprisonment.png,投獄、拘禁,投獄,"Subject: imprisonment, target meaning ""投獄"".

Composition: Show one adult behind a locked barred cell door with sparse bed and secure walls, solemn and non-violent.

Style: Use the attached invidious.png for drawing style only. Match its thick rounded dark-brown contours, simplified rounded shapes, and restrained 2D cartoon shading. Do not copy the reference subject or composition.

Framing: One compact composition, with the complete subject using about 80-90% of the square. Keep everything inside the frame.

Output: 512x512 PNG, RGBA, genuine transparent background. No text, numerals, labels, logos or watermark.",作成済み,,references/invidious.png
innocence.png,無罪,無罪,"Subject: innocence, target meaning ""無罪"".

Composition: Show a wrongly suspected person being cleared as the evidence points elsewhere, with relieved expression and a broken accusation symbol.

Style: Use the attached invidious.png for drawing style only. Match its thick rounded dark-brown contours, simplified rounded shapes, and restrained 2D cartoon shading. Do not copy the reference subject or composition.

Framing: One compact composition, with the complete subject using about 80-90% of the square. Keep everything inside the frame.

Output: 512x512 PNG, RGBA, genuine transparent background. No text, numerals, labels, logos or watermark.",作成済み,,references/invidious.png
knot.png,結び目,結び目,"Subject: knot, target meaning ""結び目"".

Composition: Show one rope tied into a clear compact knot, with both ends extending outward and the crossings fully visible.

Style: Use the attached invidious.png for drawing style only. Match its thick rounded dark-brown contours, simplified rounded shapes, and restrained 2D cartoon shading. Do not copy the reference subject or composition.

Framing: One compact composition, with the complete subject using about 80-90% of the square. Keep everything inside the frame.

Output: 512x512 PNG, RGBA, genuine transparent background. No text, numerals, labels, logos or watermark.",作成済み,,references/invidious.png
legislature.png,議会、立法機関,議会,"Subject: legislature, target meaning ""議会"".

Composition: Show a generic legislative chamber with elected representatives seated in rows around a central speaking area, no party logos or real flags.

Style: Use the attached invidious.png for drawing style only. Match its thick rounded dark-brown contours, simplified rounded shapes, and restrained 2D cartoon shading. Do not copy the reference subject or composition.

Framing: One compact composition, with the complete subject using about 80-90% of the square. Keep everything inside the frame.

Output: 512x512 PNG, RGBA, genuine transparent background. No text, numerals, labels, logos or watermark.",作成済み,,references/invidious.png
licensed.png,認可された,認可された,"Subject: licensed, target meaning ""認可された"".

Composition: Show an adult receiving an official permit card with an approval seal before being allowed to operate equipment.

Style: Use the attached invidious.png for drawing style only. Match its thick rounded dark-brown contours, simplified rounded shapes, and restrained 2D cartoon shading. Do not copy the reference subject or composition.

Framing: One compact composition, with the complete subject using about 80-90% of the square. Keep everything inside the frame.

Output: 512x512 PNG, RGBA, genuine transparent background. No text, numerals, labels, logos or watermark.",作成済み,,references/invidious.png
macro.png,マクロ,マクロ,"Subject: macro, target meaning ""マクロ"".

Composition: Show a computer screen with one recorded sequence of repeated actions grouped into a single reusable command block, represented visually without code text.

Style: Use the attached invidious.png for drawing style only. Match its thick rounded dark-brown contours, simplified rounded shapes, and restrained 2D cartoon shading. Do not copy the reference subject or composition.

Framing: One compact composition, with the complete subject using about 80-90% of the square. Keep everything inside the frame.

Output: 512x512 PNG, RGBA, genuine transparent background. No text, numerals, labels, logos or watermark.",作成済み,,references/invidious.png
morrow.png,明日,明日,"Subject: morrow, target meaning ""明日"".

Composition: Show a night scene transitioning toward the next sunrise, with one calendar page turning forward to the following day.

Style: Use the attached invidious.png for drawing style only. Match its thick rounded dark-brown contours, simplified rounded shapes, and restrained 2D cartoon shading. Do not copy the reference subject or composition.

Framing: One compact composition, with the complete subject using about 80-90% of the square. Keep everything inside the frame.

Output: 512x512 PNG, RGBA, genuine transparent background. No text, numerals, labels, logos or watermark.",作成済み,,references/invidious.png
pipeline.png,パイプライン,パイプライン,"Subject: pipeline, target meaning ""パイプライン"".

Composition: Show a long connected pipeline carrying liquid from a tank across several sections to another facility, with continuous flow visible.

Style: Use the attached invidious.png for drawing style only. Match its thick rounded dark-brown contours, simplified rounded shapes, and restrained 2D cartoon shading. Do not copy the reference subject or composition.

Framing: One compact composition, with the complete subject using about 80-90% of the square. Keep everything inside the frame.

Output: 512x512 PNG, RGBA, genuine transparent background. No text, numerals, labels, logos or watermark.",作成済み,,references/invidious.png
puzzle.png,ジグソー・パズル,ジグソー・パズル,"Subject: puzzle, target meaning ""ジグソー・パズル"".

Composition: Show one partially completed jigsaw puzzle with one loose piece being placed into its matching gap.

Style: Use the attached invidious.png for drawing style only. Match its thick rounded dark-brown contours, simplified rounded shapes, and restrained 2D cartoon shading. Do not copy the reference subject or composition.

Framing: One compact composition, with the complete subject using about 80-90% of the square. Keep everything inside the frame.

Output: 512x512 PNG, RGBA, genuine transparent background. No text, numerals, labels, logos or watermark.",作成済み,,references/invidious.png
ATP.png,アデノシン三リン酸,アデノシン三リン酸,"Subject: ATP, target meaning ""アデノシン三リン酸"".

Composition: Show a clean molecular-style ATP diagram with adenosine base, ribose, and three phosphate groups represented by connected colored shapes, no text.

Style: Use the attached invidious.png for drawing style only. Match its thick rounded dark-brown contours, simplified rounded shapes, and restrained 2D cartoon shading. Do not copy the reference subject or composition.

Framing: One compact composition, with the complete subject using about 80-90% of the square. Keep everything inside the frame.

Output: 512x512 PNG, RGBA, genuine transparent background. No text, numerals, labels, logos or watermark.",作成済み,,references/invidious.png
Biblical.png,聖書の、聖書に書かれている,聖書の,"Subject: Biblical, target meaning ""聖書の"".

Composition: Show an open ancient Bible-style manuscript beside a simple oil lamp and stone-period setting, clearly evoking biblical context.

Style: Use the attached invidious.png for drawing style only. Match its thick rounded dark-brown contours, simplified rounded shapes, and restrained 2D cartoon shading. Do not copy the reference subject or composition.

Framing: One compact composition, with the complete subject using about 80-90% of the square. Keep everything inside the frame.

Output: 512x512 PNG, RGBA, genuine transparent background. No text, numerals, labels, logos or watermark.",作成済み,,references/invidious.png
Newton.png,ニュートン,ニュートン,"Subject: Newton, target meaning ""ニュートン"".

Composition: Show Isaac Newton as a 17th-century scholar with long hair and dark coat, holding a prism while a beam of light splits into colors.

Style: Use the attached invidious.png for drawing style only. Match its thick rounded dark-brown contours, simplified rounded shapes, and restrained 2D cartoon shading. Do not copy the reference subject or composition.

Framing: One compact composition, with the complete subject using about 80-90% of the square. Keep everything inside the frame.

Output: 512x512 PNG, RGBA, genuine transparent background. No text, numerals, labels, logos or watermark.",作成済み,,references/invidious.png
Tennessee.png,テネシー,テネシー,"Subject: Tennessee, target meaning ""テネシー"".

Composition: Show a Tennessee scene with green Appalachian hills, winding river, wooden porch, and subtle music-stage cue.

Style: Use the attached invidious.png for drawing style only. Match its thick rounded dark-brown contours, simplified rounded shapes, and restrained 2D cartoon shading. Do not copy the reference subject or composition.

Framing: One compact composition, with the complete subject using about 80-90% of the square. Keep everything inside the frame.

Output: 512x512 PNG, RGBA, genuine transparent background. No text, numerals, labels, logos or watermark.",作成済み,,references/invidious.png
amused.png,おもしろがっている,おもしろがっている,"Subject: amused, target meaning ""おもしろがっている"".

Composition: Show one person smiling broadly and suppressing a laugh while watching a harmless funny incident nearby.

Style: Use the attached invidious.png for drawing style only. Match its thick rounded dark-brown contours, simplified rounded shapes, and restrained 2D cartoon shading. Do not copy the reference subject or composition.

Framing: One compact composition, with the complete subject using about 80-90% of the square. Keep everything inside the frame.

Output: 512x512 PNG, RGBA, genuine transparent background. No text, numerals, labels, logos or watermark.",作成済み,,references/invidious.png
cellulose.png,セルロース、繊維素,セルロース,"Subject: cellulose, target meaning ""セルロース"".

Composition: Show a simplified plant cell wall made of tightly bundled long fibers, with a paper sheet and plant stem nearby as context.

Style: Use the attached invidious.png for drawing style only. Match its thick rounded dark-brown contours, simplified rounded shapes, and restrained 2D cartoon shading. Do not copy the reference subject or composition.

Framing: One compact composition, with the complete subject using about 80-90% of the square. Keep everything inside the frame.

Output: 512x512 PNG, RGBA, genuine transparent background. No text, numerals, labels, logos or watermark.",作成済み,,references/invidious.png
daylight.png,日光、昼光,日光,"Subject: daylight, target meaning ""日光"".

Composition: Show bright natural daytime light flooding an outdoor scene under a clear sunlit sky, with crisp natural shadows.

Style: Use the attached invidious.png for drawing style only. Match its thick rounded dark-brown contours, simplified rounded shapes, and restrained 2D cartoon shading. Do not copy the reference subject or composition.

Framing: One compact composition, with the complete subject using about 80-90% of the square. Keep everything inside the frame.

Output: 512x512 PNG, RGBA, genuine transparent background. No text, numerals, labels, logos or watermark.",作成済み,,references/invidious.png
distinctly.png,はっきりと、明瞭に,はっきりと,"Subject: distinctly, target meaning ""はっきりと"".

Composition: Show one object sharply outlined and clearly separated from a blurry group behind it, making its shape unmistakable.

Style: Use the attached invidious.png for drawing style only. Match its thick rounded dark-brown contours, simplified rounded shapes, and restrained 2D cartoon shading. Do not copy the reference subject or composition.

Framing: One compact composition, with the complete subject using about 80-90% of the square. Keep everything inside the frame.

Output: 512x512 PNG, RGBA, genuine transparent background. No text, numerals, labels, logos or watermark.",作成済み,,references/invidious.png
entrepreneurial.png,企業家精神にあふれた、企業家的な,企業家精神にあふれた,"Subject: entrepreneurial, target meaning ""企業家精神にあふれた"".

Composition: Show one person launching a small business at a desk with product prototype, calculator, shipping boxes, and an optimistic planning chart.

Style: Use the attached invidious.png for drawing style only. Match its thick rounded dark-brown contours, simplified rounded shapes, and restrained 2D cartoon shading. Do not copy the reference subject or composition.

Framing: One compact composition, with the complete subject using about 80-90% of the square. Keep everything inside the frame.

Output: 512x512 PNG, RGBA, genuine transparent background. No text, numerals, labels, logos or watermark.",作成済み,,references/invidious.png
missionary.png,伝道師,伝道師,"Subject: missionary, target meaning ""伝道師"".

Composition: Show a generic religious missionary speaking calmly with local adults while holding a simple book, with no coercion or political symbols.

Style: Use the attached invidious.png for drawing style only. Match its thick rounded dark-brown contours, simplified rounded shapes, and restrained 2D cartoon shading. Do not copy the reference subject or composition.

Framing: One compact composition, with the complete subject using about 80-90% of the square. Keep everything inside the frame.

Output: 512x512 PNG, RGBA, genuine transparent background. No text, numerals, labels, logos or watermark.",作成済み,,references/invidious.png
realism.png,現実主義,現実主義,"Subject: realism, target meaning ""現実主義"".

Composition: Show an artist carefully painting an ordinary everyday scene with natural proportions, accurate lighting, and recognizable objects rather than fantasy elements.

Style: Use the attached invidious.png for drawing style only. Match its thick rounded dark-brown contours, simplified rounded shapes, and restrained 2D cartoon shading. Do not copy the reference subject or composition.

Framing: One compact composition, with the complete subject using about 80-90% of the square. Keep everything inside the frame.

Output: 512x512 PNG, RGBA, genuine transparent background. No text, numerals, labels, logos or watermark.",作成済み,,references/invidious.png
sprang@spergh.png,跳ねた(spring の過去),跳ねた(spring の過去),"Subject: sprang, target meaning ""跳ねた(spring の過去)"".

Composition: Show one person or spring toy just after jumping upward, feet off the ground with clear upward motion from the previous position.

Style: Use the attached invidious.png for drawing style only. Match its thick rounded dark-brown contours, simplified rounded shapes, and restrained 2D cartoon shading. Do not copy the reference subject or composition.

Framing: One compact composition, with the complete subject using about 80-90% of the square. Keep everything inside the frame.

Output: 512x512 PNG, RGBA, genuine transparent background. No text, numerals, labels, logos or watermark.",作成済み,,references/invidious.png
Melbourne.png,メルボーン,メルボーン,"Subject: Melbourne, target meaning ""メルボーン"".

Composition: Show a compact Melbourne scene with tram, modern skyline, Yarra River, and distinctive artsy laneway architecture.

Style: Use the attached invidious.png for drawing style only. Match its thick rounded dark-brown contours, simplified rounded shapes, and restrained 2D cartoon shading. Do not copy the reference subject or composition.

Framing: One compact composition, with the complete subject using about 80-90% of the square. Keep everything inside the frame.

Output: 512x512 PNG, RGBA, genuine transparent background. No text, numerals, labels, logos or watermark.",作成済み,,references/invidious.png
Venice.png,ベネチア、ベニス,ベネチア,"Subject: Venice, target meaning ""ベネチア"".

Composition: Show a Venice canal with gondola, arched stone bridge, and closely packed historic buildings reflected in water.

Style: Use the attached invidious.png for drawing style only. Match its thick rounded dark-brown contours, simplified rounded shapes, and restrained 2D cartoon shading. Do not copy the reference subject or composition.

Framing: One compact composition, with the complete subject using about 80-90% of the square. Keep everything inside the frame.

Output: 512x512 PNG, RGBA, genuine transparent background. No text, numerals, labels, logos or watermark.",作成済み,,references/invidious.png
align.png,整列させる,整列させる,"Subject: align, target meaning ""整列させる"".

Composition: Show several books or blocks being moved until all their edges form one perfectly straight line.

Style: Use the attached invidious.png for drawing style only. Match its thick rounded dark-brown contours, simplified rounded shapes, and restrained 2D cartoon shading. Do not copy the reference subject or composition.

Framing: One compact composition, with the complete subject using about 80-90% of the square. Keep everything inside the frame.

Output: 512x512 PNG, RGBA, genuine transparent background. No text, numerals, labels, logos or watermark.",作成済み,,references/invidious.png
architect.png,設計する,設計する,"Subject: architect, target meaning ""設計する"".

Composition: Show an architect drawing a building plan at a large desk beside scale ruler, pencil, and small architectural model.

Style: Use the attached invidious.png for drawing style only. Match its thick rounded dark-brown contours, simplified rounded shapes, and restrained 2D cartoon shading. Do not copy the reference subject or composition.

Framing: One compact composition, with the complete subject using about 80-90% of the square. Keep everything inside the frame.

Output: 512x512 PNG, RGBA, genuine transparent background. No text, numerals, labels, logos or watermark.",作成済み,,references/invidious.png
artillery.png,砲,砲,"Subject: artillery, target meaning ""砲"".

Composition: Show one large field cannon or artillery piece in side view with barrel, wheels, and carriage, displayed inertly without firing.

Style: Use the attached invidious.png for drawing style only. Match its thick rounded dark-brown contours, simplified rounded shapes, and restrained 2D cartoon shading. Do not copy the reference subject or composition.

Framing: One compact composition, with the complete subject using about 80-90% of the square. Keep everything inside the frame.

Output: 512x512 PNG, RGBA, genuine transparent background. No text, numerals, labels, logos or watermark.",作成済み,,references/invidious.png
bean.png,豆,豆,"Subject: bean, target meaning ""豆"".

Composition: Show several dry beans and one opened bean pod with seeds visible inside.

Style: Use the attached invidious.png for drawing style only. Match its thick rounded dark-brown contours, simplified rounded shapes, and restrained 2D cartoon shading. Do not copy the reference subject or composition.

Framing: One compact composition, with the complete subject using about 80-90% of the square. Keep everything inside the frame.

Output: 512x512 PNG, RGBA, genuine transparent background. No text, numerals, labels, logos or watermark.",作成済み,,references/invidious.png
butt.png,突く,突く,"Subject: butt, target meaning ""突く"".

Composition: Show a goat or ram gently butting a padded training post with its head, emphasizing the forward thrust without injury.

Style: Use the attached invidious.png for drawing style only. Match its thick rounded dark-brown contours, simplified rounded shapes, and restrained 2D cartoon shading. Do not copy the reference subject or composition.

Framing: One compact composition, with the complete subject using about 80-90% of the square. Keep everything inside the frame.

Output: 512x512 PNG, RGBA, genuine transparent background. No text, numerals, labels, logos or watermark.",作成済み,,references/invidious.png
contextual.png,文脈上の,文脈上の,"Subject: contextual, target meaning ""文脈上の"".

Composition: Show the same ambiguous symbol or gesture placed in two different surrounding scenes so its interpretation changes with the context around it.

Style: Use the attached invidious.png for drawing style only. Match its thick rounded dark-brown contours, simplified rounded shapes, and restrained 2D cartoon shading. Do not copy the reference subject or composition.

Framing: One compact composition, with the complete subject using about 80-90% of the square. Keep everything inside the frame.

Output: 512x512 PNG, RGBA, genuine transparent background. No text, numerals, labels, logos or watermark.",作成済み,,references/invidious.png
dairy.png,酪農場,酪農場,"Subject: dairy, target meaning ""酪農場"".

Composition: Show a dairy farm with cows near a milking barn and clean milk containers, clearly focused on milk production.

Style: Use the attached invidious.png for drawing style only. Match its thick rounded dark-brown contours, simplified rounded shapes, and restrained 2D cartoon shading. Do not copy the reference subject or composition.

Framing: One compact composition, with the complete subject using about 80-90% of the square. Keep everything inside the frame.

Output: 512x512 PNG, RGBA, genuine transparent background. No text, numerals, labels, logos or watermark.",作成済み,,references/invidious.png
deputy.png,代理,代理,"Subject: deputy, target meaning ""代理"".

Composition: Show one official temporarily acting beside the main office holder, carrying matching documents and ready to substitute when needed.

Style: Use the attached invidious.png for drawing style only. Match its thick rounded dark-brown contours, simplified rounded shapes, and restrained 2D cartoon shading. Do not copy the reference subject or composition.

Framing: One compact composition, with the complete subject using about 80-90% of the square. Keep everything inside the frame.

Output: 512x512 PNG, RGBA, genuine transparent background. No text, numerals, labels, logos or watermark.",作成済み,,references/invidious.png
downtown.png,商業地区の,商業地区の,"Subject: downtown, target meaning ""商業地区の"".

Composition: Show a dense central commercial district with tall buildings, shops, traffic, and busy sidewalks.

Style: Use the attached invidious.png for drawing style only. Match its thick rounded dark-brown contours, simplified rounded shapes, and restrained 2D cartoon shading. Do not copy the reference subject or composition.

Framing: One compact composition, with the complete subject using about 80-90% of the square. Keep everything inside the frame.

Output: 512x512 PNG, RGBA, genuine transparent background. No text, numerals, labels, logos or watermark.",作成済み,,references/invidious.png
fixation.png,固着,固着,"Subject: fixation, target meaning ""固着"".

Composition: Show one part firmly stuck to a surface with bolts or adhesive while attempts to move it fail, emphasizing fixed attachment.

Style: Use the attached invidious.png for drawing style only. Match its thick rounded dark-brown contours, simplified rounded shapes, and restrained 2D cartoon shading. Do not copy the reference subject or composition.

Framing: One compact composition, with the complete subject using about 80-90% of the square. Keep everything inside the frame.

Output: 512x512 PNG, RGBA, genuine transparent background. No text, numerals, labels, logos or watermark.",作成済み,,references/invidious.png
honesty.png,正直、誠実,正直,"Subject: honesty, target meaning ""正直"".

Composition: Show one person returning extra change or a lost wallet immediately to its owner, with an open sincere expression.

Style: Use the attached invidious.png for drawing style only. Match its thick rounded dark-brown contours, simplified rounded shapes, and restrained 2D cartoon shading. Do not copy the reference subject or composition.

Framing: One compact composition, with the complete subject using about 80-90% of the square. Keep everything inside the frame.

Output: 512x512 PNG, RGBA, genuine transparent background. No text, numerals, labels, logos or watermark.",作成済み,,references/invidious.png
staircase.png,階段,階段,"Subject: staircase, target meaning ""階段"".

Composition: Show one complete staircase rising from a lower floor to an upper landing with many visible steps and handrail.

Style: Use the attached invidious.png for drawing style only. Match its thick rounded dark-brown contours, simplified rounded shapes, and restrained 2D cartoon shading. Do not copy the reference subject or composition.

Framing: One compact composition, with the complete subject using about 80-90% of the square. Keep everything inside the frame.

Output: 512x512 PNG, RGBA, genuine transparent background. No text, numerals, labels, logos or watermark.",作成済み,,references/invidious.png
vampire.png,吸血鬼,吸血鬼,"Subject: vampire, target meaning ""吸血鬼"".

Composition: Show one classic fictional vampire with pale face, dark cloak, and visible fangs in a gothic but non-graphic pose.

Style: Use the attached invidious.png for drawing style only. Match its thick rounded dark-brown contours, simplified rounded shapes, and restrained 2D cartoon shading. Do not copy the reference subject or composition.

Framing: One compact composition, with the complete subject using about 80-90% of the square. Keep everything inside the frame.

Output: 512x512 PNG, RGBA, genuine transparent background. No text, numerals, labels, logos or watermark.",作成済み,,references/invidious.png
veil.png,ベール,ベール,"Subject: veil, target meaning ""ベール"".

Composition: Show one thin translucent veil draped from the head and falling softly over the face or shoulders.

Style: Use the attached invidious.png for drawing style only. Match its thick rounded dark-brown contours, simplified rounded shapes, and restrained 2D cartoon shading. Do not copy the reference subject or composition.

Framing: One compact composition, with the complete subject using about 80-90% of the square. Keep everything inside the frame.

Output: 512x512 PNG, RGBA, genuine transparent background. No text, numerals, labels, logos or watermark.",作成済み,,references/invidious.png
Felix.png,フェリックス,フェリックス,"Subject: Felix, target meaning ""フェリックス"".

Composition: Show an adult man named Felix with short dark hair, simple sweater, and friendly relaxed expression.

Style: Use the attached invidious.png for drawing style only. Match its thick rounded dark-brown contours, simplified rounded shapes, and restrained 2D cartoon shading. Do not copy the reference subject or composition.

Framing: One compact composition, with the complete subject using about 80-90% of the square. Keep everything inside the frame.

Output: 512x512 PNG, RGBA, genuine transparent background. No text, numerals, labels, logos or watermark.",作成済み,,references/invidious.png
Finland.png,フィンランド,フィンランド,"Subject: Finland, target meaning ""フィンランド"".

Composition: Show a Finnish scene with pine forest, blue lake, wooden sauna cabin, and a small blue-white flag cue.

Style: Use the attached invidious.png for drawing style only. Match its thick rounded dark-brown contours, simplified rounded shapes, and restrained 2D cartoon shading. Do not copy the reference subject or composition.

Framing: One compact composition, with the complete subject using about 80-90% of the square. Keep everything inside the frame.

Output: 512x512 PNG, RGBA, genuine transparent background. No text, numerals, labels, logos or watermark.",作成済み,,references/invidious.png
Gaussian.png,ガウスの,ガウスの,"Subject: Gaussian, target meaning ""ガウスの"".

Composition: Show a clean bell-shaped Gaussian curve centered on a horizontal axis with symmetrical tapering sides, no numerical labels.

Style: Use the attached invidious.png for drawing style only. Match its thick rounded dark-brown contours, simplified rounded shapes, and restrained 2D cartoon shading. Do not copy the reference subject or composition.

Framing: One compact composition, with the complete subject using about 80-90% of the square. Keep everything inside the frame.

Output: 512x512 PNG, RGBA, genuine transparent background. No text, numerals, labels, logos or watermark.",作成済み,,references/invidious.png
Todd.png,トッド,トッド,"Subject: Todd, target meaning ""トッド"".

Composition: Show an adult man named Todd with short brown hair, casual shirt, and warm friendly expression.

Style: Use the attached invidious.png for drawing style only. Match its thick rounded dark-brown contours, simplified rounded shapes, and restrained 2D cartoon shading. Do not copy the reference subject or composition.

Framing: One compact composition, with the complete subject using about 80-90% of the square. Keep everything inside the frame.

Output: 512x512 PNG, RGBA, genuine transparent background. No text, numerals, labels, logos or watermark.",作成済み,,references/invidious.png
acquainted.png,精通して,精通して,"Subject: acquainted, target meaning ""精通して"".

Composition: Show one person confidently using a familiar machine while another watches, with practiced hand placement and relaxed expression showing familiarity.

Style: Use the attached invidious.png for drawing style only. Match its thick rounded dark-brown contours, simplified rounded shapes, and restrained 2D cartoon shading. Do not copy the reference subject or composition.

Framing: One compact composition, with the complete subject using about 80-90% of the square. Keep everything inside the frame.

Output: 512x512 PNG, RGBA, genuine transparent background. No text, numerals, labels, logos or watermark.",作成済み,,references/invidious.png
armor.png,よろい,よろい,"Subject: armor, target meaning ""よろい"".

Composition: Show one complete suit of protective armor with helmet, breastplate, gauntlets, and leg pieces fully visible.

Style: Use the attached invidious.png for drawing style only. Match its thick rounded dark-brown contours, simplified rounded shapes, and restrained 2D cartoon shading. Do not copy the reference subject or composition.

Framing: One compact composition, with the complete subject using about 80-90% of the square. Keep everything inside the frame.

Output: 512x512 PNG, RGBA, genuine transparent background. No text, numerals, labels, logos or watermark.",作成済み,,references/invidious.png
bio.png,経歴、略伝,経歴,"Subject: bio, target meaning ""経歴"".

Composition: Show a short biographical profile layout with a portrait, small timeline icons, and a few short unreadable lines summarizing a person's life.

Style: Use the attached invidious.png for drawing style only. Match its thick rounded dark-brown contours, simplified rounded shapes, and restrained 2D cartoon shading. Do not copy the reference subject or composition.

Framing: One compact composition, with the complete subject using about 80-90% of the square. Keep everything inside the frame.

Output: 512x512 PNG, RGBA, genuine transparent background. No text, numerals, labels, logos or watermark.",作成済み,,references/invidious.png
comedy.png,喜劇,喜劇,"Subject: comedy, target meaning ""喜劇"".

Composition: Show a theatrical comedy scene with expressive actors, playful mistake, and audience laughter, no written title.

Style: Use the attached invidious.png for drawing style only. Match its thick rounded dark-brown contours, simplified rounded shapes, and restrained 2D cartoon shading. Do not copy the reference subject or composition.

Framing: One compact composition, with the complete subject using about 80-90% of the square. Keep everything inside the frame.

Output: 512x512 PNG, RGBA, genuine transparent background. No text, numerals, labels, logos or watermark.",作成済み,,references/invidious.png
counseling.png,カウンセリング,カウンセリング,"Subject: counseling, target meaning ""カウンセリング"".

Composition: Show a counselor and client seated facing each other in a calm private room, with attentive listening and supportive posture.

Style: Use the attached invidious.png for drawing style only. Match its thick rounded dark-brown contours, simplified rounded shapes, and restrained 2D cartoon shading. Do not copy the reference subject or composition.

Framing: One compact composition, with the complete subject using about 80-90% of the square. Keep everything inside the frame.

Output: 512x512 PNG, RGBA, genuine transparent background. No text, numerals, labels, logos or watermark.",作成済み,,references/invidious.png
electromagnetic.png,電磁気の、電磁石の,電磁気の,"Subject: electromagnetic, target meaning ""電磁気の"".

Composition: Show a coil of wire around a metal core creating a magnetic field that pulls small metal pieces while current visibly flows through the coil.

Style: Use the attached invidious.png for drawing style only. Match its thick rounded dark-brown contours, simplified rounded shapes, and restrained 2D cartoon shading. Do not copy the reference subject or composition.

Framing: One compact composition, with the complete subject using about 80-90% of the square. Keep everything inside the frame.

Output: 512x512 PNG, RGBA, genuine transparent background. No text, numerals, labels, logos or watermark.",作成済み,,references/invidious.png
graduated.png,目盛をした,目盛をした,"Subject: graduated, target meaning ""目盛をした"".

Composition: Show a measuring cylinder or ruler marked with evenly spaced graduation lines from bottom to top, with no numbers.

Style: Use the attached invidious.png for drawing style only. Match its thick rounded dark-brown contours, simplified rounded shapes, and restrained 2D cartoon shading. Do not copy the reference subject or composition.

Framing: One compact composition, with the complete subject using about 80-90% of the square. Keep everything inside the frame.

Output: 512x512 PNG, RGBA, genuine transparent background. No text, numerals, labels, logos or watermark.",作成済み,,references/invidious.png
humility.png,謙虚,謙虚,"Subject: humility, target meaning ""謙虚"".

Composition: Show an accomplished person receiving praise but bowing slightly and sharing credit with others instead of celebrating themselves.

Style: Use the attached invidious.png for drawing style only. Match its thick rounded dark-brown contours, simplified rounded shapes, and restrained 2D cartoon shading. Do not copy the reference subject or composition.

Framing: One compact composition, with the complete subject using about 80-90% of the square. Keep everything inside the frame.

Output: 512x512 PNG, RGBA, genuine transparent background. No text, numerals, labels, logos or watermark.",作成済み,,references/invidious.png
maximize.png,最大にする,最大にする,"Subject: maximize, target meaning ""最大にする"".

Composition: Show one adjustable bar being increased to its highest possible height while a control knob reaches the far end of its range.

Style: Use the attached invidious.png for drawing style only. Match its thick rounded dark-brown contours, simplified rounded shapes, and restrained 2D cartoon shading. Do not copy the reference subject or composition.

Framing: One compact composition, with the complete subject using about 80-90% of the square. Keep everything inside the frame.

Output: 512x512 PNG, RGBA, genuine transparent background. No text, numerals, labels, logos or watermark.",作成済み,,references/invidious.png
opera.png,オペラ,オペラ,"Subject: opera, target meaning ""オペラ"".

Composition: Show an opera singer on stage in formal costume with orchestra pit and theatrical curtains, mouth open in sustained singing.

Style: Use the attached invidious.png for drawing style only. Match its thick rounded dark-brown contours, simplified rounded shapes, and restrained 2D cartoon shading. Do not copy the reference subject or composition.

Framing: One compact composition, with the complete subject using about 80-90% of the square. Keep everything inside the frame.

Output: 512x512 PNG, RGBA, genuine transparent background. No text, numerals, labels, logos or watermark.",作成済み,,references/invidious.png
pad.png,てくてく歩く,てくてく歩く,"Subject: pad, target meaning ""てくてく歩く"".

Composition: Show one tired traveler trudging steadily along a long road with backpack and slow repeated footsteps.

Style: Use the attached invidious.png for drawing style only. Match its thick rounded dark-brown contours, simplified rounded shapes, and restrained 2D cartoon shading. Do not copy the reference subject or composition.

Framing: One compact composition, with the complete subject using about 80-90% of the square. Keep everything inside the frame.

Output: 512x512 PNG, RGBA, genuine transparent background. No text, numerals, labels, logos or watermark.",作成済み,,references/invidious.png
potassium.png,カリウム,カリウム,"Subject: potassium, target meaning ""カリウム"".

Composition: Show a simplified potassium atom model beside a banana and a clean laboratory sample container, without reactive handling or instructions.

Style: Use the attached invidious.png for drawing style only. Match its thick rounded dark-brown contours, simplified rounded shapes, and restrained 2D cartoon shading. Do not copy the reference subject or composition.

Framing: One compact composition, with the complete subject using about 80-90% of the square. Keep everything inside the frame.

Output: 512x512 PNG, RGBA, genuine transparent background. No text, numerals, labels, logos or watermark.",作成済み,,references/invidious.png
supervisor.png,管理者、監督者,管理者,"Subject: supervisor, target meaning ""管理者"".

Composition: Show a supervisor standing beside a worker, checking progress on a clipboard and giving calm guidance while the worker performs the task.

Style: Use the attached invidious.png for drawing style only. Match its thick rounded dark-brown contours, simplified rounded shapes, and restrained 2D cartoon shading. Do not copy the reference subject or composition.

Framing: One compact composition, with the complete subject using about 80-90% of the square. Keep everything inside the frame.

Output: 512x512 PNG, RGBA, genuine transparent background. No text, numerals, labels, logos or watermark.",作成済み,,references/invidious.png
Perry.png,ペリー,ペリー,"Subject: Perry, target meaning ""ペリー"".

Composition: Show an adult man named Perry with short dark-blond hair, casual jacket, and friendly composed expression.

Style: Use the attached invidious.png for drawing style only. Match its thick rounded dark-brown contours, simplified rounded shapes, and restrained 2D cartoon shading. Do not copy the reference subject or composition.

Framing: One compact composition, with the complete subject using about 80-90% of the square. Keep everything inside the frame.

Output: 512x512 PNG, RGBA, genuine transparent background. No text, numerals, labels, logos or watermark.",作成済み,,references/invidious.png
Python_cap.png,ピュトン,ピュトン,"Subject: Python, target meaning ""ピュトン"".

Composition: Show the mythic serpent Python as a huge coiled snake around a rocky Greek sanctuary, dramatic but non-graphic.

Style: Use the attached invidious.png for drawing style only. Match its thick rounded dark-brown contours, simplified rounded shapes, and restrained 2D cartoon shading. Do not copy the reference subject or composition.

Framing: One compact composition, with the complete subject using about 80-90% of the square. Keep everything inside the frame.

Output: 512x512 PNG, RGBA, genuine transparent background. No text, numerals, labels, logos or watermark.",作成済み,,references/invidious.png
ample.png,広々とした、ゆとりがたっぷりある,広々とした,"Subject: ample, target meaning ""広々とした"".

Composition: Show a spacious room with wide open floor area around a small sofa and table, clearly leaving abundant extra space.

Style: Use the attached invidious.png for drawing style only. Match its thick rounded dark-brown contours, simplified rounded shapes, and restrained 2D cartoon shading. Do not copy the reference subject or composition.

Framing: One compact composition, with the complete subject using about 80-90% of the square. Keep everything inside the frame.

Output: 512x512 PNG, RGBA, genuine transparent background. No text, numerals, labels, logos or watermark.",作成済み,,references/invidious.png
blown@bhle2.png,吹いた(blow の過去分詞),吹いた(blow の過去分詞),"Subject: blown, target meaning ""吹いた(blow の過去分詞)"".

Composition: Show leaves or fabric that have just been blown strongly to one side by wind, with clear directional motion showing the completed gust.

Style: Use the attached invidious.png for drawing style only. Match its thick rounded dark-brown contours, simplified rounded shapes, and restrained 2D cartoon shading. Do not copy the reference subject or composition.

Framing: One compact composition, with the complete subject using about 80-90% of the square. Keep everything inside the frame.

Output: 512x512 PNG, RGBA, genuine transparent background. No text, numerals, labels, logos or watermark.",作成済み,,references/invidious.png
brass.png,真鍮,真鍮,"Subject: brass, target meaning ""真鍮"".

Composition: Show a polished brass instrument or metal fitting with warm yellow-gold metallic surface and bright reflections.

Style: Use the attached invidious.png for drawing style only. Match its thick rounded dark-brown contours, simplified rounded shapes, and restrained 2D cartoon shading. Do not copy the reference subject or composition.

Framing: One compact composition, with the complete subject using about 80-90% of the square. Keep everything inside the frame.

Output: 512x512 PNG, RGBA, genuine transparent background. No text, numerals, labels, logos or watermark.",作成済み,,references/invidious.png
equitable.png,公平な、公正な,公平な,"Subject: equitable, target meaning ""公平な"".

Composition: Show a fair distribution scene where different people receive appropriate portions so each has what they need, with a balanced scale nearby.

Style: Use the attached invidious.png for drawing style only. Match its thick rounded dark-brown contours, simplified rounded shapes, and restrained 2D cartoon shading. Do not copy the reference subject or composition.

Framing: One compact composition, with the complete subject using about 80-90% of the square. Keep everything inside the frame.

Output: 512x512 PNG, RGBA, genuine transparent background. No text, numerals, labels, logos or watermark.",作成済み,,references/invidious.png
finest.png,警察、警官,警察,"Subject: finest, target meaning ""警察"".

Composition: Show a generic police officer in uniform standing beside a patrol car, presented neutrally with no real department insignia.

Style: Use the attached invidious.png for drawing style only. Match its thick rounded dark-brown contours, simplified rounded shapes, and restrained 2D cartoon shading. Do not copy the reference subject or composition.

Framing: One compact composition, with the complete subject using about 80-90% of the square. Keep everything inside the frame.

Output: 512x512 PNG, RGBA, genuine transparent background. No text, numerals, labels, logos or watermark.",作成済み,,references/invidious.png
hurting.png,惨めな,惨めな,"Subject: hurting, target meaning ""惨めな"".

Composition: Show one person sitting miserably with slumped shoulders, downcast eyes, and hand pressed to a sore area, conveying both pain and distress.

Style: Use the attached invidious.png for drawing style only. Match its thick rounded dark-brown contours, simplified rounded shapes, and restrained 2D cartoon shading. Do not copy the reference subject or composition.

Framing: One compact composition, with the complete subject using about 80-90% of the square. Keep everything inside the frame.

Output: 512x512 PNG, RGBA, genuine transparent background. No text, numerals, labels, logos or watermark.",作成済み,,references/invidious.png
jealousy.png,しっと,しっと,"Subject: jealousy, target meaning ""しっと"".

Composition: Show one person watching another receive praise or a gift, with tightened lips, narrowed eyes, and visibly envious posture.

Style: Use the attached invidious.png for drawing style only. Match its thick rounded dark-brown contours, simplified rounded shapes, and restrained 2D cartoon shading. Do not copy the reference subject or composition.

Framing: One compact composition, with the complete subject using about 80-90% of the square. Keep everything inside the frame.

Output: 512x512 PNG, RGBA, genuine transparent background. No text, numerals, labels, logos or watermark.",作成済み,,references/invidious.png
offset.png,オフセット、オフセット量,オフセット,"Subject: offset, target meaning ""オフセット"".

Composition: Show two matching rectangles or lines shifted sideways from perfect alignment, with the displacement between them clearly visible.

Style: Use the attached invidious.png for drawing style only. Match its thick rounded dark-brown contours, simplified rounded shapes, and restrained 2D cartoon shading. Do not copy the reference subject or composition.

Framing: One compact composition, with the complete subject using about 80-90% of the square. Keep everything inside the frame.

Output: 512x512 PNG, RGBA, genuine transparent background. No text, numerals, labels, logos or watermark.",作成済み,,references/invidious.png
polished.png,磨き上げた,磨き上げた,"Subject: polished, target meaning ""磨き上げた"".

Composition: Show a metal object being rubbed with cloth until one half becomes mirror-bright and reflective compared with the dull unpolished half.

Style: Use the attached invidious.png for drawing style only. Match its thick rounded dark-brown contours, simplified rounded shapes, and restrained 2D cartoon shading. Do not copy the reference subject or composition.

Framing: One compact composition, with the complete subject using about 80-90% of the square. Keep everything inside the frame.

Output: 512x512 PNG, RGBA, genuine transparent background. No text, numerals, labels, logos or watermark.",作成済み,,references/invidious.png
punish.png,罰する,罰する,"Subject: punish, target meaning ""罰する"".

Composition: Show a teacher assigning extra cleanup duty to a student after a clear rule violation, firm but non-violent.

Style: Use the attached invidious.png for drawing style only. Match its thick rounded dark-brown contours, simplified rounded shapes, and restrained 2D cartoon shading. Do not copy the reference subject or composition.

Framing: One compact composition, with the complete subject using about 80-90% of the square. Keep everything inside the frame.

Output: 512x512 PNG, RGBA, genuine transparent background. No text, numerals, labels, logos or watermark.",作成済み,,references/invidious.png
ringing.png,鳴り響く,鳴り響く,"Subject: ringing, target meaning ""鳴り響く"".

Composition: Show a bell vibrating with strong expanding sound-wave rings around it while a nearby person reacts to the ringing.

Style: Use the attached invidious.png for drawing style only. Match its thick rounded dark-brown contours, simplified rounded shapes, and restrained 2D cartoon shading. Do not copy the reference subject or composition.

Framing: One compact composition, with the complete subject using about 80-90% of the square. Keep everything inside the frame.

Output: 512x512 PNG, RGBA, genuine transparent background. No text, numerals, labels, logos or watermark.",作成済み,,references/invidious.png
spirituality.png,宗教に関心があること、霊的であること,宗教に関心があること,"Subject: spirituality, target meaning ""宗教に関心があること"".

Composition: Show one adult quietly meditating or praying in a calm setting with a subtle soft glow and a small non-specific spiritual symbol nearby.

Style: Use the attached invidious.png for drawing style only. Match its thick rounded dark-brown contours, simplified rounded shapes, and restrained 2D cartoon shading. Do not copy the reference subject or composition.

Framing: One compact composition, with the complete subject using about 80-90% of the square. Keep everything inside the frame.

Output: 512x512 PNG, RGBA, genuine transparent background. No text, numerals, labels, logos or watermark.",作成済み,,references/invidious.png
splitting.png,割れる,割れる,"Subject: splitting, target meaning ""割れる"".

Composition: Show one wooden log cracking cleanly into two halves under a wedge, with the split opening clearly visible.

Style: Use the attached invidious.png for drawing style only. Match its thick rounded dark-brown contours, simplified rounded shapes, and restrained 2D cartoon shading. Do not copy the reference subject or composition.

Framing: One compact composition, with the complete subject using about 80-90% of the square. Keep everything inside the frame.

Output: 512x512 PNG, RGBA, genuine transparent background. No text, numerals, labels, logos or watermark.",作成済み,,references/invidious.png
stove.png,ストーブ,ストーブ,"Subject: stove, target meaning ""ストーブ"".

Composition: Show one complete kitchen stove with burners, control knobs, and oven door fully visible.

Style: Use the attached invidious.png for drawing style only. Match its thick rounded dark-brown contours, simplified rounded shapes, and restrained 2D cartoon shading. Do not copy the reference subject or composition.

Framing: One compact composition, with the complete subject using about 80-90% of the square. Keep everything inside the frame.

Output: 512x512 PNG, RGBA, genuine transparent background. No text, numerals, labels, logos or watermark.",作成済み,,references/invidious.png
strand.png,座礁させる,座礁させる,"Subject: strand, target meaning ""座礁させる"".

Composition: Show a small boat stuck on a shallow sandbar with water receded around the hull, unable to move.

Style: Use the attached invidious.png for drawing style only. Match its thick rounded dark-brown contours, simplified rounded shapes, and restrained 2D cartoon shading. Do not copy the reference subject or composition.

Framing: One compact composition, with the complete subject using about 80-90% of the square. Keep everything inside the frame.

Output: 512x512 PNG, RGBA, genuine transparent background. No text, numerals, labels, logos or watermark.",作成済み,,references/invidious.png
therein.png,その中に、その場所に,その中に,"Subject: therein, target meaning ""その中に"".

Composition: Show one small object clearly contained inside a larger box or defined area, with attention directed to what is within it.

Style: Use the attached invidious.png for drawing style only. Match its thick rounded dark-brown contours, simplified rounded shapes, and restrained 2D cartoon shading. Do not copy the reference subject or composition.

Framing: One compact composition, with the complete subject using about 80-90% of the square. Keep everything inside the frame.

Output: 512x512 PNG, RGBA, genuine transparent background. No text, numerals, labels, logos or watermark.",作成済み,,references/invidious.png
FDA.png,アメリカ食品医薬品局,アメリカ食品医薬品局,"Subject: FDA, target meaning ""アメリカ食品医薬品局"".

Composition: Show a U.S. public-health regulatory office scene with inspectors examining packaged food, medicine vial, and safety checklist, no readable agency text.

Style: Use the attached invidious.png for drawing style only. Match its thick rounded dark-brown contours, simplified rounded shapes, and restrained 2D cartoon shading. Do not copy the reference subject or composition.

Framing: One compact composition, with the complete subject using about 80-90% of the square. Keep everything inside the frame.

Output: 512x512 PNG, RGBA, genuine transparent background. No text, numerals, labels, logos or watermark.",作成済み,,references/invidious.png
Maryland.png,メリーランド州,メリーランド州,"Subject: Maryland, target meaning ""メリーランド州"".

Composition: Show a Maryland scene with Chesapeake Bay water, small sailboat, brick town buildings, and blue-crab cue.

Style: Use the attached invidious.png for drawing style only. Match its thick rounded dark-brown contours, simplified rounded shapes, and restrained 2D cartoon shading. Do not copy the reference subject or composition.

Framing: One compact composition, with the complete subject using about 80-90% of the square. Keep everything inside the frame.

Output: 512x512 PNG, RGBA, genuine transparent background. No text, numerals, labels, logos or watermark.",作成済み,,references/invidious.png
accountable.png,責任がある,責任がある,"Subject: accountable, target meaning ""責任がある"".

Composition: Show one responsible adult signing their name beneath a completed task report while the result is checked by another person, indicating answerability.

Style: Use the attached invidious.png for drawing style only. Match its thick rounded dark-brown contours, simplified rounded shapes, and restrained 2D cartoon shading. Do not copy the reference subject or composition.

Framing: One compact composition, with the complete subject using about 80-90% of the square. Keep everything inside the frame.

Output: 512x512 PNG, RGBA, genuine transparent background. No text, numerals, labels, logos or watermark.",作成済み,,references/invidious.png
angular.png,かどのある,かどのある,"Subject: angular, target meaning ""かどのある"".

Composition: Show one geometric object made of sharp corners and straight edges rather than curves, with several clear angles visible.

Style: Use the attached invidious.png for drawing style only. Match its thick rounded dark-brown contours, simplified rounded shapes, and restrained 2D cartoon shading. Do not copy the reference subject or composition.

Framing: One compact composition, with the complete subject using about 80-90% of the square. Keep everything inside the frame.

Output: 512x512 PNG, RGBA, genuine transparent background. No text, numerals, labels, logos or watermark.",作成済み,,references/invidious.png
archaeological.png,考古学の,考古学の,"Subject: archaeological, target meaning ""考古学の"".

Composition: Show an excavation trench where an archaeologist carefully uncovers pottery fragments with brush and small tools.

Style: Use the attached invidious.png for drawing style only. Match its thick rounded dark-brown contours, simplified rounded shapes, and restrained 2D cartoon shading. Do not copy the reference subject or composition.

Framing: One compact composition, with the complete subject using about 80-90% of the square. Keep everything inside the frame.

Output: 512x512 PNG, RGBA, genuine transparent background. No text, numerals, labels, logos or watermark.",作成済み,,references/invidious.png
articulated.png,連結式の、蝶番でつながった,連結式の,"Subject: articulated, target meaning ""連結式の"".

Composition: Show two rigid mechanical sections connected by visible hinges so the sections can bend relative to each other.

Style: Use the attached invidious.png for drawing style only. Match its thick rounded dark-brown contours, simplified rounded shapes, and restrained 2D cartoon shading. Do not copy the reference subject or composition.

Framing: One compact composition, with the complete subject using about 80-90% of the square. Keep everything inside the frame.

Output: 512x512 PNG, RGBA, genuine transparent background. No text, numerals, labels, logos or watermark.",作成済み,,references/invidious.png
bull@bhel2.png,雄牛、強気筋,雄牛,"Subject: bull, target meaning ""雄牛"".

Composition: Show one full adult bull with muscular body, horns, heavy shoulders, and strong stance, fully visible.

Style: Use the attached invidious.png for drawing style only. Match its thick rounded dark-brown contours, simplified rounded shapes, and restrained 2D cartoon shading. Do not copy the reference subject or composition.

Framing: One compact composition, with the complete subject using about 80-90% of the square. Keep everything inside the frame.

Output: 512x512 PNG, RGBA, genuine transparent background. No text, numerals, labels, logos or watermark.",作成済み,,references/invidious.png
contradictory.png,相反する、矛盾する,相反する,"Subject: contradictory, target meaning ""相反する"".

Composition: Show two arrows pointing in exactly opposite directions from the same starting point, with two matching signs giving incompatible outcomes.

Style: Use the attached invidious.png for drawing style only. Match its thick rounded dark-brown contours, simplified rounded shapes, and restrained 2D cartoon shading. Do not copy the reference subject or composition.

Framing: One compact composition, with the complete subject using about 80-90% of the square. Keep everything inside the frame.

Output: 512x512 PNG, RGBA, genuine transparent background. No text, numerals, labels, logos or watermark.",作成済み,,references/invidious.png
dreadful.png,恐ろしい、怖い,恐ろしい,"Subject: dreadful, target meaning ""恐ろしい"".

Composition: Show one person recoiling from a dark unsettling corridor with a large ominous shadow, eyes wide and body tense, no gore.

Style: Use the attached invidious.png for drawing style only. Match its thick rounded dark-brown contours, simplified rounded shapes, and restrained 2D cartoon shading. Do not copy the reference subject or composition.

Framing: One compact composition, with the complete subject using about 80-90% of the square. Keep everything inside the frame.

Output: 512x512 PNG, RGBA, genuine transparent background. No text, numerals, labels, logos or watermark.",作成済み,,references/invidious.png
lining.png,裏地,裏地,"Subject: lining, target meaning ""裏地"".

Composition: Show a coat turned partly inside out so the inner lining fabric is clearly visible as a separate smooth layer.

Style: Use the attached invidious.png for drawing style only. Match its thick rounded dark-brown contours, simplified rounded shapes, and restrained 2D cartoon shading. Do not copy the reference subject or composition.

Framing: One compact composition, with the complete subject using about 80-90% of the square. Keep everything inside the frame.

Output: 512x512 PNG, RGBA, genuine transparent background. No text, numerals, labels, logos or watermark.",作成済み,,references/invidious.png
sadly.png,悲しんで,悲しんで,"Subject: sadly, target meaning ""悲しんで"".

Composition: Show one person walking away slowly with lowered head, tearful eyes, and drooping shoulders.

Style: Use the attached invidious.png for drawing style only. Match its thick rounded dark-brown contours, simplified rounded shapes, and restrained 2D cartoon shading. Do not copy the reference subject or composition.

Framing: One compact composition, with the complete subject using about 80-90% of the square. Keep everything inside the frame.

Output: 512x512 PNG, RGBA, genuine transparent background. No text, numerals, labels, logos or watermark.",作成済み,,references/invidious.png
solemn.png,厳粛な,厳粛な,"Subject: solemn, target meaning ""厳粛な"".

Composition: Show a small group standing quietly in formal posture with subdued expressions at a serious ceremony.

Style: Use the attached invidious.png for drawing style only. Match its thick rounded dark-brown contours, simplified rounded shapes, and restrained 2D cartoon shading. Do not copy the reference subject or composition.

Framing: One compact composition, with the complete subject using about 80-90% of the square. Keep everything inside the frame.

Output: 512x512 PNG, RGBA, genuine transparent background. No text, numerals, labels, logos or watermark.",作成済み,,references/invidious.png
specification.png,仕様書、諸元表,仕様書,"Subject: specification, target meaning ""仕様書"".

Composition: Show a technical product sheet with dimension arrows, component diagram, and structured data boxes, with text too small to read.

Style: Use the attached invidious.png for drawing style only. Match its thick rounded dark-brown contours, simplified rounded shapes, and restrained 2D cartoon shading. Do not copy the reference subject or composition.

Framing: One compact composition, with the complete subject using about 80-90% of the square. Keep everything inside the frame.

Output: 512x512 PNG, RGBA, genuine transparent background. No text, numerals, labels, logos or watermark.",作成済み,,references/invidious.png
theft.png,窃盗、盗み,窃盗,"Subject: theft, target meaning ""窃盗"".

Composition: Show one hand secretly removing a wallet from an unattended bag while the owner looks away, with no confrontation.

Style: Use the attached invidious.png for drawing style only. Match its thick rounded dark-brown contours, simplified rounded shapes, and restrained 2D cartoon shading. Do not copy the reference subject or composition.

Framing: One compact composition, with the complete subject using about 80-90% of the square. Keep everything inside the frame.

Output: 512x512 PNG, RGBA, genuine transparent background. No text, numerals, labels, logos or watermark.",作成済み,,references/invidious.png
urgency.png,緊急,緊急,"Subject: urgency, target meaning ""緊急"".

Composition: Show a near-deadline clock, flashing warning light, and one person moving quickly to complete the last necessary task.

Style: Use the attached invidious.png for drawing style only. Match its thick rounded dark-brown contours, simplified rounded shapes, and restrained 2D cartoon shading. Do not copy the reference subject or composition.

Framing: One compact composition, with the complete subject using about 80-90% of the square. Keep everything inside the frame.

Output: 512x512 PNG, RGBA, genuine transparent background. No text, numerals, labels, logos or watermark.",作成済み,,references/invidious.png
Atlanta.png,アトランタ,アトランタ,"Subject: Atlanta, target meaning ""アトランタ"".

Composition: Show Atlanta skyline with a peach motif, modern towers, and green tree-lined streets under warm southern light.

Style: Use the attached invidious.png for drawing style only. Match its thick rounded dark-brown contours, simplified rounded shapes, and restrained 2D cartoon shading. Do not copy the reference subject or composition.

Framing: One compact composition, with the complete subject using about 80-90% of the square. Keep everything inside the frame.

Output: 512x512 PNG, RGBA, genuine transparent background. No text, numerals, labels, logos or watermark.",作成済み,,references/invidious.png
bastard.png,非嫡子、庶子,非嫡子,"Subject: bastard, target meaning ""非嫡子"".

Composition: Show a historical-style family tree where one child branch sits outside the formal married couple branch, using silhouettes and connecting lines without labels.

Style: Use the attached invidious.png for drawing style only. Match its thick rounded dark-brown contours, simplified rounded shapes, and restrained 2D cartoon shading. Do not copy the reference subject or composition.

Framing: One compact composition, with the complete subject using about 80-90% of the square. Keep everything inside the frame.

Output: 512x512 PNG, RGBA, genuine transparent background. No text, numerals, labels, logos or watermark.",作成済み,,references/invidious.png
fridge.png,冷蔵庫,冷蔵庫,"Subject: fridge, target meaning ""冷蔵庫"".

Composition: Show one complete refrigerator with doors, handles, and a slightly open compartment revealing shelves inside.

Style: Use the attached invidious.png for drawing style only. Match its thick rounded dark-brown contours, simplified rounded shapes, and restrained 2D cartoon shading. Do not copy the reference subject or composition.

Framing: One compact composition, with the complete subject using about 80-90% of the square. Keep everything inside the frame.

Output: 512x512 PNG, RGBA, genuine transparent background. No text, numerals, labels, logos or watermark.",作成済み,,references/invidious.png
lad.png,少年、若者,少年,"Subject: lad, target meaning ""少年"".

Composition: Show one teenage boy in casual clothes with youthful face, slim build, and simple backpack.

Style: Use the attached invidious.png for drawing style only. Match its thick rounded dark-brown contours, simplified rounded shapes, and restrained 2D cartoon shading. Do not copy the reference subject or composition.

Framing: One compact composition, with the complete subject using about 80-90% of the square. Keep everything inside the frame.

Output: 512x512 PNG, RGBA, genuine transparent background. No text, numerals, labels, logos or watermark.",作成済み,,references/invidious.png
nationalist.png,国家主義者、民族主義者,国家主義者,"Subject: nationalist, target meaning ""国家主義者"".

Composition: Show a generic adult strongly centered on one national flag and map symbol, with patriotic posture but no party insignia or slogans.

Style: Use the attached invidious.png for drawing style only. Match its thick rounded dark-brown contours, simplified rounded shapes, and restrained 2D cartoon shading. Do not copy the reference subject or composition.

Framing: One compact composition, with the complete subject using about 80-90% of the square. Keep everything inside the frame.

Output: 512x512 PNG, RGBA, genuine transparent background. No text, numerals, labels, logos or watermark.",作成済み,,references/invidious.png
nephew.png,甥,甥,"Subject: nephew, target meaning ""甥"".

Composition: Show an adult together with their sibling's young son, using a small family-tree branch motif to clarify the nephew relationship.

Style: Use the attached invidious.png for drawing style only. Match its thick rounded dark-brown contours, simplified rounded shapes, and restrained 2D cartoon shading. Do not copy the reference subject or composition.

Framing: One compact composition, with the complete subject using about 80-90% of the square. Keep everything inside the frame.

Output: 512x512 PNG, RGBA, genuine transparent background. No text, numerals, labels, logos or watermark.",作成済み,,references/invidious.png
pub.png,パブ,パブ,"Subject: pub, target meaning ""パブ"".

Composition: Show a cozy public house interior with bar counter, stools, simple glasses, and adult patrons socializing, no branding or promotional tone.

Style: Use the attached invidious.png for drawing style only. Match its thick rounded dark-brown contours, simplified rounded shapes, and restrained 2D cartoon shading. Do not copy the reference subject or composition.

Framing: One compact composition, with the complete subject using about 80-90% of the square. Keep everything inside the frame.

Output: 512x512 PNG, RGBA, genuine transparent background. No text, numerals, labels, logos or watermark.",作成済み,,references/invidious.png
secretly.png,秘密に、内密に,秘密に,"Subject: secretly, target meaning ""秘密に"".

Composition: Show one person quietly hiding a small note behind the back while checking that nobody nearby is watching.

Style: Use the attached invidious.png for drawing style only. Match its thick rounded dark-brown contours, simplified rounded shapes, and restrained 2D cartoon shading. Do not copy the reference subject or composition.

Framing: One compact composition, with the complete subject using about 80-90% of the square. Keep everything inside the frame.

Output: 512x512 PNG, RGBA, genuine transparent background. No text, numerals, labels, logos or watermark.",作成済み,,references/invidious.png
tracing.png,跡を追うこと,跡を追うこと,"Subject: tracing, target meaning ""跡を追うこと"".

Composition: Show a detective or tracker following a sequence of footprints from one location to another, examining each mark closely.

Style: Use the attached invidious.png for drawing style only. Match its thick rounded dark-brown contours, simplified rounded shapes, and restrained 2D cartoon shading. Do not copy the reference subject or composition.

Framing: One compact composition, with the complete subject using about 80-90% of the square. Keep everything inside the frame.

Output: 512x512 PNG, RGBA, genuine transparent background. No text, numerals, labels, logos or watermark.",作成済み,,references/invidious.png
trash.png,くず、ごみ,くず,"Subject: trash, target meaning ""くず"".

Composition: Show an open trash bin filled with crumpled paper, packaging, and ordinary household waste.

Style: Use the attached invidious.png for drawing style only. Match its thick rounded dark-brown contours, simplified rounded shapes, and restrained 2D cartoon shading. Do not copy the reference subject or composition.

Framing: One compact composition, with the complete subject using about 80-90% of the square. Keep everything inside the frame.

Output: 512x512 PNG, RGBA, genuine transparent background. No text, numerals, labels, logos or watermark.",作成済み,,references/invidious.png
volatile.png,不安定な,不安定な,"Subject: volatile, target meaning ""不安定な"".

Composition: Show a precariously balanced stack of blocks wobbling on a narrow base, ready to change or collapse with a tiny disturbance.

Style: Use the attached invidious.png for drawing style only. Match its thick rounded dark-brown contours, simplified rounded shapes, and restrained 2D cartoon shading. Do not copy the reference subject or composition.

Framing: One compact composition, with the complete subject using about 80-90% of the square. Keep everything inside the frame.

Output: 512x512 PNG, RGBA, genuine transparent background. No text, numerals, labels, logos or watermark.",作成済み,,references/invidious.png
Au.png,金,金,"Subject: Au, target meaning ""金"".

Composition: Show one shiny gold nugget beside a small gold bar, with rich yellow metallic reflection and no text.

Style: Use the attached invidious.png for drawing style only. Match its thick rounded dark-brown contours, simplified rounded shapes, and restrained 2D cartoon shading. Do not copy the reference subject or composition.

Framing: One compact composition, with the complete subject using about 80-90% of the square. Keep everything inside the frame.

Output: 512x512 PNG, RGBA, genuine transparent background. No text, numerals, labels, logos or watermark.",作成済み,,references/invidious.png
Rosa.png,ローザ,ローザ,"Subject: Rosa, target meaning ""ローザ"".

Composition: Show an adult woman named Rosa with dark hair, red blouse, and warm confident expression.

Style: Use the attached invidious.png for drawing style only. Match its thick rounded dark-brown contours, simplified rounded shapes, and restrained 2D cartoon shading. Do not copy the reference subject or composition.

Framing: One compact composition, with the complete subject using about 80-90% of the square. Keep everything inside the frame.

Output: 512x512 PNG, RGBA, genuine transparent background. No text, numerals, labels, logos or watermark.",作成済み,,references/invidious.png
as-.png,同じ程度に,同じ程度に,"Subject: as-, target meaning ""同じ程度に"".

Composition: Show two identical glasses filled to exactly the same height, placed side by side on one level surface so their equal degree is immediately obvious.

Style: Use the attached invidious.png for drawing style only. Match its thick rounded dark-brown contours, simplified rounded shapes, and restrained 2D cartoon shading. Do not copy the reference subject or composition.

Framing: One compact composition, with the complete subject using about 80-90% of the square. Keep everything inside the frame.

Output: 512x512 PNG, RGBA, genuine transparent background. No text, numerals, labels, logos or watermark.",作成済み,,references/invidious.png
cab.png,カベルネ,カベルネ,"Subject: cab, target meaning ""カベルネ"".

Composition: Show a cluster of dark Cabernet grapes beside a filled wine glass and bottle silhouette, emphasizing the grape/wine type without branding.

Style: Use the attached invidious.png for drawing style only. Match its thick rounded dark-brown contours, simplified rounded shapes, and restrained 2D cartoon shading. Do not copy the reference subject or composition.

Framing: One compact composition, with the complete subject using about 80-90% of the square. Keep everything inside the frame.

Output: 512x512 PNG, RGBA, genuine transparent background. No text, numerals, labels, logos or watermark.",作成済み,,references/invidious.png
hereafter.png,これから先、今後,これから先,"Subject: hereafter, target meaning ""これから先"".

Composition: Show a timeline beginning at a clear present marker and extending forward through several future points.

Style: Use the attached invidious.png for drawing style only. Match its thick rounded dark-brown contours, simplified rounded shapes, and restrained 2D cartoon shading. Do not copy the reference subject or composition.

Framing: One compact composition, with the complete subject using about 80-90% of the square. Keep everything inside the frame.

Output: 512x512 PNG, RGBA, genuine transparent background. No text, numerals, labels, logos or watermark.",作成済み,,references/invidious.png
kinetic.png,運動の,運動の,"Subject: kinetic, target meaning ""運動の"".

Composition: Show a rolling ball in active motion with velocity arrows and motion lines, emphasizing energy of movement.

Style: Use the attached invidious.png for drawing style only. Match its thick rounded dark-brown contours, simplified rounded shapes, and restrained 2D cartoon shading. Do not copy the reference subject or composition.

Framing: One compact composition, with the complete subject using about 80-90% of the square. Keep everything inside the frame.

Output: 512x512 PNG, RGBA, genuine transparent background. No text, numerals, labels, logos or watermark.",作成済み,,references/invidious.png
landlord.png,家主,家主,"Subject: landlord, target meaning ""家主"".

Composition: Show a property owner handing house keys to a tenant beside a rental home, with the owner holding the lease folder.

Style: Use the attached invidious.png for drawing style only. Match its thick rounded dark-brown contours, simplified rounded shapes, and restrained 2D cartoon shading. Do not copy the reference subject or composition.

Framing: One compact composition, with the complete subject using about 80-90% of the square. Keep everything inside the frame.

Output: 512x512 PNG, RGBA, genuine transparent background. No text, numerals, labels, logos or watermark.",作成済み,,references/invidious.png
mug.png,マグ,マグ,"Subject: mug, target meaning ""マグ"".

Composition: Show one sturdy handled mug with thick ceramic body, wide opening, and handle fully visible.

Style: Use the attached invidious.png for drawing style only. Match its thick rounded dark-brown contours, simplified rounded shapes, and restrained 2D cartoon shading. Do not copy the reference subject or composition.

Framing: One compact composition, with the complete subject using about 80-90% of the square. Keep everything inside the frame.

Output: 512x512 PNG, RGBA, genuine transparent background. No text, numerals, labels, logos or watermark.",作成済み,,references/invidious.png
outlook.png,見通し,見通し,"Subject: outlook, target meaning ""見通し"".

Composition: Show one person standing at a high viewpoint looking toward a clear future path and distant horizon, visually assessing what lies ahead.

Style: Use the attached invidious.png for drawing style only. Match its thick rounded dark-brown contours, simplified rounded shapes, and restrained 2D cartoon shading. Do not copy the reference subject or composition.

Framing: One compact composition, with the complete subject using about 80-90% of the square. Keep everything inside the frame.

Output: 512x512 PNG, RGBA, genuine transparent background. No text, numerals, labels, logos or watermark.",作成済み,,references/invidious.png
pavement.png,舗装道路,舗装道路,"Subject: pavement, target meaning ""舗装道路"".

Composition: Show a close view of a paved road or sidewalk surface made of asphalt or fitted paving blocks.

Style: Use the attached invidious.png for drawing style only. Match its thick rounded dark-brown contours, simplified rounded shapes, and restrained 2D cartoon shading. Do not copy the reference subject or composition.

Framing: One compact composition, with the complete subject using about 80-90% of the square. Keep everything inside the frame.

Output: 512x512 PNG, RGBA, genuine transparent background. No text, numerals, labels, logos or watermark.",作成済み,,references/invidious.png
railroad.png,鉄道,鉄道,"Subject: railroad, target meaning ""鉄道"".

Composition: Show parallel steel railway tracks with wooden sleepers stretching into the distance, with one train far behind.

Style: Use the attached invidious.png for drawing style only. Match its thick rounded dark-brown contours, simplified rounded shapes, and restrained 2D cartoon shading. Do not copy the reference subject or composition.

Framing: One compact composition, with the complete subject using about 80-90% of the square. Keep everything inside the frame.

Output: 512x512 PNG, RGBA, genuine transparent background. No text, numerals, labels, logos or watermark.",作成済み,,references/invidious.png
strive.png,努力する、骨を折る,努力する,"Subject: strive, target meaning ""努力する"".

Composition: Show one runner pushing uphill toward a finish flag, leaning forward with effort and determination.

Style: Use the attached invidious.png for drawing style only. Match its thick rounded dark-brown contours, simplified rounded shapes, and restrained 2D cartoon shading. Do not copy the reference subject or composition.

Framing: One compact composition, with the complete subject using about 80-90% of the square. Keep everything inside the frame.

Output: 512x512 PNG, RGBA, genuine transparent background. No text, numerals, labels, logos or watermark.",作成済み,,references/invidious.png
tomato.png,トマト、赤なす,トマト,"Subject: tomato, target meaning ""トマト"".

Composition: Show one ripe red tomato with green stem, plus one sliced half showing seeds and flesh.

Style: Use the attached invidious.png for drawing style only. Match its thick rounded dark-brown contours, simplified rounded shapes, and restrained 2D cartoon shading. Do not copy the reference subject or composition.

Framing: One compact composition, with the complete subject using about 80-90% of the square. Keep everything inside the frame.

Output: 512x512 PNG, RGBA, genuine transparent background. No text, numerals, labels, logos or watermark.",作成済み,,references/invidious.png
unsure.png,確信のない、不確かな,確信のない,"Subject: unsure, target meaning ""確信のない"".

Composition: Show one person paused between two paths, shoulders tense, eyes shifting between options, and hands half-raised in uncertainty.

Style: Use the attached invidious.png for drawing style only. Match its thick rounded dark-brown contours, simplified rounded shapes, and restrained 2D cartoon shading. Do not copy the reference subject or composition.

Framing: One compact composition, with the complete subject using about 80-90% of the square. Keep everything inside the frame.

Output: 512x512 PNG, RGBA, genuine transparent background. No text, numerals, labels, logos or watermark.",作成済み,,references/invidious.png
Schmidt.png,シュミト,シュミト,"Subject: Schmidt, target meaning ""シュミト"".

Composition: Show an adult man named Schmidt with short light-brown hair, glasses, and calm professional expression.

Style: Use the attached invidious.png for drawing style only. Match its thick rounded dark-brown contours, simplified rounded shapes, and restrained 2D cartoon shading. Do not copy the reference subject or composition.

Framing: One compact composition, with the complete subject using about 80-90% of the square. Keep everything inside the frame.

Output: 512x512 PNG, RGBA, genuine transparent background. No text, numerals, labels, logos or watermark.",作成済み,,references/invidious.png
chapel.png,チャペル、礼拝堂,チャペル,"Subject: chapel, target meaning ""チャペル"".

Composition: Show a small simple chapel building with pitched roof, narrow windows, modest steeple, and quiet entrance.

Style: Use the attached invidious.png for drawing style only. Match its thick rounded dark-brown contours, simplified rounded shapes, and restrained 2D cartoon shading. Do not copy the reference subject or composition.

Framing: One compact composition, with the complete subject using about 80-90% of the square. Keep everything inside the frame.

Output: 512x512 PNG, RGBA, genuine transparent background. No text, numerals, labels, logos or watermark.",作成済み,,references/invidious.png
dominate.png,支配する,支配する,"Subject: dominate, target meaning ""支配する"".

Composition: Show one large chess piece controlling the center of a board while smaller pieces are confined to the edges.

Style: Use the attached invidious.png for drawing style only. Match its thick rounded dark-brown contours, simplified rounded shapes, and restrained 2D cartoon shading. Do not copy the reference subject or composition.

Framing: One compact composition, with the complete subject using about 80-90% of the square. Keep everything inside the frame.

Output: 512x512 PNG, RGBA, genuine transparent background. No text, numerals, labels, logos or watermark.",作成済み,,references/invidious.png
dumb.png,唖然とした,唖然とした,"Subject: dumb, target meaning ""唖然とした"".

Composition: Show one person frozen speechless after a surprising harmless event, mouth slightly open and eyes wide with no words.

Style: Use the attached invidious.png for drawing style only. Match its thick rounded dark-brown contours, simplified rounded shapes, and restrained 2D cartoon shading. Do not copy the reference subject or composition.

Framing: One compact composition, with the complete subject using about 80-90% of the square. Keep everything inside the frame.

Output: 512x512 PNG, RGBA, genuine transparent background. No text, numerals, labels, logos or watermark.",作成済み,,references/invidious.png
exhaustion.png,極度の疲労,極度の疲労,"Subject: exhaustion, target meaning ""極度の疲労"".

Composition: Show an adult collapsed into a chair after heavy exertion, head back, eyes closed, sweat visible, and limbs hanging heavily.

Style: Use the attached invidious.png for drawing style only. Match its thick rounded dark-brown contours, simplified rounded shapes, and restrained 2D cartoon shading. Do not copy the reference subject or composition.

Framing: One compact composition, with the complete subject using about 80-90% of the square. Keep everything inside the frame.

Output: 512x512 PNG, RGBA, genuine transparent background. No text, numerals, labels, logos or watermark.",作成済み,,references/invidious.png
favourable.png,めでたい,めでたい,"Subject: favourable, target meaning ""めでたい"".

Composition: Show a celebratory scene with clear skies, opening door, and smiling people receiving good news, conveying an auspicious favorable outcome.

Style: Use the attached invidious.png for drawing style only. Match its thick rounded dark-brown contours, simplified rounded shapes, and restrained 2D cartoon shading. Do not copy the reference subject or composition.

Framing: One compact composition, with the complete subject using about 80-90% of the square. Keep everything inside the frame.

Output: 512x512 PNG, RGBA, genuine transparent background. No text, numerals, labels, logos or watermark.",作成済み,,references/invidious.png
fictional.png,事実に基づかない、架空の,事実に基づかない,"Subject: fictional, target meaning ""事実に基づかない"".

Composition: Show an imaginary dragon-like character emerging from an open storybook while the real room around the book remains ordinary.

Style: Use the attached invidious.png for drawing style only. Match its thick rounded dark-brown contours, simplified rounded shapes, and restrained 2D cartoon shading. Do not copy the reference subject or composition.

Framing: One compact composition, with the complete subject using about 80-90% of the square. Keep everything inside the frame.

Output: 512x512 PNG, RGBA, genuine transparent background. No text, numerals, labels, logos or watermark.",作成済み,,references/invidious.png
heroic.png,英雄の,英雄の,"Subject: heroic, target meaning ""英雄の"".

Composition: Show one person bravely rescuing another from a safe but dangerous-looking situation, such as pulling someone away from a falling object, no injury.

Style: Use the attached invidious.png for drawing style only. Match its thick rounded dark-brown contours, simplified rounded shapes, and restrained 2D cartoon shading. Do not copy the reference subject or composition.

Framing: One compact composition, with the complete subject using about 80-90% of the square. Keep everything inside the frame.

Output: 512x512 PNG, RGBA, genuine transparent background. No text, numerals, labels, logos or watermark.",作成済み,,references/invidious.png
humour.png,ユーモア,ユーモア,"Subject: humour, target meaning ""ユーモア"".

Composition: Show one person telling a harmless joke while others laugh warmly, with playful expression and relaxed social setting.

Style: Use the attached invidious.png for drawing style only. Match its thick rounded dark-brown contours, simplified rounded shapes, and restrained 2D cartoon shading. Do not copy the reference subject or composition.

Framing: One compact composition, with the complete subject using about 80-90% of the square. Keep everything inside the frame.

Output: 512x512 PNG, RGBA, genuine transparent background. No text, numerals, labels, logos or watermark.",作成済み,,references/invidious.png
loneliness.png,孤独、寂しさ,孤独,"Subject: loneliness, target meaning ""孤独"".

Composition: Show one person sitting alone on a bench far from a distant group, with wide empty space emphasizing isolation and sadness.

Style: Use the attached invidious.png for drawing style only. Match its thick rounded dark-brown contours, simplified rounded shapes, and restrained 2D cartoon shading. Do not copy the reference subject or composition.

Framing: One compact composition, with the complete subject using about 80-90% of the square. Keep everything inside the frame.

Output: 512x512 PNG, RGBA, genuine transparent background. No text, numerals, labels, logos or watermark.",作成済み,,references/invidious.png
lymph.png,リンパ液,リンパ液,"Subject: lymph, target meaning ""リンパ液"".

Composition: Show a clean simplified lymphatic vessel network with pale clear fluid and a few lymph nodes along the pathway.

Style: Use the attached invidious.png for drawing style only. Match its thick rounded dark-brown contours, simplified rounded shapes, and restrained 2D cartoon shading. Do not copy the reference subject or composition.

Framing: One compact composition, with the complete subject using about 80-90% of the square. Keep everything inside the frame.

Output: 512x512 PNG, RGBA, genuine transparent background. No text, numerals, labels, logos or watermark.",作成済み,,references/invidious.png
pediatric.png,小児科の,小児科の,"Subject: pediatric, target meaning ""小児科の"".

Composition: Show a pediatric doctor gently examining a child with stethoscope while a parent sits nearby, calm and non-distressing.

Style: Use the attached invidious.png for drawing style only. Match its thick rounded dark-brown contours, simplified rounded shapes, and restrained 2D cartoon shading. Do not copy the reference subject or composition.

Framing: One compact composition, with the complete subject using about 80-90% of the square. Keep everything inside the frame.

Output: 512x512 PNG, RGBA, genuine transparent background. No text, numerals, labels, logos or watermark.",作成済み,,references/invidious.png
permeability.png,浸透性、透水性,浸透性,"Subject: permeability, target meaning ""浸透性"".

Composition: Show water droplets passing through a porous material layer while larger particles remain blocked on the upper side.

Style: Use the attached invidious.png for drawing style only. Match its thick rounded dark-brown contours, simplified rounded shapes, and restrained 2D cartoon shading. Do not copy the reference subject or composition.

Framing: One compact composition, with the complete subject using about 80-90% of the square. Keep everything inside the frame.

Output: 512x512 PNG, RGBA, genuine transparent background. No text, numerals, labels, logos or watermark.",作成済み,,references/invidious.png
pipes.png,ピペラジン-1,ピペラジン-1,"Subject: pipes, target meaning ""ピペラジン-1"".

Composition: Show a clean ball-and-stick molecular ring representing a piperazine-like six-membered ring with two nitrogen-colored atoms opposite each other.

Style: Use the attached invidious.png for drawing style only. Match its thick rounded dark-brown contours, simplified rounded shapes, and restrained 2D cartoon shading. Do not copy the reference subject or composition.

Framing: One compact composition, with the complete subject using about 80-90% of the square. Keep everything inside the frame.

Output: 512x512 PNG, RGBA, genuine transparent background. No incidental text, numerals, or labels beyond what is essential to the target meaning. No logos or watermark.",作成済み,,references/invidious.png
pretended.png,偽りの,偽りの,"Subject: pretended, target meaning ""偽りの"".

Composition: Show one person acting cheerful in front of others while secretly holding a clearly different unhappy expression reflected in a small mirror.

Style: Use the attached invidious.png for drawing style only. Match its thick rounded dark-brown contours, simplified rounded shapes, and restrained 2D cartoon shading. Do not copy the reference subject or composition.

Framing: One compact composition, with the complete subject using about 80-90% of the square. Keep everything inside the frame.

Output: 512x512 PNG, RGBA, genuine transparent background. No text, numerals, labels, logos or watermark.",作成済み,,references/invidious.png
sectional.png,部分の、部門の,部分の,"Subject: sectional, target meaning ""部分の"".

Composition: Show one larger object divided into several clearly separated sections, with one section highlighted as a part of the whole.

Style: Use the attached invidious.png for drawing style only. Match its thick rounded dark-brown contours, simplified rounded shapes, and restrained 2D cartoon shading. Do not copy the reference subject or composition.

Framing: One compact composition, with the complete subject using about 80-90% of the square. Keep everything inside the frame.

Output: 512x512 PNG, RGBA, genuine transparent background. No text, numerals, labels, logos or watermark.",作成済み,,references/invidious.png
shiny.png,光る,光る,"Subject: shiny, target meaning ""光る"".

Composition: Show one polished object with crisp bright highlights and mirror-like reflections, visibly glossier than nearby matte material.

Style: Use the attached invidious.png for drawing style only. Match its thick rounded dark-brown contours, simplified rounded shapes, and restrained 2D cartoon shading. Do not copy the reference subject or composition.

Framing: One compact composition, with the complete subject using about 80-90% of the square. Keep everything inside the frame.

Output: 512x512 PNG, RGBA, genuine transparent background. No text, numerals, labels, logos or watermark.",作成済み,,references/invidious.png
skeletal.png,骸骨の,骸骨の,"Subject: skeletal, target meaning ""骸骨の"".

Composition: Show a clean human skeleton with bones clearly visible as the structural framework of the body.

Style: Use the attached invidious.png for drawing style only. Match its thick rounded dark-brown contours, simplified rounded shapes, and restrained 2D cartoon shading. Do not copy the reference subject or composition.

Framing: One compact composition, with the complete subject using about 80-90% of the square. Keep everything inside the frame.

Output: 512x512 PNG, RGBA, genuine transparent background. No text, numerals, labels, logos or watermark.",作成済み,,references/invidious.png
toast.png,焼く,焼く,"Subject: toast, target meaning ""焼く"".

Composition: Show slices of bread browning inside a toaster, with one finished golden-brown slice popping upward.

Style: Use the attached invidious.png for drawing style only. Match its thick rounded dark-brown contours, simplified rounded shapes, and restrained 2D cartoon shading. Do not copy the reference subject or composition.

Framing: One compact composition, with the complete subject using about 80-90% of the square. Keep everything inside the frame.

Output: 512x512 PNG, RGBA, genuine transparent background. No text, numerals, labels, logos or watermark.",作成済み,,references/invidious.png
veteran.png,退役軍人,退役軍人,"Subject: veteran, target meaning ""退役軍人"".

Composition: Show an older former soldier in civilian clothing holding a folded service cap and medals in a small display case, portrayed respectfully.

Style: Use the attached invidious.png for drawing style only. Match its thick rounded dark-brown contours, simplified rounded shapes, and restrained 2D cartoon shading. Do not copy the reference subject or composition.

Framing: One compact composition, with the complete subject using about 80-90% of the square. Keep everything inside the frame.

Output: 512x512 PNG, RGBA, genuine transparent background. No text, numerals, labels, logos or watermark.",作成済み,,references/invidious.png
Chloe.png,クロエ,クロエ,"Subject: Chloe, target meaning ""クロエ"".

Composition: Show a young adult woman named Chloe with dark-blonde hair, light sweater, and cheerful friendly smile.

Style: Use the attached invidious.png for drawing style only. Match its thick rounded dark-brown contours, simplified rounded shapes, and restrained 2D cartoon shading. Do not copy the reference subject or composition.

Framing: One compact composition, with the complete subject using about 80-90% of the square. Keep everything inside the frame.

Output: 512x512 PNG, RGBA, genuine transparent background. No text, numerals, labels, logos or watermark.",作成済み,,references/invidious.png
Oscar.png,オスカー,オスカー,"Subject: Oscar, target meaning ""オスカー"".

Composition: Show an adult man named Oscar with short dark hair, simple blazer, and friendly composed expression.

Style: Use the attached invidious.png for drawing style only. Match its thick rounded dark-brown contours, simplified rounded shapes, and restrained 2D cartoon shading. Do not copy the reference subject or composition.

Framing: One compact composition, with the complete subject using about 80-90% of the square. Keep everything inside the frame.

Output: 512x512 PNG, RGBA, genuine transparent background. No text, numerals, labels, logos or watermark.",作成済み,,references/invidious.png
Saul.png,サウル,サウル,"Subject: Saul, target meaning ""サウル"".

Composition: Show biblical Saul as an ancient king in simple armor and robe holding a spear, standing before an Israelite camp.

Style: Use the attached invidious.png for drawing style only. Match its thick rounded dark-brown contours, simplified rounded shapes, and restrained 2D cartoon shading. Do not copy the reference subject or composition.

Framing: One compact composition, with the complete subject using about 80-90% of the square. Keep everything inside the frame.

Output: 512x512 PNG, RGBA, genuine transparent background. No text, numerals, labels, logos or watermark.",作成済み,,references/invidious.png
T-shirt.png,Tシャツ,Tシャツ,"Subject: T-shirt, target meaning ""Tシャツ"".

Composition: Show one plain short-sleeved T-shirt laid flat, with round neck, sleeves, and hem clearly visible.

Style: Use the attached invidious.png for drawing style only. Match its thick rounded dark-brown contours, simplified rounded shapes, and restrained 2D cartoon shading. Do not copy the reference subject or composition.

Framing: One compact composition, with the complete subject using about 80-90% of the square. Keep everything inside the frame.

Output: 512x512 PNG, RGBA, genuine transparent background. No text, numerals, labels, logos or watermark.",作成済み,,references/invidious.png
aggregation.png,集合,集合,"Subject: aggregation, target meaning ""集合"".

Composition: Show many small particles moving together and forming one dense cluster at the center.

Style: Use the attached invidious.png for drawing style only. Match its thick rounded dark-brown contours, simplified rounded shapes, and restrained 2D cartoon shading. Do not copy the reference subject or composition.

Framing: One compact composition, with the complete subject using about 80-90% of the square. Keep everything inside the frame.

Output: 512x512 PNG, RGBA, genuine transparent background. No text, numerals, labels, logos or watermark.",作成済み,,references/invidious.png
analyse.png,分析する,分析する,"Subject: analyse, target meaning ""分析する"".

Composition: Show a researcher separating a complex object into several component parts on a table while comparing each under a magnifying glass.

Style: Use the attached invidious.png for drawing style only. Match its thick rounded dark-brown contours, simplified rounded shapes, and restrained 2D cartoon shading. Do not copy the reference subject or composition.

Framing: One compact composition, with the complete subject using about 80-90% of the square. Keep everything inside the frame.

Output: 512x512 PNG, RGBA, genuine transparent background. No text, numerals, labels, logos or watermark.",作成済み,,references/invidious.png
clearance.png,撤去,撤去,"Subject: clearance, target meaning ""撤去"".

Composition: Show workers removing boxes and debris from a blocked passage until the path becomes completely open.

Style: Use the attached invidious.png for drawing style only. Match its thick rounded dark-brown contours, simplified rounded shapes, and restrained 2D cartoon shading. Do not copy the reference subject or composition.

Framing: One compact composition, with the complete subject using about 80-90% of the square. Keep everything inside the frame.

Output: 512x512 PNG, RGBA, genuine transparent background. No text, numerals, labels, logos or watermark.",作成済み,,references/invidious.png
epistemic.png,知識の、認識に関する,知識の,"Subject: epistemic, target meaning ""知識の"".

Composition: Show a person comparing direct observation, a book, and a question mark-like uncertainty cue while deciding what can be known, with no readable text.

Style: Use the attached invidious.png for drawing style only. Match its thick rounded dark-brown contours, simplified rounded shapes, and restrained 2D cartoon shading. Do not copy the reference subject or composition.

Framing: One compact composition, with the complete subject using about 80-90% of the square. Keep everything inside the frame.

Output: 512x512 PNG, RGBA, genuine transparent background. No text, numerals, labels, logos or watermark.",作成済み,,references/invidious.png
forum.png,公開討論の場,公開討論の場,"Subject: forum, target meaning ""公開討論の場"".

Composition: Show a public discussion circle with several adults seated around a central speaking area, one person speaking while others listen.

Style: Use the attached invidious.png for drawing style only. Match its thick rounded dark-brown contours, simplified rounded shapes, and restrained 2D cartoon shading. Do not copy the reference subject or composition.

Framing: One compact composition, with the complete subject using about 80-90% of the square. Keep everything inside the frame.

Output: 512x512 PNG, RGBA, genuine transparent background. No text, numerals, labels, logos or watermark.",作成済み,,references/invidious.png
intra-.png,「内に」「内部に」の意,「内に」「内部に」の意,"Subject: intra-, target meaning ""「内に」「内部に」の意"".

Composition: Show one small red ball clearly inside a transparent box, centered well within the walls rather than touching or crossing the boundary.

Style: Use the attached invidious.png for drawing style only. Match its thick rounded dark-brown contours, simplified rounded shapes, and restrained 2D cartoon shading. Do not copy the reference subject or composition.

Framing: One compact composition, with the complete subject using about 80-90% of the square. Keep everything inside the frame.

Output: 512x512 PNG, RGBA, genuine transparent background. No text, numerals, labels, logos or watermark.",作成済み,,references/invidious.png
lively.png,活発な,活発な,"Subject: lively, target meaning ""活発な"".

Composition: Show a busy market or gathering with people moving energetically, bright expressions, and active gestures.

Style: Use the attached invidious.png for drawing style only. Match its thick rounded dark-brown contours, simplified rounded shapes, and restrained 2D cartoon shading. Do not copy the reference subject or composition.

Framing: One compact composition, with the complete subject using about 80-90% of the square. Keep everything inside the frame.

Output: 512x512 PNG, RGBA, genuine transparent background. No text, numerals, labels, logos or watermark.",作成済み,,references/invidious.png
overly.png,過度に、あまりにも,過度に,"Subject: overly, target meaning ""過度に"".

Composition: Show a small task being done to an exaggerated degree, such as an enormous pile of seasoning being added to a tiny dish, making excess obvious.

Style: Use the attached invidious.png for drawing style only. Match its thick rounded dark-brown contours, simplified rounded shapes, and restrained 2D cartoon shading. Do not copy the reference subject or composition.

Framing: One compact composition, with the complete subject using about 80-90% of the square. Keep everything inside the frame.

Output: 512x512 PNG, RGBA, genuine transparent background. No text, numerals, labels, logos or watermark.",作成済み,,references/invidious.png
persistence.png,粘り強さ、こだわり,粘り強さ,"Subject: persistence, target meaning ""粘り強さ"".

Composition: Show one person repeatedly climbing a steep hill despite several failed attempts marked by previous footprints, continuing upward with determination.

Style: Use the attached invidious.png for drawing style only. Match its thick rounded dark-brown contours, simplified rounded shapes, and restrained 2D cartoon shading. Do not copy the reference subject or composition.

Framing: One compact composition, with the complete subject using about 80-90% of the square. Keep everything inside the frame.

Output: 512x512 PNG, RGBA, genuine transparent background. No text, numerals, labels, logos or watermark.",作成済み,,references/invidious.png
rack@wreg.png,ちぎれ雲,ちぎれ雲,"Subject: rack, target meaning ""ちぎれ雲"".

Composition: Show several small broken wisps of cloud scattered loosely across a blue sky rather than one solid cloud mass.

Style: Use the attached invidious.png for drawing style only. Match its thick rounded dark-brown contours, simplified rounded shapes, and restrained 2D cartoon shading. Do not copy the reference subject or composition.

Framing: One compact composition, with the complete subject using about 80-90% of the square. Keep everything inside the frame.

Output: 512x512 PNG, RGBA, genuine transparent background. No text, numerals, labels, logos or watermark.",作成済み,,references/invidious.png
roar.png,大声で叫ぶ、わめく,大声で叫ぶ,"Subject: roar, target meaning ""大声で叫ぶ"".

Composition: Show a lion or adult person producing a very loud roar with mouth wide open and powerful sound-wave marks.

Style: Use the attached invidious.png for drawing style only. Match its thick rounded dark-brown contours, simplified rounded shapes, and restrained 2D cartoon shading. Do not copy the reference subject or composition.

Framing: One compact composition, with the complete subject using about 80-90% of the square. Keep everything inside the frame.

Output: 512x512 PNG, RGBA, genuine transparent background. No text, numerals, labels, logos or watermark.",作成済み,,references/invidious.png
schooling.png,学校教育,学校教育,"Subject: schooling, target meaning ""学校教育"".

Composition: Show a classroom with teacher, students, books, and board, emphasizing formal school education.

Style: Use the attached invidious.png for drawing style only. Match its thick rounded dark-brown contours, simplified rounded shapes, and restrained 2D cartoon shading. Do not copy the reference subject or composition.

Framing: One compact composition, with the complete subject using about 80-90% of the square. Keep everything inside the frame.

Output: 512x512 PNG, RGBA, genuine transparent background. No text, numerals, labels, logos or watermark.",作成済み,,references/invidious.png
socio-economic.png,社会経済的な,社会経済的な,"Subject: socio-economic, target meaning ""社会経済的な"".

Composition: Show a household scene combining employment, income coins, housing, and access to education, linking social position with economic resources.

Style: Use the attached invidious.png for drawing style only. Match its thick rounded dark-brown contours, simplified rounded shapes, and restrained 2D cartoon shading. Do not copy the reference subject or composition.

Framing: One compact composition, with the complete subject using about 80-90% of the square. Keep everything inside the frame.

Output: 512x512 PNG, RGBA, genuine transparent background. No text, numerals, labels, logos or watermark.",作成済み,,references/invidious.png
thunder.png,雷鳴,雷鳴,"Subject: thunder, target meaning ""雷鳴"".

Composition: Show a dark storm cloud with a bright lightning flash and large expanding sound-wave marks representing the thunderclap.

Style: Use the attached invidious.png for drawing style only. Match its thick rounded dark-brown contours, simplified rounded shapes, and restrained 2D cartoon shading. Do not copy the reference subject or composition.

Framing: One compact composition, with the complete subject using about 80-90% of the square. Keep everything inside the frame.

Output: 512x512 PNG, RGBA, genuine transparent background. No text, numerals, labels, logos or watermark.",作成済み,,references/invidious.png
vapor.png,蒸気,蒸気,"Subject: vapor, target meaning ""蒸気"".

Composition: Show pale wisps of vapor rising from warm liquid and dispersing into the air.

Style: Use the attached invidious.png for drawing style only. Match its thick rounded dark-brown contours, simplified rounded shapes, and restrained 2D cartoon shading. Do not copy the reference subject or composition.

Framing: One compact composition, with the complete subject using about 80-90% of the square. Keep everything inside the frame.

Output: 512x512 PNG, RGBA, genuine transparent background. No text, numerals, labels, logos or watermark.",作成済み,,references/invidious.png
BBC.png,英国放送協会,英国放送協会,"Subject: BBC, target meaning ""英国放送協会"".

Composition: Show a professional broadcasting studio with camera, microphone, news desk, and control-room screens, with no readable channel branding.

Style: Use the attached invidious.png for drawing style only. Match its thick rounded dark-brown contours, simplified rounded shapes, and restrained 2D cartoon shading. Do not copy the reference subject or composition.

Framing: One compact composition, with the complete subject using about 80-90% of the square. Keep everything inside the frame.

Output: 512x512 PNG, RGBA, genuine transparent background. No text, numerals, labels, logos or watermark.",作成済み,,references/invidious.png
Burke.png,バーク,バーク,"Subject: Burke, target meaning ""バーク"".

Composition: Show an older statesman named Burke in 18th-century formal coat and waistcoat, holding papers while speaking thoughtfully.

Style: Use the attached invidious.png for drawing style only. Match its thick rounded dark-brown contours, simplified rounded shapes, and restrained 2D cartoon shading. Do not copy the reference subject or composition.

Framing: One compact composition, with the complete subject using about 80-90% of the square. Keep everything inside the frame.

Output: 512x512 PNG, RGBA, genuine transparent background. No text, numerals, labels, logos or watermark.",作成済み,,references/invidious.png
Danish.png,デンマークの,デンマークの,"Subject: Danish, target meaning ""デンマークの"".

Composition: Show a Danish person in contemporary clothing beside colorful harbor houses, bicycle, and small red-white flag cue.

Style: Use the attached invidious.png for drawing style only. Match its thick rounded dark-brown contours, simplified rounded shapes, and restrained 2D cartoon shading. Do not copy the reference subject or composition.

Framing: One compact composition, with the complete subject using about 80-90% of the square. Keep everything inside the frame.

Output: 512x512 PNG, RGBA, genuine transparent background. No text, numerals, labels, logos or watermark.",作成済み,,references/invidious.png
Dennis.png,デニス,デニス,"Subject: Dennis, target meaning ""デニス"".

Composition: Show an adult man named Dennis with short brown hair, light shirt, and friendly relaxed expression.

Style: Use the attached invidious.png for drawing style only. Match its thick rounded dark-brown contours, simplified rounded shapes, and restrained 2D cartoon shading. Do not copy the reference subject or composition.

Framing: One compact composition, with the complete subject using about 80-90% of the square. Keep everything inside the frame.

Output: 512x512 PNG, RGBA, genuine transparent background. No text, numerals, labels, logos or watermark.",作成済み,,references/invidious.png
Levi.png,リーバイ、リビ,リーバイ,"Subject: Levi, target meaning ""リーバイ"".

Composition: Show an adult man named Levi with dark hair, simple shirt, and calm friendly expression in a clean portrait.

Style: Use the attached invidious.png for drawing style only. Match its thick rounded dark-brown contours, simplified rounded shapes, and restrained 2D cartoon shading. Do not copy the reference subject or composition.

Framing: One compact composition, with the complete subject using about 80-90% of the square. Keep everything inside the frame.

Output: 512x512 PNG, RGBA, genuine transparent background. No text, numerals, labels, logos or watermark.",作成済み,,references/invidious.png
Louisiana.png,ルイジアナ,ルイジアナ,"Subject: Louisiana, target meaning ""ルイジアナ"".

Composition: Show a Louisiana scene with bayou water, cypress trees, wooden porch house, and small jazz trumpet cue.

Style: Use the attached invidious.png for drawing style only. Match its thick rounded dark-brown contours, simplified rounded shapes, and restrained 2D cartoon shading. Do not copy the reference subject or composition.

Framing: One compact composition, with the complete subject using about 80-90% of the square. Keep everything inside the frame.

Output: 512x512 PNG, RGBA, genuine transparent background. No text, numerals, labels, logos or watermark.",作成済み,,references/invidious.png
Malcolm.png,マルコム,マルコム,"Subject: Malcolm, target meaning ""マルコム"".

Composition: Show an adult man named Malcolm with short dark hair, dark sweater, and thoughtful confident expression.

Style: Use the attached invidious.png for drawing style only. Match its thick rounded dark-brown contours, simplified rounded shapes, and restrained 2D cartoon shading. Do not copy the reference subject or composition.

Framing: One compact composition, with the complete subject using about 80-90% of the square. Keep everything inside the frame.

Output: 512x512 PNG, RGBA, genuine transparent background. No text, numerals, labels, logos or watermark.",作成済み,,references/invidious.png
aforementioned.png,前述の,前述の,"Subject: aforementioned, target meaning ""前述の"".

Composition: Show one object introduced earlier in a sequence and then referred back to later with a backward-pointing reference arrow, without readable labels.

Style: Use the attached invidious.png for drawing style only. Match its thick rounded dark-brown contours, simplified rounded shapes, and restrained 2D cartoon shading. Do not copy the reference subject or composition.

Framing: One compact composition, with the complete subject using about 80-90% of the square. Keep everything inside the frame.

Output: 512x512 PNG, RGBA, genuine transparent background. No text, numerals, labels, logos or watermark.",作成済み,,references/invidious.png
coherence.png,一貫性、統一性,一貫性,"Subject: coherence, target meaning ""一貫性"".

Composition: Show several puzzle pieces or ideas fitting into one smooth connected pattern with every part aligned and supporting the same overall structure.

Style: Use the attached invidious.png for drawing style only. Match its thick rounded dark-brown contours, simplified rounded shapes, and restrained 2D cartoon shading. Do not copy the reference subject or composition.

Framing: One compact composition, with the complete subject using about 80-90% of the square. Keep everything inside the frame.

Output: 512x512 PNG, RGBA, genuine transparent background. No text, numerals, labels, logos or watermark.",作成済み,,references/invidious.png
epic.png,英雄的な,英雄的な,"Subject: epic, target meaning ""英雄的な"".

Composition: Show a legendary hero standing on a high ridge after a great journey, cloak flowing and vast landscape behind, emphasizing heroic scale rather than violence.

Style: Use the attached invidious.png for drawing style only. Match its thick rounded dark-brown contours, simplified rounded shapes, and restrained 2D cartoon shading. Do not copy the reference subject or composition.

Framing: One compact composition, with the complete subject using about 80-90% of the square. Keep everything inside the frame.

Output: 512x512 PNG, RGBA, genuine transparent background. No text, numerals, labels, logos or watermark.",作成済み,,references/invidious.png
grim.png,気味の悪い,気味の悪い,"Subject: grim, target meaning ""気味の悪い"".

Composition: Show one person with severe unsmiling face in a dark stark setting, tight jaw and shadowed eyes creating a bleak unsettling mood.

Style: Use the attached invidious.png for drawing style only. Match its thick rounded dark-brown contours, simplified rounded shapes, and restrained 2D cartoon shading. Do not copy the reference subject or composition.

Framing: One compact composition, with the complete subject using about 80-90% of the square. Keep everything inside the frame.

Output: 512x512 PNG, RGBA, genuine transparent background. No text, numerals, labels, logos or watermark.",作成済み,,references/invidious.png
idle.png,仕事がない、働いていない,仕事がない,"Subject: idle, target meaning ""仕事がない"".

Composition: Show a worker sitting with tools unused beside them and no task underway, hands resting and machine stopped.

Style: Use the attached invidious.png for drawing style only. Match its thick rounded dark-brown contours, simplified rounded shapes, and restrained 2D cartoon shading. Do not copy the reference subject or composition.

Framing: One compact composition, with the complete subject using about 80-90% of the square. Keep everything inside the frame.

Output: 512x512 PNG, RGBA, genuine transparent background. No text, numerals, labels, logos or watermark.",作成済み,,references/invidious.png
inscription.png,銘文,銘文,"Subject: inscription, target meaning ""銘文"".

Composition: Show a stone tablet with carved decorative lines of text-like marks cut into the surface, no readable words required.

Style: Use the attached invidious.png for drawing style only. Match its thick rounded dark-brown contours, simplified rounded shapes, and restrained 2D cartoon shading. Do not copy the reference subject or composition.

Framing: One compact composition, with the complete subject using about 80-90% of the square. Keep everything inside the frame.

Output: 512x512 PNG, RGBA, genuine transparent background. No text, numerals, labels, logos or watermark.",作成済み,,references/invidious.png
irony@were3.png,皮肉,皮肉,"Subject: irony, target meaning ""皮肉"".

Composition: Show a person carrying an umbrella under clear skies while rain unexpectedly pours only inside their open window at home, creating a visibly contrary outcome.

Style: Use the attached invidious.png for drawing style only. Match its thick rounded dark-brown contours, simplified rounded shapes, and restrained 2D cartoon shading. Do not copy the reference subject or composition.

Framing: One compact composition, with the complete subject using about 80-90% of the square. Keep everything inside the frame.

Output: 512x512 PNG, RGBA, genuine transparent background. No text, numerals, labels, logos or watermark.",作成済み,,references/invidious.png
methyl.png,メチル,メチル,"Subject: methyl, target meaning ""メチル"".

Composition: Show a simplified molecular group with one central carbon bonded to three hydrogens and attached to a larger molecule, rendered as a clean ball-and-stick model.

Style: Use the attached invidious.png for drawing style only. Match its thick rounded dark-brown contours, simplified rounded shapes, and restrained 2D cartoon shading. Do not copy the reference subject or composition.

Framing: One compact composition, with the complete subject using about 80-90% of the square. Keep everything inside the frame.

Output: 512x512 PNG, RGBA, genuine transparent background. No text, numerals, labels, logos or watermark.",作成済み,,references/invidious.png
orbital.png,軌道の、環状の,軌道の,"Subject: orbital, target meaning ""軌道の"".

Composition: Show a satellite following a curved path around a planet, with the closed orbit line clearly visible.

Style: Use the attached invidious.png for drawing style only. Match its thick rounded dark-brown contours, simplified rounded shapes, and restrained 2D cartoon shading. Do not copy the reference subject or composition.

Framing: One compact composition, with the complete subject using about 80-90% of the square. Keep everything inside the frame.

Output: 512x512 PNG, RGBA, genuine transparent background. No text, numerals, labels, logos or watermark.",作成済み,,references/invidious.png
rocky.png,岩の多い,岩の多い,"Subject: rocky, target meaning ""岩の多い"".

Composition: Show a rough landscape covered with many exposed rocks, stones, and uneven rocky ground.

Style: Use the attached invidious.png for drawing style only. Match its thick rounded dark-brown contours, simplified rounded shapes, and restrained 2D cartoon shading. Do not copy the reference subject or composition.

Framing: One compact composition, with the complete subject using about 80-90% of the square. Keep everything inside the frame.

Output: 512x512 PNG, RGBA, genuine transparent background. No text, numerals, labels, logos or watermark.",作成済み,,references/invidious.png
spherical.png,球の、球体に関する,球の,"Subject: spherical, target meaning ""球の"".

Composition: Show one perfectly round three-dimensional sphere with smooth surface, consistent curvature, and soft shading.

Style: Use the attached invidious.png for drawing style only. Match its thick rounded dark-brown contours, simplified rounded shapes, and restrained 2D cartoon shading. Do not copy the reference subject or composition.

Framing: One compact composition, with the complete subject using about 80-90% of the square. Keep everything inside the frame.

Output: 512x512 PNG, RGBA, genuine transparent background. No text, numerals, labels, logos or watermark.",作成済み,,references/invidious.png
technically.png,技術的に,技術的に,"Subject: technically, target meaning ""技術的に"".

Composition: Show a technician examining a machine with precise instruments and schematic diagram, focusing on the technical aspect rather than general appearance.

Style: Use the attached invidious.png for drawing style only. Match its thick rounded dark-brown contours, simplified rounded shapes, and restrained 2D cartoon shading. Do not copy the reference subject or composition.

Framing: One compact composition, with the complete subject using about 80-90% of the square. Keep everything inside the frame.

Output: 512x512 PNG, RGBA, genuine transparent background. No text, numerals, labels, logos or watermark.",作成済み,,references/invidious.png
threaten.png,脅す,脅す,"Subject: threaten, target meaning ""脅す"".

Composition: Show one adult looming and pointing aggressively toward another who steps back defensively, with no physical contact or weapon.

Style: Use the attached invidious.png for drawing style only. Match its thick rounded dark-brown contours, simplified rounded shapes, and restrained 2D cartoon shading. Do not copy the reference subject or composition.

Framing: One compact composition, with the complete subject using about 80-90% of the square. Keep everything inside the frame.

Output: 512x512 PNG, RGBA, genuine transparent background. No text, numerals, labels, logos or watermark.",作成済み,,references/invidious.png
vice_versa.png,逆もまた同様,逆もまた同様,"Subject: vice versa, target meaning ""逆もまた同様"".

Composition: Show two objects exchanging positions along two opposite arrows, clearly indicating that the relationship works in reverse as well.

Style: Use the attached invidious.png for drawing style only. Match its thick rounded dark-brown contours, simplified rounded shapes, and restrained 2D cartoon shading. Do not copy the reference subject or composition.

Framing: One compact composition, with the complete subject using about 80-90% of the square. Keep everything inside the frame.

Output: 512x512 PNG, RGBA, genuine transparent background. No text, numerals, labels, logos or watermark.",作成済み,,references/invidious.png
vicinity.png,付近,付近,"Subject: vicinity, target meaning ""付近"".

Composition: Show one central building with several nearby shops, trees, and roads grouped closely around it as the immediate surrounding area.

Style: Use the attached invidious.png for drawing style only. Match its thick rounded dark-brown contours, simplified rounded shapes, and restrained 2D cartoon shading. Do not copy the reference subject or composition.

Framing: One compact composition, with the complete subject using about 80-90% of the square. Keep everything inside the frame.

Output: 512x512 PNG, RGBA, genuine transparent background. No text, numerals, labels, logos or watermark.",作成済み,,references/invidious.png
Leon.png,レオン,レオン,"Subject: Leon, target meaning ""レオン"".

Composition: Show an adult man named Leon with short brown hair, casual blazer, and warm friendly expression.

Style: Use the attached invidious.png for drawing style only. Match its thick rounded dark-brown contours, simplified rounded shapes, and restrained 2D cartoon shading. Do not copy the reference subject or composition.

Framing: One compact composition, with the complete subject using about 80-90% of the square. Keep everything inside the frame.

Output: 512x512 PNG, RGBA, genuine transparent background. No text, numerals, labels, logos or watermark.",作成済み,,references/invidious.png
Napoleon.png,ナポレオン,ナポレオン,"Subject: Napoleon, target meaning ""ナポレオン"".

Composition: Show Napoleon Bonaparte in early-19th-century military uniform and bicorne hat, one hand inside coat, posed before a simple campaign map.

Style: Use the attached invidious.png for drawing style only. Match its thick rounded dark-brown contours, simplified rounded shapes, and restrained 2D cartoon shading. Do not copy the reference subject or composition.

Framing: One compact composition, with the complete subject using about 80-90% of the square. Keep everything inside the frame.

Output: 512x512 PNG, RGBA, genuine transparent background. No text, numerals, labels, logos or watermark.",作成済み,,references/invidious.png
aluminum.png,アルミニウム,アルミニウム,"Subject: aluminum, target meaning ""アルミニウム"".

Composition: Show a light silvery aluminum sheet, small ingot, and beverage-can-like metal sample, all with dull metallic sheen.

Style: Use the attached invidious.png for drawing style only. Match its thick rounded dark-brown contours, simplified rounded shapes, and restrained 2D cartoon shading. Do not copy the reference subject or composition.

Framing: One compact composition, with the complete subject using about 80-90% of the square. Keep everything inside the frame.

Output: 512x512 PNG, RGBA, genuine transparent background. No text, numerals, labels, logos or watermark.",作成済み,,references/invidious.png
arguably.png,ほぼ間違いなく、議論の余地はあるかもしれないが,ほぼ間違いなく,"Subject: arguably, target meaning ""ほぼ間違いなく"".

Composition: Show two thoughtful adults examining the same evidence and reaching nearly the same conclusion while one still raises a small questioning gesture.

Style: Use the attached invidious.png for drawing style only. Match its thick rounded dark-brown contours, simplified rounded shapes, and restrained 2D cartoon shading. Do not copy the reference subject or composition.

Framing: One compact composition, with the complete subject using about 80-90% of the square. Keep everything inside the frame.

Output: 512x512 PNG, RGBA, genuine transparent background. No text, numerals, labels, logos or watermark.",作成済み,,references/invidious.png
brethren.png,兄弟たち,兄弟たち,"Subject: brethren, target meaning ""兄弟たち"".

Composition: Show a group of adult brothers standing together closely, with a subtle family resemblance and shared supportive posture.

Style: Use the attached invidious.png for drawing style only. Match its thick rounded dark-brown contours, simplified rounded shapes, and restrained 2D cartoon shading. Do not copy the reference subject or composition.

Framing: One compact composition, with the complete subject using about 80-90% of the square. Keep everything inside the frame.

Output: 512x512 PNG, RGBA, genuine transparent background. No text, numerals, labels, logos or watermark.",作成済み,,references/invidious.png
corpse.png,死体,死体,"Subject: corpse, target meaning ""死体"".

Composition: Show a covered human body lying still on a stretcher with only the outline visible beneath a sheet, presented solemnly and non-graphically.

Style: Use the attached invidious.png for drawing style only. Match its thick rounded dark-brown contours, simplified rounded shapes, and restrained 2D cartoon shading. Do not copy the reference subject or composition.

Framing: One compact composition, with the complete subject using about 80-90% of the square. Keep everything inside the frame.

Output: 512x512 PNG, RGBA, genuine transparent background. No text, numerals, labels, logos or watermark.",作成済み,,references/invidious.png
dorsal.png,背の,背の,"Subject: dorsal, target meaning ""背の"".

Composition: Show a fish or simplified human figure from the side with the back surface clearly highlighted as the dorsal side.

Style: Use the attached invidious.png for drawing style only. Match its thick rounded dark-brown contours, simplified rounded shapes, and restrained 2D cartoon shading. Do not copy the reference subject or composition.

Framing: One compact composition, with the complete subject using about 80-90% of the square. Keep everything inside the frame.

Output: 512x512 PNG, RGBA, genuine transparent background. No text, numerals, labels, logos or watermark.",作成済み,,references/invidious.png
favored.png,好意をもたれている,好意をもたれている,"Subject: favored, target meaning ""好意をもたれている"".

Composition: Show one candidate receiving an approving smile and extra support from a supervisor while another equally capable candidate waits nearby, indicating favoritism.

Style: Use the attached invidious.png for drawing style only. Match its thick rounded dark-brown contours, simplified rounded shapes, and restrained 2D cartoon shading. Do not copy the reference subject or composition.

Framing: One compact composition, with the complete subject using about 80-90% of the square. Keep everything inside the frame.

Output: 512x512 PNG, RGBA, genuine transparent background. No text, numerals, labels, logos or watermark.",作成済み,,references/invidious.png
gravel.png,砂利,砂利,"Subject: gravel, target meaning ""砂利"".

Composition: Show a compact pile of small rough gray and brown stones of mixed sizes, clearly smaller than rocks.

Style: Use the attached invidious.png for drawing style only. Match its thick rounded dark-brown contours, simplified rounded shapes, and restrained 2D cartoon shading. Do not copy the reference subject or composition.

Framing: One compact composition, with the complete subject using about 80-90% of the square. Keep everything inside the frame.

Output: 512x512 PNG, RGBA, genuine transparent background. No text, numerals, labels, logos or watermark.",作成済み,,references/invidious.png
hazardous.png,有害な、危険な,有害な,"Subject: hazardous, target meaning ""有害な"".

Composition: Show a leaking chemical container behind a safety barrier with strong hazard symbol and protective gloves nearby, no handling instructions.

Style: Use the attached invidious.png for drawing style only. Match its thick rounded dark-brown contours, simplified rounded shapes, and restrained 2D cartoon shading. Do not copy the reference subject or composition.

Framing: One compact composition, with the complete subject using about 80-90% of the square. Keep everything inside the frame.

Output: 512x512 PNG, RGBA, genuine transparent background. No text, numerals, labels, logos or watermark.",作成済み,,references/invidious.png
hesitate.png,躊躇する,躊躇する,"Subject: hesitate, target meaning ""躊躇する"".

Composition: Show one person paused mid-step between two paths, foot raised but not placed, with uncertain expression.

Style: Use the attached invidious.png for drawing style only. Match its thick rounded dark-brown contours, simplified rounded shapes, and restrained 2D cartoon shading. Do not copy the reference subject or composition.

Framing: One compact composition, with the complete subject using about 80-90% of the square. Keep everything inside the frame.

Output: 512x512 PNG, RGBA, genuine transparent background. No text, numerals, labels, logos or watermark.",作成済み,,references/invidious.png
linen.png,亜麻布,亜麻布,"Subject: linen, target meaning ""亜麻布"".

Composition: Show a folded piece of pale linen cloth with visible woven fibers and crisp lightweight texture.

Style: Use the attached invidious.png for drawing style only. Match its thick rounded dark-brown contours, simplified rounded shapes, and restrained 2D cartoon shading. Do not copy the reference subject or composition.

Framing: One compact composition, with the complete subject using about 80-90% of the square. Keep everything inside the frame.

Output: 512x512 PNG, RGBA, genuine transparent background. No text, numerals, labels, logos or watermark.",作成済み,,references/invidious.png
messenger.png,使者,使者,"Subject: messenger, target meaning ""使者"".

Composition: Show a courier arriving with a sealed envelope and handing it directly to the intended recipient.

Style: Use the attached invidious.png for drawing style only. Match its thick rounded dark-brown contours, simplified rounded shapes, and restrained 2D cartoon shading. Do not copy the reference subject or composition.

Framing: One compact composition, with the complete subject using about 80-90% of the square. Keep everything inside the frame.

Output: 512x512 PNG, RGBA, genuine transparent background. No text, numerals, labels, logos or watermark.",作成済み,,references/invidious.png
mini.png,小型の,小型の,"Subject: mini, target meaning ""小型の"".

Composition: Show a tiny toy car beside a normal-sized car key, clearly emphasizing miniature scale.

Style: Use the attached invidious.png for drawing style only. Match its thick rounded dark-brown contours, simplified rounded shapes, and restrained 2D cartoon shading. Do not copy the reference subject or composition.

Framing: One compact composition, with the complete subject using about 80-90% of the square. Keep everything inside the frame.

Output: 512x512 PNG, RGBA, genuine transparent background. No text, numerals, labels, logos or watermark.",作成済み,,references/invidious.png
mount.png,登る,登る,"Subject: mount, target meaning ""登る"".

Composition: Show one climber ascending a steep hill trail with hands gripping rocks and body moving upward.

Style: Use the attached invidious.png for drawing style only. Match its thick rounded dark-brown contours, simplified rounded shapes, and restrained 2D cartoon shading. Do not copy the reference subject or composition.

Framing: One compact composition, with the complete subject using about 80-90% of the square. Keep everything inside the frame.

Output: 512x512 PNG, RGBA, genuine transparent background. No text, numerals, labels, logos or watermark.",作成済み,,references/invidious.png
optimum.png,最適な,最適な,"Subject: optimum, target meaning ""最適な"".

Composition: Show three plant pots receiving too little, ideal, and too much water, with the middle plant healthiest and clearly best-performing.

Style: Use the attached invidious.png for drawing style only. Match its thick rounded dark-brown contours, simplified rounded shapes, and restrained 2D cartoon shading. Do not copy the reference subject or composition.

Framing: One compact composition, with the complete subject using about 80-90% of the square. Keep everything inside the frame.

Output: 512x512 PNG, RGBA, genuine transparent background. No text, numerals, labels, logos or watermark.",作成済み,,references/invidious.png
pupil.png,生徒,生徒,"Subject: pupil, target meaning ""生徒"".

Composition: Show one school pupil seated at a desk with notebook open, hand raised toward the teacher.

Style: Use the attached invidious.png for drawing style only. Match its thick rounded dark-brown contours, simplified rounded shapes, and restrained 2D cartoon shading. Do not copy the reference subject or composition.

Framing: One compact composition, with the complete subject using about 80-90% of the square. Keep everything inside the frame.

Output: 512x512 PNG, RGBA, genuine transparent background. No text, numerals, labels, logos or watermark.",作成済み,,references/invidious.png
shorts.png,半ズボン,半ズボン,"Subject: shorts, target meaning ""半ズボン"".

Composition: Show one pair of knee-length shorts laid flat with waistband, pockets, and two short legs clearly visible.

Style: Use the attached invidious.png for drawing style only. Match its thick rounded dark-brown contours, simplified rounded shapes, and restrained 2D cartoon shading. Do not copy the reference subject or composition.

Framing: One compact composition, with the complete subject using about 80-90% of the square. Keep everything inside the frame.

Output: 512x512 PNG, RGBA, genuine transparent background. No text, numerals, labels, logos or watermark.",作成済み,,references/invidious.png
ton.png,トン,トン,"Subject: ton, target meaning ""トン"".

Composition: Show a huge pallet of heavy metal blocks being weighed on an industrial floor scale, with a truck nearby for scale.

Style: Use the attached invidious.png for drawing style only. Match its thick rounded dark-brown contours, simplified rounded shapes, and restrained 2D cartoon shading. Do not copy the reference subject or composition.

Framing: One compact composition, with the complete subject using about 80-90% of the square. Keep everything inside the frame.

Output: 512x512 PNG, RGBA, genuine transparent background. No text, numerals, labels, logos or watermark.",作成済み,,references/invidious.png
verified.png,検証された,検証された,"Subject: verified, target meaning ""検証された"".

Composition: Show a document checked against a second reference sheet and then receiving a clear approval checkmark stamp.

Style: Use the attached invidious.png for drawing style only. Match its thick rounded dark-brown contours, simplified rounded shapes, and restrained 2D cartoon shading. Do not copy the reference subject or composition.

Framing: One compact composition, with the complete subject using about 80-90% of the square. Keep everything inside the frame.

Output: 512x512 PNG, RGBA, genuine transparent background. No text, numerals, labels, logos or watermark.",作成済み,,references/invidious.png
Cairo.png,カイロ,カイロ,"Subject: Cairo, target meaning ""カイロ"".

Composition: Show Cairo with pyramids in the distance, Nile River, and dense city buildings under warm desert light.

Style: Use the attached invidious.png for drawing style only. Match its thick rounded dark-brown contours, simplified rounded shapes, and restrained 2D cartoon shading. Do not copy the reference subject or composition.

Framing: One compact composition, with the complete subject using about 80-90% of the square. Keep everything inside the frame.

Output: 512x512 PNG, RGBA, genuine transparent background. No text, numerals, labels, logos or watermark.",作成済み,,references/invidious.png
Houston.png,ヒューストン,ヒューストン,"Subject: Houston, target meaning ""ヒューストン"".

Composition: Show Houston skyline with modern towers, broad freeway, and a subtle space-center rocket cue.

Style: Use the attached invidious.png for drawing style only. Match its thick rounded dark-brown contours, simplified rounded shapes, and restrained 2D cartoon shading. Do not copy the reference subject or composition.

Framing: One compact composition, with the complete subject using about 80-90% of the square. Keep everything inside the frame.

Output: 512x512 PNG, RGBA, genuine transparent background. No text, numerals, labels, logos or watermark.",作成済み,,references/invidious.png
Joel.png,ジェエル、ジョール,ジェエル,"Subject: Joel, target meaning ""ジェエル"".

Composition: Show an adult man named Joel with short brown hair, casual sweater, and friendly calm expression.

Style: Use the attached invidious.png for drawing style only. Match its thick rounded dark-brown contours, simplified rounded shapes, and restrained 2D cartoon shading. Do not copy the reference subject or composition.

Framing: One compact composition, with the complete subject using about 80-90% of the square. Keep everything inside the frame.

Output: 512x512 PNG, RGBA, genuine transparent background. No text, numerals, labels, logos or watermark.",作成済み,,references/invidious.png
Wagner.png,ワーグナー、ワグナー,ワーグナー,"Subject: Wagner, target meaning ""ワーグナー"".

Composition: Show a 19th-century German composer with dark formal coat, swept hair, and sheet music beside an orchestra podium.

Style: Use the attached invidious.png for drawing style only. Match its thick rounded dark-brown contours, simplified rounded shapes, and restrained 2D cartoon shading. Do not copy the reference subject or composition.

Framing: One compact composition, with the complete subject using about 80-90% of the square. Keep everything inside the frame.

Output: 512x512 PNG, RGBA, genuine transparent background. No text, numerals, labels, logos or watermark.",作成済み,,references/invidious.png
Wisconsin.png,ウィスコンシン州,ウィスコンシン州,"Subject: Wisconsin, target meaning ""ウィスコンシン州"".

Composition: Show a Wisconsin scene with dairy farm, red barn, green fields, and blue lake shoreline.

Style: Use the attached invidious.png for drawing style only. Match its thick rounded dark-brown contours, simplified rounded shapes, and restrained 2D cartoon shading. Do not copy the reference subject or composition.

Framing: One compact composition, with the complete subject using about 80-90% of the square. Keep everything inside the frame.

Output: 512x512 PNG, RGBA, genuine transparent background. No text, numerals, labels, logos or watermark.",作成済み,,references/invidious.png
accessibility.png,入手可能性、可触性,入手可能性,"Subject: accessibility, target meaning ""入手可能性"".

Composition: Show a public building entrance with wheelchair ramp, automatic door, tactile paving, and low-height button, clearly easy to access.

Style: Use the attached invidious.png for drawing style only. Match its thick rounded dark-brown contours, simplified rounded shapes, and restrained 2D cartoon shading. Do not copy the reference subject or composition.

Framing: One compact composition, with the complete subject using about 80-90% of the square. Keep everything inside the frame.

Output: 512x512 PNG, RGBA, genuine transparent background. No text, numerals, labels, logos or watermark.",作成済み,,references/invidious.png
dive.png,飛び込む,飛び込む,"Subject: dive, target meaning ""飛び込む"".

Composition: Show one swimmer diving headfirst from a low springboard into a pool, body fully extended and water below.

Style: Use the attached invidious.png for drawing style only. Match its thick rounded dark-brown contours, simplified rounded shapes, and restrained 2D cartoon shading. Do not copy the reference subject or composition.

Framing: One compact composition, with the complete subject using about 80-90% of the square. Keep everything inside the frame.

Output: 512x512 PNG, RGBA, genuine transparent background. No text, numerals, labels, logos or watermark.",作成済み,,references/invidious.png
file@pu2.png,汚す,汚す,"Subject: file, target meaning ""汚す"".

Composition: Show one clean white cloth being smeared with dark mud by a dirty hand, clearly making it soiled.

Style: Use the attached invidious.png for drawing style only. Match its thick rounded dark-brown contours, simplified rounded shapes, and restrained 2D cartoon shading. Do not copy the reference subject or composition.

Framing: One compact composition, with the complete subject using about 80-90% of the square. Keep everything inside the frame.

Output: 512x512 PNG, RGBA, genuine transparent background. No text, numerals, labels, logos or watermark.",作成済み,,references/invidious.png
finely.png,素晴らしく、立派に,素晴らしく,"Subject: finely, target meaning ""素晴らしく"".

Composition: Show one beautifully finished carved object with smooth polished surface and precise delicate details, displayed proudly.

Style: Use the attached invidious.png for drawing style only. Match its thick rounded dark-brown contours, simplified rounded shapes, and restrained 2D cartoon shading. Do not copy the reference subject or composition.

Framing: One compact composition, with the complete subject using about 80-90% of the square. Keep everything inside the frame.

Output: 512x512 PNG, RGBA, genuine transparent background. No text, numerals, labels, logos or watermark.",作成済み,,references/invidious.png
flap.png,はためく、ひらひらする,はためく,"Subject: flap, target meaning ""はためく"".

Composition: Show one loose flag or cloth corner repeatedly fluttering in strong wind with curved motion lines.

Style: Use the attached invidious.png for drawing style only. Match its thick rounded dark-brown contours, simplified rounded shapes, and restrained 2D cartoon shading. Do not copy the reference subject or composition.

Framing: One compact composition, with the complete subject using about 80-90% of the square. Keep everything inside the frame.

Output: 512x512 PNG, RGBA, genuine transparent background. No text, numerals, labels, logos or watermark.",作成済み,,references/invidious.png
hostility.png,敵意,敵意,"Subject: hostility, target meaning ""敵意"".

Composition: Show two people facing each other with crossed arms, narrowed eyes, and clear hostile body language while keeping distance.

Style: Use the attached invidious.png for drawing style only. Match its thick rounded dark-brown contours, simplified rounded shapes, and restrained 2D cartoon shading. Do not copy the reference subject or composition.

Framing: One compact composition, with the complete subject using about 80-90% of the square. Keep everything inside the frame.

Output: 512x512 PNG, RGBA, genuine transparent background. No text, numerals, labels, logos or watermark.",作成済み,,references/invidious.png
kit.png,道具一式,道具一式,"Subject: kit, target meaning ""道具一式"".

Composition: Show an open tool kit containing neatly arranged screwdriver, wrench, pliers, tape measure, and small spare parts.

Style: Use the attached invidious.png for drawing style only. Match its thick rounded dark-brown contours, simplified rounded shapes, and restrained 2D cartoon shading. Do not copy the reference subject or composition.

Framing: One compact composition, with the complete subject using about 80-90% of the square. Keep everything inside the frame.

Output: 512x512 PNG, RGBA, genuine transparent background. No text, numerals, labels, logos or watermark.",作成済み,,references/invidious.png
lattice.png,格子造り、格子戸,格子造り,"Subject: lattice, target meaning ""格子造り"".

Composition: Show a wooden lattice panel made of crossing diagonal strips forming repeated diamond openings.

Style: Use the attached invidious.png for drawing style only. Match its thick rounded dark-brown contours, simplified rounded shapes, and restrained 2D cartoon shading. Do not copy the reference subject or composition.

Framing: One compact composition, with the complete subject using about 80-90% of the square. Keep everything inside the frame.

Output: 512x512 PNG, RGBA, genuine transparent background. No text, numerals, labels, logos or watermark.",作成済み,,references/invidious.png
lend.png,貸す,貸す,"Subject: lend, target meaning ""貸す"".

Composition: Show one person handing a book to another while keeping a small return-calendar reminder beside them, clearly a temporary loan.

Style: Use the attached invidious.png for drawing style only. Match its thick rounded dark-brown contours, simplified rounded shapes, and restrained 2D cartoon shading. Do not copy the reference subject or composition.

Framing: One compact composition, with the complete subject using about 80-90% of the square. Keep everything inside the frame.

Output: 512x512 PNG, RGBA, genuine transparent background. No text, numerals, labels, logos or watermark.",作成済み,,references/invidious.png
lump.png,かたまり,かたまり,"Subject: lump, target meaning ""かたまり"".

Composition: Show one irregular solid lump of clay or dough resting alone, compact and shapeless rather than flat.

Style: Use the attached invidious.png for drawing style only. Match its thick rounded dark-brown contours, simplified rounded shapes, and restrained 2D cartoon shading. Do not copy the reference subject or composition.

Framing: One compact composition, with the complete subject using about 80-90% of the square. Keep everything inside the frame.

Output: 512x512 PNG, RGBA, genuine transparent background. No text, numerals, labels, logos or watermark.",作成済み,,references/invidious.png
openness.png,心が開かれていること、寛容さ,心が開かれていること,"Subject: openness, target meaning ""心が開かれていること"".

Composition: Show one person listening to a very different viewpoint with relaxed posture, open hands, and attentive expression.

Style: Use the attached invidious.png for drawing style only. Match its thick rounded dark-brown contours, simplified rounded shapes, and restrained 2D cartoon shading. Do not copy the reference subject or composition.

Framing: One compact composition, with the complete subject using about 80-90% of the square. Keep everything inside the frame.

Output: 512x512 PNG, RGBA, genuine transparent background. No text, numerals, labels, logos or watermark.",作成済み,,references/invidious.png
segregation.png,分離、隔離,分離,"Subject: segregation, target meaning ""分離"".

Composition: Show two groups of similar people separated by a physical barrier into different areas despite sharing the same space, depicted neutrally.

Style: Use the attached invidious.png for drawing style only. Match its thick rounded dark-brown contours, simplified rounded shapes, and restrained 2D cartoon shading. Do not copy the reference subject or composition.

Framing: One compact composition, with the complete subject using about 80-90% of the square. Keep everything inside the frame.

Output: 512x512 PNG, RGBA, genuine transparent background. No text, numerals, labels, logos or watermark.",作成済み,,references/invidious.png
sperm.png,精子,精子,"Subject: sperm, target meaning ""精子"".

Composition: Show a clean medical microscope illustration of several sperm cells with oval heads and long tails, non-sexual and educational.

Style: Use the attached invidious.png for drawing style only. Match its thick rounded dark-brown contours, simplified rounded shapes, and restrained 2D cartoon shading. Do not copy the reference subject or composition.

Framing: One compact composition, with the complete subject using about 80-90% of the square. Keep everything inside the frame.

Output: 512x512 PNG, RGBA, genuine transparent background. No text, numerals, labels, logos or watermark.",作成済み,,references/invidious.png
Ashley.png,アシュレー、アシュリー,アシュレー,"Subject: Ashley, target meaning ""アシュレー"".

Composition: Show a young adult woman named Ashley with shoulder-length brown hair, casual blouse, and friendly open smile.

Style: Use the attached invidious.png for drawing style only. Match its thick rounded dark-brown contours, simplified rounded shapes, and restrained 2D cartoon shading. Do not copy the reference subject or composition.

Framing: One compact composition, with the complete subject using about 80-90% of the square. Keep everything inside the frame.

Output: 512x512 PNG, RGBA, genuine transparent background. No text, numerals, labels, logos or watermark.",作成済み,,references/invidious.png
Neil.png,ニール,ニール,"Subject: Neil, target meaning ""ニール"".

Composition: Show an adult man named Neil with short dark-blond hair, simple shirt, and calm friendly expression.

Style: Use the attached invidious.png for drawing style only. Match its thick rounded dark-brown contours, simplified rounded shapes, and restrained 2D cartoon shading. Do not copy the reference subject or composition.

Framing: One compact composition, with the complete subject using about 80-90% of the square. Keep everything inside the frame.

Output: 512x512 PNG, RGBA, genuine transparent background. No text, numerals, labels, logos or watermark.",作成済み,,references/invidious.png
accord.png,一致する,一致する,"Subject: accord, target meaning ""一致する"".

Composition: Show two people comparing documents and then shaking hands once both versions match, clearly reaching agreement.

Style: Use the attached invidious.png for drawing style only. Match its thick rounded dark-brown contours, simplified rounded shapes, and restrained 2D cartoon shading. Do not copy the reference subject or composition.

Framing: One compact composition, with the complete subject using about 80-90% of the square. Keep everything inside the frame.

Output: 512x512 PNG, RGBA, genuine transparent background. No text, numerals, labels, logos or watermark.",作成済み,,references/invidious.png
disbelief.png,信じないこと、不信,信じないこと,"Subject: disbelief, target meaning ""信じないこと"".

Composition: Show one person staring at an unbelievable claim with raised eyebrow, crossed arms, and skeptical expression.

Style: Use the attached invidious.png for drawing style only. Match its thick rounded dark-brown contours, simplified rounded shapes, and restrained 2D cartoon shading. Do not copy the reference subject or composition.

Framing: One compact composition, with the complete subject using about 80-90% of the square. Keep everything inside the frame.

Output: 512x512 PNG, RGBA, genuine transparent background. No text, numerals, labels, logos or watermark.",作成済み,,references/invidious.png
disc.png,ディスク,ディスク,"Subject: disc, target meaning ""ディスク"".

Composition: Show one flat circular disc with smooth edge and central hole, viewed at slight angle to show thickness.

Style: Use the attached invidious.png for drawing style only. Match its thick rounded dark-brown contours, simplified rounded shapes, and restrained 2D cartoon shading. Do not copy the reference subject or composition.

Framing: One compact composition, with the complete subject using about 80-90% of the square. Keep everything inside the frame.

Output: 512x512 PNG, RGBA, genuine transparent background. No text, numerals, labels, logos or watermark.",作成済み,,references/invidious.png
ma.png,おかあちゃん,おかあちゃん,"Subject: ma, target meaning ""おかあちゃん"".

Composition: Show a warm mother figure hugging her child in a simple home setting, emphasizing an informal 'mom' meaning.

Style: Use the attached invidious.png for drawing style only. Match its thick rounded dark-brown contours, simplified rounded shapes, and restrained 2D cartoon shading. Do not copy the reference subject or composition.

Framing: One compact composition, with the complete subject using about 80-90% of the square. Keep everything inside the frame.

Output: 512x512 PNG, RGBA, genuine transparent background. No text, numerals, labels, logos or watermark.",作成済み,,references/invidious.png
mansion.png,大邸宅,大邸宅,"Subject: mansion, target meaning ""大邸宅"".

Composition: Show a large luxurious mansion with multiple wings, tall windows, broad stairs, and landscaped grounds.

Style: Use the attached invidious.png for drawing style only. Match its thick rounded dark-brown contours, simplified rounded shapes, and restrained 2D cartoon shading. Do not copy the reference subject or composition.

Framing: One compact composition, with the complete subject using about 80-90% of the square. Keep everything inside the frame.

Output: 512x512 PNG, RGBA, genuine transparent background. No text, numerals, labels, logos or watermark.",作成済み,,references/invidious.png
peptide.png,ペプチド,ペプチド,"Subject: peptide, target meaning ""ペプチド"".

Composition: Show a short chain of several amino-acid-like molecular units connected together in a clean biochemical diagram.

Style: Use the attached invidious.png for drawing style only. Match its thick rounded dark-brown contours, simplified rounded shapes, and restrained 2D cartoon shading. Do not copy the reference subject or composition.

Framing: One compact composition, with the complete subject using about 80-90% of the square. Keep everything inside the frame.

Output: 512x512 PNG, RGBA, genuine transparent background. No text, numerals, labels, logos or watermark.",作成済み,,references/invidious.png
saturation.png,飽和、彩度,飽和,"Subject: saturation, target meaning ""飽和"".

Composition: Show a color swatch becoming progressively more intense until the final patch is fully vivid and saturated.

Style: Use the attached invidious.png for drawing style only. Match its thick rounded dark-brown contours, simplified rounded shapes, and restrained 2D cartoon shading. Do not copy the reference subject or composition.

Framing: One compact composition, with the complete subject using about 80-90% of the square. Keep everything inside the frame.

Output: 512x512 PNG, RGBA, genuine transparent background. No text, numerals, labels, logos or watermark.",作成済み,,references/invidious.png
undermine.png,弱らせる,弱らせる,"Subject: undermine, target meaning ""弱らせる"".

Composition: Show one sturdy wall being weakened from below as soil is quietly removed from under its foundation, causing subtle cracks above.

Style: Use the attached invidious.png for drawing style only. Match its thick rounded dark-brown contours, simplified rounded shapes, and restrained 2D cartoon shading. Do not copy the reference subject or composition.

Framing: One compact composition, with the complete subject using about 80-90% of the square. Keep everything inside the frame.

Output: 512x512 PNG, RGBA, genuine transparent background. No text, numerals, labels, logos or watermark.",作成済み,,references/invidious.png
Joyce.png,ジョイス,ジョイス,"Subject: Joyce, target meaning ""ジョイス"".

Composition: Show an adult woman named Joyce with short brown hair, simple cardigan, and friendly thoughtful expression.

Style: Use the attached invidious.png for drawing style only. Match its thick rounded dark-brown contours, simplified rounded shapes, and restrained 2D cartoon shading. Do not copy the reference subject or composition.

Framing: One compact composition, with the complete subject using about 80-90% of the square. Keep everything inside the frame.

Output: 512x512 PNG, RGBA, genuine transparent background. No text, numerals, labels, logos or watermark.",作成済み,,references/invidious.png
Welsh.png,ウェールズ人の,ウェールズ人の,"Subject: Welsh, target meaning ""ウェールズ人の"".

Composition: Show a Welsh person in contemporary clothing beside green hills, stone castle, daffodil, and small red-dragon flag cue.

Style: Use the attached invidious.png for drawing style only. Match its thick rounded dark-brown contours, simplified rounded shapes, and restrained 2D cartoon shading. Do not copy the reference subject or composition.

Framing: One compact composition, with the complete subject using about 80-90% of the square. Keep everything inside the frame.

Output: 512x512 PNG, RGBA, genuine transparent background. No text, numerals, labels, logos or watermark.",作成済み,,references/invidious.png
continental.png,大陸の、大陸特有の,大陸の,"Subject: continental, target meaning ""大陸の"".

Composition: Show a broad landmass landscape stretching far inland from a coastline, with mountains, plains, and a large connected mainland emphasized.

Style: Use the attached invidious.png for drawing style only. Match its thick rounded dark-brown contours, simplified rounded shapes, and restrained 2D cartoon shading. Do not copy the reference subject or composition.

Framing: One compact composition, with the complete subject using about 80-90% of the square. Keep everything inside the frame.

Output: 512x512 PNG, RGBA, genuine transparent background. No text, numerals, labels, logos or watermark.",作成済み,,references/invidious.png
fungal.png,菌の、菌性の,菌の,"Subject: fungal, target meaning ""菌の"".

Composition: Show a clean microscope-style view of branching fungal hyphae and a small mushroom cap, emphasizing fungus growth.

Style: Use the attached invidious.png for drawing style only. Match its thick rounded dark-brown contours, simplified rounded shapes, and restrained 2D cartoon shading. Do not copy the reference subject or composition.

Framing: One compact composition, with the complete subject using about 80-90% of the square. Keep everything inside the frame.

Output: 512x512 PNG, RGBA, genuine transparent background. No text, numerals, labels, logos or watermark.",作成済み,,references/invidious.png
hepatic.png,肝臓の,肝臓の,"Subject: hepatic, target meaning ""肝臓の"".

Composition: Show a clean medical illustration of the liver inside the upper abdomen, with the liver clearly highlighted.

Style: Use the attached invidious.png for drawing style only. Match its thick rounded dark-brown contours, simplified rounded shapes, and restrained 2D cartoon shading. Do not copy the reference subject or composition.

Framing: One compact composition, with the complete subject using about 80-90% of the square. Keep everything inside the frame.

Output: 512x512 PNG, RGBA, genuine transparent background. No text, numerals, labels, logos or watermark.",作成済み,,references/invidious.png
lockdown.png,ロックダウン、封鎖,ロックダウン,"Subject: lockdown, target meaning ""ロックダウン"".

Composition: Show a city block with closed storefront shutters, empty streets, and people remaining inside homes behind windows, indicating restricted movement.

Style: Use the attached invidious.png for drawing style only. Match its thick rounded dark-brown contours, simplified rounded shapes, and restrained 2D cartoon shading. Do not copy the reference subject or composition.

Framing: One compact composition, with the complete subject using about 80-90% of the square. Keep everything inside the frame.

Output: 512x512 PNG, RGBA, genuine transparent background. No text, numerals, labels, logos or watermark.",作成済み,,references/invidious.png
marrow.png,髄,髄,"Subject: marrow, target meaning ""髄"".

Composition: Show a clean cutaway of a long bone with the soft red marrow filling the hollow center.

Style: Use the attached invidious.png for drawing style only. Match its thick rounded dark-brown contours, simplified rounded shapes, and restrained 2D cartoon shading. Do not copy the reference subject or composition.

Framing: One compact composition, with the complete subject using about 80-90% of the square. Keep everything inside the frame.

Output: 512x512 PNG, RGBA, genuine transparent background. No text, numerals, labels, logos or watermark.",作成済み,,references/invidious.png
rigorous.png,厳格な,厳格な,"Subject: rigorous, target meaning ""厳格な"".

Composition: Show one inspector measuring an object repeatedly with ruler, scale, and checklist, checking every detail with strict precision.

Style: Use the attached invidious.png for drawing style only. Match its thick rounded dark-brown contours, simplified rounded shapes, and restrained 2D cartoon shading. Do not copy the reference subject or composition.

Framing: One compact composition, with the complete subject using about 80-90% of the square. Keep everything inside the frame.

Output: 512x512 PNG, RGBA, genuine transparent background. No text, numerals, labels, logos or watermark.",作成済み,,references/invidious.png
sailing.png,帆走,帆走,"Subject: sailing, target meaning ""帆走"".

Composition: Show a sailboat leaning slightly under wind with full white sail, visible wake, and one sailor controlling the tiller.

Style: Use the attached invidious.png for drawing style only. Match its thick rounded dark-brown contours, simplified rounded shapes, and restrained 2D cartoon shading. Do not copy the reference subject or composition.

Framing: One compact composition, with the complete subject using about 80-90% of the square. Keep everything inside the frame.

Output: 512x512 PNG, RGBA, genuine transparent background. No text, numerals, labels, logos or watermark.",作成済み,,references/invidious.png
shed@skot.png,納屋,納屋,"Subject: shed, target meaning ""納屋"".

Composition: Show one small wooden storage shed with sloped roof, single door, and garden tools leaning beside it.

Style: Use the attached invidious.png for drawing style only. Match its thick rounded dark-brown contours, simplified rounded shapes, and restrained 2D cartoon shading. Do not copy the reference subject or composition.

Framing: One compact composition, with the complete subject using about 80-90% of the square. Keep everything inside the frame.

Output: 512x512 PNG, RGBA, genuine transparent background. No text, numerals, labels, logos or watermark.",作成済み,,references/invidious.png
turnover.png,転倒、転覆,転倒,"Subject: turnover, target meaning ""転倒"".

Composition: Show a small boat flipped upside down in calm shallow water, with its hull clearly overturned and no people aboard.

Style: Use the attached invidious.png for drawing style only. Match its thick rounded dark-brown contours, simplified rounded shapes, and restrained 2D cartoon shading. Do not copy the reference subject or composition.

Framing: One compact composition, with the complete subject using about 80-90% of the square. Keep everything inside the frame.

Output: 512x512 PNG, RGBA, genuine transparent background. No text, numerals, labels, logos or watermark.",作成済み,,references/invidious.png
Dante.png,ダンテ,ダンテ,"Subject: Dante, target meaning ""ダンテ"".

Composition: Show Dante Alighieri in red medieval robe and laurel wreath, holding a book in a simple Florentine setting.

Style: Use the attached invidious.png for drawing style only. Match its thick rounded dark-brown contours, simplified rounded shapes, and restrained 2D cartoon shading. Do not copy the reference subject or composition.

Framing: One compact composition, with the complete subject using about 80-90% of the square. Keep everything inside the frame.

Output: 512x512 PNG, RGBA, genuine transparent background. No text, numerals, labels, logos or watermark.",作成済み,,references/invidious.png
Esther.png,エスター,エスター,"Subject: Esther, target meaning ""エスター"".

Composition: Show biblical Esther as a young queen in ancient Persian court dress, wearing a modest crown and holding a scroll.

Style: Use the attached invidious.png for drawing style only. Match its thick rounded dark-brown contours, simplified rounded shapes, and restrained 2D cartoon shading. Do not copy the reference subject or composition.

Framing: One compact composition, with the complete subject using about 80-90% of the square. Keep everything inside the frame.

Output: 512x512 PNG, RGBA, genuine transparent background. No text, numerals, labels, logos or watermark.",作成済み,,references/invidious.png
Iranian.png,イランの,イランの,"Subject: Iranian, target meaning ""イランの"".

Composition: Show an Iranian person in contemporary clothing beside Persian tiled architecture and a dry mountain landscape.

Style: Use the attached invidious.png for drawing style only. Match its thick rounded dark-brown contours, simplified rounded shapes, and restrained 2D cartoon shading. Do not copy the reference subject or composition.

Framing: One compact composition, with the complete subject using about 80-90% of the square. Keep everything inside the frame.

Output: 512x512 PNG, RGBA, genuine transparent background. No text, numerals, labels, logos or watermark.",作成済み,,references/invidious.png
Janet.png,ジャネット、ジャネ,ジャネット,"Subject: Janet, target meaning ""ジャネット"".

Composition: Show an adult woman named Janet with shoulder-length brown hair, simple blouse, and warm composed expression.

Style: Use the attached invidious.png for drawing style only. Match its thick rounded dark-brown contours, simplified rounded shapes, and restrained 2D cartoon shading. Do not copy the reference subject or composition.

Framing: One compact composition, with the complete subject using about 80-90% of the square. Keep everything inside the frame.

Output: 512x512 PNG, RGBA, genuine transparent background. No text, numerals, labels, logos or watermark.",作成済み,,references/invidious.png
TM.png,登録商標,登録商標,"Subject: TM, target meaning ""登録商標"".

Composition: Show a product package with one small trademark-like symbol near the corner, represented by a simple superscript mark without readable branding.

Style: Use the attached invidious.png for drawing style only. Match its thick rounded dark-brown contours, simplified rounded shapes, and restrained 2D cartoon shading. Do not copy the reference subject or composition.

Framing: One compact composition, with the complete subject using about 80-90% of the square. Keep everything inside the frame.

Output: 512x512 PNG, RGBA, genuine transparent background. No text, numerals, labels, logos or watermark.",作成済み,,references/invidious.png
acoustic.png,音響の,音響の,"Subject: acoustic, target meaning ""音響の"".

Composition: Show a guitar in a small room with visible sound waves reflecting from walls, emphasizing natural sound rather than electronics.

Style: Use the attached invidious.png for drawing style only. Match its thick rounded dark-brown contours, simplified rounded shapes, and restrained 2D cartoon shading. Do not copy the reference subject or composition.

Framing: One compact composition, with the complete subject using about 80-90% of the square. Keep everything inside the frame.

Output: 512x512 PNG, RGBA, genuine transparent background. No text, numerals, labels, logos or watermark.",作成済み,,references/invidious.png
altitude.png,高度,高度,"Subject: altitude, target meaning ""高度"".

Composition: Show a mountain with a climber high above a valley, vertical height line running from valley floor to summit.

Style: Use the attached invidious.png for drawing style only. Match its thick rounded dark-brown contours, simplified rounded shapes, and restrained 2D cartoon shading. Do not copy the reference subject or composition.

Framing: One compact composition, with the complete subject using about 80-90% of the square. Keep everything inside the frame.

Output: 512x512 PNG, RGBA, genuine transparent background. No text, numerals, labels, logos or watermark.",作成済み,,references/invidious.png
articulate.png,はっきり表現する,はっきり表現する,"Subject: articulate, target meaning ""はっきり表現する"".

Composition: Show one speaker explaining an idea clearly while arranging three picture cards in logical order for a listener.

Style: Use the attached invidious.png for drawing style only. Match its thick rounded dark-brown contours, simplified rounded shapes, and restrained 2D cartoon shading. Do not copy the reference subject or composition.

Framing: One compact composition, with the complete subject using about 80-90% of the square. Keep everything inside the frame.

Output: 512x512 PNG, RGBA, genuine transparent background. No text, numerals, labels, logos or watermark.",作成済み,,references/invidious.png
balcony.png,バルコニー,バルコニー,"Subject: balcony, target meaning ""バルコニー"".

Composition: Show one exterior balcony projecting from an upper floor with railing, open door, and small chair.

Style: Use the attached invidious.png for drawing style only. Match its thick rounded dark-brown contours, simplified rounded shapes, and restrained 2D cartoon shading. Do not copy the reference subject or composition.

Framing: One compact composition, with the complete subject using about 80-90% of the square. Keep everything inside the frame.

Output: 512x512 PNG, RGBA, genuine transparent background. No text, numerals, labels, logos or watermark.",作成済み,,references/invidious.png
dynasty.png,王朝,王朝,"Subject: dynasty, target meaning ""王朝"".

Composition: Show three generations of monarchs passing the same crown from older ruler to younger heir in sequence.

Style: Use the attached invidious.png for drawing style only. Match its thick rounded dark-brown contours, simplified rounded shapes, and restrained 2D cartoon shading. Do not copy the reference subject or composition.

Framing: One compact composition, with the complete subject using about 80-90% of the square. Keep everything inside the frame.

Output: 512x512 PNG, RGBA, genuine transparent background. No text, numerals, labels, logos or watermark.",作成済み,,references/invidious.png
fort.png,要塞,要塞,"Subject: fort, target meaning ""要塞"".

Composition: Show a compact stone fort with thick walls, watchtowers, gate, and defensive parapets on a hill.

Style: Use the attached invidious.png for drawing style only. Match its thick rounded dark-brown contours, simplified rounded shapes, and restrained 2D cartoon shading. Do not copy the reference subject or composition.

Framing: One compact composition, with the complete subject using about 80-90% of the square. Keep everything inside the frame.

Output: 512x512 PNG, RGBA, genuine transparent background. No text, numerals, labels, logos or watermark.",作成済み,,references/invidious.png
harassment.png,嫌がらせ,嫌がらせ,"Subject: harassment, target meaning ""嫌がらせ"".

Composition: Show one person repeatedly intruding on another's space with unwanted messages and gestures while the target steps away and looks distressed.

Style: Use the attached invidious.png for drawing style only. Match its thick rounded dark-brown contours, simplified rounded shapes, and restrained 2D cartoon shading. Do not copy the reference subject or composition.

Framing: One compact composition, with the complete subject using about 80-90% of the square. Keep everything inside the frame.

Output: 512x512 PNG, RGBA, genuine transparent background. No text, numerals, labels, logos or watermark.",作成済み,,references/invidious.png
iteration.png,繰り返し、反復すること,繰り返し,"Subject: iteration, target meaning ""繰り返し"".

Composition: Show the same simple design being revised three times in sequence, each version slightly improved from the previous one.

Style: Use the attached invidious.png for drawing style only. Match its thick rounded dark-brown contours, simplified rounded shapes, and restrained 2D cartoon shading. Do not copy the reference subject or composition.

Framing: One compact composition, with the complete subject using about 80-90% of the square. Keep everything inside the frame.

Output: 512x512 PNG, RGBA, genuine transparent background. No text, numerals, labels, logos or watermark.",作成済み,,references/invidious.png
optional.png,任意の,任意の,"Subject: optional, target meaning ""任意の"".

Composition: Show two task cards side by side, one marked by a required check and another left free for choice, emphasizing that the second is optional.

Style: Use the attached invidious.png for drawing style only. Match its thick rounded dark-brown contours, simplified rounded shapes, and restrained 2D cartoon shading. Do not copy the reference subject or composition.

Framing: One compact composition, with the complete subject using about 80-90% of the square. Keep everything inside the frame.

Output: 512x512 PNG, RGBA, genuine transparent background. No text, numerals, labels, logos or watermark.",作成済み,,references/invidious.png
Clinton.png,クリントン,クリントン,"Subject: Clinton, target meaning ""クリントン"".

Composition: Show an older American statesman named Clinton in dark suit with gray-white hair, standing at a podium in a neutral civic setting.

Style: Use the attached invidious.png for drawing style only. Match its thick rounded dark-brown contours, simplified rounded shapes, and restrained 2D cartoon shading. Do not copy the reference subject or composition.

Framing: One compact composition, with the complete subject using about 80-90% of the square. Keep everything inside the frame.

Output: 512x512 PNG, RGBA, genuine transparent background. No text, numerals, labels, logos or watermark.",作成済み,,references/invidious.png
Fourier.png,フーリエ,フーリエ,"Subject: Fourier, target meaning ""フーリエ"".

Composition: Show mathematician Joseph Fourier as an early-19th-century scholar beside a board displaying a smooth wave decomposed into simpler waves.

Style: Use the attached invidious.png for drawing style only. Match its thick rounded dark-brown contours, simplified rounded shapes, and restrained 2D cartoon shading. Do not copy the reference subject or composition.

Framing: One compact composition, with the complete subject using about 80-90% of the square. Keep everything inside the frame.

Output: 512x512 PNG, RGBA, genuine transparent background. No text, numerals, labels, logos or watermark.",作成済み,,references/invidious.png
auto.png,自動車,自動車,"Subject: auto, target meaning ""自動車"".

Composition: Show one compact automobile in three-quarter view with four wheels, windshield, doors, and headlights clearly visible.

Style: Use the attached invidious.png for drawing style only. Match its thick rounded dark-brown contours, simplified rounded shapes, and restrained 2D cartoon shading. Do not copy the reference subject or composition.

Framing: One compact composition, with the complete subject using about 80-90% of the square. Keep everything inside the frame.

Output: 512x512 PNG, RGBA, genuine transparent background. No text, numerals, labels, logos or watermark.",作成済み,,references/invidious.png
baptism.png,洗礼,洗礼,"Subject: baptism, target meaning ""洗礼"".

Composition: Show a respectful Christian baptism with one adult being immersed in water while a minister supports them.

Style: Use the attached invidious.png for drawing style only. Match its thick rounded dark-brown contours, simplified rounded shapes, and restrained 2D cartoon shading. Do not copy the reference subject or composition.

Framing: One compact composition, with the complete subject using about 80-90% of the square. Keep everything inside the frame.

Output: 512x512 PNG, RGBA, genuine transparent background. No text, numerals, labels, logos or watermark.",作成済み,,references/invidious.png
bolt.png,ボルト,ボルト,"Subject: bolt, target meaning ""ボルト"".

Composition: Show one metal bolt with hexagonal head and threaded shaft beside a matching nut.

Style: Use the attached invidious.png for drawing style only. Match its thick rounded dark-brown contours, simplified rounded shapes, and restrained 2D cartoon shading. Do not copy the reference subject or composition.

Framing: One compact composition, with the complete subject using about 80-90% of the square. Keep everything inside the frame.

Output: 512x512 PNG, RGBA, genuine transparent background. No text, numerals, labels, logos or watermark.",作成済み,,references/invidious.png
catalytic.png,触媒の,触媒の,"Subject: catalytic, target meaning ""触媒の"".

Composition: Show a catalyst particle helping two reactant molecules combine while the catalyst remains unchanged, in a clean chemistry diagram.

Style: Use the attached invidious.png for drawing style only. Match its thick rounded dark-brown contours, simplified rounded shapes, and restrained 2D cartoon shading. Do not copy the reference subject or composition.

Framing: One compact composition, with the complete subject using about 80-90% of the square. Keep everything inside the frame.

Output: 512x512 PNG, RGBA, genuine transparent background. No text, numerals, labels, logos or watermark.",作成済み,,references/invidious.png
cavalry.png,騎兵隊,騎兵隊,"Subject: cavalry, target meaning ""騎兵隊"".

Composition: Show a line of mounted soldiers on horseback moving together across open ground in historical uniforms.

Style: Use the attached invidious.png for drawing style only. Match its thick rounded dark-brown contours, simplified rounded shapes, and restrained 2D cartoon shading. Do not copy the reference subject or composition.

Framing: One compact composition, with the complete subject using about 80-90% of the square. Keep everything inside the frame.

Output: 512x512 PNG, RGBA, genuine transparent background. No text, numerals, labels, logos or watermark.",作成済み,,references/invidious.png
coconut.png,ココナッツ,ココナッツ,"Subject: coconut, target meaning ""ココナッツ"".

Composition: Show one whole coconut beside a cracked half revealing white flesh and clear coconut water inside.

Style: Use the attached invidious.png for drawing style only. Match its thick rounded dark-brown contours, simplified rounded shapes, and restrained 2D cartoon shading. Do not copy the reference subject or composition.

Framing: One compact composition, with the complete subject using about 80-90% of the square. Keep everything inside the frame.

Output: 512x512 PNG, RGBA, genuine transparent background. No text, numerals, labels, logos or watermark.",作成済み,,references/invidious.png
cortical.png,皮質の,皮質の,"Subject: cortical, target meaning ""皮質の"".

Composition: Show a clean brain illustration with the thin outer cortex layer highlighted around the surface.

Style: Use the attached invidious.png for drawing style only. Match its thick rounded dark-brown contours, simplified rounded shapes, and restrained 2D cartoon shading. Do not copy the reference subject or composition.

Framing: One compact composition, with the complete subject using about 80-90% of the square. Keep everything inside the frame.

Output: 512x512 PNG, RGBA, genuine transparent background. No text, numerals, labels, logos or watermark.",作成済み,,references/invidious.png
cosmic.png,宇宙の,宇宙の,"Subject: cosmic, target meaning ""宇宙の"".

Composition: Show a deep-space scene with stars, galaxy swirl, and glowing nebula, emphasizing the vast cosmos.

Style: Use the attached invidious.png for drawing style only. Match its thick rounded dark-brown contours, simplified rounded shapes, and restrained 2D cartoon shading. Do not copy the reference subject or composition.

Framing: One compact composition, with the complete subject using about 80-90% of the square. Keep everything inside the frame.

Output: 512x512 PNG, RGBA, genuine transparent background. No text, numerals, labels, logos or watermark.",作成済み,,references/invidious.png
devastating.png,荒廃させる,荒廃させる,"Subject: devastating, target meaning ""荒廃させる"".

Composition: Show a town street after a severe storm with fallen trees, damaged roofs, and scattered debris, no injuries.

Style: Use the attached invidious.png for drawing style only. Match its thick rounded dark-brown contours, simplified rounded shapes, and restrained 2D cartoon shading. Do not copy the reference subject or composition.

Framing: One compact composition, with the complete subject using about 80-90% of the square. Keep everything inside the frame.

Output: 512x512 PNG, RGBA, genuine transparent background. No text, numerals, labels, logos or watermark.",作成済み,,references/invidious.png
fibrosis.png,線維症,線維症,"Subject: fibrosis, target meaning ""線維症"".

Composition: Show a clean medical tissue diagram where normal soft tissue is replaced by dense bands of fibrous scar tissue.

Style: Use the attached invidious.png for drawing style only. Match its thick rounded dark-brown contours, simplified rounded shapes, and restrained 2D cartoon shading. Do not copy the reference subject or composition.

Framing: One compact composition, with the complete subject using about 80-90% of the square. Keep everything inside the frame.

Output: 512x512 PNG, RGBA, genuine transparent background. No text, numerals, labels, logos or watermark.",作成済み,,references/invidious.png
greet.png,挨拶する,挨拶する,"Subject: greet, target meaning ""挨拶する"".

Composition: Show two people meeting at a doorway and greeting each other with smiles and a handshake.

Style: Use the attached invidious.png for drawing style only. Match its thick rounded dark-brown contours, simplified rounded shapes, and restrained 2D cartoon shading. Do not copy the reference subject or composition.

Framing: One compact composition, with the complete subject using about 80-90% of the square. Keep everything inside the frame.

Output: 512x512 PNG, RGBA, genuine transparent background. No text, numerals, labels, logos or watermark.",作成済み,,references/invidious.png
inorganic.png,無生物の,無生物の,"Subject: inorganic, target meaning ""無生物の"".

Composition: Show rocks, metal, glass, and mineral crystals grouped together with no living material, representing inorganic matter.

Style: Use the attached invidious.png for drawing style only. Match its thick rounded dark-brown contours, simplified rounded shapes, and restrained 2D cartoon shading. Do not copy the reference subject or composition.

Framing: One compact composition, with the complete subject using about 80-90% of the square. Keep everything inside the frame.

Output: 512x512 PNG, RGBA, genuine transparent background. No text, numerals, labels, logos or watermark.",作成済み,,references/invidious.png
journalism.png,ジャーナリズム,ジャーナリズム,"Subject: journalism, target meaning ""ジャーナリズム"".

Composition: Show a reporter interviewing someone while a camera operator films and a notebook records details, representing news gathering.

Style: Use the attached invidious.png for drawing style only. Match its thick rounded dark-brown contours, simplified rounded shapes, and restrained 2D cartoon shading. Do not copy the reference subject or composition.

Framing: One compact composition, with the complete subject using about 80-90% of the square. Keep everything inside the frame.

Output: 512x512 PNG, RGBA, genuine transparent background. No text, numerals, labels, logos or watermark.",作成済み,,references/invidious.png
monopoly.png,独占,独占,"Subject: monopoly, target meaning ""独占"".

Composition: Show one large company stall controlling all identical goods while several empty competitor stalls stand unused around it.

Style: Use the attached invidious.png for drawing style only. Match its thick rounded dark-brown contours, simplified rounded shapes, and restrained 2D cartoon shading. Do not copy the reference subject or composition.

Framing: One compact composition, with the complete subject using about 80-90% of the square. Keep everything inside the frame.

Output: 512x512 PNG, RGBA, genuine transparent background. No text, numerals, labels, logos or watermark.",作成済み,,references/invidious.png
pneumonia.png,肺炎,肺炎,"Subject: pneumonia, target meaning ""肺炎"".

Composition: Show a clean chest illustration with lungs containing several cloudy inflamed patches, non-graphic and medical.

Style: Use the attached invidious.png for drawing style only. Match its thick rounded dark-brown contours, simplified rounded shapes, and restrained 2D cartoon shading. Do not copy the reference subject or composition.

Framing: One compact composition, with the complete subject using about 80-90% of the square. Keep everything inside the frame.

Output: 512x512 PNG, RGBA, genuine transparent background. No text, numerals, labels, logos or watermark.",作成済み,,references/invidious.png
pseudo-.png,偽りの,偽りの,"Subject: pseudo-, target meaning ""偽りの"".

Composition: Show an imitation gold medal beside a genuine one, with the fake medal visibly made of cheap painted plastic while copying the same overall shape.

Style: Use the attached invidious.png for drawing style only. Match its thick rounded dark-brown contours, simplified rounded shapes, and restrained 2D cartoon shading. Do not copy the reference subject or composition.

Framing: One compact composition, with the complete subject using about 80-90% of the square. Keep everything inside the frame.

Output: 512x512 PNG, RGBA, genuine transparent background. No text, numerals, labels, logos or watermark.",作成済み,,references/invidious.png
punch@penkwe.png,ポンチ,ポンチ,"Subject: punch, target meaning ""ポンチ"".

Composition: Show one metal center punch tool with pointed tip striking a small dimple into a steel plate.

Style: Use the attached invidious.png for drawing style only. Match its thick rounded dark-brown contours, simplified rounded shapes, and restrained 2D cartoon shading. Do not copy the reference subject or composition.

Framing: One compact composition, with the complete subject using about 80-90% of the square. Keep everything inside the frame.

Output: 512x512 PNG, RGBA, genuine transparent background. No text, numerals, labels, logos or watermark.",作成済み,,references/invidious.png
real@reg.png,スペインの旧銀貨,スペインの旧銀貨,"Subject: real, target meaning ""スペインの旧銀貨"".

Composition: Show one old Spanish silver coin with worn heraldic design and milled edge, displayed alone as a historical currency object.

Style: Use the attached invidious.png for drawing style only. Match its thick rounded dark-brown contours, simplified rounded shapes, and restrained 2D cartoon shading. Do not copy the reference subject or composition.

Framing: One compact composition, with the complete subject using about 80-90% of the square. Keep everything inside the frame.

Output: 512x512 PNG, RGBA, genuine transparent background. No text, numerals, labels, logos or watermark.",作成済み,,references/invidious.png
spiral.png,らせん,らせん,"Subject: spiral, target meaning ""らせん"".

Composition: Show one clean spiral line winding outward from a central point in a smooth continuous curve.

Style: Use the attached invidious.png for drawing style only. Match its thick rounded dark-brown contours, simplified rounded shapes, and restrained 2D cartoon shading. Do not copy the reference subject or composition.

Framing: One compact composition, with the complete subject using about 80-90% of the square. Keep everything inside the frame.

Output: 512x512 PNG, RGBA, genuine transparent background. No text, numerals, labels, logos or watermark.",作成済み,,references/invidious.png
swinging.png,前後に揺れる,前後に揺れる,"Subject: swinging, target meaning ""前後に揺れる"".

Composition: Show a hanging pendulum or playground swing moving back and forth with curved motion arcs on both sides.

Style: Use the attached invidious.png for drawing style only. Match its thick rounded dark-brown contours, simplified rounded shapes, and restrained 2D cartoon shading. Do not copy the reference subject or composition.

Framing: One compact composition, with the complete subject using about 80-90% of the square. Keep everything inside the frame.

Output: 512x512 PNG, RGBA, genuine transparent background. No text, numerals, labels, logos or watermark.",作成済み,,references/invidious.png
Austrian.png,オーストリア人の,オーストリア人の,"Subject: Austrian, target meaning ""オーストリア人の"".

Composition: Show an Austrian person in contemporary clothing beside alpine mountains, red-roofed village, and a small red-white flag cue.

Style: Use the attached invidious.png for drawing style only. Match its thick rounded dark-brown contours, simplified rounded shapes, and restrained 2D cartoon shading. Do not copy the reference subject or composition.

Framing: One compact composition, with the complete subject using about 80-90% of the square. Keep everything inside the frame.

Output: 512x512 PNG, RGBA, genuine transparent background. No text, numerals, labels, logos or watermark.",作成済み,,references/invidious.png
Caleb.png,ケイレブ,ケイレブ,"Subject: Caleb, target meaning ""ケイレブ"".

Composition: Show an adult man named Caleb with short brown hair, casual sweater, and friendly composed expression.

Style: Use the attached invidious.png for drawing style only. Match its thick rounded dark-brown contours, simplified rounded shapes, and restrained 2D cartoon shading. Do not copy the reference subject or composition.

Framing: One compact composition, with the complete subject using about 80-90% of the square. Keep everything inside the frame.

Output: 512x512 PNG, RGBA, genuine transparent background. No text, numerals, labels, logos or watermark.",作成済み,,references/invidious.png
Durham.png,ダーラム,ダーラム,"Subject: Durham, target meaning ""ダーラム"".

Composition: Show a compact Durham scene with stone cathedral towers rising above a river and old English town buildings.

Style: Use the attached invidious.png for drawing style only. Match its thick rounded dark-brown contours, simplified rounded shapes, and restrained 2D cartoon shading. Do not copy the reference subject or composition.

Framing: One compact composition, with the complete subject using about 80-90% of the square. Keep everything inside the frame.

Output: 512x512 PNG, RGBA, genuine transparent background. No text, numerals, labels, logos or watermark.",作成済み,,references/invidious.png
ISO.png,国際標準化機構,国際標準化機構,"Subject: ISO, target meaning ""国際標準化機構"".

Composition: Show an international standards meeting with engineers from several countries comparing the same calibrated measurement tools and shared specification sheet.

Style: Use the attached invidious.png for drawing style only. Match its thick rounded dark-brown contours, simplified rounded shapes, and restrained 2D cartoon shading. Do not copy the reference subject or composition.

Framing: One compact composition, with the complete subject using about 80-90% of the square. Keep everything inside the frame.

Output: 512x512 PNG, RGBA, genuine transparent background. No text, numerals, labels, logos or watermark.",作成済み,,references/invidious.png
Judith.png,ジュディス,ジュディス,"Subject: Judith, target meaning ""ジュディス"".

Composition: Show biblical Judith as a determined woman in ancient robes holding a covered basket and standing before a besieged city, non-graphic.

Style: Use the attached invidious.png for drawing style only. Match its thick rounded dark-brown contours, simplified rounded shapes, and restrained 2D cartoon shading. Do not copy the reference subject or composition.

Framing: One compact composition, with the complete subject using about 80-90% of the square. Keep everything inside the frame.

Output: 512x512 PNG, RGBA, genuine transparent background. No text, numerals, labels, logos or watermark.",作成済み,,references/invidious.png
basal.png,基礎の,基礎の,"Subject: basal, target meaning ""基礎の"".

Composition: Show a plant stem cross-section with the lowest foundational layer at the base clearly highlighted.

Style: Use the attached invidious.png for drawing style only. Match its thick rounded dark-brown contours, simplified rounded shapes, and restrained 2D cartoon shading. Do not copy the reference subject or composition.

Framing: One compact composition, with the complete subject using about 80-90% of the square. Keep everything inside the frame.

Output: 512x512 PNG, RGBA, genuine transparent background. No text, numerals, labels, logos or watermark.",作成済み,,references/invidious.png
colonialism.png,植民地主義、植民地化政策,植民地主義,"Subject: colonialism, target meaning ""植民地主義"".

Composition: Show a foreign colonial administration building imposed beside a local village while officials control trade goods and maps, presented neutrally.

Style: Use the attached invidious.png for drawing style only. Match its thick rounded dark-brown contours, simplified rounded shapes, and restrained 2D cartoon shading. Do not copy the reference subject or composition.

Framing: One compact composition, with the complete subject using about 80-90% of the square. Keep everything inside the frame.

Output: 512x512 PNG, RGBA, genuine transparent background. No text, numerals, labels, logos or watermark.",作成済み,,references/invidious.png
compartment.png,区画,区画,"Subject: compartment, target meaning ""区画"".

Composition: Show one train carriage interior divided into several separate enclosed compartments with doors.

Style: Use the attached invidious.png for drawing style only. Match its thick rounded dark-brown contours, simplified rounded shapes, and restrained 2D cartoon shading. Do not copy the reference subject or composition.

Framing: One compact composition, with the complete subject using about 80-90% of the square. Keep everything inside the frame.

Output: 512x512 PNG, RGBA, genuine transparent background. No text, numerals, labels, logos or watermark.",作成済み,,references/invidious.png
empowerment.png,権限を持たせること、権限付与,権限を持たせること,"Subject: empowerment, target meaning ""権限を持たせること"".

Composition: Show one person being handed keys, tools, and decision documents, then stepping forward confidently to lead a task.

Style: Use the attached invidious.png for drawing style only. Match its thick rounded dark-brown contours, simplified rounded shapes, and restrained 2D cartoon shading. Do not copy the reference subject or composition.

Framing: One compact composition, with the complete subject using about 80-90% of the square. Keep everything inside the frame.

Output: 512x512 PNG, RGBA, genuine transparent background. No text, numerals, labels, logos or watermark.",作成済み,,references/invidious.png
hunter.png,猟師、狩人,猟師,"Subject: hunter, target meaning ""猟師"".

Composition: Show a hunter tracking footprints in a forest with binoculars and backpack, no weapon use or animal harm.

Style: Use the attached invidious.png for drawing style only. Match its thick rounded dark-brown contours, simplified rounded shapes, and restrained 2D cartoon shading. Do not copy the reference subject or composition.

Framing: One compact composition, with the complete subject using about 80-90% of the square. Keep everything inside the frame.

Output: 512x512 PNG, RGBA, genuine transparent background. No text, numerals, labels, logos or watermark.",作成済み,,references/invidious.png
instructional.png,教育の,教育の,"Subject: instructional, target meaning ""教育の"".

Composition: Show a teacher demonstrating a three-step practical task on a board while one learner follows the steps at a desk.

Style: Use the attached invidious.png for drawing style only. Match its thick rounded dark-brown contours, simplified rounded shapes, and restrained 2D cartoon shading. Do not copy the reference subject or composition.

Framing: One compact composition, with the complete subject using about 80-90% of the square. Keep everything inside the frame.

Output: 512x512 PNG, RGBA, genuine transparent background. No text, numerals, labels, logos or watermark.",作成済み,,references/invidious.png
lengthy.png,非常に長い、長期にわたる,非常に長い,"Subject: lengthy, target meaning ""非常に長い"".

Composition: Show a very long scroll unrolling across a table and continuing beyond several objects, emphasizing great length.

Style: Use the attached invidious.png for drawing style only. Match its thick rounded dark-brown contours, simplified rounded shapes, and restrained 2D cartoon shading. Do not copy the reference subject or composition.

Framing: One compact composition, with the complete subject using about 80-90% of the square. Keep everything inside the frame.

Output: 512x512 PNG, RGBA, genuine transparent background. No text, numerals, labels, logos or watermark.",作成済み,,references/invidious.png
maam.png,奥様,奥様,"Subject: ma'am, target meaning ""奥様"".

Composition: Show one person addressing an adult woman respectfully with a slight bow and formal open-hand gesture.

Style: Use the attached invidious.png for drawing style only. Match its thick rounded dark-brown contours, simplified rounded shapes, and restrained 2D cartoon shading. Do not copy the reference subject or composition.

Framing: One compact composition, with the complete subject using about 80-90% of the square. Keep everything inside the frame.

Output: 512x512 PNG, RGBA, genuine transparent background. No text, numerals, labels, logos or watermark.",作成済み,,references/invidious.png
mourning.png,悲嘆,悲嘆,"Subject: mourning, target meaning ""悲嘆"".

Composition: Show one person in subdued dark clothing holding flowers beside a memorial portrait, head bowed in grief.

Style: Use the attached invidious.png for drawing style only. Match its thick rounded dark-brown contours, simplified rounded shapes, and restrained 2D cartoon shading. Do not copy the reference subject or composition.

Framing: One compact composition, with the complete subject using about 80-90% of the square. Keep everything inside the frame.

Output: 512x512 PNG, RGBA, genuine transparent background. No text, numerals, labels, logos or watermark.",作成済み,,references/invidious.png
plea.png,嘆願,嘆願,"Subject: plea, target meaning ""嘆願"".

Composition: Show one person clasping hands and leaning forward while asking a seated official earnestly for help.

Style: Use the attached invidious.png for drawing style only. Match its thick rounded dark-brown contours, simplified rounded shapes, and restrained 2D cartoon shading. Do not copy the reference subject or composition.

Framing: One compact composition, with the complete subject using about 80-90% of the square. Keep everything inside the frame.

Output: 512x512 PNG, RGBA, genuine transparent background. No text, numerals, labels, logos or watermark.",作成済み,,references/invidious.png
resentment.png,恨み、腹立たしさ,恨み,"Subject: resentment, target meaning ""恨み"".

Composition: Show one person turning away with tight jaw and crossed arms while glancing back angrily at someone who received unfair treatment.

Style: Use the attached invidious.png for drawing style only. Match its thick rounded dark-brown contours, simplified rounded shapes, and restrained 2D cartoon shading. Do not copy the reference subject or composition.

Framing: One compact composition, with the complete subject using about 80-90% of the square. Keep everything inside the frame.

Output: 512x512 PNG, RGBA, genuine transparent background. No text, numerals, labels, logos or watermark.",作成済み,,references/invidious.png
savage.png,どう猛な,どう猛な,"Subject: savage, target meaning ""どう猛な"".

Composition: Show a fierce wild boar with bristled fur and tense posture in a forest, clearly untamed and dangerous-looking.

Style: Use the attached invidious.png for drawing style only. Match its thick rounded dark-brown contours, simplified rounded shapes, and restrained 2D cartoon shading. Do not copy the reference subject or composition.

Framing: One compact composition, with the complete subject using about 80-90% of the square. Keep everything inside the frame.

Output: 512x512 PNG, RGBA, genuine transparent background. No text, numerals, labels, logos or watermark.",作成済み,,references/invidious.png
sometime.png,ある時、いつか,ある時,"Subject: sometime, target meaning ""ある時"".

Composition: Show one future event card placed on an unspecified point along a timeline without a fixed date.

Style: Use the attached invidious.png for drawing style only. Match its thick rounded dark-brown contours, simplified rounded shapes, and restrained 2D cartoon shading. Do not copy the reference subject or composition.

Framing: One compact composition, with the complete subject using about 80-90% of the square. Keep everything inside the frame.

Output: 512x512 PNG, RGBA, genuine transparent background. No text, numerals, labels, logos or watermark.",作成済み,,references/invidious.png
susceptibility.png,影響を受けやすいこと,影響を受けやすいこと,"Subject: susceptibility, target meaning ""影響を受けやすいこと"".

Composition: Show two plants exposed to the same pest, with one quickly becoming spotted while the other remains healthy, emphasizing susceptibility.

Style: Use the attached invidious.png for drawing style only. Match its thick rounded dark-brown contours, simplified rounded shapes, and restrained 2D cartoon shading. Do not copy the reference subject or composition.

Framing: One compact composition, with the complete subject using about 80-90% of the square. Keep everything inside the frame.

Output: 512x512 PNG, RGBA, genuine transparent background. No text, numerals, labels, logos or watermark.",作成済み,,references/invidious.png
talented.png,才能のある,才能のある,"Subject: talented, target meaning ""才能のある"".

Composition: Show a young musician performing a difficult piece effortlessly while listeners react with admiration.

Style: Use the attached invidious.png for drawing style only. Match its thick rounded dark-brown contours, simplified rounded shapes, and restrained 2D cartoon shading. Do not copy the reference subject or composition.

Framing: One compact composition, with the complete subject using about 80-90% of the square. Keep everything inside the frame.

Output: 512x512 PNG, RGBA, genuine transparent background. No text, numerals, labels, logos or watermark.",作成済み,,references/invidious.png
teenager.png,10代の若者、ティーンエージャー,10代の若者,"Subject: teenager, target meaning ""10代の若者"".

Composition: Show the exact quantity expressed by ""10代の若者"" using identical simple objects arranged clearly.

Style: Use the attached invidious.png for drawing style only. Match its thick rounded dark-brown contours, simplified rounded shapes, and restrained 2D cartoon shading. Do not copy the reference subject or composition.

Framing: One compact composition, with the complete subject using about 80-90% of the square. Keep everything inside the frame.

Output: 512x512 PNG, RGBA, genuine transparent background. No incidental text, numerals, or labels beyond what is essential to the target meaning. No logos or watermark.",作成済み,,references/invidious.png
Brussels.png,ブリュッセル,ブリュッセル,"Subject: Brussels, target meaning ""ブリュッセル"".

Composition: Show Brussels Grand Place-style ornate facades and cobblestone square with a small European civic cue.

Style: Use the attached invidious.png for drawing style only. Match its thick rounded dark-brown contours, simplified rounded shapes, and restrained 2D cartoon shading. Do not copy the reference subject or composition.

Framing: One compact composition, with the complete subject using about 80-90% of the square. Keep everything inside the frame.

Output: 512x512 PNG, RGBA, genuine transparent background. No text, numerals, labels, logos or watermark.",作成済み,,references/invidious.png
Connor.png,コナー、コンナー,コナー,"Subject: Connor, target meaning ""コナー"".

Composition: Show an adult man named Connor with short dark hair, casual jacket, and friendly relaxed expression.

Style: Use the attached invidious.png for drawing style only. Match its thick rounded dark-brown contours, simplified rounded shapes, and restrained 2D cartoon shading. Do not copy the reference subject or composition.

Framing: One compact composition, with the complete subject using about 80-90% of the square. Keep everything inside the frame.

Output: 512x512 PNG, RGBA, genuine transparent background. No text, numerals, labels, logos or watermark.",作成済み,,references/invidious.png
Czech.png,チェコ人,チェコ人,"Subject: Czech, target meaning ""チェコ人"".

Composition: Show a Czech person in contemporary clothing beside Prague-style red roofs, stone bridge, and small flag cue.

Style: Use the attached invidious.png for drawing style only. Match its thick rounded dark-brown contours, simplified rounded shapes, and restrained 2D cartoon shading. Do not copy the reference subject or composition.

Framing: One compact composition, with the complete subject using about 80-90% of the square. Keep everything inside the frame.

Output: 512x512 PNG, RGBA, genuine transparent background. No text, numerals, labels, logos or watermark.",作成済み,,references/invidious.png
DJ.png,ディー・ジェイ,ディー・ジェイ,"Subject: DJ, target meaning ""ディー・ジェイ"".

Composition: Show a DJ wearing headphones behind a mixing console with turntables, sliders, and speakers, one hand adjusting a control.

Style: Use the attached invidious.png for drawing style only. Match its thick rounded dark-brown contours, simplified rounded shapes, and restrained 2D cartoon shading. Do not copy the reference subject or composition.

Framing: One compact composition, with the complete subject using about 80-90% of the square. Keep everything inside the frame.

Output: 512x512 PNG, RGBA, genuine transparent background. No text, numerals, labels, logos or watermark.",作成済み,,references/invidious.png
Eli.png,イーライ、エリ,イーライ,"Subject: Eli, target meaning ""イーライ"".

Composition: Show an adult man named Eli with short brown hair, simple shirt, and calm friendly expression.

Style: Use the attached invidious.png for drawing style only. Match its thick rounded dark-brown contours, simplified rounded shapes, and restrained 2D cartoon shading. Do not copy the reference subject or composition.

Framing: One compact composition, with the complete subject using about 80-90% of the square. Keep everything inside the frame.

Output: 512x512 PNG, RGBA, genuine transparent background. No text, numerals, labels, logos or watermark.",作成済み,,references/invidious.png
Leonard.png,レナード,レナード,"Subject: Leonard, target meaning ""レナード"".

Composition: Show an adult man named Leonard with short gray-brown hair, glasses, and thoughtful composed expression.

Style: Use the attached invidious.png for drawing style only. Match its thick rounded dark-brown contours, simplified rounded shapes, and restrained 2D cartoon shading. Do not copy the reference subject or composition.

Framing: One compact composition, with the complete subject using about 80-90% of the square. Keep everything inside the frame.

Output: 512x512 PNG, RGBA, genuine transparent background. No text, numerals, labels, logos or watermark.",作成済み,,references/invidious.png
Venus.png,ビーナス,ビーナス,"Subject: Venus, target meaning ""ビーナス"".

Composition: Show the Roman goddess Venus in flowing classical robes holding a small shell, with soft sea and flower motifs.

Style: Use the attached invidious.png for drawing style only. Match its thick rounded dark-brown contours, simplified rounded shapes, and restrained 2D cartoon shading. Do not copy the reference subject or composition.

Framing: One compact composition, with the complete subject using about 80-90% of the square. Keep everything inside the frame.

Output: 512x512 PNG, RGBA, genuine transparent background. No text, numerals, labels, logos or watermark.",作成済み,,references/invidious.png
adulthood.png,大人であること、成人期,大人であること,"Subject: adulthood, target meaning ""大人であること"".

Composition: Show one person at three life stages—teen, young adult, mature adult—with the central adult figure emphasized as independent and fully grown.

Style: Use the attached invidious.png for drawing style only. Match its thick rounded dark-brown contours, simplified rounded shapes, and restrained 2D cartoon shading. Do not copy the reference subject or composition.

Framing: One compact composition, with the complete subject using about 80-90% of the square. Keep everything inside the frame.

Output: 512x512 PNG, RGBA, genuine transparent background. No text, numerals, labels, logos or watermark.",作成済み,,references/invidious.png
authoritarian.png,権威主義の,権威主義の,"Subject: authoritarian, target meaning ""権威主義の"".

Composition: Show one ruler standing above a group while issuing orders from a raised platform and preventing others from speaking.

Style: Use the attached invidious.png for drawing style only. Match its thick rounded dark-brown contours, simplified rounded shapes, and restrained 2D cartoon shading. Do not copy the reference subject or composition.

Framing: One compact composition, with the complete subject using about 80-90% of the square. Keep everything inside the frame.

Output: 512x512 PNG, RGBA, genuine transparent background. No text, numerals, labels, logos or watermark.",作成済み,,references/invidious.png
continuum.png,連続したつながり、連続体,連続したつながり,"Subject: continuum, target meaning ""連続したつながり"".

Composition: Show a smooth gradient from dark to light across one continuous bar with no sharp breaks, emphasizing continuous change.

Style: Use the attached invidious.png for drawing style only. Match its thick rounded dark-brown contours, simplified rounded shapes, and restrained 2D cartoon shading. Do not copy the reference subject or composition.

Framing: One compact composition, with the complete subject using about 80-90% of the square. Keep everything inside the frame.

Output: 512x512 PNG, RGBA, genuine transparent background. No text, numerals, labels, logos or watermark.",作成済み,,references/invidious.png
costume.png,服装,服装,"Subject: costume, target meaning ""服装"".

Composition: Show one complete theatrical costume on a mannequin with decorated jacket, hat, and accessories.

Style: Use the attached invidious.png for drawing style only. Match its thick rounded dark-brown contours, simplified rounded shapes, and restrained 2D cartoon shading. Do not copy the reference subject or composition.

Framing: One compact composition, with the complete subject using about 80-90% of the square. Keep everything inside the frame.

Output: 512x512 PNG, RGBA, genuine transparent background. No text, numerals, labels, logos or watermark.",作成済み,,references/invidious.png
electrolyte.png,電解質,電解質,"Subject: electrolyte, target meaning ""電解質"".

Composition: Show a beaker of water containing dissolved ions represented as positive and negative particles moving between two electrodes.

Style: Use the attached invidious.png for drawing style only. Match its thick rounded dark-brown contours, simplified rounded shapes, and restrained 2D cartoon shading. Do not copy the reference subject or composition.

Framing: One compact composition, with the complete subject using about 80-90% of the square. Keep everything inside the frame.

Output: 512x512 PNG, RGBA, genuine transparent background. No text, numerals, labels, logos or watermark.",作成済み,,references/invidious.png
haunted.png,幽霊の出る,幽霊の出る,"Subject: haunted, target meaning ""幽霊の出る"".

Composition: Show an old house at night with one faint translucent ghost visible in an upstairs window, spooky but not violent.

Style: Use the attached invidious.png for drawing style only. Match its thick rounded dark-brown contours, simplified rounded shapes, and restrained 2D cartoon shading. Do not copy the reference subject or composition.

Framing: One compact composition, with the complete subject using about 80-90% of the square. Keep everything inside the frame.

Output: 512x512 PNG, RGBA, genuine transparent background. No text, numerals, labels, logos or watermark.",作成済み,,references/invidious.png
herd.png,群れ,群れ,"Subject: herd, target meaning ""群れ"".

Composition: Show a large herd of cattle moving together across a pasture in one compact group.

Style: Use the attached invidious.png for drawing style only. Match its thick rounded dark-brown contours, simplified rounded shapes, and restrained 2D cartoon shading. Do not copy the reference subject or composition.

Framing: One compact composition, with the complete subject using about 80-90% of the square. Keep everything inside the frame.

Output: 512x512 PNG, RGBA, genuine transparent background. No text, numerals, labels, logos or watermark.",作成済み,,references/invidious.png
lazy.png,怠惰な、不精な,怠惰な,"Subject: lazy, target meaning ""怠惰な"".

Composition: Show one person sprawled on a sofa while unfinished chores and unopened laptop remain nearby, clearly avoiding effort.

Style: Use the attached invidious.png for drawing style only. Match its thick rounded dark-brown contours, simplified rounded shapes, and restrained 2D cartoon shading. Do not copy the reference subject or composition.

Framing: One compact composition, with the complete subject using about 80-90% of the square. Keep everything inside the frame.

Output: 512x512 PNG, RGBA, genuine transparent background. No text, numerals, labels, logos or watermark.",作成済み,,references/invidious.png
microscopy.png,顕微鏡使用、顕微鏡検査,顕微鏡使用,"Subject: microscopy, target meaning ""顕微鏡使用"".

Composition: Show a scientist looking through a microscope while a circular inset reveals enlarged cells from the slide.

Style: Use the attached invidious.png for drawing style only. Match its thick rounded dark-brown contours, simplified rounded shapes, and restrained 2D cartoon shading. Do not copy the reference subject or composition.

Framing: One compact composition, with the complete subject using about 80-90% of the square. Keep everything inside the frame.

Output: 512x512 PNG, RGBA, genuine transparent background. No text, numerals, labels, logos or watermark.",作成済み,,references/invidious.png
persecution.png,迫害,迫害,"Subject: persecution, target meaning ""迫害"".

Composition: Show one minority group being driven away from a public space by hostile authorities, with belongings in hand and no physical violence shown.

Style: Use the attached invidious.png for drawing style only. Match its thick rounded dark-brown contours, simplified rounded shapes, and restrained 2D cartoon shading. Do not copy the reference subject or composition.

Framing: One compact composition, with the complete subject using about 80-90% of the square. Keep everything inside the frame.

Output: 512x512 PNG, RGBA, genuine transparent background. No text, numerals, labels, logos or watermark.",作成済み,,references/invidious.png
saint.png,聖人,聖人,"Subject: saint, target meaning ""聖人"".

Composition: Show a haloed historical saint in simple robe holding a book or charitable gift, calm and dignified.

Style: Use the attached invidious.png for drawing style only. Match its thick rounded dark-brown contours, simplified rounded shapes, and restrained 2D cartoon shading. Do not copy the reference subject or composition.

Framing: One compact composition, with the complete subject using about 80-90% of the square. Keep everything inside the frame.

Output: 512x512 PNG, RGBA, genuine transparent background. No text, numerals, labels, logos or watermark.",作成済み,,references/invidious.png
sideways.png,横に、横向きに,横に,"Subject: sideways, target meaning ""横に"".

Composition: Show one crab moving laterally across the sand with a horizontal motion arrow to the side.

Style: Use the attached invidious.png for drawing style only. Match its thick rounded dark-brown contours, simplified rounded shapes, and restrained 2D cartoon shading. Do not copy the reference subject or composition.

Framing: One compact composition, with the complete subject using about 80-90% of the square. Keep everything inside the frame.

Output: 512x512 PNG, RGBA, genuine transparent background. No text, numerals, labels, logos or watermark.",作成済み,,references/invidious.png
tab.png,タブ,タブ,"Subject: tab, target meaning ""タブ"".

Composition: Show a browser-like interface with several small rectangular tabs across the top, one tab clearly selected, no readable text.

Style: Use the attached invidious.png for drawing style only. Match its thick rounded dark-brown contours, simplified rounded shapes, and restrained 2D cartoon shading. Do not copy the reference subject or composition.

Framing: One compact composition, with the complete subject using about 80-90% of the square. Keep everything inside the frame.

Output: 512x512 PNG, RGBA, genuine transparent background. No text, numerals, labels, logos or watermark.",作成済み,,references/invidious.png
tablet.png,錠剤、タブレット,錠剤,"Subject: tablet, target meaning ""錠剤"".

Composition: Show one round medicinal tablet beside a blister pack, clean and clinical with no brand markings.

Style: Use the attached invidious.png for drawing style only. Match its thick rounded dark-brown contours, simplified rounded shapes, and restrained 2D cartoon shading. Do not copy the reference subject or composition.

Framing: One compact composition, with the complete subject using about 80-90% of the square. Keep everything inside the frame.

Output: 512x512 PNG, RGBA, genuine transparent background. No text, numerals, labels, logos or watermark.",作成済み,,references/invidious.png
textile.png,織物,織物,"Subject: textile, target meaning ""織物"".

Composition: Show a close-up woven textile with crossing threads, folded fabric edge, and visible weave pattern.

Style: Use the attached invidious.png for drawing style only. Match its thick rounded dark-brown contours, simplified rounded shapes, and restrained 2D cartoon shading. Do not copy the reference subject or composition.

Framing: One compact composition, with the complete subject using about 80-90% of the square. Keep everything inside the frame.

Output: 512x512 PNG, RGBA, genuine transparent background. No text, numerals, labels, logos or watermark.",作成済み,,references/invidious.png
transplantation.png,移植,移植,"Subject: transplantation, target meaning ""移植"".

Composition: Show a clean surgical diagram of a healthy donor kidney being connected into a recipient abdomen, non-graphic and educational.

Style: Use the attached invidious.png for drawing style only. Match its thick rounded dark-brown contours, simplified rounded shapes, and restrained 2D cartoon shading. Do not copy the reference subject or composition.

Framing: One compact composition, with the complete subject using about 80-90% of the square. Keep everything inside the frame.

Output: 512x512 PNG, RGBA, genuine transparent background. No text, numerals, labels, logos or watermark.",作成済み,,references/invidious.png
Amelia.png,アミーリア,アミーリア,"Subject: Amelia, target meaning ""アミーリア"".

Composition: Show a young adult woman named Amelia with wavy brown hair, light blouse, and bright friendly expression.

Style: Use the attached invidious.png for drawing style only. Match its thick rounded dark-brown contours, simplified rounded shapes, and restrained 2D cartoon shading. Do not copy the reference subject or composition.

Framing: One compact composition, with the complete subject using about 80-90% of the square. Keep everything inside the frame.

Output: 512x512 PNG, RGBA, genuine transparent background. No text, numerals, labels, logos or watermark.",作成済み,,references/invidious.png
Katherine.png,キャサリン、カサリン,キャサリン,"Subject: Katherine, target meaning ""キャサリン"".

Composition: Show an adult woman named Katherine with dark-blonde hair, simple dress, and calm poised expression.

Style: Use the attached invidious.png for drawing style only. Match its thick rounded dark-brown contours, simplified rounded shapes, and restrained 2D cartoon shading. Do not copy the reference subject or composition.

Framing: One compact composition, with the complete subject using about 80-90% of the square. Keep everything inside the frame.

Output: 512x512 PNG, RGBA, genuine transparent background. No text, numerals, labels, logos or watermark.",作成済み,,references/invidious.png
chuckle.png,クスクス笑い、含み笑い,クスクス笑い,"Subject: chuckle, target meaning ""クスクス笑い"".

Composition: Show one person smiling with lips partly closed, shoulders bouncing slightly, and hand near mouth in a quiet chuckle.

Style: Use the attached invidious.png for drawing style only. Match its thick rounded dark-brown contours, simplified rounded shapes, and restrained 2D cartoon shading. Do not copy the reference subject or composition.

Framing: One compact composition, with the complete subject using about 80-90% of the square. Keep everything inside the frame.

Output: 512x512 PNG, RGBA, genuine transparent background. No text, numerals, labels, logos or watermark.",作成済み,,references/invidious.png
cyclic.png,循環の、周期的な,循環の,"Subject: cyclic, target meaning ""循環の"".

Composition: Show four arrows forming a closed circular cycle from one stage to the next and back to the start.

Style: Use the attached invidious.png for drawing style only. Match its thick rounded dark-brown contours, simplified rounded shapes, and restrained 2D cartoon shading. Do not copy the reference subject or composition.

Framing: One compact composition, with the complete subject using about 80-90% of the square. Keep everything inside the frame.

Output: 512x512 PNG, RGBA, genuine transparent background. No text, numerals, labels, logos or watermark.",作成済み,,references/invidious.png
flashing.png,雨仕舞い板(屋根の谷や煙突まわりの防水金属板),雨仕舞い板(屋根の谷や煙突まわりの防水金属板),"Subject: flashing, target meaning ""雨仕舞い板(屋根の谷や煙突まわりの防水金属板)"".

Composition: Show a roof valley and chimney base fitted with shiny metal flashing strips tucked under shingles to keep rain out.

Style: Use the attached invidious.png for drawing style only. Match its thick rounded dark-brown contours, simplified rounded shapes, and restrained 2D cartoon shading. Do not copy the reference subject or composition.

Framing: One compact composition, with the complete subject using about 80-90% of the square. Keep everything inside the frame.

Output: 512x512 PNG, RGBA, genuine transparent background. No text, numerals, labels, logos or watermark.",作成済み,,references/invidious.png
gastric.png,胃の,胃の,"Subject: gastric, target meaning ""胃の"".

Composition: Show a clean medical diagram of the stomach with the organ clearly highlighted inside the upper abdomen.

Style: Use the attached invidious.png for drawing style only. Match its thick rounded dark-brown contours, simplified rounded shapes, and restrained 2D cartoon shading. Do not copy the reference subject or composition.

Framing: One compact composition, with the complete subject using about 80-90% of the square. Keep everything inside the frame.

Output: 512x512 PNG, RGBA, genuine transparent background. No text, numerals, labels, logos or watermark.",作成済み,,references/invidious.png
great-.png,大きい,大きい,"Subject: great-, target meaning ""大きい"".

Composition: Show one very large oak tree towering over a small sapling beside it, with the large tree dominating most of the frame.

Style: Use the attached invidious.png for drawing style only. Match its thick rounded dark-brown contours, simplified rounded shapes, and restrained 2D cartoon shading. Do not copy the reference subject or composition.

Framing: One compact composition, with the complete subject using about 80-90% of the square. Keep everything inside the frame.

Output: 512x512 PNG, RGBA, genuine transparent background. No text, numerals, labels, logos or watermark.",作成済み,,references/invidious.png
grocery.png,食料雑貨店,食料雑貨店,"Subject: grocery, target meaning ""食料雑貨店"".

Composition: Show a small grocery store with shelves of fruit, canned goods, bread, and a checkout counter.

Style: Use the attached invidious.png for drawing style only. Match its thick rounded dark-brown contours, simplified rounded shapes, and restrained 2D cartoon shading. Do not copy the reference subject or composition.

Framing: One compact composition, with the complete subject using about 80-90% of the square. Keep everything inside the frame.

Output: 512x512 PNG, RGBA, genuine transparent background. No text, numerals, labels, logos or watermark.",作成済み,,references/invidious.png
rack@reg.png,棚,棚,"Subject: rack, target meaning ""棚"".

Composition: Show one metal storage rack with three horizontal shelves holding boxes and tools.

Style: Use the attached invidious.png for drawing style only. Match its thick rounded dark-brown contours, simplified rounded shapes, and restrained 2D cartoon shading. Do not copy the reference subject or composition.

Framing: One compact composition, with the complete subject using about 80-90% of the square. Keep everything inside the frame.

Output: 512x512 PNG, RGBA, genuine transparent background. No text, numerals, labels, logos or watermark.",作成済み,,references/invidious.png
sprang@x.png,スプラング(糸を撚り合わせて編む織り技法),スプラング(糸を撚り合わせて編む織り技法),"Subject: sprang, target meaning ""スプラング(糸を撚り合わせて編む織り技法)"".

Composition: Show hands creating sprang textile by twisting parallel warp threads into a stretchy interlinked fabric pattern on a simple frame.

Style: Use the attached invidious.png for drawing style only. Match its thick rounded dark-brown contours, simplified rounded shapes, and restrained 2D cartoon shading. Do not copy the reference subject or composition.

Framing: One compact composition, with the complete subject using about 80-90% of the square. Keep everything inside the frame.

Output: 512x512 PNG, RGBA, genuine transparent background. No text, numerals, labels, logos or watermark.",作成済み,,references/invidious.png
tolerate.png,我慢する,我慢する,"Subject: tolerate, target meaning ""我慢する"".

Composition: Show one person calmly enduring a noisy neighbor practicing drums, wearing a patient expression rather than reacting angrily.

Style: Use the attached invidious.png for drawing style only. Match its thick rounded dark-brown contours, simplified rounded shapes, and restrained 2D cartoon shading. Do not copy the reference subject or composition.

Framing: One compact composition, with the complete subject using about 80-90% of the square. Keep everything inside the frame.

Output: 512x512 PNG, RGBA, genuine transparent background. No text, numerals, labels, logos or watermark.",作成済み,,references/invidious.png
trusting.png,信じている,信じている,"Subject: trusting, target meaning ""信じている"".

Composition: Show one person confidently handing a valuable key to another person, both making calm eye contact.

Style: Use the attached invidious.png for drawing style only. Match its thick rounded dark-brown contours, simplified rounded shapes, and restrained 2D cartoon shading. Do not copy the reference subject or composition.

Framing: One compact composition, with the complete subject using about 80-90% of the square. Keep everything inside the frame.

Output: 512x512 PNG, RGBA, genuine transparent background. No text, numerals, labels, logos or watermark.",作成済み,,references/invidious.png
unwilling.png,気乗りしない、嫌々の,気乗りしない,"Subject: unwilling, target meaning ""気乗りしない"".

Composition: Show one person being asked to join a task while leaning backward, arms close to body, and giving a reluctant expression.

Style: Use the attached invidious.png for drawing style only. Match its thick rounded dark-brown contours, simplified rounded shapes, and restrained 2D cartoon shading. Do not copy the reference subject or composition.

Framing: One compact composition, with the complete subject using about 80-90% of the square. Keep everything inside the frame.

Output: 512x512 PNG, RGBA, genuine transparent background. No text, numerals, labels, logos or watermark.",作成済み,,references/invidious.png
valuation.png,評価,評価,"Subject: valuation, target meaning ""評価"".

Composition: Show an appraiser examining a vase with magnifying glass while comparing it to a price reference sheet and writing an assessed value.

Style: Use the attached invidious.png for drawing style only. Match its thick rounded dark-brown contours, simplified rounded shapes, and restrained 2D cartoon shading. Do not copy the reference subject or composition.

Framing: One compact composition, with the complete subject using about 80-90% of the square. Keep everything inside the frame.

Output: 512x512 PNG, RGBA, genuine transparent background. No text, numerals, labels, logos or watermark.",作成済み,,references/invidious.png
wax@wokso.png,ろう、耳あか,ろう,"Subject: wax, target meaning ""ろう"".

Composition: Show one block of pale candle wax beside a small melted wax pool and short candle.

Style: Use the attached invidious.png for drawing style only. Match its thick rounded dark-brown contours, simplified rounded shapes, and restrained 2D cartoon shading. Do not copy the reference subject or composition.

Framing: One compact composition, with the complete subject using about 80-90% of the square. Keep everything inside the frame.

Output: 512x512 PNG, RGBA, genuine transparent background. No text, numerals, labels, logos or watermark.",作成済み,,references/invidious.png
Byzantine.png,東方正教会の,東方正教会の,"Subject: Byzantine, target meaning ""東方正教会の"".

Composition: Show an Eastern Orthodox church interior with golden icon panels, domed architecture, and hanging lamps.

Style: Use the attached invidious.png for drawing style only. Match its thick rounded dark-brown contours, simplified rounded shapes, and restrained 2D cartoon shading. Do not copy the reference subject or composition.

Framing: One compact composition, with the complete subject using about 80-90% of the square. Keep everything inside the frame.

Output: 512x512 PNG, RGBA, genuine transparent background. No text, numerals, labels, logos or watermark.",作成済み,,references/invidious.png
Kenneth.png,ケニス,ケニス,"Subject: Kenneth, target meaning ""ケニス"".

Composition: Show an adult man named Kenneth with short gray-brown hair, collared shirt, and friendly composed expression.

Style: Use the attached invidious.png for drawing style only. Match its thick rounded dark-brown contours, simplified rounded shapes, and restrained 2D cartoon shading. Do not copy the reference subject or composition.

Framing: One compact composition, with the complete subject using about 80-90% of the square. Keep everything inside the frame.

Output: 512x512 PNG, RGBA, genuine transparent background. No text, numerals, labels, logos or watermark.",作成済み,,references/invidious.png
Liverpool.png,リバプール,リバプール,"Subject: Liverpool, target meaning ""リバプール"".

Composition: Show Liverpool waterfront with historic dock buildings, ferry, and modern museum-like architecture along the Mersey.

Style: Use the attached invidious.png for drawing style only. Match its thick rounded dark-brown contours, simplified rounded shapes, and restrained 2D cartoon shading. Do not copy the reference subject or composition.

Framing: One compact composition, with the complete subject using about 80-90% of the square. Keep everything inside the frame.

Output: 512x512 PNG, RGBA, genuine transparent background. No text, numerals, labels, logos or watermark.",作成済み,,references/invidious.png
Ontario.png,オンタリオ州,オンタリオ州,"Subject: Ontario, target meaning ""オンタリオ州"".

Composition: Show an Ontario scene with broad lake shoreline, pine forest, and a Toronto-style skyline cue in the distance.

Style: Use the attached invidious.png for drawing style only. Match its thick rounded dark-brown contours, simplified rounded shapes, and restrained 2D cartoon shading. Do not copy the reference subject or composition.

Framing: One compact composition, with the complete subject using about 80-90% of the square. Keep everything inside the frame.

Output: 512x512 PNG, RGBA, genuine transparent background. No text, numerals, labels, logos or watermark.",作成済み,,references/invidious.png
Otto.png,オットー、オソン,オットー,"Subject: Otto, target meaning ""オットー"".

Composition: Show an adult man named Otto with short light-brown hair, dark sweater, and calm friendly expression.

Style: Use the attached invidious.png for drawing style only. Match its thick rounded dark-brown contours, simplified rounded shapes, and restrained 2D cartoon shading. Do not copy the reference subject or composition.

Framing: One compact composition, with the complete subject using about 80-90% of the square. Keep everything inside the frame.

Output: 512x512 PNG, RGBA, genuine transparent background. No text, numerals, labels, logos or watermark.",作成済み,,references/invidious.png
Seattle.png,シアトル,シアトル,"Subject: Seattle, target meaning ""シアトル"".

Composition: Show Seattle skyline with Space Needle, evergreen trees, waterfront, and distant mountain under cloudy sky.

Style: Use the attached invidious.png for drawing style only. Match its thick rounded dark-brown contours, simplified rounded shapes, and restrained 2D cartoon shading. Do not copy the reference subject or composition.

Framing: One compact composition, with the complete subject using about 80-90% of the square. Keep everything inside the frame.

Output: 512x512 PNG, RGBA, genuine transparent background. No text, numerals, labels, logos or watermark.",作成済み,,references/invidious.png
asthma.png,ぜんそく,ぜんそく,"Subject: asthma, target meaning ""ぜんそく"".

Composition: Show a clean medical lung diagram with narrowed airways while a person uses an inhaler, non-graphic and educational.

Style: Use the attached invidious.png for drawing style only. Match its thick rounded dark-brown contours, simplified rounded shapes, and restrained 2D cartoon shading. Do not copy the reference subject or composition.

Framing: One compact composition, with the complete subject using about 80-90% of the square. Keep everything inside the frame.

Output: 512x512 PNG, RGBA, genuine transparent background. No text, numerals, labels, logos or watermark.",作成済み,,references/invidious.png
catalogue.png,目録,目録,"Subject: catalogue, target meaning ""目録"".

Composition: Show an open product catalogue with many small item pictures arranged in orderly rows and unreadable captions.

Style: Use the attached invidious.png for drawing style only. Match its thick rounded dark-brown contours, simplified rounded shapes, and restrained 2D cartoon shading. Do not copy the reference subject or composition.

Framing: One compact composition, with the complete subject using about 80-90% of the square. Keep everything inside the frame.

Output: 512x512 PNG, RGBA, genuine transparent background. No text, numerals, labels, logos or watermark.",作成済み,,references/invidious.png
chromosome.png,染色体,染色体,"Subject: chromosome, target meaning ""染色体"".

Composition: Show one clean X-shaped chromosome in close-up with two sister chromatids joined at the centromere.

Style: Use the attached invidious.png for drawing style only. Match its thick rounded dark-brown contours, simplified rounded shapes, and restrained 2D cartoon shading. Do not copy the reference subject or composition.

Framing: One compact composition, with the complete subject using about 80-90% of the square. Keep everything inside the frame.

Output: 512x512 PNG, RGBA, genuine transparent background. No text, numerals, labels, logos or watermark.",作成済み,,references/invidious.png
daring.png,大胆な,大胆な,"Subject: daring, target meaning ""大胆な"".

Composition: Show one person confidently stepping onto a high but safe rope bridge while others hesitate behind.

Style: Use the attached invidious.png for drawing style only. Match its thick rounded dark-brown contours, simplified rounded shapes, and restrained 2D cartoon shading. Do not copy the reference subject or composition.

Framing: One compact composition, with the complete subject using about 80-90% of the square. Keep everything inside the frame.

Output: 512x512 PNG, RGBA, genuine transparent background. No text, numerals, labels, logos or watermark.",作成済み,,references/invidious.png
drill.png,穴をあける,穴をあける,"Subject: drill, target meaning ""穴をあける"".

Composition: Show an electric drill boring a clean hole into a wooden board with sawdust around the bit.

Style: Use the attached invidious.png for drawing style only. Match its thick rounded dark-brown contours, simplified rounded shapes, and restrained 2D cartoon shading. Do not copy the reference subject or composition.

Framing: One compact composition, with the complete subject using about 80-90% of the square. Keep everything inside the frame.

Output: 512x512 PNG, RGBA, genuine transparent background. No text, numerals, labels, logos or watermark.",作成済み,,references/invidious.png
goat.png,やぎ,やぎ,"Subject: goat, target meaning ""やぎ"".

Composition: Show one adult goat in side view with short horns, beard, hooves, and sturdy body.

Style: Use the attached invidious.png for drawing style only. Match its thick rounded dark-brown contours, simplified rounded shapes, and restrained 2D cartoon shading. Do not copy the reference subject or composition.

Framing: One compact composition, with the complete subject using about 80-90% of the square. Keep everything inside the frame.

Output: 512x512 PNG, RGBA, genuine transparent background. No text, numerals, labels, logos or watermark.",作成済み,,references/invidious.png
icon.png,図形記号,図形記号,"Subject: icon, target meaning ""図形記号"".

Composition: Show one simple square app-style icon containing a single clean symbol, centered and without text.

Style: Use the attached invidious.png for drawing style only. Match its thick rounded dark-brown contours, simplified rounded shapes, and restrained 2D cartoon shading. Do not copy the reference subject or composition.

Framing: One compact composition, with the complete subject using about 80-90% of the square. Keep everything inside the frame.

Output: 512x512 PNG, RGBA, genuine transparent background. No incidental text, numerals, or labels beyond what is essential to the target meaning. No logos or watermark.",作成済み,,references/invidious.png
irritation.png,焦燥、いら立ち,焦燥,"Subject: irritation, target meaning ""焦燥"".

Composition: Show one person rubbing temples with furrowed brows while a repetitive buzzing device nearby causes visible annoyance.

Style: Use the attached invidious.png for drawing style only. Match its thick rounded dark-brown contours, simplified rounded shapes, and restrained 2D cartoon shading. Do not copy the reference subject or composition.

Framing: One compact composition, with the complete subject using about 80-90% of the square. Keep everything inside the frame.

Output: 512x512 PNG, RGBA, genuine transparent background. No text, numerals, labels, logos or watermark.",作成済み,,references/invidious.png
outfit.png,衣服、洋服,衣服,"Subject: outfit, target meaning ""衣服"".

Composition: Show one coordinated outfit laid out together: shirt, trousers, shoes, and jacket clearly matching.

Style: Use the attached invidious.png for drawing style only. Match its thick rounded dark-brown contours, simplified rounded shapes, and restrained 2D cartoon shading. Do not copy the reference subject or composition.

Framing: One compact composition, with the complete subject using about 80-90% of the square. Keep everything inside the frame.

Output: 512x512 PNG, RGBA, genuine transparent background. No text, numerals, labels, logos or watermark.",作成済み,,references/invidious.png
outlet.png,コンセント,コンセント,"Subject: outlet, target meaning ""コンセント"".

Composition: Show one wall electrical outlet with two sockets and a plug positioned just before insertion.

Style: Use the attached invidious.png for drawing style only. Match its thick rounded dark-brown contours, simplified rounded shapes, and restrained 2D cartoon shading. Do not copy the reference subject or composition.

Framing: One compact composition, with the complete subject using about 80-90% of the square. Keep everything inside the frame.

Output: 512x512 PNG, RGBA, genuine transparent background. No text, numerals, labels, logos or watermark.",作成済み,,references/invidious.png
radically.png,根本的に,根本的に,"Subject: radically, target meaning ""根本的に"".

Composition: Show a tree being changed at the roots, with one root system replaced entirely while the visible trunk above also transforms, symbolizing fundamental change.

Style: Use the attached invidious.png for drawing style only. Match its thick rounded dark-brown contours, simplified rounded shapes, and restrained 2D cartoon shading. Do not copy the reference subject or composition.

Framing: One compact composition, with the complete subject using about 80-90% of the square. Keep everything inside the frame.

Output: 512x512 PNG, RGBA, genuine transparent background. No text, numerals, labels, logos or watermark.",作成済み,,references/invidious.png
sidewalk.png,歩道,歩道,"Subject: sidewalk, target meaning ""歩道"".

Composition: Show a paved sidewalk running alongside a street, separated from traffic by curb and small trees.

Style: Use the attached invidious.png for drawing style only. Match its thick rounded dark-brown contours, simplified rounded shapes, and restrained 2D cartoon shading. Do not copy the reference subject or composition.

Framing: One compact composition, with the complete subject using about 80-90% of the square. Keep everything inside the frame.

Output: 512x512 PNG, RGBA, genuine transparent background. No text, numerals, labels, logos or watermark.",作成済み,,references/invidious.png
viscosity.png,粘度,粘度,"Subject: viscosity, target meaning ""粘度"".

Composition: Show thick honey pouring slowly from a spoon beside water pouring quickly from another spoon, emphasizing resistance to flow.

Style: Use the attached invidious.png for drawing style only. Match its thick rounded dark-brown contours, simplified rounded shapes, and restrained 2D cartoon shading. Do not copy the reference subject or composition.

Framing: One compact composition, with the complete subject using about 80-90% of the square. Keep everything inside the frame.

Output: 512x512 PNG, RGBA, genuine transparent background. No text, numerals, labels, logos or watermark.",作成済み,,references/invidious.png
Evan.png,エバン,エバン,"Subject: Evan, target meaning ""エバン"".

Composition: Show a young adult man named Evan with short brown hair, casual blue shirt, and friendly relaxed expression.

Style: Use the attached invidious.png for drawing style only. Match its thick rounded dark-brown contours, simplified rounded shapes, and restrained 2D cartoon shading. Do not copy the reference subject or composition.

Framing: One compact composition, with the complete subject using about 80-90% of the square. Keep everything inside the frame.

Output: 512x512 PNG, RGBA, genuine transparent background. No text, numerals, labels, logos or watermark.",作成済み,,references/invidious.png
Ghana.png,ガーナ,ガーナ,"Subject: Ghana, target meaning ""ガーナ"".

Composition: Show a Ghana scene with tropical greenery, coastal fort architecture, colorful market fabrics, and a small red-yellow-green flag cue.

Style: Use the attached invidious.png for drawing style only. Match its thick rounded dark-brown contours, simplified rounded shapes, and restrained 2D cartoon shading. Do not copy the reference subject or composition.

Framing: One compact composition, with the complete subject using about 80-90% of the square. Keep everything inside the frame.

Output: 512x512 PNG, RGBA, genuine transparent background. No text, numerals, labels, logos or watermark.",作成済み,,references/invidious.png
Ivan.png,アイバン、イバン,アイバン,"Subject: Ivan, target meaning ""アイバン"".

Composition: Show an adult man named Ivan with short dark hair, simple sweater, and calm composed expression.

Style: Use the attached invidious.png for drawing style only. Match its thick rounded dark-brown contours, simplified rounded shapes, and restrained 2D cartoon shading. Do not copy the reference subject or composition.

Framing: One compact composition, with the complete subject using about 80-90% of the square. Keep everything inside the frame.

Output: 512x512 PNG, RGBA, genuine transparent background. No text, numerals, labels, logos or watermark.",作成済み,,references/invidious.png
autism.png,自閉症,自閉症,"Subject: autism, target meaning ""自閉症"".

Composition: Show one autistic child calmly focused on arranging colored blocks in a quiet room while wearing noise-reducing headphones, portrayed positively and respectfully.

Style: Use the attached invidious.png for drawing style only. Match its thick rounded dark-brown contours, simplified rounded shapes, and restrained 2D cartoon shading. Do not copy the reference subject or composition.

Framing: One compact composition, with the complete subject using about 80-90% of the square. Keep everything inside the frame.

Output: 512x512 PNG, RGBA, genuine transparent background. No text, numerals, labels, logos or watermark.",作成済み,,references/invidious.png
bio-.png,経歴、略伝,経歴,"Subject: bio-, target meaning ""経歴"".

Composition: Show a concise life-history display for one person using three small chronological scenes—childhood, adult work, and old age—linked in order without readable text.

Style: Use the attached invidious.png for drawing style only. Match its thick rounded dark-brown contours, simplified rounded shapes, and restrained 2D cartoon shading. Do not copy the reference subject or composition.

Framing: One compact composition, with the complete subject using about 80-90% of the square. Keep everything inside the frame.

Output: 512x512 PNG, RGBA, genuine transparent background. No text, numerals, labels, logos or watermark.",作成済み,,references/invidious.png
gotta.png,～しなきゃいけない,～しなきゃいけない,"Subject: gotta, target meaning ""～しなきゃいけない"".

Composition: Show one person looking at a clock, grabbing a bag, and hurrying toward an open door, clearly compelled to leave now.

Style: Use the attached invidious.png for drawing style only. Match its thick rounded dark-brown contours, simplified rounded shapes, and restrained 2D cartoon shading. Do not copy the reference subject or composition.

Framing: One compact composition, with the complete subject using about 80-90% of the square. Keep everything inside the frame.

Output: 512x512 PNG, RGBA, genuine transparent background. No text, numerals, labels, logos or watermark.",作成済み,,references/invidious.png
groan.png,うめき声、うめくような音,うめき声,"Subject: groan, target meaning ""うめき声"".

Composition: Show one tired person leaning back with eyes shut and mouth open while a low sound wave leaves the mouth, conveying a groan.

Style: Use the attached invidious.png for drawing style only. Match its thick rounded dark-brown contours, simplified rounded shapes, and restrained 2D cartoon shading. Do not copy the reference subject or composition.

Framing: One compact composition, with the complete subject using about 80-90% of the square. Keep everything inside the frame.

Output: 512x512 PNG, RGBA, genuine transparent background. No text, numerals, labels, logos or watermark.",作成済み,,references/invidious.png
mob.png,暴徒,暴徒,"Subject: mob, target meaning ""暴徒"".

Composition: Show a dense agitated crowd pressing together in a street with raised arms and chaotic movement, with no weapons or violence.

Style: Use the attached invidious.png for drawing style only. Match its thick rounded dark-brown contours, simplified rounded shapes, and restrained 2D cartoon shading. Do not copy the reference subject or composition.

Framing: One compact composition, with the complete subject using about 80-90% of the square. Keep everything inside the frame.

Output: 512x512 PNG, RGBA, genuine transparent background. No text, numerals, labels, logos or watermark.",作成済み,,references/invidious.png
optimize.png,最適化する,最適化する,"Subject: optimize, target meaning ""最適化する"".

Composition: Show a machine setup being adjusted through three settings until the final arrangement produces the highest output with least waste.

Style: Use the attached invidious.png for drawing style only. Match its thick rounded dark-brown contours, simplified rounded shapes, and restrained 2D cartoon shading. Do not copy the reference subject or composition.

Framing: One compact composition, with the complete subject using about 80-90% of the square. Keep everything inside the frame.

Output: 512x512 PNG, RGBA, genuine transparent background. No text, numerals, labels, logos or watermark.",作成済み,,references/invidious.png
prohibition.png,禁止,禁止,"Subject: prohibition, target meaning ""禁止"".

Composition: Show a clear red prohibition circle and slash over an unwanted action, with one person stopping before doing it.

Style: Use the attached invidious.png for drawing style only. Match its thick rounded dark-brown contours, simplified rounded shapes, and restrained 2D cartoon shading. Do not copy the reference subject or composition.

Framing: One compact composition, with the complete subject using about 80-90% of the square. Keep everything inside the frame.

Output: 512x512 PNG, RGBA, genuine transparent background. No text, numerals, labels, logos or watermark.",作成済み,,references/invidious.png
seeming.png,うわべの,うわべの,"Subject: seeming, target meaning ""うわべの"".

Composition: Show an ordinary closed box casting a shadow that makes it look much larger than it really is, emphasizing deceptive appearance.

Style: Use the attached invidious.png for drawing style only. Match its thick rounded dark-brown contours, simplified rounded shapes, and restrained 2D cartoon shading. Do not copy the reference subject or composition.

Framing: One compact composition, with the complete subject using about 80-90% of the square. Keep everything inside the frame.

Output: 512x512 PNG, RGBA, genuine transparent background. No text, numerals, labels, logos or watermark.",作成済み,,references/invidious.png
sequential.png,順次的な、一連の,順次的な,"Subject: sequential, target meaning ""順次的な"".

Composition: Show four picture cards arranged in a clear left-to-right order, each showing the next step of the same task.

Style: Use the attached invidious.png for drawing style only. Match its thick rounded dark-brown contours, simplified rounded shapes, and restrained 2D cartoon shading. Do not copy the reference subject or composition.

Framing: One compact composition, with the complete subject using about 80-90% of the square. Keep everything inside the frame.

Output: 512x512 PNG, RGBA, genuine transparent background. No text, numerals, labels, logos or watermark.",作成済み,,references/invidious.png
shrug.png,すくめる,すくめる,"Subject: shrug, target meaning ""すくめる"".

Composition: Show one person lifting both shoulders and turning palms upward with puzzled expression, clearly shrugging.

Style: Use the attached invidious.png for drawing style only. Match its thick rounded dark-brown contours, simplified rounded shapes, and restrained 2D cartoon shading. Do not copy the reference subject or composition.

Framing: One compact composition, with the complete subject using about 80-90% of the square. Keep everything inside the frame.

Output: 512x512 PNG, RGBA, genuine transparent background. No text, numerals, labels, logos or watermark.",作成済み,,references/invidious.png
vaccination.png,ワクチン接種,ワクチン接種,"Subject: vaccination, target meaning ""ワクチン接種"".

Composition: Show a nurse administering a vaccine injection into an adult upper arm, clean clinical scene and non-graphic.

Style: Use the attached invidious.png for drawing style only. Match its thick rounded dark-brown contours, simplified rounded shapes, and restrained 2D cartoon shading. Do not copy the reference subject or composition.

Framing: One compact composition, with the complete subject using about 80-90% of the square. Keep everything inside the frame.

Output: 512x512 PNG, RGBA, genuine transparent background. No text, numerals, labels, logos or watermark.",作成済み,,references/invidious.png
worldly.png,この世の,この世の,"Subject: worldly, target meaning ""この世の"".

Composition: Show one well-traveled adult surrounded by passport-like booklet, city map, suitcase, and souvenirs from different places, conveying worldly experience.

Style: Use the attached invidious.png for drawing style only. Match its thick rounded dark-brown contours, simplified rounded shapes, and restrained 2D cartoon shading. Do not copy the reference subject or composition.

Framing: One compact composition, with the complete subject using about 80-90% of the square. Keep everything inside the frame.

Output: 512x512 PNG, RGBA, genuine transparent background. No text, numerals, labels, logos or watermark.",作成済み,,references/invidious.png
GPS.png,全地球測位システム,全地球測位システム,"Subject: GPS, target meaning ""全地球測位システム"".

Composition: Show a smartphone map with one location dot connected to several satellites orbiting Earth, all without readable text.

Style: Use the attached invidious.png for drawing style only. Match its thick rounded dark-brown contours, simplified rounded shapes, and restrained 2D cartoon shading. Do not copy the reference subject or composition.

Framing: One compact composition, with the complete subject using about 80-90% of the square. Keep everything inside the frame.

Output: 512x512 PNG, RGBA, genuine transparent background. No text, numerals, labels, logos or watermark.",作成済み,,references/invidious.png
NATO.png,口ばかりで行動しない、批判や非難ばかりして自分は行動を起こさないこと,口ばかりで行動しない,"Subject: NATO, target meaning ""口ばかりで行動しない"".

Composition: Show one person loudly criticizing a group from the sidelines while refusing an offered work tool, clearly 'all talk, no action' and without alliance imagery.

Style: Use the attached invidious.png for drawing style only. Match its thick rounded dark-brown contours, simplified rounded shapes, and restrained 2D cartoon shading. Do not copy the reference subject or composition.

Framing: One compact composition, with the complete subject using about 80-90% of the square. Keep everything inside the frame.

Output: 512x512 PNG, RGBA, genuine transparent background. No text, numerals, labels, logos or watermark.",作成済み,,references/invidious.png
breadth.png,幅、広がり,幅,"Subject: breadth, target meaning ""幅"".

Composition: Show one wide rectangular table measured from left edge to right edge with a horizontal span marker emphasizing width.

Style: Use the attached invidious.png for drawing style only. Match its thick rounded dark-brown contours, simplified rounded shapes, and restrained 2D cartoon shading. Do not copy the reference subject or composition.

Framing: One compact composition, with the complete subject using about 80-90% of the square. Keep everything inside the frame.

Output: 512x512 PNG, RGBA, genuine transparent background. No text, numerals, labels, logos or watermark.",作成済み,,references/invidious.png
breed.png,繁殖する,繁殖する,"Subject: breed, target meaning ""繁殖する"".

Composition: Show two parent dogs beside a litter of puppies that share visible traits from both parents, focusing on reproduction rather than mating.

Style: Use the attached invidious.png for drawing style only. Match its thick rounded dark-brown contours, simplified rounded shapes, and restrained 2D cartoon shading. Do not copy the reference subject or composition.

Framing: One compact composition, with the complete subject using about 80-90% of the square. Keep everything inside the frame.

Output: 512x512 PNG, RGBA, genuine transparent background. No text, numerals, labels, logos or watermark.",作成済み,,references/invidious.png
census.png,人口調査,人口調査,"Subject: census, target meaning ""人口調査"".

Composition: Show a census worker at a doorway recording household members on a clipboard while a family stands together inside.

Style: Use the attached invidious.png for drawing style only. Match its thick rounded dark-brown contours, simplified rounded shapes, and restrained 2D cartoon shading. Do not copy the reference subject or composition.

Framing: One compact composition, with the complete subject using about 80-90% of the square. Keep everything inside the frame.

Output: 512x512 PNG, RGBA, genuine transparent background. No text, numerals, labels, logos or watermark.",作成済み,,references/invidious.png
certified.png,資格を持っている、有資格の,資格を持っている,"Subject: certified, target meaning ""資格を持っている"".

Composition: Show one professional holding an official certificate with seal beside the tools of their trade, clearly qualified.

Style: Use the attached invidious.png for drawing style only. Match its thick rounded dark-brown contours, simplified rounded shapes, and restrained 2D cartoon shading. Do not copy the reference subject or composition.

Framing: One compact composition, with the complete subject using about 80-90% of the square. Keep everything inside the frame.

Output: 512x512 PNG, RGBA, genuine transparent background. No text, numerals, labels, logos or watermark.",作成済み,,references/invidious.png
chairman.png,議長、委員長,議長,"Subject: chairman, target meaning ""議長"".

Composition: Show one chairperson seated at the head of a meeting table guiding discussion while others face toward them.

Style: Use the attached invidious.png for drawing style only. Match its thick rounded dark-brown contours, simplified rounded shapes, and restrained 2D cartoon shading. Do not copy the reference subject or composition.

Framing: One compact composition, with the complete subject using about 80-90% of the square. Keep everything inside the frame.

Output: 512x512 PNG, RGBA, genuine transparent background. No text, numerals, labels, logos or watermark.",作成済み,,references/invidious.png
edema.png,浮腫,浮腫,"Subject: edema, target meaning ""浮腫"".

Composition: Show a clean medical illustration of a swollen ankle with puffiness around the joint compared with the normal opposite ankle.

Style: Use the attached invidious.png for drawing style only. Match its thick rounded dark-brown contours, simplified rounded shapes, and restrained 2D cartoon shading. Do not copy the reference subject or composition.

Framing: One compact composition, with the complete subject using about 80-90% of the square. Keep everything inside the frame.

Output: 512x512 PNG, RGBA, genuine transparent background. No text, numerals, labels, logos or watermark.",作成済み,,references/invidious.png
extinction.png,絶滅,絶滅,"Subject: extinction, target meaning ""絶滅"".

Composition: Show an empty landscape with only fossils and one faded silhouette of an extinct animal, no living members remaining.

Style: Use the attached invidious.png for drawing style only. Match its thick rounded dark-brown contours, simplified rounded shapes, and restrained 2D cartoon shading. Do not copy the reference subject or composition.

Framing: One compact composition, with the complete subject using about 80-90% of the square. Keep everything inside the frame.

Output: 512x512 PNG, RGBA, genuine transparent background. No text, numerals, labels, logos or watermark.",作成済み,,references/invidious.png
flush.png,フラッシュ,フラッシュ,"Subject: flush, target meaning ""フラッシュ"".

Composition: Show a camera flash firing as a bright white burst from the front of a camera, with sharp radial light rays.

Style: Use the attached invidious.png for drawing style only. Match its thick rounded dark-brown contours, simplified rounded shapes, and restrained 2D cartoon shading. Do not copy the reference subject or composition.

Framing: One compact composition, with the complete subject using about 80-90% of the square. Keep everything inside the frame.

Output: 512x512 PNG, RGBA, genuine transparent background. No text, numerals, labels, logos or watermark.",作成済み,,references/invidious.png
foul.png,くさい,くさい,"Subject: foul, target meaning ""くさい"".

Composition: Show one person recoiling from a rotten garbage bag, pinching the nose with clear disgust.

Style: Use the attached invidious.png for drawing style only. Match its thick rounded dark-brown contours, simplified rounded shapes, and restrained 2D cartoon shading. Do not copy the reference subject or composition.

Framing: One compact composition, with the complete subject using about 80-90% of the square. Keep everything inside the frame.

Output: 512x512 PNG, RGBA, genuine transparent background. No text, numerals, labels, logos or watermark.",作成済み,,references/invidious.png
fulfil.png,果たす,果たす,"Subject: fulfil, target meaning ""果たす"".

Composition: Show one person placing the final checkmark on a completed task list beside the finished project, clearly fulfilling the commitment.

Style: Use the attached invidious.png for drawing style only. Match its thick rounded dark-brown contours, simplified rounded shapes, and restrained 2D cartoon shading. Do not copy the reference subject or composition.

Framing: One compact composition, with the complete subject using about 80-90% of the square. Keep everything inside the frame.

Output: 512x512 PNG, RGBA, genuine transparent background. No text, numerals, labels, logos or watermark.",作成済み,,references/invidious.png
hastily.png,急いで、急に,急いで,"Subject: hastily, target meaning ""急いで"".

Composition: Show one person dressing and gathering belongings at once, shoe half-fastened and papers trailing as they rush out.

Style: Use the attached invidious.png for drawing style only. Match its thick rounded dark-brown contours, simplified rounded shapes, and restrained 2D cartoon shading. Do not copy the reference subject or composition.

Framing: One compact composition, with the complete subject using about 80-90% of the square. Keep everything inside the frame.

Output: 512x512 PNG, RGBA, genuine transparent background. No text, numerals, labels, logos or watermark.",作成済み,,references/invidious.png
helmet.png,ヘルメット,ヘルメット,"Subject: helmet, target meaning ""ヘルメット"".

Composition: Show one protective helmet in three-quarter view with hard shell, chin strap, padding, and ventilation slots clearly visible.

Style: Use the attached invidious.png for drawing style only. Match its thick rounded dark-brown contours, simplified rounded shapes, and restrained 2D cartoon shading. Do not copy the reference subject or composition.

Framing: One compact composition, with the complete subject using about 80-90% of the square. Keep everything inside the frame.

Output: 512x512 PNG, RGBA, genuine transparent background. No text, numerals, labels, logos or watermark.",作成済み,,references/invidious.png
hop@keu2.png,跳ぶ,跳ぶ,"Subject: hop, target meaning ""跳ぶ"".

Composition: Show one person or rabbit caught mid-hop with both feet off the ground and a short upward-forward motion arc.

Style: Use the attached invidious.png for drawing style only. Match its thick rounded dark-brown contours, simplified rounded shapes, and restrained 2D cartoon shading. Do not copy the reference subject or composition.

Framing: One compact composition, with the complete subject using about 80-90% of the square. Keep everything inside the frame.

Output: 512x512 PNG, RGBA, genuine transparent background. No text, numerals, labels, logos or watermark.",作成済み,,references/invidious.png
icy.png,氷で覆われた、氷が入った,氷で覆われた,"Subject: icy, target meaning ""氷で覆われた"".

Composition: Show a road and railing covered in clear ice with icicles hanging from edges and frosty blue sheen.

Style: Use the attached invidious.png for drawing style only. Match its thick rounded dark-brown contours, simplified rounded shapes, and restrained 2D cartoon shading. Do not copy the reference subject or composition.

Framing: One compact composition, with the complete subject using about 80-90% of the square. Keep everything inside the frame.

Output: 512x512 PNG, RGBA, genuine transparent background. No text, numerals, labels, logos or watermark.",作成済み,,references/invidious.png
implant.png,移植する,移植する,"Subject: implant, target meaning ""移植する"".

Composition: Show a clean medical diagram of a small device being placed beneath the skin of an arm, non-graphic and simplified.

Style: Use the attached invidious.png for drawing style only. Match its thick rounded dark-brown contours, simplified rounded shapes, and restrained 2D cartoon shading. Do not copy the reference subject or composition.

Framing: One compact composition, with the complete subject using about 80-90% of the square. Keep everything inside the frame.

Output: 512x512 PNG, RGBA, genuine transparent background. No text, numerals, labels, logos or watermark.",作成済み,,references/invidious.png
nasty.png,不快な,不快な,"Subject: nasty, target meaning ""不快な"".

Composition: Show one dirty overflowing trash bin attracting flies while a person steps back with strong disgust.

Style: Use the attached invidious.png for drawing style only. Match its thick rounded dark-brown contours, simplified rounded shapes, and restrained 2D cartoon shading. Do not copy the reference subject or composition.

Framing: One compact composition, with the complete subject using about 80-90% of the square. Keep everything inside the frame.

Output: 512x512 PNG, RGBA, genuine transparent background. No text, numerals, labels, logos or watermark.",作成済み,,references/invidious.png
plantation.png,大農園,大農園,"Subject: plantation, target meaning ""大農園"".

Composition: Show a very large agricultural estate with long repeated crop rows, workers in the distance, storehouse, and central farmhouse.

Style: Use the attached invidious.png for drawing style only. Match its thick rounded dark-brown contours, simplified rounded shapes, and restrained 2D cartoon shading. Do not copy the reference subject or composition.

Framing: One compact composition, with the complete subject using about 80-90% of the square. Keep everything inside the frame.

Output: 512x512 PNG, RGBA, genuine transparent background. No text, numerals, labels, logos or watermark.",作成済み,,references/invidious.png
pork.png,豚肉,豚肉,"Subject: pork, target meaning ""豚肉"".

Composition: Show one raw pork chop on a cutting board with pale pink meat and white fat edge, clean and non-graphic.

Style: Use the attached invidious.png for drawing style only. Match its thick rounded dark-brown contours, simplified rounded shapes, and restrained 2D cartoon shading. Do not copy the reference subject or composition.

Framing: One compact composition, with the complete subject using about 80-90% of the square. Keep everything inside the frame.

Output: 512x512 PNG, RGBA, genuine transparent background. No text, numerals, labels, logos or watermark.",作成済み,,references/invidious.png
ring@ker2.png,鳴る,鳴る,"Subject: ring, target meaning ""鳴る"".

Composition: Show a metal bell vibrating after being struck, with clear curved sound waves radiating outward.

Style: Use the attached invidious.png for drawing style only. Match its thick rounded dark-brown contours, simplified rounded shapes, and restrained 2D cartoon shading. Do not copy the reference subject or composition.

Framing: One compact composition, with the complete subject using about 80-90% of the square. Keep everything inside the frame.

Output: 512x512 PNG, RGBA, genuine transparent background. No text, numerals, labels, logos or watermark.",作成済み,,references/invidious.png
soda.png,炭酸水,炭酸水,"Subject: soda, target meaning ""炭酸水"".

Composition: Show a glass of sparkling soda water with many bubbles rising rapidly to the surface beside a capped bottle.

Style: Use the attached invidious.png for drawing style only. Match its thick rounded dark-brown contours, simplified rounded shapes, and restrained 2D cartoon shading. Do not copy the reference subject or composition.

Framing: One compact composition, with the complete subject using about 80-90% of the square. Keep everything inside the frame.

Output: 512x512 PNG, RGBA, genuine transparent background. No text, numerals, labels, logos or watermark.",作成済み,,references/invidious.png
terribly.png,ひどく、恐ろしく,ひどく,"Subject: terribly, target meaning ""ひどく"".

Composition: Show one damaged object in extremely poor condition—deep cracks, bent parts, and missing pieces—emphasizing severe degree.

Style: Use the attached invidious.png for drawing style only. Match its thick rounded dark-brown contours, simplified rounded shapes, and restrained 2D cartoon shading. Do not copy the reference subject or composition.

Framing: One compact composition, with the complete subject using about 80-90% of the square. Keep everything inside the frame.

Output: 512x512 PNG, RGBA, genuine transparent background. No text, numerals, labels, logos or watermark.",作成済み,,references/invidious.png
tops.png,熱電式外惑星探査宇宙船,熱電式外惑星探査宇宙船,"Subject: tops, target meaning ""熱電式外惑星探査宇宙船"".

Composition: Show a conceptual deep-space probe with large heat-generating power unit, dish antenna, and scientific instruments traveling toward a distant exoplanet.

Style: Use the attached invidious.png for drawing style only. Match its thick rounded dark-brown contours, simplified rounded shapes, and restrained 2D cartoon shading. Do not copy the reference subject or composition.

Framing: One compact composition, with the complete subject using about 80-90% of the square. Keep everything inside the frame.

Output: 512x512 PNG, RGBA, genuine transparent background. No text, numerals, labels, logos or watermark.",作成済み,,references/invidious.png
unchanged.png,変化していない、変わりがない,変化していない,"Subject: unchanged, target meaning ""変化していない"".

Composition: Show the same object at two different times with identical shape, color, and position, emphasizing no change.

Style: Use the attached invidious.png for drawing style only. Match its thick rounded dark-brown contours, simplified rounded shapes, and restrained 2D cartoon shading. Do not copy the reference subject or composition.

Framing: One compact composition, with the complete subject using about 80-90% of the square. Keep everything inside the frame.

Output: 512x512 PNG, RGBA, genuine transparent background. No text, numerals, labels, logos or watermark.",作成済み,,references/invidious.png
vicious.png,悪意のある,悪意のある,"Subject: vicious, target meaning ""悪意のある"".

Composition: Show one person deliberately tearing another person's work and glaring maliciously, with no physical attack.

Style: Use the attached invidious.png for drawing style only. Match its thick rounded dark-brown contours, simplified rounded shapes, and restrained 2D cartoon shading. Do not copy the reference subject or composition.

Framing: One compact composition, with the complete subject using about 80-90% of the square. Keep everything inside the frame.

Output: 512x512 PNG, RGBA, genuine transparent background. No text, numerals, labels, logos or watermark.",作成済み,,references/invidious.png
Alabama.png,アラバマ,アラバマ,"Subject: Alabama, target meaning ""アラバマ"".

Composition: Show an Alabama scene with warm southern countryside, pine trees, small town street, and a state-outline cue.

Style: Use the attached invidious.png for drawing style only. Match its thick rounded dark-brown contours, simplified rounded shapes, and restrained 2D cartoon shading. Do not copy the reference subject or composition.

Framing: One compact composition, with the complete subject using about 80-90% of the square. Keep everything inside the frame.

Output: 512x512 PNG, RGBA, genuine transparent background. No text, numerals, labels, logos or watermark.",作成済み,,references/invidious.png
MP.png,下院議員,下院議員,"Subject: MP, target meaning ""下院議員"".

Composition: Show a member of parliament seated in a legislative chamber holding debate papers and raising a hand to speak.

Style: Use the attached invidious.png for drawing style only. Match its thick rounded dark-brown contours, simplified rounded shapes, and restrained 2D cartoon shading. Do not copy the reference subject or composition.

Framing: One compact composition, with the complete subject using about 80-90% of the square. Keep everything inside the frame.

Output: 512x512 PNG, RGBA, genuine transparent background. No text, numerals, labels, logos or watermark.",作成済み,,references/invidious.png
Nina.png,ニーナ,ニーナ,"Subject: Nina, target meaning ""ニーナ"".

Composition: Show a young adult woman named Nina with dark hair, simple blouse, and warm friendly expression.

Style: Use the attached invidious.png for drawing style only. Match its thick rounded dark-brown contours, simplified rounded shapes, and restrained 2D cartoon shading. Do not copy the reference subject or composition.

Framing: One compact composition, with the complete subject using about 80-90% of the square. Keep everything inside the frame.

Output: 512x512 PNG, RGBA, genuine transparent background. No text, numerals, labels, logos or watermark.",作成済み,,references/invidious.png
Ronald.png,ロナルド,ロナルド,"Subject: Ronald, target meaning ""ロナルド"".

Composition: Show an adult man named Ronald with short gray-brown hair, collared shirt, and friendly composed expression.

Style: Use the attached invidious.png for drawing style only. Match its thick rounded dark-brown contours, simplified rounded shapes, and restrained 2D cartoon shading. Do not copy the reference subject or composition.

Framing: One compact composition, with the complete subject using about 80-90% of the square. Keep everything inside the frame.

Output: 512x512 PNG, RGBA, genuine transparent background. No text, numerals, labels, logos or watermark.",作成済み,,references/invidious.png
Wayne.png,ウェイン,ウェイン,"Subject: Wayne, target meaning ""ウェイン"".

Composition: Show an adult man named Wayne with short brown hair, casual jacket, and relaxed friendly smile.

Style: Use the attached invidious.png for drawing style only. Match its thick rounded dark-brown contours, simplified rounded shapes, and restrained 2D cartoon shading. Do not copy the reference subject or composition.

Framing: One compact composition, with the complete subject using about 80-90% of the square. Keep everything inside the frame.

Output: 512x512 PNG, RGBA, genuine transparent background. No text, numerals, labels, logos or watermark.",作成済み,,references/invidious.png
Westminster.png,ウェストミンスター,ウェストミンスター,"Subject: Westminster, target meaning ""ウェストミンスター"".

Composition: Show the Palace of Westminster beside the Thames with clock tower and Gothic facade clearly recognizable.

Style: Use the attached invidious.png for drawing style only. Match its thick rounded dark-brown contours, simplified rounded shapes, and restrained 2D cartoon shading. Do not copy the reference subject or composition.

Framing: One compact composition, with the complete subject using about 80-90% of the square. Keep everything inside the frame.

Output: 512x512 PNG, RGBA, genuine transparent background. No text, numerals, labels, logos or watermark.",作成済み,,references/invidious.png
apt.png,適切な,適切な,"Subject: apt, target meaning ""適切な"".

Composition: Show one tool fitting its task perfectly—for example, the correct wrench fitting a bolt exactly while other tools are set aside.

Style: Use the attached invidious.png for drawing style only. Match its thick rounded dark-brown contours, simplified rounded shapes, and restrained 2D cartoon shading. Do not copy the reference subject or composition.

Framing: One compact composition, with the complete subject using about 80-90% of the square. Keep everything inside the frame.

Output: 512x512 PNG, RGBA, genuine transparent background. No text, numerals, labels, logos or watermark.",作成済み,,references/invidious.png
archive.png,記録保管所,記録保管所,"Subject: archive, target meaning ""記録保管所"".

Composition: Show shelves filled with labeled-free storage boxes, old folders, and carefully preserved documents in a records archive.

Style: Use the attached invidious.png for drawing style only. Match its thick rounded dark-brown contours, simplified rounded shapes, and restrained 2D cartoon shading. Do not copy the reference subject or composition.

Framing: One compact composition, with the complete subject using about 80-90% of the square. Keep everything inside the frame.

Output: 512x512 PNG, RGBA, genuine transparent background. No text, numerals, labels, logos or watermark.",作成済み,,references/invidious.png
cemetery.png,共同墓地,共同墓地,"Subject: cemetery, target meaning ""共同墓地"".

Composition: Show a quiet cemetery with rows of headstones, grass, trees, and a small path, respectful and non-graphic.

Style: Use the attached invidious.png for drawing style only. Match its thick rounded dark-brown contours, simplified rounded shapes, and restrained 2D cartoon shading. Do not copy the reference subject or composition.

Framing: One compact composition, with the complete subject using about 80-90% of the square. Keep everything inside the frame.

Output: 512x512 PNG, RGBA, genuine transparent background. No text, numerals, labels, logos or watermark.",作成済み,,references/invidious.png
chap.png,男,男,"Subject: chap, target meaning ""男"".

Composition: Show one ordinary adult man in casual clothing standing naturally as the main subject.

Style: Use the attached invidious.png for drawing style only. Match its thick rounded dark-brown contours, simplified rounded shapes, and restrained 2D cartoon shading. Do not copy the reference subject or composition.

Framing: One compact composition, with the complete subject using about 80-90% of the square. Keep everything inside the frame.

Output: 512x512 PNG, RGBA, genuine transparent background. No text, numerals, labels, logos or watermark.",作成済み,,references/invidious.png
energetic.png,活動的な、精力的な,活動的な,"Subject: energetic, target meaning ""活動的な"".

Composition: Show one person running up stairs two at a time with lively posture, bright expression, and strong forward motion.

Style: Use the attached invidious.png for drawing style only. Match its thick rounded dark-brown contours, simplified rounded shapes, and restrained 2D cartoon shading. Do not copy the reference subject or composition.

Framing: One compact composition, with the complete subject using about 80-90% of the square. Keep everything inside the frame.

Output: 512x512 PNG, RGBA, genuine transparent background. No text, numerals, labels, logos or watermark.",作成済み,,references/invidious.png
evenly.png,平らに,平らに,"Subject: evenly, target meaning ""平らに"".

Composition: Show a layer of icing spread to the same thickness across an entire cake surface with a flat spatula.

Style: Use the attached invidious.png for drawing style only. Match its thick rounded dark-brown contours, simplified rounded shapes, and restrained 2D cartoon shading. Do not copy the reference subject or composition.

Framing: One compact composition, with the complete subject using about 80-90% of the square. Keep everything inside the frame.

Output: 512x512 PNG, RGBA, genuine transparent background. No text, numerals, labels, logos or watermark.",作成済み,,references/invidious.png
explanatory.png,説明の,説明の,"Subject: explanatory, target meaning ""説明の"".

Composition: Show one teacher pointing to a simple diagram while the listener follows the arrows and nods in understanding.

Style: Use the attached invidious.png for drawing style only. Match its thick rounded dark-brown contours, simplified rounded shapes, and restrained 2D cartoon shading. Do not copy the reference subject or composition.

Framing: One compact composition, with the complete subject using about 80-90% of the square. Keep everything inside the frame.

Output: 512x512 PNG, RGBA, genuine transparent background. No text, numerals, labels, logos or watermark.",作成済み,,references/invidious.png
flee.png,逃げる,逃げる,"Subject: flee, target meaning ""逃げる"".

Composition: Show one person running rapidly away from a spreading rainstorm while carrying a bag, body clearly moving away from the threat.

Style: Use the attached invidious.png for drawing style only. Match its thick rounded dark-brown contours, simplified rounded shapes, and restrained 2D cartoon shading. Do not copy the reference subject or composition.

Framing: One compact composition, with the complete subject using about 80-90% of the square. Keep everything inside the frame.

Output: 512x512 PNG, RGBA, genuine transparent background. No text, numerals, labels, logos or watermark.",作成済み,,references/invidious.png
forensic.png,法廷の,法廷の,"Subject: forensic, target meaning ""法廷の"".

Composition: Show a courtroom evidence table with fingerprints, sealed evidence bag, photograph, and expert report being examined carefully.

Style: Use the attached invidious.png for drawing style only. Match its thick rounded dark-brown contours, simplified rounded shapes, and restrained 2D cartoon shading. Do not copy the reference subject or composition.

Framing: One compact composition, with the complete subject using about 80-90% of the square. Keep everything inside the frame.

Output: 512x512 PNG, RGBA, genuine transparent background. No text, numerals, labels, logos or watermark.",作成済み,,references/invidious.png
pedagogical.png,教育の、教育上の,教育の,"Subject: pedagogical, target meaning ""教育の"".

Composition: Show a teacher adapting lesson materials for a student using visual cards, blocks, and guided explanation.

Style: Use the attached invidious.png for drawing style only. Match its thick rounded dark-brown contours, simplified rounded shapes, and restrained 2D cartoon shading. Do not copy the reference subject or composition.

Framing: One compact composition, with the complete subject using about 80-90% of the square. Keep everything inside the frame.

Output: 512x512 PNG, RGBA, genuine transparent background. No text, numerals, labels, logos or watermark.",作成済み,,references/invidious.png
plainly.png,はっきりと、明らかに,はっきりと,"Subject: plainly, target meaning ""はっきりと"".

Composition: Show one object under bright direct light with no obstruction, its shape and details clearly visible.

Style: Use the attached invidious.png for drawing style only. Match its thick rounded dark-brown contours, simplified rounded shapes, and restrained 2D cartoon shading. Do not copy the reference subject or composition.

Framing: One compact composition, with the complete subject using about 80-90% of the square. Keep everything inside the frame.

Output: 512x512 PNG, RGBA, genuine transparent background. No text, numerals, labels, logos or watermark.",作成済み,,references/invidious.png
recurrence.png,繰り返し、再現,繰り返し,"Subject: recurrence, target meaning ""繰り返し"".

Composition: Show the same event icon appearing again at regular intervals around a circular calendar cycle.

Style: Use the attached invidious.png for drawing style only. Match its thick rounded dark-brown contours, simplified rounded shapes, and restrained 2D cartoon shading. Do not copy the reference subject or composition.

Framing: One compact composition, with the complete subject using about 80-90% of the square. Keep everything inside the frame.

Output: 512x512 PNG, RGBA, genuine transparent background. No text, numerals, labels, logos or watermark.",作成済み,,references/invidious.png
scandal.png,スキャンダル,スキャンダル,"Subject: scandal, target meaning ""スキャンダル"".

Composition: Show reporters surrounding a public official while leaked documents lie on a desk, with tense expressions and no readable headlines.

Style: Use the attached invidious.png for drawing style only. Match its thick rounded dark-brown contours, simplified rounded shapes, and restrained 2D cartoon shading. Do not copy the reference subject or composition.

Framing: One compact composition, with the complete subject using about 80-90% of the square. Keep everything inside the frame.

Output: 512x512 PNG, RGBA, genuine transparent background. No text, numerals, labels, logos or watermark.",作成済み,,references/invidious.png
seizure.png,つかむこと、捕らえること,つかむこと,"Subject: seizure, target meaning ""つかむこと"".

Composition: Show one hand quickly grabbing a loose object and holding it firmly before it can fall, emphasizing capture or taking.

Style: Use the attached invidious.png for drawing style only. Match its thick rounded dark-brown contours, simplified rounded shapes, and restrained 2D cartoon shading. Do not copy the reference subject or composition.

Framing: One compact composition, with the complete subject using about 80-90% of the square. Keep everything inside the frame.

Output: 512x512 PNG, RGBA, genuine transparent background. No text, numerals, labels, logos or watermark.",作成済み,,references/invidious.png
stubborn.png,頑固な、強情な,頑固な,"Subject: stubborn, target meaning ""頑固な"".

Composition: Show one person planting feet firmly and refusing to move despite two people gently urging them forward.

Style: Use the attached invidious.png for drawing style only. Match its thick rounded dark-brown contours, simplified rounded shapes, and restrained 2D cartoon shading. Do not copy the reference subject or composition.

Framing: One compact composition, with the complete subject using about 80-90% of the square. Keep everything inside the frame.

Output: 512x512 PNG, RGBA, genuine transparent background. No text, numerals, labels, logos or watermark.",作成済み,,references/invidious.png
unseen.png,目に見えない,目に見えない,"Subject: unseen, target meaning ""目に見えない"".

Composition: Show a cat hidden entirely behind a curtain except for its shadow or slight movement, indicating something present but unseen.

Style: Use the attached invidious.png for drawing style only. Match its thick rounded dark-brown contours, simplified rounded shapes, and restrained 2D cartoon shading. Do not copy the reference subject or composition.

Framing: One compact composition, with the complete subject using about 80-90% of the square. Keep everything inside the frame.

Output: 512x512 PNG, RGBA, genuine transparent background. No text, numerals, labels, logos or watermark.",作成済み,,references/invidious.png
wildly.png,荒々しく、乱暴に,荒々しく,"Subject: wildly, target meaning ""荒々しく"".

Composition: Show loose papers and branches whipping in chaotic strong wind while one person struggles to hold a hat.

Style: Use the attached invidious.png for drawing style only. Match its thick rounded dark-brown contours, simplified rounded shapes, and restrained 2D cartoon shading. Do not copy the reference subject or composition.

Framing: One compact composition, with the complete subject using about 80-90% of the square. Keep everything inside the frame.

Output: 512x512 PNG, RGBA, genuine transparent background. No text, numerals, labels, logos or watermark.",作成済み,,references/invidious.png
wrapping.png,包装材料,包装材料,"Subject: wrapping, target meaning ""包装材料"".

Composition: Show a roll of wrapping paper, ribbon, and one box halfway covered, with folds and taped edges clearly visible.

Style: Use the attached invidious.png for drawing style only. Match its thick rounded dark-brown contours, simplified rounded shapes, and restrained 2D cartoon shading. Do not copy the reference subject or composition.

Framing: One compact composition, with the complete subject using about 80-90% of the square. Keep everything inside the frame.

Output: 512x512 PNG, RGBA, genuine transparent background. No text, numerals, labels, logos or watermark.",作成済み,,references/invidious.png
Alexandria.png,アレクサンドリア,アレクサンドリア,"Subject: Alexandria, target meaning ""アレクサンドリア"".

Composition: Show Alexandria's Mediterranean waterfront with lighthouse-inspired tower, ancient library-style architecture, and harbor boats.

Style: Use the attached invidious.png for drawing style only. Match its thick rounded dark-brown contours, simplified rounded shapes, and restrained 2D cartoon shading. Do not copy the reference subject or composition.

Framing: One compact composition, with the complete subject using about 80-90% of the square. Keep everything inside the frame.

Output: 512x512 PNG, RGBA, genuine transparent background. No text, numerals, labels, logos or watermark.",作成済み,,references/invidious.png
Eleanor.png,エリノア、エレナー,エリノア,"Subject: Eleanor, target meaning ""エリノア"".

Composition: Show an adult woman named Eleanor with shoulder-length gray-brown hair, elegant simple blouse, and warm dignified expression.

Style: Use the attached invidious.png for drawing style only. Match its thick rounded dark-brown contours, simplified rounded shapes, and restrained 2D cartoon shading. Do not copy the reference subject or composition.

Framing: One compact composition, with the complete subject using about 80-90% of the square. Keep everything inside the frame.

Output: 512x512 PNG, RGBA, genuine transparent background. No text, numerals, labels, logos or watermark.",作成済み,,references/invidious.png
Java.png,ジャワ島,ジャワ島,"Subject: Java, target meaning ""ジャワ島"".

Composition: Show Java island with volcanic mountains, rice terraces, tropical vegetation, and dense villages, plus a map-like island silhouette.

Style: Use the attached invidious.png for drawing style only. Match its thick rounded dark-brown contours, simplified rounded shapes, and restrained 2D cartoon shading. Do not copy the reference subject or composition.

Framing: One compact composition, with the complete subject using about 80-90% of the square. Keep everything inside the frame.

Output: 512x512 PNG, RGBA, genuine transparent background. No text, numerals, labels, logos or watermark.",作成済み,,references/invidious.png
Lydia.png,リディア,リディア,"Subject: Lydia, target meaning ""リディア"".

Composition: Show a young adult woman named Lydia with dark hair, simple green dress, and calm friendly expression.

Style: Use the attached invidious.png for drawing style only. Match its thick rounded dark-brown contours, simplified rounded shapes, and restrained 2D cartoon shading. Do not copy the reference subject or composition.

Framing: One compact composition, with the complete subject using about 80-90% of the square. Keep everything inside the frame.

Output: 512x512 PNG, RGBA, genuine transparent background. No text, numerals, labels, logos or watermark.",作成済み,,references/invidious.png
bargaining.png,交渉,交渉,"Subject: bargaining, target meaning ""交渉"".

Composition: Show a buyer and seller facing each other over an item while each points to a different stack of coins, clearly negotiating price.

Style: Use the attached invidious.png for drawing style only. Match its thick rounded dark-brown contours, simplified rounded shapes, and restrained 2D cartoon shading. Do not copy the reference subject or composition.

Framing: One compact composition, with the complete subject using about 80-90% of the square. Keep everything inside the frame.

Output: 512x512 PNG, RGBA, genuine transparent background. No text, numerals, labels, logos or watermark.",作成済み,,references/invidious.png
charter.png,設立許可書,設立許可書,"Subject: charter, target meaning ""設立許可書"".

Composition: Show an official founding document with seal being signed by several founders around a table, representing a charter.

Style: Use the attached invidious.png for drawing style only. Match its thick rounded dark-brown contours, simplified rounded shapes, and restrained 2D cartoon shading. Do not copy the reference subject or composition.

Framing: One compact composition, with the complete subject using about 80-90% of the square. Keep everything inside the frame.

Output: 512x512 PNG, RGBA, genuine transparent background. No text, numerals, labels, logos or watermark.",作成済み,,references/invidious.png
down@dheu1.png,綿毛,綿毛,"Subject: down, target meaning ""綿毛"".

Composition: Show a soft white tuft of bird down with tiny fluffy filaments beside a feather for scale.

Style: Use the attached invidious.png for drawing style only. Match its thick rounded dark-brown contours, simplified rounded shapes, and restrained 2D cartoon shading. Do not copy the reference subject or composition.

Framing: One compact composition, with the complete subject using about 80-90% of the square. Keep everything inside the frame.

Output: 512x512 PNG, RGBA, genuine transparent background. No text, numerals, labels, logos or watermark.",作成済み,,references/invidious.png
harbor.png,港,港,"Subject: harbor, target meaning ""港"".

Composition: Show a protected harbor with piers, moored boats, breakwater, and calm water sheltered from open sea.

Style: Use the attached invidious.png for drawing style only. Match its thick rounded dark-brown contours, simplified rounded shapes, and restrained 2D cartoon shading. Do not copy the reference subject or composition.

Framing: One compact composition, with the complete subject using about 80-90% of the square. Keep everything inside the frame.

Output: 512x512 PNG, RGBA, genuine transparent background. No text, numerals, labels, logos or watermark.",作成済み,,references/invidious.png
hopeful.png,希望に満ちた,希望に満ちた,"Subject: hopeful, target meaning ""希望に満ちた"".

Composition: Show one person looking toward bright sunrise after dark clouds, face lifted with small smile and relaxed expectant posture.

Style: Use the attached invidious.png for drawing style only. Match its thick rounded dark-brown contours, simplified rounded shapes, and restrained 2D cartoon shading. Do not copy the reference subject or composition.

Framing: One compact composition, with the complete subject using about 80-90% of the square. Keep everything inside the frame.

Output: 512x512 PNG, RGBA, genuine transparent background. No text, numerals, labels, logos or watermark.",作成済み,,references/invidious.png
infusion.png,注入、吹き込み,注入,"Subject: infusion, target meaning ""注入"".

Composition: Show liquid slowly entering an IV line from a hanging bag into a patient's arm, clean clinical scene.

Style: Use the attached invidious.png for drawing style only. Match its thick rounded dark-brown contours, simplified rounded shapes, and restrained 2D cartoon shading. Do not copy the reference subject or composition.

Framing: One compact composition, with the complete subject using about 80-90% of the square. Keep everything inside the frame.

Output: 512x512 PNG, RGBA, genuine transparent background. No text, numerals, labels, logos or watermark.",作成済み,,references/invidious.png
jungle.png,密林地帯、ジャングル,密林地帯,"Subject: jungle, target meaning ""密林地帯"".

Composition: Show dense tropical jungle with layered broad leaves, vines, tree trunks, and little open ground.

Style: Use the attached invidious.png for drawing style only. Match its thick rounded dark-brown contours, simplified rounded shapes, and restrained 2D cartoon shading. Do not copy the reference subject or composition.

Framing: One compact composition, with the complete subject using about 80-90% of the square. Keep everything inside the frame.

Output: 512x512 PNG, RGBA, genuine transparent background. No text, numerals, labels, logos or watermark.",作成済み,,references/invidious.png
psychic.png,精神の,精神の,"Subject: psychic, target meaning ""精神の"".

Composition: Show one person concentrating with eyes closed while a vivid thought image appears in a translucent bubble near the head, emphasizing mental phenomena.

Style: Use the attached invidious.png for drawing style only. Match its thick rounded dark-brown contours, simplified rounded shapes, and restrained 2D cartoon shading. Do not copy the reference subject or composition.

Framing: One compact composition, with the complete subject using about 80-90% of the square. Keep everything inside the frame.

Output: 512x512 PNG, RGBA, genuine transparent background. No text, numerals, labels, logos or watermark.",作成済み,,references/invidious.png
resection.png,切除,切除,"Subject: resection, target meaning ""切除"".

Composition: Show a clean surgical diagram of a small diseased segment removed from an organ, with the remaining healthy ends neatly joined, non-graphic.

Style: Use the attached invidious.png for drawing style only. Match its thick rounded dark-brown contours, simplified rounded shapes, and restrained 2D cartoon shading. Do not copy the reference subject or composition.

Framing: One compact composition, with the complete subject using about 80-90% of the square. Keep everything inside the frame.

Output: 512x512 PNG, RGBA, genuine transparent background. No text, numerals, labels, logos or watermark.",作成済み,,references/invidious.png
rupture.png,破裂,破裂,"Subject: rupture, target meaning ""破裂"".

Composition: Show a rubber tube split open at one point with fluid escaping through the sudden tear.

Style: Use the attached invidious.png for drawing style only. Match its thick rounded dark-brown contours, simplified rounded shapes, and restrained 2D cartoon shading. Do not copy the reference subject or composition.

Framing: One compact composition, with the complete subject using about 80-90% of the square. Keep everything inside the frame.

Output: 512x512 PNG, RGBA, genuine transparent background. No text, numerals, labels, logos or watermark.",作成済み,,references/invidious.png
stakeholder.png,利害関係者,利害関係者,"Subject: stakeholder, target meaning ""利害関係者"".

Composition: Show several different people—customer, employee, investor, local resident—connected by lines to the same central company project.

Style: Use the attached invidious.png for drawing style only. Match its thick rounded dark-brown contours, simplified rounded shapes, and restrained 2D cartoon shading. Do not copy the reference subject or composition.

Framing: One compact composition, with the complete subject using about 80-90% of the square. Keep everything inside the frame.

Output: 512x512 PNG, RGBA, genuine transparent background. No text, numerals, labels, logos or watermark.",作成済み,,references/invidious.png
thief.png,泥棒、窃盗犯,泥棒,"Subject: thief, target meaning ""泥棒"".

Composition: Show one person secretly taking a wallet from an unattended bag while glancing around, no confrontation or violence.

Style: Use the attached invidious.png for drawing style only. Match its thick rounded dark-brown contours, simplified rounded shapes, and restrained 2D cartoon shading. Do not copy the reference subject or composition.

Framing: One compact composition, with the complete subject using about 80-90% of the square. Keep everything inside the frame.

Output: 512x512 PNG, RGBA, genuine transparent background. No text, numerals, labels, logos or watermark.",作成済み,,references/invidious.png
yard@ghazdho.png,ヤード、帆桁,ヤード,"Subject: yard, target meaning ""ヤード"".

Composition: Show the horizontal yard spar across a ship's mast with a square sail hanging from it, viewed from the side.

Style: Use the attached invidious.png for drawing style only. Match its thick rounded dark-brown contours, simplified rounded shapes, and restrained 2D cartoon shading. Do not copy the reference subject or composition.

Framing: One compact composition, with the complete subject using about 80-90% of the square. Keep everything inside the frame.

Output: 512x512 PNG, RGBA, genuine transparent background. No text, numerals, labels, logos or watermark.",作成済み,,references/invidious.png
Bella.png,ベラ,ベラ,"Subject: Bella, target meaning ""ベラ"".

Composition: Show a young adult woman named Bella with long brown hair, light blouse, and cheerful friendly smile.

Style: Use the attached invidious.png for drawing style only. Match its thick rounded dark-brown contours, simplified rounded shapes, and restrained 2D cartoon shading. Do not copy the reference subject or composition.

Framing: One compact composition, with the complete subject using about 80-90% of the square. Keep everything inside the frame.

Output: 512x512 PNG, RGBA, genuine transparent background. No text, numerals, labels, logos or watermark.",作成済み,,references/invidious.png
Hungarian.png,ハンガリーの,ハンガリーの,"Subject: Hungarian, target meaning ""ハンガリーの"".

Composition: Show a Hungarian person in contemporary clothing beside Budapest-style river architecture and a small red-white-green flag cue.

Style: Use the attached invidious.png for drawing style only. Match its thick rounded dark-brown contours, simplified rounded shapes, and restrained 2D cartoon shading. Do not copy the reference subject or composition.

Framing: One compact composition, with the complete subject using about 80-90% of the square. Keep everything inside the frame.

Output: 512x512 PNG, RGBA, genuine transparent background. No text, numerals, labels, logos or watermark.",作成済み,,references/invidious.png
alright.png,わあ,わあ,"Subject: alright, target meaning ""わあ"".

Composition: Show one person reacting with delighted surprise, mouth open and eyebrows raised, giving an enthusiastic thumbs-up.

Style: Use the attached invidious.png for drawing style only. Match its thick rounded dark-brown contours, simplified rounded shapes, and restrained 2D cartoon shading. Do not copy the reference subject or composition.

Framing: One compact composition, with the complete subject using about 80-90% of the square. Keep everything inside the frame.

Output: 512x512 PNG, RGBA, genuine transparent background. No text, numerals, labels, logos or watermark.",作成済み,,references/invidious.png
basketball.png,バスケットボール,バスケットボール,"Subject: basketball, target meaning ""バスケットボール"".

Composition: Show one orange basketball with black channel lines beside a hoop and net, with a player dribbling in the background.

Style: Use the attached invidious.png for drawing style only. Match its thick rounded dark-brown contours, simplified rounded shapes, and restrained 2D cartoon shading. Do not copy the reference subject or composition.

Framing: One compact composition, with the complete subject using about 80-90% of the square. Keep everything inside the frame.

Output: 512x512 PNG, RGBA, genuine transparent background. No text, numerals, labels, logos or watermark.",作成済み,,references/invidious.png
colon.png,コロン,コロン,"Subject: colon, target meaning ""コロン"".

Composition: Show a large typographic colon symbol made of two vertically aligned dots, centered as the main subject.

Style: Use the attached invidious.png for drawing style only. Match its thick rounded dark-brown contours, simplified rounded shapes, and restrained 2D cartoon shading. Do not copy the reference subject or composition.

Framing: One compact composition, with the complete subject using about 80-90% of the square. Keep everything inside the frame.

Output: 512x512 PNG, RGBA, genuine transparent background. No text, numerals, labels, logos or watermark.",作成済み,,references/invidious.png
commanding.png,指揮する,指揮する,"Subject: commanding, target meaning ""指揮する"".

Composition: Show a leader at the front of a small unit pointing decisively toward a task while others follow the instruction.

Style: Use the attached invidious.png for drawing style only. Match its thick rounded dark-brown contours, simplified rounded shapes, and restrained 2D cartoon shading. Do not copy the reference subject or composition.

Framing: One compact composition, with the complete subject using about 80-90% of the square. Keep everything inside the frame.

Output: 512x512 PNG, RGBA, genuine transparent background. No text, numerals, labels, logos or watermark.",作成済み,,references/invidious.png
confrontation.png,対立、向き合うこと,対立,"Subject: confrontation, target meaning ""対立"".

Composition: Show two people standing face to face with tense posture and crossed arms, clearly confronting each other without violence.

Style: Use the attached invidious.png for drawing style only. Match its thick rounded dark-brown contours, simplified rounded shapes, and restrained 2D cartoon shading. Do not copy the reference subject or composition.

Framing: One compact composition, with the complete subject using about 80-90% of the square. Keep everything inside the frame.

Output: 512x512 PNG, RGBA, genuine transparent background. No text, numerals, labels, logos or watermark.",作成済み,,references/invidious.png
cracking.png,すばらしい,すばらしい,"Subject: cracking, target meaning ""すばらしい"".

Composition: Show one outstanding performance receiving enthusiastic applause and raised thumbs-up from several people, conveying 'excellent'.

Style: Use the attached invidious.png for drawing style only. Match its thick rounded dark-brown contours, simplified rounded shapes, and restrained 2D cartoon shading. Do not copy the reference subject or composition.

Framing: One compact composition, with the complete subject using about 80-90% of the square. Keep everything inside the frame.

Output: 512x512 PNG, RGBA, genuine transparent background. No text, numerals, labels, logos or watermark.",作成済み,,references/invidious.png
deaf.png,耳が聞こえない,耳が聞こえない,"Subject: deaf, target meaning ""耳が聞こえない"".

Composition: Show one person using sign language while another faces them attentively, with a hearing aid crossed out as unnecessary cue.

Style: Use the attached invidious.png for drawing style only. Match its thick rounded dark-brown contours, simplified rounded shapes, and restrained 2D cartoon shading. Do not copy the reference subject or composition.

Framing: One compact composition, with the complete subject using about 80-90% of the square. Keep everything inside the frame.

Output: 512x512 PNG, RGBA, genuine transparent background. No text, numerals, labels, logos or watermark.",作成済み,,references/invidious.png
dock@deuk.png,ドック,ドック,"Subject: dock, target meaning ""ドック"".

Composition: Show a ship alongside a sturdy dock with bollards, mooring ropes, and loading ramp clearly visible.

Style: Use the attached invidious.png for drawing style only. Match its thick rounded dark-brown contours, simplified rounded shapes, and restrained 2D cartoon shading. Do not copy the reference subject or composition.

Framing: One compact composition, with the complete subject using about 80-90% of the square. Keep everything inside the frame.

Output: 512x512 PNG, RGBA, genuine transparent background. No text, numerals, labels, logos or watermark.",作成済み,,references/invidious.png
familiarity.png,よく知っていること,よく知っていること,"Subject: familiarity, target meaning ""よく知っていること"".

Composition: Show one person immediately and comfortably using a frequently used tool, with worn hand marks and relaxed practiced motion.

Style: Use the attached invidious.png for drawing style only. Match its thick rounded dark-brown contours, simplified rounded shapes, and restrained 2D cartoon shading. Do not copy the reference subject or composition.

Framing: One compact composition, with the complete subject using about 80-90% of the square. Keep everything inside the frame.

Output: 512x512 PNG, RGBA, genuine transparent background. No text, numerals, labels, logos or watermark.",作成済み,,references/invidious.png
filtering.png,フィルタリング,フィルタリング,"Subject: filtering, target meaning ""フィルタリング"".

Composition: Show dirty water passing through layered filter material and emerging visibly clearer into a second container.

Style: Use the attached invidious.png for drawing style only. Match its thick rounded dark-brown contours, simplified rounded shapes, and restrained 2D cartoon shading. Do not copy the reference subject or composition.

Framing: One compact composition, with the complete subject using about 80-90% of the square. Keep everything inside the frame.

Output: 512x512 PNG, RGBA, genuine transparent background. No text, numerals, labels, logos or watermark.",作成済み,,references/invidious.png
implicitly.png,暗示的に、黙示的に,暗示的に,"Subject: implicitly, target meaning ""暗示的に"".

Composition: Show one person looking at an empty coat hook while another silently holds the door open, allowing the intended message to be understood without words.

Style: Use the attached invidious.png for drawing style only. Match its thick rounded dark-brown contours, simplified rounded shapes, and restrained 2D cartoon shading. Do not copy the reference subject or composition.

Framing: One compact composition, with the complete subject using about 80-90% of the square. Keep everything inside the frame.

Output: 512x512 PNG, RGBA, genuine transparent background. No text, numerals, labels, logos or watermark.",作成済み,,references/invidious.png
jointly.png,共同で,共同で,"Subject: jointly, target meaning ""共同で"".

Composition: Show two people lifting one heavy box together, each supporting one side in coordinated action.

Style: Use the attached invidious.png for drawing style only. Match its thick rounded dark-brown contours, simplified rounded shapes, and restrained 2D cartoon shading. Do not copy the reference subject or composition.

Framing: One compact composition, with the complete subject using about 80-90% of the square. Keep everything inside the frame.

Output: 512x512 PNG, RGBA, genuine transparent background. No text, numerals, labels, logos or watermark.",作成済み,,references/invidious.png
ligand.png,配位子,配位子,"Subject: ligand, target meaning ""配位子"".

Composition: Show a clean molecular diagram of one small ligand molecule fitting precisely into a larger receptor binding site.

Style: Use the attached invidious.png for drawing style only. Match its thick rounded dark-brown contours, simplified rounded shapes, and restrained 2D cartoon shading. Do not copy the reference subject or composition.

Framing: One compact composition, with the complete subject using about 80-90% of the square. Keep everything inside the frame.

Output: 512x512 PNG, RGBA, genuine transparent background. No text, numerals, labels, logos or watermark.",作成済み,,references/invidious.png
microwave.png,マイクロ波,マイクロ波,"Subject: microwave, target meaning ""マイクロ波"".

Composition: Show a microwave oven emitting stylized electromagnetic wave lines inside toward a bowl of food, no open-door operation.

Style: Use the attached invidious.png for drawing style only. Match its thick rounded dark-brown contours, simplified rounded shapes, and restrained 2D cartoon shading. Do not copy the reference subject or composition.

Framing: One compact composition, with the complete subject using about 80-90% of the square. Keep everything inside the frame.

Output: 512x512 PNG, RGBA, genuine transparent background. No text, numerals, labels, logos or watermark.",作成済み,,references/invidious.png
neo-.png,新しい、新〜,新しい,"Subject: neo-, target meaning ""新しい"".

Composition: Show a brand-new bright shoe beside an older worn version of the same shoe, with the new one clean, unworn, and clearly emphasized.

Style: Use the attached invidious.png for drawing style only. Match its thick rounded dark-brown contours, simplified rounded shapes, and restrained 2D cartoon shading. Do not copy the reference subject or composition.

Framing: One compact composition, with the complete subject using about 80-90% of the square. Keep everything inside the frame.

Output: 512x512 PNG, RGBA, genuine transparent background. No text, numerals, labels, logos or watermark.",作成済み,,references/invidious.png
ontological.png,存在論の,存在論の,"Subject: ontological, target meaning ""存在論の"".

Composition: Show a philosopher arranging cards representing person, object, idea, and existence into categories on a board, emphasizing what kinds of things exist.

Style: Use the attached invidious.png for drawing style only. Match its thick rounded dark-brown contours, simplified rounded shapes, and restrained 2D cartoon shading. Do not copy the reference subject or composition.

Framing: One compact composition, with the complete subject using about 80-90% of the square. Keep everything inside the frame.

Output: 512x512 PNG, RGBA, genuine transparent background. No text, numerals, labels, logos or watermark.",作成済み,,references/invidious.png
payable.png,支払うべき,支払うべき,"Subject: payable, target meaning ""支払うべき"".

Composition: Show an invoice-like paper beside a due coin stack and a hand preparing payment, with all text unreadable.

Style: Use the attached invidious.png for drawing style only. Match its thick rounded dark-brown contours, simplified rounded shapes, and restrained 2D cartoon shading. Do not copy the reference subject or composition.

Framing: One compact composition, with the complete subject using about 80-90% of the square. Keep everything inside the frame.

Output: 512x512 PNG, RGBA, genuine transparent background. No text, numerals, labels, logos or watermark.",作成済み,,references/invidious.png
pleasing.png,愉快な,愉快な,"Subject: pleasing, target meaning ""愉快な"".

Composition: Show a beautifully arranged plate of food and flowers causing one viewer to smile with clear satisfaction.

Style: Use the attached invidious.png for drawing style only. Match its thick rounded dark-brown contours, simplified rounded shapes, and restrained 2D cartoon shading. Do not copy the reference subject or composition.

Framing: One compact composition, with the complete subject using about 80-90% of the square. Keep everything inside the frame.

Output: 512x512 PNG, RGBA, genuine transparent background. No text, numerals, labels, logos or watermark.",作成済み,,references/invidious.png
si.png,シ,シ,"Subject: si, target meaning ""シ"".

Composition: Show the musical note 'si' represented by one note on a simple solfège staff, with no other text.

Style: Use the attached invidious.png for drawing style only. Match its thick rounded dark-brown contours, simplified rounded shapes, and restrained 2D cartoon shading. Do not copy the reference subject or composition.

Framing: One compact composition, with the complete subject using about 80-90% of the square. Keep everything inside the frame.

Output: 512x512 PNG, RGBA, genuine transparent background. No text, numerals, labels, logos or watermark.",作成済み,,references/invidious.png
starch.png,でんぷん,でんぷん,"Subject: starch, target meaning ""でんぷん"".

Composition: Show white starch powder beside a cut potato and a few rice grains, with a simple granule inset.

Style: Use the attached invidious.png for drawing style only. Match its thick rounded dark-brown contours, simplified rounded shapes, and restrained 2D cartoon shading. Do not copy the reference subject or composition.

Framing: One compact composition, with the complete subject using about 80-90% of the square. Keep everything inside the frame.

Output: 512x512 PNG, RGBA, genuine transparent background. No text, numerals, labels, logos or watermark.",作成済み,,references/invidious.png
thrive.png,健康に育つ、力強くなる,健康に育つ,"Subject: thrive, target meaning ""健康に育つ"".

Composition: Show one healthy plant growing vigorously with many leaves, strong stem, and new shoots under good sunlight.

Style: Use the attached invidious.png for drawing style only. Match its thick rounded dark-brown contours, simplified rounded shapes, and restrained 2D cartoon shading. Do not copy the reference subject or composition.

Framing: One compact composition, with the complete subject using about 80-90% of the square. Keep everything inside the frame.

Output: 512x512 PNG, RGBA, genuine transparent background. No text, numerals, labels, logos or watermark.",作成済み,,references/invidious.png
Alaska.png,アラスカ州,アラスカ州,"Subject: Alaska, target meaning ""アラスカ州"".

Composition: Show an Alaska landscape with snow mountains, glacier, evergreen forest, and cold coastal water.

Style: Use the attached invidious.png for drawing style only. Match its thick rounded dark-brown contours, simplified rounded shapes, and restrained 2D cartoon shading. Do not copy the reference subject or composition.

Framing: One compact composition, with the complete subject using about 80-90% of the square. Keep everything inside the frame.

Output: 512x512 PNG, RGBA, genuine transparent background. No text, numerals, labels, logos or watermark.",作成済み,,references/invidious.png
Caesar.png,カエサル、シーザー,カエサル,"Subject: Caesar, target meaning ""カエサル"".

Composition: Show Julius Caesar in Roman military cloak and laurel wreath, standing beside a stone column and scroll.

Style: Use the attached invidious.png for drawing style only. Match its thick rounded dark-brown contours, simplified rounded shapes, and restrained 2D cartoon shading. Do not copy the reference subject or composition.

Framing: One compact composition, with the complete subject using about 80-90% of the square. Keep everything inside the frame.

Output: 512x512 PNG, RGBA, genuine transparent background. No text, numerals, labels, logos or watermark.",作成済み,,references/invidious.png
Evelyn.png,イーブリン、イブリン,イーブリン,"Subject: Evelyn, target meaning ""イーブリン"".

Composition: Show an adult woman named Evelyn with shoulder-length dark-blonde hair, simple cardigan, and warm composed expression.

Style: Use the attached invidious.png for drawing style only. Match its thick rounded dark-brown contours, simplified rounded shapes, and restrained 2D cartoon shading. Do not copy the reference subject or composition.

Framing: One compact composition, with the complete subject using about 80-90% of the square. Keep everything inside the frame.

Output: 512x512 PNG, RGBA, genuine transparent background. No text, numerals, labels, logos or watermark.",作成済み,,references/invidious.png
Melissa.png,メリッサ,メリッサ,"Subject: Melissa, target meaning ""メリッサ"".

Composition: Show a young adult woman named Melissa with brown hair, light sweater, and friendly bright smile.

Style: Use the attached invidious.png for drawing style only. Match its thick rounded dark-brown contours, simplified rounded shapes, and restrained 2D cartoon shading. Do not copy the reference subject or composition.

Framing: One compact composition, with the complete subject using about 80-90% of the square. Keep everything inside the frame.

Output: 512x512 PNG, RGBA, genuine transparent background. No text, numerals, labels, logos or watermark.",作成済み,,references/invidious.png
Munich.png,ミュンヘン,ミュンヘン,"Subject: Munich, target meaning ""ミュンヘン"".

Composition: Show Munich with a central European old-town square, ornate town hall towers, and Bavarian-style architecture.

Style: Use the attached invidious.png for drawing style only. Match its thick rounded dark-brown contours, simplified rounded shapes, and restrained 2D cartoon shading. Do not copy the reference subject or composition.

Framing: One compact composition, with the complete subject using about 80-90% of the square. Keep everything inside the frame.

Output: 512x512 PNG, RGBA, genuine transparent background. No text, numerals, labels, logos or watermark.",作成済み,,references/invidious.png
Nora.png,ノーラ、ノラ,ノーラ,"Subject: Nora, target meaning ""ノーラ"".

Composition: Show a young adult woman named Nora with dark hair, simple blue blouse, and calm friendly expression.

Style: Use the attached invidious.png for drawing style only. Match its thick rounded dark-brown contours, simplified rounded shapes, and restrained 2D cartoon shading. Do not copy the reference subject or composition.

Framing: One compact composition, with the complete subject using about 80-90% of the square. Keep everything inside the frame.

Output: 512x512 PNG, RGBA, genuine transparent background. No text, numerals, labels, logos or watermark.",作成済み,,references/invidious.png
