glyph_id,modern_char,unicode,char_form,encoding_status,pinyin,n_points,n_strokes,stroke
1,一,4E00,in_simplified_set,unicode_encoded,yi,8,1,"8,-64,0,-10,0,12,0,-64,-64,,,,,,"
2,元,5143,in_simplified_set,unicode_encoded,yuan,30,4,"30,-64,0,-6,-13,3,-13,-64,0,-9,-9,8,-9,-64,0,-1,-9,1,2,-3,6,-3,17,-64,0,0,-6,-8,3,-64,-64,,,,,,"
3,天,5929,in_simplified_set,unicode_encoded,tian,44,6,"44,-64,0,-8,-14,7,-14,-64,0,-9,-9,10,-10,-64,0,0,-14,0,1,-4,3,-8,14,-64,0,0,1,3,4,3,15,-64,0,0,-7,-10,1,-64,0,0,-7,10,0,-64,-64,,,,,,"
4,吏,540F,in_simplified_set,unicode_encoded,li,50,6,"50,-64,0,-4,-17,-1,-10,1,-16,-64,0,-6,-9,4,-9,-64,0,-7,-15,-6,-4,-2,-3,3,-4,5,-14,-64,0,-1,-10,-3,11,-64,0,2,-1,4,5,-3,13,-64,0,-1,1,4,10,4,17,-64,-64,,,,,,"
5,上,4E0A,in_simplified_set,unicode_encoded,shang,18,2,"18,-64,0,-8,-5,6,-5,-64,0,-13,0,-5,4,4,4,11,-1,-64,-64,,,,,,"
6,帝,5E1D,in_simplified_set,unicode_encoded,di,54,8,"54,-64,0,-8,-14,8,-14,-64,0,-1,-14,-2,18,-64,0,-7,-14,-1,-5,5,-14,-64,0,-9,-8,-9,0,-64,0,-9,-4,7,-4,7,-4,-64,0,7,-8,7,2,-64,0,-1,0,-10,11,-64,0,-1,0,7,12,-64,-64,,,,,,"
7,旁,65C1,in_simplified_set,unicode_encoded,pang,56,9,"56,-64,0,-7,-14,9,-14,-64,0,-9,-9,9,-10,-64,0,-9,-14,-9,1,-64,0,7,-15,8,1,-64,0,-2,-7,-1,18,-64,0,-7,-3,-7,4,-64,0,-7,0,4,-1,-64,0,4,-4,4,3,-64,0,-1,4,6,12,-64,-64,,,,,,"
8,下,4E0B,in_simplified_set,unicode_encoded,xia,18,2,"18,-64,0,-13,-1,-5,-5,3,-5,10,-1,-64,0,-9,3,4,3,-64,-64,,,,,,"
9,示,793A,in_simplified_set,unicode_encoded,shi,20,3,"20,-64,0,-7,-12,6,-13,-64,0,-10,-8,9,-9,-64,0,-1,-8,-1,16,-64,-64,,,,,,"
10,祜,795C,in_simplified_set,unicode_encoded,hu,64,9,"64,-64,0,-9,-12,-2,-12,-64,0,-10,-8,-1,-8,-64,0,-5,-8,-5,2,-64,0,-9,-6,-9,-2,-64,0,-2,-6,-2,-3,-64,0,-2,0,8,0,-64,0,2,-5,3,-3,3,3,-64,0,-2,2,-1,10,3,12,7,10,8,2,-64,0,-2,6,7,6,-64,-64,,,,,,"
11,禮,79AE,in_simplified_set,unicode_encoded,li,106,14,"106,-64,0,-2,-15,-1,2,-64,0,-6,-13,-4,-13,-64,0,-6,-11,-3,-11,-64,0,-6,-9,-3,-9,-64,0,-5,-15,-5,-8,-64,0,0,-13,2,-13,-64,0,0,-11,3,-11,-64,0,1,-15,1,-9,-64,0,4,-15,4,-10,-64,0,-8,-14,-7,-7,-2,-4,9,-13,-64,0,-6,-1,3,-1,-64,0,-1,2,-6,4,-5,8,-2,10,1,8,3,5,-1,2,-64,0,-4,5,0,5,-64,0,-4,9,-6,14,3,14,0,9,0,9,-64,-64,,,,,,"
12,禄,7984,in_simplified_set,unicode_encoded,lu,66,10,"66,-64,0,-5,-13,6,-13,-64,0,0,-13,0,-1,-64,0,-5,-11,-5,-5,-64,0,-5,-8,5,-8,-64,0,5,-11,5,-5,-64,0,0,-1,-7,5,0,13,-64,0,0,-1,5,5,0,13,-64,0,0,2,0,7,-64,0,-11,0,-11,9,-64,0,9,-1,9,10,-64,-64,,,,,,"
13,祥,7965,in_simplified_set,unicode_encoded,xiang,70,9,"70,-64,0,-7,-8,-1,-2,4,-10,-64,0,-7,-8,-11,-6,-10,-3,-8,-4,-8,-4,-64,0,4,-10,8,-7,5,-4,-64,0,-1,-2,-1,4,-64,0,-12,-1,-1,4,11,-5,-64,0,-6,2,-6,12,1,12,-64,0,3,2,2,12,-64,0,-12,-1,-6,12,-64,0,11,-5,2,12,-64,-64,,,,,,"
14,祉,7949,in_simplified_set,unicode_encoded,zhi,46,7,"46,-64,0,-11,-11,0,-11,-64,0,-13,-7,2,-7,-64,0,-6,-7,-6,15,-64,0,-3,-4,2,11,-64,0,2,11,2,11,2,11,-64,0,3,-6,2,11,-64,0,-1,1,9,-4,-64,-64,,,,,,"
15,福,798F,in_simplified_set,unicode_encoded,fu,116,16,"116,-64,0,-12,-11,-8,-11,-64,0,-13,-9,-8,-9,-64,0,-10,-9,-10,4,-64,0,-8,-14,-2,-12,4,-12,7,-15,-64,0,-8,-7,-1,-8,4,-8,11,-7,-64,0,-2,-12,-1,-2,-64,0,4,-12,4,-2,-64,0,-5,0,-2,9,0,11,-64,0,-5,0,7,-1,5,8,0,11,-64,0,-4,3,6,2,-64,0,-3,6,5,6,-64,0,1,0,0,10,-64,0,-7,6,-6,11,-3,13,-64,0,-3,7,-7,17,-64,0,8,6,9,10,6,13,-64,0,5,7,8,17,-64,-64,,,,,,"
16,祐,7950,in_simplified_set,unicode_encoded,you,58,9,"58,-64,0,-7,-11,2,-11,-64,0,-7,-7,2,-7,-64,0,-3,-7,-3,13,-64,0,3,-13,8,-4,2,4,-64,0,2,-5,7,11,-64,0,-10,-10,-10,-4,-64,0,-8,1,-6,7,-64,0,0,2,0,6,-64,0,2,-10,3,-8,-64,-64,,,,,,"
17,祭,796D,in_simplified_set,unicode_encoded,ji,64,9,"64,-64,0,-3,-15,-10,-6,-5,-2,-5,-2,-64,0,2,-11,-5,-2,-64,0,-7,-10,-1,-7,-64,0,3,-15,9,-6,1,2,-64,0,2,-9,7,12,8,16,-64,0,-1,-16,-1,-12,-64,0,-9,3,-9,8,-64,0,-4,0,-4,4,-64,0,0,5,0,10,-64,-64,,,,,,"
18,祀,7940,in_simplified_set,unicode_encoded,si,66,8,"66,-64,0,-10,-12,-1,-13,-64,0,-13,-7,0,-9,-64,0,-6,-8,-6,14,-64,0,3,-11,1,-7,2,-5,5,-4,-64,0,3,-11,8,-11,9,-7,5,-4,-64,0,2,-5,4,-2,0,11,4,12,8,6,-64,0,-10,-4,-11,10,-11,10,-64,0,-2,-5,-1,4,-64,-64,,,,,,"
19,祖,7956,in_simplified_set,unicode_encoded,zu,52,7,"52,-64,0,-12,-9,-5,-9,-64,0,-8,-9,-8,8,-64,0,0,-14,-4,-5,-1,4,-5,13,-64,0,0,-14,6,-4,3,5,4,12,-64,0,-3,-3,5,-4,-64,0,-3,0,5,0,-64,0,-9,14,10,14,-64,-64,,,,,,"
20,祏,794F,in_simplified_set,unicode_encoded,shi,38,6,"38,-64,0,-10,-5,-1,-5,-64,0,-12,-2,1,-2,-64,0,-5,-2,-5,16,-64,0,-7,-13,8,-13,-64,0,8,-13,8,12,-64,0,-5,-13,8,-1,-64,-64,,,,,,"
21,祠,7960,in_simplified_set,unicode_encoded,ci,40,5,"40,-64,0,-6,-14,6,-13,3,-3,9,10,-64,0,-4,-9,4,-7,-64,0,-9,1,-9,9,-5,11,-2,9,-64,0,-1,-2,-2,9,-64,0,-9,5,-2,5,-64,-64,,,,,,"
22,禘,7998,in_simplified_set,unicode_encoded,di,64,10,"64,-64,0,-10,-14,8,-15,-64,0,-1,-15,-2,18,-64,0,-9,-5,-9,1,-64,0,-9,-5,7,-5,-64,0,7,-5,7,1,-64,0,-9,1,7,1,-64,0,-9,-14,-1,-7,-1,-7,-64,0,6,-15,-1,-7,-64,0,-3,1,-10,13,-64,0,1,1,7,14,-64,-64,,,,,,"
23,祝,795D,in_simplified_set,unicode_encoded,zhu,78,10,"78,-64,0,-10,-3,0,-3,-64,0,-5,-3,-5,7,-64,0,-7,-1,-8,7,-64,0,-3,0,-1,6,-64,0,-6,-11,-5,-6,-64,0,-1,-16,1,-9,4,-8,-64,0,6,-16,6,-10,4,-8,-64,0,0,-13,6,-14,-64,0,4,-8,1,0,3,7,-64,0,4,-8,6,4,1,9,1,13,7,8,6,14,5,17,-64,-64,,,,,,"
24,祓,7953,traditional_or_variant,unicode_encoded,fu,80,12,"80,-64,0,-1,-11,-1,1,-64,0,-4,-10,-1,-6,-64,0,2,-11,-1,-6,-64,0,-1,-6,-6,0,-64,0,-1,-6,3,0,-64,0,-4,4,2,4,-64,0,-6,7,4,7,-64,0,-1,7,-1,18,-64,0,-5,-14,-7,-10,-5,-6,-64,0,-7,-16,-6,-11,-5,-10,-64,0,5,-16,6,-12,3,-8,-64,0,3,-13,6,-8,-64,-64,,,,,,"
25,祈,7948,in_simplified_set,unicode_encoded,qi,90,12,"90,-64,0,-6,-12,3,-15,-3,-3,-64,0,-4,-16,-2,-13,-3,-9,-64,0,-8,-8,-10,-5,-7,-4,-64,0,-8,-8,-5,-6,-7,-4,-64,0,5,-11,1,-6,2,-3,-64,0,5,-11,6,-6,2,-3,-64,0,-7,-4,-1,0,2,-3,-64,0,-8,0,6,0,-64,0,-1,0,-1,18,-64,0,-8,0,-7,5,-7,5,-64,0,-8,5,5,5,-64,0,6,0,5,5,-64,-64,,,,,,"
26,禦,79A6,traditional_or_variant,unicode_encoded,yu,78,11,"78,-64,0,-9,-15,-2,-15,-64,0,-11,-12,-1,-12,-64,0,-6,-12,-6,-1,-64,0,-10,-8,-10,-3,-64,0,-3,-9,-3,-5,-64,0,-2,-6,1,-6,-64,0,-3,-2,2,-2,-64,0,-1,-11,-1,-1,-64,0,2,-15,7,2,1,7,-64,0,1,7,2,11,7,7,6,13,1,18,-64,0,4,-6,3,-1,3,4,-64,-64,,,,,,"
27,禍,798D,in_simplified_set,unicode_encoded,huo,48,7,"48,-64,0,-7,-13,-4,-7,-9,14,-64,0,5,-15,2,-7,7,15,-64,0,-4,-7,2,-7,-64,0,-4,-4,3,-2,-64,0,-1,-1,-1,11,-64,0,-6,1,-1,5,-64,0,-9,14,7,15,-64,-64,,,,,,"
28,祟,795F,in_simplified_set,unicode_encoded,sui,46,7,"46,-64,0,2,-16,-8,-5,-64,0,-4,-16,1,-9,-1,18,-64,0,1,-9,8,-2,-64,0,1,-3,8,3,-64,0,0,6,7,13,-64,0,0,6,-8,13,-64,0,1,-3,-9,5,-64,-64,,,,,,"
29,禫,79AB,in_simplified_set,unicode_encoded,dan,82,13,"82,-64,0,-10,-13,-2,-13,-64,0,-12,-9,-1,-9,-64,0,-6,-9,-7,4,-64,0,1,-9,2,-3,-64,0,-4,-7,0,-3,5,-3,-64,0,5,-3,8,-8,-64,0,-5,2,8,2,-64,0,0,-3,-1,2,-64,0,5,-3,5,2,-64,0,-5,2,2,15,-64,0,8,2,2,15,-64,0,5,2,-1,9,-64,0,-1,1,4,10,-64,-64,,,,,,"
30,三,4E09,in_simplified_set,unicode_encoded,san,20,3,"20,-64,0,-11,-11,8,-11,-64,0,-11,-4,8,-4,-64,0,-12,4,8,4,-64,-64,,,,,,"
31,王,738B,in_simplified_set,unicode_encoded,wang,26,4,"26,-64,0,-9,-8,6,-8,-64,0,-1,-14,-7,8,-64,0,-2,-8,3,8,-64,0,-12,9,8,9,-64,-64,,,,,,"
32,玉,7389,in_simplified_set,unicode_encoded,yu,40,6,"40,-64,0,-1,-16,-1,17,-64,0,-6,-14,-1,-10,6,-15,-64,0,-5,-6,4,-6,-64,0,-7,-1,4,-1,-64,0,-6,7,4,7,-64,0,-8,12,5,12,-64,-64,,,,,,"
33,玨,73A8,in_simplified_set,unicode_encoded,jue,70,11,"70,-64,0,-9,-15,-5,-8,-2,-15,-64,0,-5,-8,-5,12,-64,0,-9,-6,-2,-6,-64,0,-10,0,-2,0,-64,0,-10,6,-3,6,-64,0,0,-15,3,-10,-64,0,6,-15,3,-10,-64,0,3,-10,3,17,-64,0,-1,-6,8,-6,-64,0,0,0,8,0,-64,0,-2,7,8,7,-64,-64,,,,,,"
34,氣,6C23,in_simplified_set,unicode_encoded,qi,20,3,"20,-64,0,-11,-10,10,-10,-64,0,-8,-3,6,-3,-64,0,-12,6,11,6,-64,-64,,,,,,"
35,中,4E2D,in_simplified_set,unicode_encoded,zhong,70,9,"70,-64,0,0,-16,0,17,-64,0,-4,-4,-4,2,-64,0,-4,-4,6,-4,-64,0,6,-4,6,2,-64,0,-4,2,6,2,-64,0,-10,-13,-6,-13,0,-14,-64,0,-10,-8,-7,-8,-4,-10,0,-10,-64,0,-11,7,-7,7,-5,5,0,5,-64,0,-12,11,-8,11,-4,9,-1,10,-64,-64,,,,,,"
36,屮,5C6E,in_simplified_set,unicode_encoded,che,20,3,"20,-64,0,-1,-15,-1,18,-64,0,-9,-4,-1,4,-64,0,8,-4,-1,4,-64,-64,,,,,,"
37,屯,5C6F,in_simplified_set,unicode_encoded,tun,38,5,"38,-64,0,1,-16,1,-9,-64,0,1,-9,-3,-5,0,1,-64,0,1,-9,4,-4,0,1,-64,0,0,1,-1,11,-11,17,-64,0,-6,6,2,15,-64,-64,,,,,,"
38,每,6BCF,in_simplified_set,unicode_encoded,mei,64,8,"64,-64,0,-1,-16,0,6,0,6,-5,10,-4,12,-64,0,-4,12,2,9,0,14,-4,17,-64,0,-6,-11,3,-14,-64,0,-6,-5,5,-10,7,-3,-64,0,-6,-5,-5,4,-64,0,-8,5,-7,1,7,-3,-64,0,-3,-4,-3,-2,-64,0,2,-7,3,-4,-64,-64,,,,,,"
39,萑,8411,traditional_or_variant,unicode_encoded,huan,100,15,"100,-64,0,0,-11,-6,-4,-64,0,-2,-9,1,-5,-6,2,-5,8,3,13,-64,0,-4,-6,4,2,-64,0,-5,1,2,7,-64,0,-2,10,-4,15,-64,0,-10,-10,-10,6,-64,0,-13,-7,-10,-4,-64,0,-6,-8,-10,-4,-64,0,-10,0,-13,4,-64,0,-10,0,-7,3,-64,0,6,-13,6,8,-64,0,1,-12,6,-8,6,-8,-64,0,11,-13,6,-8,-64,0,6,-8,3,-2,-64,0,6,-8,9,-2,-64,-64,,,,,,"
40,萌,840C,in_simplified_set,unicode_encoded,meng,100,15,"100,-64,0,-4,-16,-5,-3,-64,0,-8,-12,-5,-8,-64,0,-1,-14,-5,-8,-64,0,-9,-2,-2,-2,-2,1,-4,4,-64,0,-9,-2,-9,3,-4,4,-64,0,-5,4,-6,14,-64,0,-9,6,-6,9,-64,0,-2,5,-6,9,-64,0,-1,-9,2,2,-1,10,-64,0,4,-13,4,-1,-64,0,1,-10,4,-6,-64,0,7,-10,4,-6,-64,0,4,5,4,16,-64,0,1,8,4,11,-64,0,8,5,4,11,-64,-64,,,,,,"
41,兹,5179,in_simplified_set,unicode_encoded,zi,48,5,"48,-64,0,-6,-14,-6,-8,-64,0,-6,-8,-9,-4,-2,6,-5,10,-64,0,-6,-8,-3,-4,-9,6,-5,10,-64,0,5,-14,0,-4,6,6,4,12,-64,0,5,-14,7,-5,0,6,6,15,-64,-64,,,,,,"
42,蔡,8521,in_simplified_set,unicode_encoded,cai,52,8,"52,-64,0,0,-14,0,4,-6,17,-64,0,0,-10,-7,-2,-64,0,0,-10,9,-4,-64,0,0,4,7,8,-64,0,0,4,-7,8,-64,0,0,4,1,10,-64,0,-3,10,-9,13,-64,0,-3,10,-1,15,-64,-64,,,,,,"
43,茀,8300,in_simplified_set,unicode_encoded,fu,90,14,"90,-64,0,-5,-14,-5,14,-64,0,-8,-12,-5,-7,-64,0,0,-13,-5,-7,-64,0,-5,4,-9,9,-64,0,-5,4,-2,7,-64,0,2,-15,2,17,-64,0,-1,-10,2,-7,-64,0,2,-7,6,-13,-64,0,2,9,-2,15,-64,0,2,9,7,15,-64,0,11,-15,6,-11,10,-6,-64,0,11,-15,10,-6,-64,0,7,-9,-7,-3,-64,0,-7,-3,8,3,-10,13,-64,-64,,,,,,"
44,若,82E5,in_simplified_set,unicode_encoded,ruo,66,7,"66,-64,0,1,-16,-1,-9,1,-5,-4,8,2,10,0,13,-7,10,-4,18,-64,0,-3,-16,-4,-8,0,-2,-64,0,2,-13,4,-5,0,-2,-64,0,-4,-10,-7,-3,-3,3,-64,0,-8,-14,-4,-1,-64,0,5,-11,7,-4,2,1,-64,0,5,-5,6,2,-2,6,-64,-64,,,,,,"
45,苴,82F4,in_simplified_set,unicode_encoded,ju,140,22,"140,-64,0,-3,-13,-3,-10,5,-5,-64,0,-4,-7,-4,-5,5,-5,-64,0,3,-13,-2,-5,-64,0,-7,-10,-9,-6,-6,-3,-64,0,-5,-8,-10,1,-64,0,0,-5,-4,11,-64,0,0,-5,3,11,-64,0,-2,2,1,2,-64,0,-3,6,2,6,-64,0,-7,11,6,11,-64,0,-6,-15,-6,-10,-64,0,-8,-14,-6,-12,-64,0,-3,-15,-6,-12,-64,0,-9,1,-9,13,-64,0,-11,3,-9,6,-64,0,-5,2,-9,6,-64,0,6,-15,6,-3,-64,0,3,-10,6,-7,-64,0,10,-12,6,-7,-64,0,7,2,7,13,-64,0,4,6,7,9,-64,0,11,3,7,9,-64,-64,,,,,,"
46,芻,82BB,in_simplified_set,unicode_encoded,chu,56,8,"56,-64,0,-3,-15,3,-7,2,2,-6,10,-64,0,-5,-6,2,3,4,16,-64,0,-6,-16,-6,-8,-64,0,-9,-13,-6,-8,-64,0,-2,-13,-6,-8,-64,0,-7,-4,-6,7,-64,0,-10,-1,-6,3,-64,0,-4,-2,-6,3,-64,-64,,,,,,"
47,薶,85B6,in_simplified_set,unicode_encoded,mai,82,12,"82,-64,0,-1,-12,-1,9,-64,0,-6,-14,-6,-5,-1,-2,-64,0,3,-14,3,-6,-1,-2,-64,0,-7,0,-1,6,-64,0,4,0,-1,6,-64,0,-10,0,-9,10,0,13,-64,0,6,-2,6,9,0,13,-64,0,-8,-6,-8,-2,-64,0,-5,4,-5,9,-64,0,4,-3,4,-1,-64,0,8,-2,9,-1,-64,0,2,4,3,9,-64,-64,,,,,,"
48,折,6298,in_simplified_set,unicode_encoded,zhe,62,9,"62,-64,0,0,-16,0,-4,-64,0,-3,-14,0,-9,0,-9,-64,0,5,-15,0,-9,-64,0,2,-3,-7,3,-5,9,-6,16,-64,0,-6,-1,-1,-1,-64,0,-1,-1,-3,5,-64,0,0,3,0,15,-64,0,0,8,-4,12,-64,0,0,8,6,12,-64,-64,,,,,,"
49,艿,827F,traditional_or_variant,unicode_encoded,nai,92,14,"92,-64,0,-2,-15,-5,-5,-64,0,-3,-11,1,-6,-1,0,-1,16,-64,0,-9,-10,-9,-1,-64,0,-11,-7,-9,-4,-9,-4,-64,0,-6,-8,-9,-4,-64,0,-7,3,-7,14,-64,0,-10,6,-7,9,-64,0,-4,5,-7,9,-64,0,5,-16,5,-5,-64,0,1,-13,5,-9,-64,0,9,-14,5,-9,-64,0,4,2,4,15,-64,0,1,5,4,9,-64,0,9,4,4,9,-64,-64,,,,,,"
50,蒿,84BF,in_simplified_set,unicode_encoded,hao,126,20,"126,-64,0,-1,-15,-1,-11,-7,-7,-64,0,-1,-11,5,-9,-64,0,-4,-9,-6,2,-64,0,1,-10,4,0,-64,0,-4,-6,1,-7,-64,0,-5,-2,3,-3,-64,0,-10,2,7,0,-64,0,-6,2,-12,13,-64,0,4,0,11,9,-64,0,-4,4,-3,9,2,9,-64,0,2,3,2,9,-64,0,-3,6,2,5,-64,0,-12,-13,-6,-13,-64,0,-8,-16,-8,-8,-64,0,2,-13,8,-14,-64,0,5,-16,5,-10,-64,0,2,11,8,10,-64,0,5,7,5,15,-64,0,-7,7,-7,13,-64,0,-9,10,-5,10,-64,-64,,,,,,"
51,春,6625,in_simplified_set,unicode_encoded,chun,150,23,"150,-64,0,-7,-15,-7,-2,-64,0,-11,-13,-7,-9,-7,-9,-64,0,-2,-14,-7,-9,-64,0,-7,-9,-11,-4,-64,0,-7,-9,-4,-6,-64,0,-11,0,-11,5,-64,0,-11,0,-3,0,-3,5,-64,0,-11,5,-3,5,-64,0,-11,3,-6,3,-64,0,0,-11,-3,-6,-64,0,-3,-6,0,-2,-64,0,-3,5,0,12,-64,0,6,-15,6,0,-64,0,3,-11,6,-8,-64,0,10,-13,6,-8,-64,0,6,-6,3,-2,-64,0,6,-6,10,-2,-64,0,4,2,4,17,-64,0,1,6,4,8,-64,0,8,2,4,7,-64,0,4,10,1,13,-64,0,5,10,9,13,-64,0,1,-17,1,-5,0,0,-2,9,-6,14,-64,-64,,,,,,"
52,蓐,84D0,in_simplified_set,unicode_encoded,ru,104,15,"104,-64,0,-3,-16,-3,-9,-64,0,-5,-14,-3,-11,-64,0,0,-14,-3,-11,-64,0,3,-17,3,-10,-64,0,1,-14,3,-12,-64,0,6,-14,3,-12,-64,0,-9,-8,10,-9,-64,0,-8,-3,4,-6,-64,0,-8,-3,-7,7,-11,12,-64,0,-7,2,-2,4,6,0,-64,0,-7,-1,-2,1,6,0,-64,0,-2,-4,-2,4,-64,0,-5,-3,-2,-1,-64,0,3,-2,5,5,-3,12,-64,0,0,6,3,9,4,14,7,17,-64,-64,,,,,,"
53,莫,83AB,in_simplified_set,unicode_encoded,mo,98,15,"98,-64,0,-10,-15,-6,-11,-64,0,-1,-16,-6,-11,-64,0,3,-13,3,-4,-64,0,0,-10,3,-7,-64,0,7,-10,3,-7,-64,0,-6,-16,-6,-6,-64,0,-5,1,6,1,6,5,-64,0,-5,1,-5,6,6,5,-64,0,-4,3,1,3,-64,0,-7,8,-7,16,-64,0,-10,9,-7,12,-7,12,-64,0,-3,9,-7,12,-64,0,3,8,4,16,-64,0,-1,10,3,12,-64,0,8,7,3,12,-64,-64,,,,,,"
54,葬,846C,in_simplified_set,unicode_encoded,zang,64,10,"64,-64,0,-3,-12,-3,16,-64,0,-9,-6,-9,2,-64,0,-9,-2,-3,-2,-64,0,-9,7,-9,15,-64,0,-9,8,-3,8,-64,0,3,-15,3,-4,-64,0,3,-11,8,-8,-64,0,1,-1,1,9,-64,0,1,-1,7,-3,7,11,-64,0,1,5,6,1,-64,-64,,,,,,"
55,小,5C0F,in_simplified_set,unicode_encoded,xiao,20,3,"20,-64,0,-1,-12,-1,14,-64,0,-7,-2,-9,12,-64,0,5,-4,6,12,-64,-64,,,,,,"
56,少,5C11,in_simplified_set,unicode_encoded,shao,26,4,"26,-64,0,-1,-14,-1,1,-64,0,-1,4,-1,15,-64,0,-9,-3,-9,8,-64,0,5,-4,5,9,-64,-64,,,,,,"
57,八,516B,in_simplified_set,unicode_encoded,ba,22,2,"22,-64,0,-9,-6,-6,0,-7,4,-12,8,-64,0,3,-11,1,-1,2,5,9,10,-64,-64,,,,,,"
58,分,5206,in_simplified_set,unicode_encoded,fen,34,4,"34,-64,0,0,-13,-5,-4,0,8,-4,15,-64,0,-3,2,-7,12,-64,0,-9,-13,-7,1,-12,13,-64,0,5,-14,2,-1,8,11,-64,-64,,,,,,"
59,曾,66FE,in_simplified_set,unicode_encoded,ceng,44,6,"44,-64,0,-10,1,8,1,-64,0,-10,1,-8,9,4,10,8,1,-64,0,-9,5,6,5,-64,0,-2,1,-2,9,-64,0,-8,-15,-4,-9,-2,1,-64,0,3,-14,3,1,-64,-64,,,,,,"
60,遂,9042,traditional_or_variant,unicode_encoded,sui,46,7,"46,-64,0,-3,-15,-6,-6,-64,0,0,-15,5,-4,-64,0,-5,-6,6,0,-64,0,-1,-7,1,9,-5,15,-64,0,-1,-2,-7,6,-64,0,-4,2,-2,12,-64,0,-1,11,2,16,-64,-64,,,,,,"
61,介,4ECB,in_simplified_set,unicode_encoded,jie,46,6,"46,-64,0,0,-16,0,-10,-4,-5,-1,2,-1,15,-64,0,0,-10,5,-5,-64,0,-7,-4,-7,6,-64,0,3,-2,3,5,-64,0,-6,8,-6,18,-64,0,3,9,3,16,3,16,-64,-64,,,,,,"
62,兆,5146,in_simplified_set,unicode_encoded,zhao,26,4,"26,-64,0,-4,-12,-9,-2,-64,0,2,-11,9,-1,-64,0,-4,2,-11,13,-64,0,1,0,10,14,-64,-64,,,,,,"
63,公,516C,in_simplified_set,unicode_encoded,gong,34,5,"34,-64,0,-4,-13,-8,5,-64,0,2,-13,9,5,-64,0,-5,4,-5,12,-64,0,-5,4,4,4,4,12,-64,0,-5,12,4,12,-64,-64,,,,,,"
64,必,5FC5,in_simplified_set,unicode_encoded,bi,44,6,"44,-64,0,-4,-14,4,-11,3,-5,-8,0,-64,0,-5,5,7,4,-64,0,-1,-1,0,9,6,15,-64,0,-4,-10,-4,-5,-64,0,-10,4,-9,9,-64,0,2,-2,4,1,-64,-64,,,,,,"
65,余,4F59,in_simplified_set,unicode_encoded,yu,38,6,"38,-64,0,-1,-16,-10,-2,-64,0,-1,-16,8,-1,-64,0,-6,-8,4,-8,-64,0,-1,-8,-1,17,-64,0,-7,-1,-1,6,-64,0,6,-3,-1,6,-64,-64,,,,,,"
66,番,756A,in_simplified_set,unicode_encoded,fan,38,6,"38,-64,0,-2,-14,-2,13,-64,0,-10,0,6,0,-64,0,-8,-14,-8,-8,-64,0,4,-16,4,-9,-64,0,-9,6,-9,13,-64,0,4,6,4,14,-64,-64,,,,,,"
67,牛,725B,in_simplified_set,unicode_encoded,niu,36,5,"36,-64,0,-2,-8,-2,16,-64,0,-9,-15,-9,-2,-2,1,-64,0,4,-15,4,-2,-2,2,-64,0,-9,5,-2,10,-64,0,6,4,-2,10,-64,-64,,,,,,"
68,牡,7261,in_simplified_set,unicode_encoded,mu,132,18,"132,-64,0,-10,-3,-7,-7,4,-8,8,-10,-64,0,-10,-3,1,-3,4,-8,-64,0,-4,-7,-5,-5,-4,-3,-64,0,-4,-7,-1,-7,0,-5,-1,-3,-4,-3,-64,0,-8,-14,-4,-7,-64,0,-4,-16,-7,-12,-64,0,-2,-13,-6,-10,-64,0,0,-16,2,-12,-1,-8,-64,0,1,-14,5,-15,-64,0,-1,-14,1,-11,-64,0,-4,-3,-4,1,-8,4,-8,16,-64,0,-8,4,5,1,4,15,-64,0,-8,8,5,6,-64,0,-8,12,-12,15,-64,0,-8,12,-6,16,-64,0,4,11,9,13,-64,0,-2,10,-2,15,-64,0,-5,15,2,15,-64,-64,,,,,,"
69,犅,7285,in_simplified_set,unicode_encoded,gang,88,13,"88,-64,0,-7,-14,-7,1,-64,0,-1,-15,-1,0,-64,0,-1,-13,-7,-8,-64,0,-7,-13,-1,-9,-64,0,-1,-7,-7,-2,-64,0,-7,-7,-1,-3,-64,0,-4,2,-4,16,-64,0,-7,2,-7,6,-4,7,-64,0,-1,1,-1,6,-4,8,-64,0,-7,9,-4,12,-64,0,-1,9,-4,12,-64,0,7,-14,5,-5,7,1,2,10,-64,0,6,-3,1,4,-64,-64,,,,,,"
70,牝,725D,in_simplified_set,unicode_encoded,pin,54,7,"54,-64,0,3,-7,3,15,-64,0,-3,-13,-2,-1,3,1,-64,0,8,-13,7,-1,3,1,-64,0,-3,4,3,9,-64,0,8,4,3,9,-64,0,-9,-10,-6,-2,-8,3,-5,13,-64,0,-11,-6,-10,-2,-8,-6,-64,-64,,,,,,"
71,牲,7272,in_simplified_set,unicode_encoded,sheng,86,13,"86,-64,0,-9,-8,-5,-3,-64,0,-2,-9,-5,-3,-64,0,-9,-8,-13,0,-64,0,-2,-9,2,-4,-64,0,-5,-3,-5,13,-64,0,-10,6,-5,13,-64,0,-2,4,-5,13,-64,0,-9,1,-6,-1,0,3,-64,0,-9,1,-8,3,0,3,-64,0,4,-13,4,1,-64,0,0,-11,4,-5,4,-5,-64,0,10,-11,4,-5,-64,0,0,3,9,1,-64,-64,,,,,,"
72,牢,7262,in_simplified_set,unicode_encoded,lao,78,12,"78,-64,0,-7,-12,-9,6,-64,0,-7,-12,7,-12,-64,0,7,-12,7,5,-64,0,7,5,3,7,5,17,-64,0,-4,-5,-1,0,-64,0,4,-6,-1,0,-64,0,-1,0,-1,15,-64,0,-4,7,-1,11,-64,0,-9,7,-4,10,-6,16,-64,0,-4,-5,-7,1,-64,0,4,-6,5,0,-64,0,-1,11,2,8,-64,-64,,,,,,"
73,物,7269,in_simplified_set,unicode_encoded,wu,64,9,"64,-64,0,-7,-15,-5,-11,-7,-7,-4,-2,-64,0,-5,-11,-2,-6,-64,0,-3,-15,-2,-14,-64,0,-3,-11,-1,-9,-64,0,0,2,0,17,-64,0,-4,-1,-4,6,0,7,-64,0,5,-1,5,6,0,7,-64,0,-3,9,0,12,-64,0,5,9,0,12,-64,-64,,,,,,"
74,告,544A,in_simplified_set,unicode_encoded,gao,46,6,"46,-64,0,-1,-13,-1,7,-64,0,-7,-13,-7,-4,-1,-2,-64,0,4,-14,4,-5,-1,-2,-64,0,-6,2,3,2,-64,0,-8,7,4,7,-64,0,-9,4,-7,13,3,13,5,3,-64,-64,,,,,,"
75,口,53E3,in_simplified_set,unicode_encoded,kou,24,3,"24,-64,0,-7,-10,-6,9,-1,11,5,9,-64,0,5,-10,5,9,-64,0,-6,0,5,0,-64,-64,,,,,,"
76,喙,5599,in_simplified_set,unicode_encoded,hui,68,10,"68,-64,0,-9,-4,5,-9,-64,0,-3,-15,-9,-4,-64,0,-5,-11,-2,-7,-64,0,0,-13,-3,-9,-64,0,0,-7,-1,8,-4,13,-64,0,-4,-6,-8,8,-2,17,-64,0,-7,10,6,8,-64,0,2,-5,3,1,7,1,-64,0,6,-6,7,1,-64,0,2,-3,7,-3,-64,-64,,,,,,"
77,吹,5439,in_simplified_set,unicode_encoded,chui,70,9,"70,-64,0,-8,-11,-2,-11,-64,0,-8,-11,-8,-7,-2,-7,-64,0,-4,-11,-4,-7,-64,0,-7,-7,-7,5,-2,7,-2,7,-64,0,-2,7,-2,10,-8,8,-6,13,0,16,-64,0,-7,-7,-3,6,-64,0,0,-13,6,-15,-64,0,6,-15,7,-10,0,-9,-64,0,3,-14,3,-10,-64,-64,,,,,,"
78,名,540D,in_simplified_set,unicode_encoded,ming,42,5,"42,-64,0,-1,-14,-8,-4,-8,6,1,15,-64,0,-3,-11,-3,11,-64,0,1,-1,1,7,4,8,7,7,7,7,-64,0,7,-1,7,7,-64,0,1,2,7,2,-64,-64,,,,,,"
79,君,541B,in_simplified_set,unicode_encoded,jun,46,6,"46,-64,0,-4,-13,-4,9,-64,0,-3,-10,4,-3,5,7,-64,0,-1,-15,3,-9,-3,1,-64,0,-7,8,-7,14,-4,16,-1,14,-64,0,0,8,-1,14,-64,0,-7,11,-1,11,-64,-64,,,,,,"
80,命,547D,in_simplified_set,unicode_encoded,ming,44,6,"44,-64,0,-1,-16,-7,-5,-64,0,-1,-16,6,-4,-64,0,-5,-9,3,-9,-64,0,-2,-6,2,8,-5,11,-64,0,-5,11,-6,15,3,12,2,17,-64,0,-1,-3,-4,9,-64,-64,,,,,,"
81,召,53EC,in_simplified_set,unicode_encoded,zhao,166,24,"166,-64,0,-3,-15,1,-12,0,-9,-64,0,-2,-14,-3,-10,-64,0,-4,-8,-4,-5,-1,-4,-64,0,1,-8,1,-5,-1,-4,-64,0,-4,-7,1,-7,-64,0,-7,-13,-7,-8,-5,-7,-64,0,-7,-11,-5,-9,-64,0,4,-15,4,-10,3,-8,-64,0,4,-13,2,-12,-64,0,-4,-2,-4,7,-1,8,-64,0,2,-2,2,6,-1,8,-64,0,-4,-2,2,-2,-64,0,-4,1,1,1,-64,0,-4,3,1,3,-64,0,-8,-4,-8,5,-6,7,-64,0,-8,1,-6,3,-64,0,6,-5,6,7,2,9,-64,0,6,-2,3,0,-64,0,6,3,3,5,-64,0,-5,11,-5,16,-64,0,-5,11,2,11,2,16,-64,0,-4,13,1,13,-64,0,-1,11,-1,15,-64,0,-5,16,2,16,-64,-64,,,,,,"
82,問,554F,in_simplified_set,unicode_encoded,wen,84,13,"84,-64,0,-9,-13,-9,10,-64,0,-4,-11,-4,6,-64,0,-9,-11,-4,-11,-64,0,-9,-3,-4,-3,-64,0,-9,7,-4,6,-64,0,7,-13,7,10,-64,0,2,-11,2,5,-64,0,2,-11,7,-11,-64,0,2,-3,7,-3,-64,0,2,5,7,7,-64,0,-4,7,-4,13,0,14,-64,0,3,6,3,12,0,14,-64,0,-4,10,3,10,-64,-64,,,,,,"
83,唯,552F,in_simplified_set,unicode_encoded,wei,88,12,"88,-64,0,1,-16,-6,-9,-64,0,-1,-14,1,-10,-4,-2,-4,4,1,8,-64,0,-4,-11,9,-2,-64,0,1,-6,0,-1,-3,2,-64,0,0,-1,4,3,4,16,-64,0,0,-1,8,1,-64,0,4,3,8,5,-64,0,4,8,6,10,-64,0,1,3,1,8,-64,0,-11,-3,-11,3,-9,4,-8,3,-64,0,-8,-3,-8,3,-64,0,-11,0,-8,0,-64,-64,,,,,,"
84,启,542F,in_simplified_set,unicode_encoded,qi,54,8,"54,-64,0,-5,-15,-5,11,-64,0,0,-13,0,6,-64,0,-5,-11,0,-11,-64,0,-5,4,0,4,-64,0,-5,-4,0,-4,-64,0,-2,8,-2,13,1,15,4,13,-64,0,4,6,4,13,-64,0,-2,10,4,10,-64,-64,,,,,,"
85,咸,54B8,in_simplified_set,unicode_encoded,xian,60,9,"60,-64,0,-11,-11,8,-8,-64,0,-11,-11,-11,-3,-64,0,-11,-3,8,-8,-64,0,1,-13,1,13,-64,0,1,-13,7,-14,-64,0,-3,15,6,12,-64,0,-8,1,-8,7,-6,8,-3,7,-64,0,-3,1,-3,7,-64,0,-8,4,-3,4,-64,-64,,,,,,"
86,右,53F3,in_simplified_set,unicode_encoded,you,18,2,"18,-64,0,0,-16,0,-4,-9,6,-64,0,-5,-10,-1,2,-1,17,-64,-64,,,,,,"
87,吉,5409,in_simplified_set,unicode_encoded,ji,60,8,"60,-64,0,-1,-14,-8,2,-64,0,-1,-14,6,2,-64,0,-8,2,-4,2,-4,6,-64,0,-9,6,-4,6,-64,0,1,2,6,2,-64,0,1,2,1,6,6,6,-64,0,-9,9,6,9,-64,0,-9,6,-9,13,-1,15,6,13,6,6,-64,-64,,,,,,"
88,周,5468,in_simplified_set,unicode_encoded,zhou,62,10,"62,-64,0,-2,-13,-2,15,-64,0,-9,-10,-9,13,-64,0,-9,0,6,0,-64,0,6,-11,6,12,-64,0,-9,-7,6,-7,-64,0,-9,7,6,7,-64,0,-7,-3,-4,-3,-64,0,1,-4,4,-4,-64,0,-7,4,-3,4,-64,0,0,4,4,4,-64,-64,,,,,,"
89,唐,5510,in_simplified_set,unicode_encoded,tang,80,11,"80,-64,0,-1,-14,-1,9,-64,0,-5,-13,-1,-9,-64,0,3,-13,-1,-9,-64,0,-1,-9,-7,-5,-7,0,-1,2,-64,0,-1,-9,5,-5,5,-1,-1,2,-64,0,-7,-3,5,-3,-64,0,-7,0,-8,7,-64,0,5,-1,6,7,-64,0,-5,7,-5,14,-1,15,2,13,-64,0,2,6,2,13,-64,0,-5,10,2,10,-64,-64,,,,,,"
90,敋,654B,traditional_or_variant,unicode_encoded,ge,66,9,"66,-64,0,-8,-14,5,-14,-64,0,-5,-14,-2,-7,-64,0,1,-14,-2,-7,-64,0,-9,-6,3,-6,-64,0,-2,-7,-4,1,-64,0,-4,1,5,-2,3,7,4,12,2,17,-64,0,-5,6,-5,12,-2,13,0,12,-64,0,0,5,0,11,-64,0,-5,8,0,8,-64,-64,,,,,,"
91,吝,541D,in_simplified_set,unicode_encoded,lin,50,7,"50,-64,0,-2,-15,-2,-9,-9,-2,-64,0,-2,-9,7,-3,-64,0,3,-6,-10,9,-64,0,-5,-6,8,9,-64,0,-5,7,-5,13,-1,15,1,13,-64,0,1,6,1,13,-64,0,-5,9,1,9,-64,-64,,,,,,"
92,各,5404,in_simplified_set,unicode_encoded,ge,42,5,"42,-64,0,-1,-15,-7,-3,-64,0,-1,-15,0,-7,-3,1,-64,0,-4,-8,2,-2,2,8,-64,0,-6,10,4,10,-64,0,-6,7,-6,14,-1,16,4,14,4,6,-64,-64,,,,,,"
93,單,55AE,in_simplified_set,unicode_encoded,dan,78,11,"78,-64,0,-6,-15,-8,-10,-5,-7,-64,0,-6,-15,-3,-10,-5,-7,-64,0,4,-14,1,-10,3,-7,-64,0,4,-14,6,-10,3,-7,-64,0,-5,-7,-1,1,-64,0,3,-7,-1,1,-64,0,-6,1,-6,7,-64,0,-6,1,4,1,4,7,-64,0,-6,4,4,4,-64,0,-6,7,4,7,-64,0,-1,1,-1,17,-64,-64,,,,,,"
94,哭,54ED,in_simplified_set,unicode_encoded,ku,82,10,"82,-64,0,-2,-16,-2,2,3,9,-64,0,-6,-15,-6,-6,-2,-1,-64,0,2,-16,2,-10,3,-5,-2,-1,-64,0,-2,2,-3,5,-3,16,-64,0,-12,-10,-8,-10,-64,0,-12,-12,-12,-7,-10,-5,-8,-6,-64,0,-8,-12,-8,-7,-64,0,5,-9,9,-9,-64,0,5,-12,5,-6,7,-5,10,-6,10,-6,-64,0,10,-13,10,-6,-64,-64,,,,,,"
95,喪,55AA,in_simplified_set,unicode_encoded,sang,158,23,"158,-64,0,-1,-16,-3,-14,-64,0,-4,-15,-2,-12,-64,0,0,-15,-3,-8,-64,0,-5,-10,3,0,-64,0,3,0,-3,4,-1,16,-64,0,0,-11,1,-9,-64,0,3,-10,-1,-7,-64,0,-2,-3,-3,0,-64,0,-5,-1,-1,2,-64,0,-9,-11,-6,-11,-64,0,-9,-13,-9,-9,-7,-8,-6,-9,-64,0,-6,-13,-6,-9,-64,0,4,-10,7,-10,-64,0,4,-12,4,-8,6,-7,7,-8,-64,0,7,-13,7,-8,-64,0,-2,8,-8,15,-64,0,-2,8,6,11,-64,0,-9,3,-9,7,-7,8,-5,7,-64,0,-5,2,-5,7,-64,0,-9,4,-5,4,-64,0,3,5,7,5,-64,0,3,3,3,8,6,9,7,8,-64,0,7,3,7,8,-64,-64,,,,,,"
96,逺,903A,traditional_or_variant,unicode_encoded,yuan,54,8,"54,-64,0,-11,-8,1,-13,-64,0,-11,-8,-1,-7,7,-9,-64,0,-3,-11,-1,-4,9,-3,-64,0,-8,6,5,5,-64,0,-5,10,4,10,-64,0,-8,14,4,14,-64,0,-8,6,-8,14,-64,0,4,10,4,14,-64,-64,,,,,,"
97,止,6B62,in_simplified_set,unicode_encoded,zhi,34,5,"34,-64,0,-1,-11,-1,13,-64,0,-8,-2,-8,13,-64,0,-8,13,-1,13,-64,0,-8,5,3,2,3,2,-64,0,6,-14,3,2,-64,-64,,,,,,"
98,前,524D,in_simplified_set,unicode_encoded,qian,92,13,"92,-64,0,0,-13,-2,-8,-2,-4,-64,0,-3,-15,-4,-11,-1,-8,-64,0,3,-12,-2,-4,-64,0,-5,-2,-4,6,-6,14,-64,0,2,-2,0,6,1,16,-64,0,-4,6,0,6,-64,0,-5,8,0,8,-64,0,-8,-10,-8,-4,-12,3,-64,0,-8,4,-12,11,-64,0,-8,4,-9,14,-64,0,5,-11,4,-3,7,0,-64,0,4,6,4,16,-64,0,4,6,10,9,-64,-64,,,,,,"
99,歷,6B77,in_simplified_set,unicode_encoded,li,106,16,"106,-64,0,-6,-14,-6,5,-64,0,-6,-14,-2,-14,-2,-9,-64,0,-9,-13,-6,-10,-64,0,-3,-8,-6,-5,-64,0,-6,-2,-10,2,-64,0,-6,-2,-1,1,-64,0,3,-10,3,6,-64,0,4,-11,8,-11,8,-7,-64,0,0,-11,3,-7,-64,0,6,-5,3,-1,3,-1,-64,0,3,-1,-1,4,-64,0,4,1,8,4,-64,0,-2,7,-2,16,-64,0,-4,7,-4,11,0,11,-64,0,0,8,0,16,-64,0,-2,16,0,16,-64,-64,,,,,,"
100,歸,6B78,in_simplified_set,unicode_encoded,gui,82,13,"82,-64,0,-1,-15,3,-10,2,18,-64,0,-2,-10,3,-5,-64,0,-2,-5,3,0,-64,0,-3,-1,-3,7,-64,0,-3,3,7,3,-64,0,7,-1,7,7,-64,0,2,7,-3,13,-64,0,3,7,8,13,-64,0,-7,-14,-10,3,-64,0,-7,-13,-2,-11,-64,0,-2,-11,-8,-8,-64,0,-9,-6,-4,-4,-64,0,-4,-4,-10,3,-64,-64,,,,,,"
101,登,767B,in_simplified_set,unicode_encoded,deng,114,17,"114,-64,0,-1,-16,-5,-11,-64,0,-7,-14,-3,-7,-64,0,-4,-16,-3,-7,-64,0,0,-16,4,-12,-64,0,2,-15,2,-8,-64,0,5,-15,2,-8,-64,0,-7,-6,4,-6,-64,0,-7,-4,-1,-3,5,-4,-64,0,-7,-7,-7,1,-1,2,4,0,-64,0,5,-8,4,0,-64,0,-3,2,-4,9,-64,0,0,1,2,9,-64,0,-4,9,2,9,-64,0,-6,8,-11,17,-64,0,-7,5,-9,10,-6,13,-64,0,3,7,7,17,-64,0,6,4,6,10,2,13,-64,-64,,,,,,"
102,癹,7679,traditional_or_variant,unicode_encoded,ba,66,10,"66,-64,0,-2,-13,-2,7,-64,0,-11,-16,-4,-9,-64,0,-7,-16,-6,-4,-64,0,-4,-13,-6,-4,-64,0,8,-3,3,0,-64,0,1,-3,4,7,-64,0,5,-4,4,7,-64,0,-3,-2,-7,5,-1,12,-64,0,9,-9,8,-3,-64,0,-2,2,-7,10,-8,18,-64,-64,,,,,,"
103,步,6B65,in_simplified_set,unicode_encoded,bu,132,20,"132,-64,0,-1,-14,-2,-5,-64,0,0,2,0,7,-3,9,-64,0,-4,7,-2,14,-64,0,-1,6,-2,14,-64,0,-12,-2,-7,-2,-64,0,-12,-2,-12,1,-5,1,-64,0,-9,-2,-8,2,-5,3,-64,0,2,-3,7,-3,-64,0,2,-3,2,-1,9,-1,-64,0,5,-3,5,1,9,1,-64,0,-4,-13,-2,-5,-64,0,-3,-10,3,-13,-64,0,-14,-5,-6,-5,-64,0,-6,-14,-6,-5,-64,0,-13,5,-5,5,-64,0,-5,5,-6,13,-64,0,4,-14,4,-7,-64,0,4,-7,8,-7,-64,0,4,5,11,5,-64,0,4,5,4,14,-64,-64,,,,,,"
104,歳,6B73,in_simplified_set,unicode_encoded,sui,72,11,"72,-64,0,-7,-15,0,-10,-64,0,-2,-13,-2,-5,-64,0,1,-13,-2,-5,-64,0,-10,-3,9,-4,-64,0,6,-14,8,-10,8,2,6,8,-64,0,-9,-7,-5,-7,-64,0,-6,-7,-6,15,-64,0,-9,15,-2,15,-64,0,-2,3,6,0,-64,0,-2,0,0,9,-64,0,1,-1,0,9,-64,-64,,,,,,"
105,此,6B64,in_simplified_set,unicode_encoded,ci,36,5,"36,-64,0,0,-14,1,-5,-2,-1,0,13,-64,0,1,-5,8,4,-64,0,-7,-3,-4,12,-64,0,-11,3,-4,12,-64,0,-9,5,-3,-4,-64,-64,,,,,,"
106,正,6B63,in_simplified_set,unicode_encoded,zheng,52,8,"52,-64,0,-3,-14,-3,-2,-64,0,-3,-14,8,-14,8,-5,-64,0,-3,-5,8,-5,-64,0,-7,3,-7,14,-64,0,-2,1,-2,11,-64,0,-7,14,-2,11,-64,0,-7,9,2,5,-64,0,2,-1,2,5,-64,-64,,,,,,"
107,辵,8FB5,in_simplified_set,unicode_encoded,chuo,62,9,"62,-64,0,-4,-6,-1,2,-64,0,-1,-9,-1,2,-64,0,-3,-4,2,-7,3,-10,-64,0,-6,-14,-6,-3,-9,1,-64,0,-6,2,-11,9,-64,0,-7,4,-7,12,-64,0,5,-13,5,-1,10,2,-64,0,3,5,3,15,-64,0,3,5,8,7,-64,-64,,,,,,"
108,征,5F81,in_simplified_set,unicode_encoded,zheng,66,9,"66,-64,0,-3,-14,4,-14,-64,0,-3,-15,-3,-9,1,-8,4,-9,4,-16,-64,0,-3,-3,1,8,-64,0,3,-5,1,8,-64,0,-2,0,6,-1,6,-1,-64,0,6,-1,6,-8,-64,0,-8,-8,-5,-2,-9,3,-64,0,-5,4,-8,12,-64,0,-5,3,-1,17,-64,-64,,,,,,"
109,遝,905D,in_simplified_set,unicode_encoded,ta,72,9,"72,-64,0,-11,-12,-1,-7,9,-5,-64,0,-5,-11,-2,-8,2,-10,-64,0,-7,-7,-9,0,-6,6,-6,11,-6,11,-64,0,3,-1,1,6,-6,11,-64,0,-1,-2,-3,3,-1,7,-64,0,-10,-6,-12,0,-64,0,-5,-8,-5,-2,-64,0,4,-3,9,0,-64,0,-11,-12,4,-10,9,-6,-64,-64,,,,,,"
110,颌,988C,traditional_or_variant,unicode_encoded,he,82,12,"82,-64,0,0,-15,-3,-4,-64,0,0,-15,6,-5,-64,0,-2,-9,3,-9,-64,0,-1,-2,3,-2,-64,0,-1,-3,0,3,3,3,4,-5,-64,0,-1,5,3,16,-64,0,3,5,3,16,3,16,-64,0,0,8,6,6,-64,0,7,0,6,5,-64,0,-8,-13,-6,-4,-11,3,-64,0,-4,2,-11,10,-64,0,-4,3,-5,13,-64,-64,,,,,,"
111,逆,9006,in_simplified_set,unicode_encoded,ni,80,11,"80,-64,0,-7,-15,-7,-9,-4,-6,-64,0,-2,-15,-2,-9,-4,-6,-64,0,-4,-6,-4,4,-64,0,-7,-5,-7,0,-4,1,-64,0,-4,6,-3,15,-64,0,-1,7,-3,15,-64,0,-8,4,-7,8,-2,9,-64,0,2,-13,2,-5,10,-2,-64,0,-1,-5,-1,1,-4,1,-64,0,2,-2,2,11,-64,0,2,-2,8,3,-64,-64,,,,,,"
112,遘,9058,in_simplified_set,unicode_encoded,gou,110,16,"110,-64,0,-1,-15,-1,-9,1,-7,-64,0,4,-15,4,-10,1,-7,-64,0,-5,-13,2,-11,-64,0,7,-14,2,-11,-64,0,-4,-6,7,-6,-64,0,1,-7,1,-4,-1,-2,-1,6,-64,0,1,-4,5,-2,-64,0,5,-2,5,4,-64,0,1,-1,-3,4,-64,0,2,-1,8,3,-64,0,-1,7,1,18,-64,0,2,7,1,17,-64,0,6,5,5,8,0,10,-64,0,-7,-12,-7,-5,-9,0,-64,0,-5,-2,-10,5,-64,0,-6,-1,-6,10,-64,-64,,,,,,"
113,通,901A,in_simplified_set,unicode_encoded,tong,82,12,"82,-64,0,4,-16,1,-13,1,3,-64,0,6,-12,6,1,-64,0,-2,-12,-3,3,-64,0,-2,-3,5,-3,-64,0,-3,0,6,0,-64,0,2,-10,6,-8,-64,0,2,6,4,15,-64,0,-2,6,0,12,4,15,-64,0,5,5,5,8,0,10,-64,0,-6,-11,-6,-1,-10,4,-64,0,-4,3,-10,9,-64,0,-5,5,-5,14,-64,-64,,,,,,"
114,還,9084,in_simplified_set,unicode_encoded,hai,112,15,"112,-64,0,-6,-7,-4,-11,0,-11,3,-11,-64,0,-6,-7,-3,-7,3,-11,-64,0,-3,-11,-4,-9,-2,-8,-64,0,-3,-11,-1,-11,-1,-10,-2,-8,-64,0,-5,4,3,4,-64,0,-1,0,-1,13,-64,0,-1,4,-4,12,-64,0,-9,-12,-8,-4,-13,1,-64,0,-7,1,-12,6,-64,0,-8,2,-8,13,-64,0,-5,-13,-3,-13,-2,-12,-64,0,-1,-14,1,-14,1,-11,-64,0,4,-12,5,-2,11,0,-64,0,5,2,5,14,-64,0,5,2,10,6,-64,-64,,,,,,"
115,遣,9063,in_simplified_set,unicode_encoded,qian,80,10,"80,-64,0,0,-9,3,2,-2,9,-64,0,0,-9,-3,-3,3,2,-64,0,3,2,-2,4,-2,9,-64,0,0,-14,6,-2,-64,0,5,-17,6,-10,2,-6,-64,0,-4,-9,-6,-4,-6,0,-64,0,-7,-16,-8,-6,-4,-4,-64,0,-5,11,4,11,-64,0,-6,8,-4,15,0,16,3,14,3,14,-64,0,4,7,3,14,-64,-64,,,,,,"
116,逹,9039,in_simplified_set,unicode_encoded,da,80,12,"80,-64,0,2,-12,2,-8,-64,0,2,-8,-2,-4,-64,0,2,-8,7,-5,-64,0,2,-8,2,-2,-64,0,2,-2,-2,2,-64,0,2,-2,6,2,-64,0,0,5,0,12,4,11,-64,0,3,4,4,11,-64,0,0,8,5,7,6,3,-64,0,-4,-8,-4,-3,-8,2,-64,0,-4,3,-8,8,-64,0,-5,4,-5,13,-64,-64,,,,,,"
117,追,8FFD,in_simplified_set,unicode_encoded,zhui,44,5,"44,-64,0,1,-13,-5,-4,0,6,-64,0,1,-13,3,-9,-5,-4,-64,0,-5,-4,2,0,0,6,-64,0,-3,8,-3,15,1,13,1,7,-64,0,-3,11,4,7,6,1,-64,-64,,,,,,"
118,逐,9010,in_simplified_set,unicode_encoded,zhu,124,17,"124,-64,0,-6,-3,-6,-7,6,-7,-64,0,-2,-7,-3,-4,-1,-2,-1,-2,1,-4,0,-7,-64,0,-3,-13,-4,-10,-2,-7,-64,0,-1,-12,-4,-10,-64,0,-1,-10,-3,-9,-64,0,3,-13,0,-8,-64,0,1,-13,2,-11,-64,0,0,-12,1,-10,-64,0,-1,-10,0,-9,-64,0,-1,-2,-6,2,-8,8,-8,8,-64,0,4,0,5,8,-64,0,-6,2,-1,2,4,0,-64,0,-7,6,4,4,-64,0,-8,7,-4,9,-64,0,1,8,1,14,0,16,-64,0,-2,9,0,16,-64,0,-1,11,7,9,-64,-64,,,,,,"
119,至,81F3,traditional_or_variant,unicode_encoded,zhi,90,11,"90,-64,0,-2,-8,0,-13,5,-5,3,-1,0,-5,5,-13,7,-10,-64,0,3,-1,3,8,-64,0,-2,3,-1,-1,3,2,6,-2,7,2,7,2,-64,0,0,3,3,5,-64,0,3,5,5,3,-64,0,-2,9,1,15,-64,0,1,9,1,15,-64,0,-1,11,4,9,-64,0,-5,-14,-4,-7,-7,-2,-7,-2,-64,0,-3,0,-7,9,-64,0,-4,3,-4,9,-64,-64,,,,,,"
120,逴,9034,in_simplified_set,unicode_encoded,chuo,60,8,"60,-64,0,3,-13,1,-5,-64,0,1,-5,-3,-1,2,2,5,-2,1,-5,-64,0,2,2,3,13,-64,0,2,-10,6,-8,-64,0,-1,5,3,8,7,1,-64,0,-4,-11,-4,-4,-9,2,-64,0,-3,3,-7,10,-64,0,-4,5,-3,13,-64,-64,,,,,,"
121,迂,8FC2,traditional_or_variant,unicode_encoded,yu,42,6,"42,-64,0,-6,-13,7,-13,-64,0,-5,-8,7,-8,-64,0,1,-13,1,-3,-3,2,-64,0,-3,6,0,15,-64,0,0,3,1,11,0,15,-64,0,-2,9,7,2,-64,-64,,,,,,"
122,進,9032,in_simplified_set,unicode_encoded,jin,62,7,"62,-64,0,-3,-14,5,-14,5,-10,-64,0,-2,-10,5,-10,-64,0,-2,-10,-2,-1,-5,-3,-64,0,0,-14,6,-7,6,5,-64,0,-2,-7,2,-3,2,5,-64,0,-6,3,-6,9,0,9,0,9,-64,0,-3,7,-3,13,0,13,0,6,0,6,-64,-64,,,,,,"
123,途,9014,in_simplified_set,unicode_encoded,tu,60,9,"60,-64,0,0,-16,-6,-5,-64,0,0,-16,7,-7,-64,0,-3,-11,4,-11,-64,0,-4,-8,5,-9,-64,0,0,-13,0,3,-64,0,-3,-6,0,-2,3,-6,-64,0,-4,3,2,7,-64,0,0,4,0,9,1,12,-64,0,3,3,1,12,-64,-64,,,,,,"
124,德,5FB7,in_simplified_set,unicode_encoded,de,58,8,"58,-64,0,-4,-1,-3,-8,10,-8,-64,0,0,-8,0,-3,5,-3,5,-8,-64,0,-4,-4,0,-4,-64,0,10,-8,5,-5,-64,0,2,-15,2,-8,-64,0,-6,-1,-11,4,-64,0,-7,0,-7,10,-64,0,-7,-11,-7,-5,-9,-2,-64,-64,,,,,,"
125,復,5FA9,traditional_or_variant,unicode_encoded,fu,74,11,"74,-64,0,-3,-9,-3,1,-64,0,-3,-9,3,-9,-64,0,3,-9,3,1,-64,0,-3,1,3,1,-64,0,-2,-13,-2,-9,-64,0,-2,-13,2,-13,2,-9,-64,0,-1,1,-1,5,2,5,-64,0,2,1,2,5,-64,0,0,5,-2,11,-64,0,0,6,1,6,-1,13,-64,0,-1,7,6,16,-64,-64,,,,,,"
126,往,5F80,in_simplified_set,unicode_encoded,wang,46,7,"46,-64,0,-6,0,7,0,-64,0,-3,-8,0,0,-64,0,1,-11,1,-4,0,0,-64,0,-2,-5,6,-10,-64,0,0,0,-4,13,-64,0,0,0,4,12,-64,0,-7,13,8,12,-64,-64,,,,,,"
127,彶,5F76,in_simplified_set,unicode_encoded,ji,52,7,"52,-64,0,3,-14,2,-9,-2,-4,-64,0,2,-9,4,-4,2,1,1,14,-64,0,2,2,6,6,2,11,-64,0,2,5,7,12,-64,0,-1,3,-6,10,-64,0,-2,5,-2,12,-64,0,-3,-11,-7,0,-64,-64,,,,,,"
128,逢,9022,traditional_or_variant,unicode_encoded,feng,60,9,"60,-64,0,2,-12,4,-4,-64,0,2,-12,-2,-4,-64,0,-4,-6,3,-7,-64,0,3,-2,3,12,-64,0,0,-1,3,2,5,-1,-64,0,-1,1,3,6,7,1,-64,0,-3,-1,-7,5,-64,0,-2,4,-6,11,-64,0,-3,6,-3,13,-64,-64,,,,,,"
129,避,907F,in_simplified_set,unicode_encoded,bi,64,9,"64,-64,0,0,-14,3,-6,0,-1,-2,10,-64,0,1,-11,-2,-7,-64,0,-1,3,6,-2,-64,0,1,2,5,5,5,-1,-64,0,1,7,9,2,-64,0,5,4,7,8,2,14,-64,0,-4,-12,-7,-4,-64,0,-4,1,-8,7,-64,0,-5,3,-5,12,-64,-64,,,,,,"
130,得,5F97,in_simplified_set,unicode_encoded,de,90,13,"90,-64,0,1,-14,-3,-7,0,-1,-64,0,3,-13,7,-6,5,-2,-64,0,1,-14,1,-10,-64,0,3,-13,3,-11,-64,0,1,-5,0,-1,-64,0,3,-5,5,-2,-64,0,-2,-9,5,-9,-64,0,-2,-6,6,-7,-64,0,3,-3,5,2,-1,8,-64,0,-1,1,5,6,6,13,-64,0,-6,-16,-6,-10,-8,-6,-64,0,-3,-2,-8,4,-64,0,-4,0,-3,9,-64,-64,,,,,,"
131,律,5F8B,in_simplified_set,unicode_encoded,lv,54,8,"54,-64,0,2,-10,2,4,-64,0,2,-4,-1,1,-64,0,2,-4,6,1,-64,0,5,-13,7,-10,2,-4,-64,0,3,-11,9,-1,-64,0,-3,4,-2,15,-64,0,-2,1,-7,9,-64,0,-3,-10,-3,-4,-7,3,-64,-64,,,,,,"
132,御,5FA1,in_simplified_set,unicode_encoded,yu,94,12,"94,-64,0,0,-14,0,1,-64,0,0,-12,-3,-10,0,-8,2,-10,0,-12,-64,0,0,-8,-3,-5,0,-3,3,-5,0,-8,-64,0,-3,6,1,12,-64,0,1,12,1,7,-1,4,-64,0,-2,8,3,4,3,0,-64,0,5,-10,4,0,-64,0,5,-5,7,-2,4,2,-64,0,4,-2,9,5,-64,0,-5,0,-5,9,-64,0,-4,-2,-8,4,-64,0,-5,-10,-5,-6,-8,-2,-64,-64,,,,,,"
133,延,5EF6,traditional_or_variant,unicode_encoded,yan,40,5,"40,-64,0,1,-15,1,2,5,2,5,-10,-64,0,1,-6,7,-7,7,-14,-64,0,-3,-15,-3,-6,-7,-1,-64,0,-2,-2,-7,4,-64,0,-3,-1,-3,10,-64,-64,,,,,,"
134,行,884C,in_simplified_set,unicode_encoded,xing,42,6,"42,-64,0,-3,-12,-3,-3,-10,-3,-64,0,-3,3,-3,12,-64,0,-9,4,-3,3,-64,0,3,-11,3,-2,9,-2,-64,0,3,13,3,3,-64,0,3,3,9,3,-64,-64,,,,,,"
135,衛,885B,traditional_or_variant,unicode_encoded,wei,100,14,"100,-64,0,3,-11,-3,-7,-64,0,-3,-7,4,-8,-64,0,2,-13,0,-10,0,-8,-64,0,-3,-2,4,-2,-64,0,1,-4,1,4,-2,6,-64,0,1,0,-2,3,-64,0,-3,8,3,7,3,10,-64,0,-3,11,3,10,-64,0,0,8,0,12,-4,16,-64,0,-6,-11,-5,-4,-9,0,-64,0,-3,-1,-9,6,-64,0,-5,1,-5,8,-64,0,5,-11,5,-4,9,-2,-64,0,5,10,5,-1,9,4,-64,-64,,,,,,"
136,齒,9F52,traditional_or_variant,unicode_encoded,chi,66,8,"66,-64,0,-7,-8,-7,8,-64,0,7,-8,7,8,-64,0,-7,-8,7,-8,-64,0,-7,8,7,8,-64,0,-4,-8,-4,-3,-1,-3,-1,-8,-64,0,1,-8,1,-3,4,-3,4,-8,-64,0,-4,8,-4,4,-1,4,-1,8,-64,0,1,8,1,4,5,4,5,8,-64,-64,,,,,,"
137,足,8DB3,in_simplified_set,unicode_encoded,zu,46,7,"46,-64,0,-7,-14,-7,-3,-64,0,7,-14,7,-3,-64,0,-7,-14,7,-14,-64,0,-7,-3,7,-3,-64,0,0,-2,-3,15,-64,0,-7,2,-3,15,-64,0,-6,6,4,3,5,-1,-64,-64,,,,,,"
138,跽,8DFD,in_simplified_set,unicode_encoded,ji,46,7,"46,-64,0,-7,-10,9,-10,-64,0,-7,-4,5,-4,-64,0,-7,1,5,1,-64,0,-7,-10,-7,-4,-64,0,5,-4,5,1,-64,0,11,1,-3,11,-64,0,9,7,-8,7,1,14,-64,-64,,,,,,"
139,品,54C1,in_simplified_set,unicode_encoded,pin,56,6,"56,-64,0,0,-13,0,-6,4,-5,8,-6,8,-14,-64,0,0,-11,8,-11,-64,0,3,1,3,7,7,8,10,7,10,-1,-64,0,3,3,10,3,-64,0,-9,4,-9,11,-5,12,-3,11,-3,4,-64,0,-9,7,-3,7,-64,-64,,,,,,"
140,龠,9FA0,in_simplified_set,unicode_encoded,yue,68,7,"68,-64,0,-7,-12,-7,-5,-4,-4,-2,-5,-2,-15,-64,0,-7,-9,-2,-9,-64,0,2,-11,2,-5,4,-4,7,-5,7,-11,-64,0,2,-9,7,-9,-64,0,-4,-4,-4,15,-64,0,4,-4,4,13,-64,0,-10,3,-5,0,0,-1,5,0,9,3,2,6,-5,6,-10,3,-64,-64,,,,,,"
141,龢,9FA2,in_simplified_set,unicode_encoded,he,88,14,"88,-64,0,-4,-15,-12,-5,-64,0,-4,-15,3,-7,-64,0,-9,-9,1,-9,-64,0,-6,-4,-6,11,-64,0,-3,-4,-3,10,-64,0,-9,-4,-9,11,-64,0,-1,-4,-1,11,-64,0,-9,3,-1,3,-64,0,-9,6,-1,6,-64,0,3,-10,3,-16,-64,0,3,-14,6,-11,6,15,-64,0,12,-10,6,-4,-64,0,4,0,10,10,-64,0,6,3,2,10,-64,-64,,,,,,"
142,册,518C,in_simplified_set,unicode_encoded,ce,56,9,"56,-64,0,-11,0,10,0,-64,0,-13,6,10,6,-64,0,-11,-4,-11,6,-64,0,10,0,10,6,-64,0,-7,-14,-7,13,-64,0,0,-14,0,8,-64,0,6,-14,6,11,-64,0,-4,0,-4,6,-64,0,3,0,3,6,-64,-64,,,,,,"
143,嗣,55E3,in_simplified_set,unicode_encoded,si,104,15,"104,-64,0,-3,-13,-6,-10,-4,-8,-2,-9,-1,-11,-3,-13,-64,0,-7,-4,0,-7,-64,0,-3,-8,-2,0,-64,0,3,-14,3,-9,1,-7,-64,0,3,-9,7,-7,-64,0,3,-9,3,-5,0,-1,-64,0,3,-5,7,0,-64,0,-7,6,8,2,-64,0,-7,10,9,6,-64,0,-7,6,-7,10,-64,0,-1,0,0,13,-64,0,3,-1,4,12,-64,0,-5,1,-5,13,-64,0,-3,5,-3,9,-64,0,7,2,7,6,-64,-64,,,,,,"
144,星,661F,traditional_or_variant,unicode_encoded,xing,98,16,"98,-64,0,-3,-14,-3,-7,-64,0,4,-14,4,-7,-64,0,-3,-14,4,-14,-64,0,-3,-7,4,-7,-64,0,-3,7,-3,13,-64,0,3,7,3,13,-64,0,-3,7,3,7,-64,0,-3,13,3,13,-64,0,-3,-4,-3,3,-64,0,-8,-4,-8,3,-64,0,-8,-4,-3,-4,-64,0,-8,3,-3,3,-64,0,3,-4,3,3,-64,0,9,-4,9,3,-64,0,3,-4,9,-4,-64,0,3,3,9,3,-64,-64,,,,,,"
145,嚚,569A,in_simplified_set,unicode_encoded,yin,98,10,"98,-64,0,0,-13,-5,8,7,7,-64,0,-3,1,5,1,5,1,-64,0,5,1,3,-5,-2,-5,-64,0,0,-13,1,-5,-64,0,0,8,-3,13,0,17,2,13,0,8,-64,0,2,1,2,8,-64,0,-3,-12,-6,-11,-7,-8,-5,-7,-3,-10,-3,-12,-64,0,-7,-2,-9,1,-8,3,-6,0,-7,-2,-64,0,3,-15,1,-12,4,-9,6,-13,3,-15,-64,0,6,-5,8,2,11,-2,6,-5,-64,-64,,,,,,"
146,舌,820C,in_simplified_set,unicode_encoded,she,50,7,"50,-64,0,-3,-11,0,-6,-64,0,3,-15,0,-6,-64,0,0,-6,0,6,-64,0,-6,9,5,9,-64,0,-6,6,-6,13,0,15,5,13,5,6,-64,0,-5,-5,-5,4,-64,0,4,-6,4,3,-64,-64,,,,,,"
147,干,5E72,in_simplified_set,unicode_encoded,gan,60,6,"60,-64,0,-5,-13,-7,-11,-7,-9,-5,-9,-3,-10,-3,-12,-5,-13,-64,0,7,-15,4,-14,4,-12,6,-11,8,-12,8,-13,7,-15,-64,0,-5,-9,-3,-1,0,3,-64,0,6,-11,0,3,-64,0,-9,5,8,5,-64,0,0,3,0,14,-64,-64,,,,,,"
148,屰,5C70,in_simplified_set,unicode_encoded,ni,60,6,"60,-64,0,-4,-16,-4,-8,0,-6,3,-8,3,-17,-64,0,-1,-6,-4,4,-64,0,0,-6,3,4,-64,0,-7,-4,-6,4,-1,6,4,4,7,-3,-64,0,-1,6,-1,9,-64,0,-1,9,-4,11,-4,13,-1,14,2,13,2,10,-1,9,-64,-64,,,,,,"
149,畑,7551,traditional_or_variant,unicode_encoded,tian,62,10,"62,-64,0,-5,-13,-5,13,-64,0,5,-13,5,13,-64,0,-5,-13,5,-13,-64,0,-5,13,5,13,-64,0,0,-5,-5,2,-64,0,0,-5,5,3,-64,0,0,-10,-5,-5,-64,0,0,-10,5,-5,-64,0,0,1,-5,9,-64,0,0,1,5,9,-64,-64,,,,,,"
150,冏,518F,in_simplified_set,unicode_encoded,jiong,46,6,"46,-64,0,-6,-12,-6,2,-64,0,-6,-12,8,-12,8,3,-64,0,0,-12,-6,-2,-64,0,0,-12,8,-3,-64,0,-4,4,-4,13,0,15,5,13,5,3,-64,0,-4,7,5,7,-64,-64,,,,,,"
151,商,5546,in_simplified_set,unicode_encoded,shang,74,10,"74,-64,0,-6,-17,5,-17,-64,0,-3,-17,0,-13,2,-17,-64,0,0,-13,0,-3,-64,0,-5,-11,0,-7,4,-12,-64,0,-7,11,-5,-3,5,-3,-64,0,5,-3,9,5,-64,0,0,-3,-6,3,-64,0,0,-3,7,2,-64,0,-2,4,-2,11,2,12,4,10,4,4,-64,0,-2,6,4,6,-64,-64,,,,,,"
152,句,53E5,in_simplified_set,unicode_encoded,ju,40,5,"40,-64,0,-5,-15,-7,8,-64,0,-7,8,5,8,-64,0,-3,-4,-3,2,0,3,3,2,3,-4,-64,0,-3,-2,3,-2,-64,0,-3,-7,7,-7,8,13,-64,-64,,,,,,"
153,丩,4E29,in_simplified_set,unicode_encoded,jiu,28,2,"28,-64,0,-2,-18,-2,-8,-6,-3,-6,3,-2,4,-64,0,-1,-1,2,-5,6,-2,6,2,0,6,0,16,-64,-64,,,,,,"
154,古,53E4,in_simplified_set,unicode_encoded,gu,44,6,"44,-64,0,0,-15,0,2,-64,0,-6,-11,-6,-4,-64,0,-6,-11,6,-11,6,-4,-64,0,-6,-4,6,-4,-64,0,-8,0,-8,12,8,12,8,-1,-64,0,-8,5,8,5,-64,-64,,,,,,"
155,十,5341,in_simplified_set,unicode_encoded,shi,8,1,"8,-64,0,0,-15,0,15,-64,-64,,,,,,"
156,千,5343,in_simplified_set,unicode_encoded,qian,26,3,"26,-64,0,0,-16,0,-9,-4,-4,-64,0,0,-10,5,-2,1,4,-1,15,-64,0,-7,7,9,3,-64,-64,,,,,,"
157,廿,5EFF,in_simplified_set,unicode_encoded,nian,16,2,"16,-64,0,-5,-13,-5,13,-64,0,-5,13,5,12,5,-14,-64,-64,,,,,,"
158,卅,5345,in_simplified_set,unicode_encoded,sa,28,4,"28,-64,0,-5,-12,-8,4,-64,0,-8,4,0,16,-64,0,0,-14,0,16,-64,0,0,16,6,8,7,-13,-64,-64,,,,,,"
159,言,8A00,in_simplified_set,unicode_encoded,yan,48,6,"48,-64,0,-8,-11,7,-11,-64,0,-3,-11,0,-5,3,-11,-64,0,0,-5,0,9,-64,0,-5,-5,0,0,4,-5,-64,0,-8,4,-8,14,0,15,7,14,7,3,-64,0,-8,9,7,9,-64,-64,,,,,,"
160,誨,8AA8,in_simplified_set,unicode_encoded,hui,44,4,"44,-64,0,-1,-14,-1,6,-6,9,-6,15,-64,0,-6,15,2,11,0,18,-64,0,-8,-8,-6,-14,-1,-10,4,-14,7,-10,-64,0,-6,5,-6,-3,3,-9,6,-2,-10,4,-64,-64,,,,,,"
161,訊,8A0A,in_simplified_set,unicode_encoded,xun,70,7,"70,-64,0,-4,-16,2,-7,2,-7,-64,0,2,-7,-7,0,-1,5,-6,14,-64,0,2,-7,-6,-9,1,-16,2,-1,-64,0,2,-7,5,-6,-64,0,-12,-9,-12,-4,-9,-3,-6,-4,-7,-9,-64,0,-12,-8,-7,-8,-64,0,7,-11,5,-5,8,1,6,5,4,0,9,-6,6,-9,-64,-64,,,,,,"
162,呼,547C,in_simplified_set,unicode_encoded,hu,34,5,"34,-64,0,-11,0,12,-1,-64,0,-3,-11,0,-4,-64,0,-9,-10,-6,-5,-64,0,4,-10,6,-5,-64,0,0,-1,1,12,-2,18,-64,-64,,,,,,"
163,誖,8A96,in_simplified_set,unicode_encoded,bei,90,13,"90,-64,0,-9,-10,0,-10,-64,0,-9,-6,0,-6,-64,0,-9,-10,-9,-6,-64,0,0,-10,0,-6,-64,0,-10,-13,1,-13,-64,0,-2,-16,-5,-16,-5,0,-8,0,-64,0,-10,-3,0,-3,-64,0,-3,2,10,2,-64,0,0,5,0,10,-64,0,0,5,8,5,8,9,0,9,-64,0,7,-1,4,-1,4,15,-64,0,4,12,9,12,-64,0,0,9,0,12,-64,-64,,,,,,"
164,競,7AF6,traditional_or_variant,unicode_encoded,jing,70,10,"70,-64,0,-9,-13,1,-13,-64,0,-7,-13,-5,-7,-1,-13,-64,0,-10,-7,0,-7,-64,0,-5,-7,-8,2,-64,0,-5,-7,-3,-1,-5,15,-64,0,3,-12,9,-12,-64,0,4,-12,6,-7,8,-12,-64,0,2,-7,10,-7,-64,0,6,-7,1,2,-64,0,4,-4,7,1,2,15,-64,-64,,,,,,"
165,竟,7ADF,in_simplified_set,unicode_encoded,jing,56,7,"56,-64,0,-6,-14,5,-14,-64,0,-3,-14,0,-10,2,-14,-64,0,0,-10,0,-4,-64,0,-5,-7,-5,-1,0,0,4,-1,4,-8,-64,0,-5,-4,4,-4,-64,0,0,0,-7,9,-64,0,0,0,3,6,0,9,-2,17,-64,-64,,,,,,"
166,铅,94C5,traditional_or_variant,unicode_encoded,qian,34,4,"34,-64,0,-7,-13,7,-14,-64,0,-4,-13,-1,-5,3,-14,-64,0,-8,-2,6,-7,-64,0,-1,-6,-1,2,5,-1,2,8,-5,16,-64,-64,,,,,,"
167,妾,59BE,in_simplified_set,unicode_encoded,qie,52,5,"52,-64,0,-6,-15,6,-15,-64,0,-4,-15,0,-8,3,-15,-64,0,0,-8,0,5,-6,9,-6,13,1,9,-2,17,-64,0,-6,4,-5,0,-6,-6,4,-9,4,-9,-64,0,4,-9,4,-3,-5,0,-8,2,-64,-64,,,,,,"
168,對,5C0D,in_simplified_set,unicode_encoded,dui,78,11,"78,-64,0,-7,-5,4,-5,-64,0,-5,-9,-5,-5,-64,0,-2,-12,-2,-5,-64,0,1,-10,1,-5,-64,0,-5,-5,-1,1,1,-5,-64,0,-1,0,-1,11,-64,0,-1,11,-4,16,-64,0,-1,11,2,16,-64,0,-9,16,5,16,-64,0,5,-13,8,-8,8,-6,3,1,-64,0,4,-6,10,-1,11,2,11,12,-64,-64,,,,,,"
169,僕,50D5,in_simplified_set,unicode_encoded,pu,158,22,"158,-64,0,-8,-8,-8,-2,-2,-2,-2,-8,-64,0,-8,-6,-2,-2,-64,0,-2,-6,-8,-2,-64,0,0,-8,0,-3,4,-1,6,-4,6,-9,-64,0,0,-6,6,-6,-64,0,0,-16,6,-16,-64,0,1,-16,3,-12,4,-16,-64,0,3,-12,3,-6,-64,0,0,-12,3,-9,5,-13,-64,0,4,-1,4,7,-1,9,0,17,-64,0,4,-1,-3,2,-9,1,-64,0,-5,-2,-3,2,-2,4,4,4,-64,0,-4,-14,-4,-13,-64,0,-3,-11,-2,-9,-64,0,-6,-14,-6,-12,-64,0,-5,-11,-5,-8,-64,0,-8,-12,-8,-10,-64,0,3,8,4,12,-64,0,3,8,2,11,-64,0,3,10,2,12,-64,0,3,9,5,9,-64,0,4,10,6,10,-64,-64,,,,,,"
170,共,5171,in_simplified_set,unicode_encoded,gong,60,8,"60,-64,0,-5,-13,6,-13,-64,0,-5,-5,6,-5,-64,0,-5,-13,-5,-5,-64,0,6,-13,6,-5,-64,0,-5,-9,-8,-3,-9,11,-64,0,-9,-13,-10,-6,-9,-5,-4,1,-64,0,8,-13,11,-4,3,5,-64,0,6,-5,8,2,8,13,-64,-64,,,,,,"
171,丞,4E1E,in_simplified_set,unicode_encoded,cheng,70,7,"70,-64,0,-1,-12,2,-1,-4,3,-4,7,2,2,2,7,-64,0,0,-9,-2,-4,-2,2,-64,0,-6,-17,-6,-12,-2,-6,-64,0,-3,-14,-5,-3,-64,0,4,-17,5,-10,1,-6,-64,0,2,-13,4,-9,5,-5,-64,0,-7,-10,-9,1,-9,4,0,12,6,9,8,1,8,-6,-64,-64,,,,,,"
172,畀,7540,in_simplified_set,unicode_encoded,bi,70,10,"70,-64,0,-6,-9,6,-9,-64,0,-6,-6,6,-6,-64,0,-6,-2,6,-2,-64,0,-6,-9,-6,-2,-64,0,6,-9,6,-2,-64,0,0,-9,0,-2,-64,0,-6,-6,-9,0,-11,11,-64,0,-8,-9,-10,-3,-4,5,-64,0,8,-11,11,-4,5,2,-64,0,7,-5,10,1,9,13,-64,-64,,,,,,"
173,弄,5F04,in_simplified_set,unicode_encoded,nong,98,14,"98,-64,0,-9,-9,-9,3,-64,0,-9,-9,9,-9,-64,0,9,-9,9,4,-64,0,-9,-9,-8,-13,-4,-9,-64,0,-4,-9,-2,-15,2,-9,-64,0,2,-9,6,-15,9,-9,-64,0,-4,-6,3,-6,-64,0,-3,-2,2,-2,-64,0,0,-6,0,5,-64,0,-3,5,3,5,-64,0,-5,-2,-3,5,-64,0,4,-1,5,1,3,5,-64,0,-2,0,-5,6,-7,16,-64,0,1,0,5,5,6,16,-64,-64,,,,,,"
174,奎,594E,traditional_or_variant,unicode_encoded,kui,56,7,"56,-64,0,-1,-17,4,-9,-2,0,-64,0,1,-14,-4,-4,-64,0,-2,-9,1,-5,-64,0,-7,-6,-9,-2,-4,4,-64,0,-4,-2,-7,3,-7,13,-64,0,7,-11,5,-6,7,-2,1,6,-64,0,1,-2,6,4,6,16,-64,-64,,,,,,"
175,戒,6212,in_simplified_set,unicode_encoded,jie,46,7,"46,-64,0,-3,-14,0,-11,0,12,-64,0,-5,12,4,12,-64,0,-7,-8,7,-8,-64,0,0,-2,-10,12,-64,0,-7,-4,-3,8,-64,0,6,-4,1,10,-64,0,1,-2,10,10,-64,-64,,,,,,"
176,兵,5175,in_simplified_set,unicode_encoded,bing,50,6,"50,-64,0,-9,-7,2,-13,-2,15,-64,0,-6,-12,-9,-7,-4,-6,-64,0,-1,4,-6,8,-9,17,-64,0,-4,2,-6,8,-4,13,-64,0,3,0,3,8,-1,14,-64,0,0,6,3,8,5,19,-64,-64,,,,,,"
177,龏,9F8F,in_simplified_set,unicode_encoded,gong,84,11,"84,-64,0,-5,-13,5,-13,-64,0,-3,-13,-1,-8,2,-13,-64,0,-5,-8,4,-8,-64,0,-1,-8,-2,-3,-64,0,-5,-3,-7,4,-64,0,-5,-3,-2,-3,0,-2,-2,2,-64,0,-1,-6,4,-3,4,0,-3,6,-4,10,-1,12,1,9,-64,0,-4,10,-8,17,-64,0,-7,9,-4,14,-64,0,6,5,1,14,-64,0,2,7,8,16,-64,-64,,,,,,"
178,具,5177,in_simplified_set,unicode_encoded,ju,88,12,"88,-64,0,-4,-14,-4,-4,-1,-1,2,-1,4,-3,4,-14,-64,0,-4,-14,0,-10,4,-14,-64,0,-4,-10,4,-10,-64,0,-4,-7,4,-7,-64,0,-1,-1,-1,6,-64,0,2,-1,2,5,-64,0,-1,-1,-4,3,-64,0,2,1,5,3,-64,0,-7,1,-7,7,-2,11,-64,0,-3,4,-6,8,-8,15,-64,0,7,1,2,10,-64,0,3,4,7,16,-64,-64,,,,,,"
179,異,7570,in_simplified_set,unicode_encoded,yi,80,9,"80,-64,0,0,-16,0,-2,-64,0,-5,-14,-4,-11,-5,-4,0,-2,3,-3,4,-14,-64,0,-4,-11,4,-11,-64,0,-5,-7,3,-7,-64,0,-8,-7,-8,-3,-4,0,-64,0,-1,3,-1,9,-3,10,-5,15,-64,0,-1,9,1,10,2,16,-64,0,8,-7,3,1,-64,0,-5,-7,-8,1,-8,3,-1,6,7,2,3,-6,-64,-64,,,,,,"
180,興,8208,in_simplified_set,unicode_encoded,xing,100,14,"100,-64,0,-3,-8,-3,7,-64,0,4,-8,4,7,-64,0,-3,-4,4,-4,-64,0,-3,0,4,0,-64,0,-3,3,4,3,-64,0,-8,-15,-8,-4,-3,-4,-64,0,-3,-12,-8,-9,-3,-6,-64,0,9,-15,9,-8,4,-1,-64,0,5,-10,9,-8,-64,0,9,-8,4,-6,-64,0,-6,4,-8,8,-4,11,-64,0,-4,5,-7,10,-9,17,-64,0,4,2,7,7,2,11,-64,0,4,6,7,10,7,18,-64,-64,,,,,,"
181,要,8981,in_simplified_set,unicode_encoded,yao,116,14,"116,-64,0,-1,-14,-4,-12,-4,-9,-1,-8,2,-10,2,-13,-1,-14,-64,0,-1,-12,-2,-12,-2,-11,-1,-11,0,-12,-1,-12,-64,0,-5,0,3,-5,-64,0,-1,-5,3,5,-2,9,-3,15,-64,0,-4,4,5,-2,-64,0,-3,0,-1,4,-64,0,3,-5,5,-1,-64,0,-9,-8,-6,-5,-7,4,-6,10,-64,0,-7,1,-5,2,-64,0,-7,4,-5,5,-64,0,-7,6,-5,7,-64,0,7,-12,5,-7,8,-2,6,3,-64,0,5,-7,4,-5,-64,0,7,-4,5,-3,-64,-64,,,,,,"
182,晨,6668,traditional_or_variant,unicode_encoded,chen,76,11,"76,-64,0,-5,-4,4,-4,4,11,-64,0,-2,-4,4,3,-64,0,0,-1,-6,2,-64,0,2,1,-6,5,-64,0,-6,0,-6,12,-64,0,-6,-14,-10,-6,-7,0,-64,0,-8,-10,-6,-7,-64,0,-10,-7,-6,-3,-64,0,6,-14,5,-9,8,-4,6,-1,-64,0,5,-9,4,-7,-64,0,7,-6,6,-4,-64,-64,,,,,,"
183,農,8FB2,in_simplified_set,unicode_encoded,nong,86,13,"86,-64,0,-4,-16,-4,-5,-64,0,3,-16,3,-6,-64,0,-8,-16,-4,-12,-1,-15,-64,0,-4,-10,-7,-6,-64,0,-4,-10,-2,-7,-64,0,0,-15,3,-12,7,-15,-64,0,3,-10,0,-7,-64,0,3,-10,7,-7,-64,0,-8,-4,6,-5,6,15,-64,0,-7,-2,-7,14,-64,0,-2,-4,6,4,-64,0,0,-2,-7,2,-64,0,2,0,-7,6,-64,-64,,,,,,"
184,鬲,9B32,in_simplified_set,unicode_encoded,ge,74,11,"74,-64,0,-8,-17,7,-17,-64,0,-3,-17,-3,-6,-64,0,3,-17,3,-6,-64,0,-3,-11,3,-11,-64,0,-3,-8,3,-8,-64,0,-3,-6,-8,-2,-8,8,-64,0,3,-6,7,-3,7,7,-64,0,-3,-1,0,5,2,-1,-64,0,0,5,0,13,-64,0,-8,5,-3,-1,-64,0,2,-1,7,4,-64,-64,,,,,,"
185,鬳,9B33,in_simplified_set,unicode_encoded,yan,76,10,"76,-64,0,-6,-16,-5,-8,-2,-4,4,-4,6,-8,6,-16,-64,0,-6,-16,-1,-11,-64,0,2,-11,6,-16,-64,0,-6,-11,6,-11,-64,0,-2,-4,-9,1,-9,13,-64,0,4,-4,9,-1,9,11,-64,0,-3,1,0,7,3,0,-64,0,0,7,0,16,-64,0,-9,5,-3,1,-64,0,3,0,9,7,-64,-64,,,,,,"
186,餗,9917,in_simplified_set,unicode_encoded,su,136,17,"136,-64,0,-5,-14,-10,-9,-64,0,-5,-14,-1,-10,-64,0,-8,-11,-2,-11,-64,0,-4,-11,-8,-5,-5,-3,-2,-5,-4,-11,-64,0,-7,-7,-3,-7,-64,0,-6,-4,-6,2,-3,2,-3,-4,-64,0,-9,-2,-9,3,-64,0,-1,-3,-1,0,-64,0,4,-16,4,11,-64,0,4,-11,1,-7,1,-5,4,-4,-64,0,4,-4,7,-7,4,-11,-64,0,0,-14,4,-11,-64,0,4,-4,1,-1,1,2,4,3,7,1,7,-2,4,-4,-64,0,2,4,-2,9,-1,16,-64,0,-1,3,1,10,-64,0,8,1,9,7,5,10,-64,0,5,4,9,10,7,18,-64,-64,,,,,,"
187,爪,722A,in_simplified_set,unicode_encoded,zhao,26,3,"26,-64,0,-2,-12,2,-2,-5,8,4,17,4,17,-64,0,0,0,10,5,-64,0,-2,4,8,10,-64,-64,,,,,,"
188,孚,5B5A,in_simplified_set,unicode_encoded,fu,52,8,"52,-64,0,0,-8,0,0,-64,0,8,-8,8,0,-64,0,0,-8,8,-8,-64,0,0,0,8,0,-64,0,-2,4,10,4,-64,0,4,0,4,14,-64,0,-2,-13,-5,-1,-64,0,-6,-15,-7,-9,-1,-6,-64,-64,,,,,,"
189,爲,7232,in_simplified_set,unicode_encoded,wei,88,13,"88,-64,0,-7,-9,-7,-3,-64,0,-7,-9,4,-13,6,-10,4,-8,-64,0,-7,-3,2,-9,-64,0,-4,-10,-3,-6,-64,0,-2,-11,0,-7,-64,0,-3,-6,-3,6,2,15,-64,0,-1,9,4,11,-64,0,-1,-7,7,2,-64,0,3,-2,0,9,-64,0,0,11,-1,16,-64,0,0,11,3,12,-64,0,8,-12,8,-8,5,-5,-64,0,6,-11,10,-4,-64,-64,,,,,,"
190,丮,4E2E,in_simplified_set,unicode_encoded,ji,72,10,"72,-64,0,-4,-13,-4,4,4,7,4,12,-64,0,-6,8,4,12,-64,0,-6,8,-3,16,-64,0,-4,-6,3,-3,-64,0,-1,-9,3,-7,3,-3,-64,0,-1,-13,3,-10,0,-5,-64,0,-4,-2,4,2,-64,0,4,2,7,-4,-64,0,7,-4,5,-10,-64,0,6,-13,9,-8,4,-2,-64,-64,,,,,,"
191,蓺,84FA,in_simplified_set,unicode_encoded,yi,80,10,"80,-64,0,-1,-13,-3,1,-64,0,-4,-12,-2,-8,2,-11,-64,0,-3,-15,-3,-13,-64,0,1,-15,1,-12,-64,0,4,-9,4,6,-64,0,4,6,0,9,2,13,5,10,7,14,5,18,-64,0,4,-3,-2,1,-5,1,-64,0,-1,-3,-1,2,-5,3,-64,0,4,1,-1,4,-5,5,-64,0,0,2,-2,6,-5,7,-64,-64,,,,,,"
192,熟,719F,traditional_or_variant,unicode_encoded,shu,90,13,"90,-64,0,-4,-10,-13,0,-64,0,-4,-10,1,-1,-64,0,-11,-3,0,-3,-64,0,-8,-3,-8,6,-64,0,-3,-3,-3,6,-64,0,-12,6,-12,11,-64,0,-12,6,1,6,-64,0,1,6,1,11,-64,0,-12,11,1,11,-64,0,4,-15,4,-6,9,-2,5,3,4,17,-64,0,-2,-11,2,-8,2,-5,4,-6,-64,0,0,-10,-2,-9,-64,0,0,-10,0,-6,-64,-64,,,,,,"
193,载,8F7D,traditional_or_variant,unicode_encoded,zai,78,10,"78,-64,0,-1,-11,9,-11,-64,0,0,-11,4,-5,-64,0,4,-5,8,-11,-64,0,4,-15,4,-5,-64,0,4,-5,-2,3,3,10,8,2,4,-5,-64,0,-2,3,8,2,-64,0,-3,-12,-7,-2,-3,2,-3,7,-8,4,-9,7,-3,11,-64,0,-5,-6,2,-7,-64,0,-7,-2,2,-5,-64,0,-1,-9,0,-2,-64,-64,,,,,,"
194,崋,5D0B,traditional_or_variant,unicode_encoded,hua,70,9,"70,-64,0,-4,-14,4,-14,-64,0,0,-17,2,-17,-64,0,0,-17,0,-1,-64,0,5,-8,5,5,0,8,0,11,6,9,6,11,3,16,-64,0,0,-4,5,-4,-64,0,2,-6,2,-2,-64,0,0,-6,-3,-3,-3,0,-64,0,-3,0,5,0,-64,0,-2,-7,-2,-4,-1,-2,-64,-64,,,,,,"
195,鬥,9B25,in_simplified_set,unicode_encoded,dou,98,11,"98,-64,0,-6,-14,-7,-10,-5,-7,-5,-1,-9,3,-7,12,-64,0,-8,-12,-9,-7,-9,-6,-5,-5,-3,-7,-4,-12,-64,0,-1,-6,-3,-2,-64,0,8,-15,6,-5,8,3,5,7,5,15,-64,0,3,-15,7,-10,-64,0,6,-11,0,-2,-64,0,2,-12,2,-5,4,-3,4,-3,-64,0,0,-2,-2,1,-6,0,-64,0,0,-2,2,1,6,-3,-64,0,0,-2,-3,-5,-64,0,7,-10,11,-13,-64,-64,,,,,,"
196,又,53C8,in_simplified_set,unicode_encoded,you,18,2,"18,-64,0,1,-15,1,-2,-6,5,-64,0,-5,-8,1,3,2,18,-64,-64,,,,,,"
197,爪,722A,traditional_or_variant,unicode_encoded,zhao,32,4,"32,-64,0,1,-16,1,-8,3,-3,-1,5,2,16,-64,0,-6,-8,0,2,-64,0,-4,-10,-1,-6,-64,0,-7,-1,-4,4,-64,-64,,,,,,"
198,父,7236,in_simplified_set,unicode_encoded,fu,24,3,"24,-64,0,-3,-11,4,-2,-6,11,-64,0,-6,-6,2,3,4,18,-64,0,-7,-11,-6,1,-64,-64,,,,,,"
199,叜,53DC,in_simplified_set,unicode_encoded,sou,82,12,"82,-64,0,-6,-12,-6,-2,-64,0,-6,-12,1,-16,9,-11,-64,0,9,-11,9,-3,-64,0,-2,-10,1,-4,-64,0,-2,-10,-3,-6,1,-4,-64,0,-3,-3,5,-4,-64,0,1,-12,0,-7,-64,0,1,-12,7,-4,-64,0,2,-10,6,-10,2,-4,-64,0,1,-4,1,16,-64,0,4,3,5,5,1,11,-64,0,1,5,9,13,-64,-64,,,,,,"
200,燮,71EE,in_simplified_set,unicode_encoded,xie,142,19,"142,-64,0,0,-14,0,-9,2,-9,4,-9,5,-15,-64,0,0,-13,1,-12,2,-14,3,-12,5,-15,-64,0,1,-6,-2,11,-64,0,-3,-4,1,-6,-64,0,-3,-4,-2,11,-64,0,-8,-1,-8,4,-5,5,-4,-1,-64,0,-8,-1,-6,0,-64,0,-4,-1,-6,0,-64,0,-6,-2,-6,0,-64,0,-6,0,-8,2,-64,0,-6,0,-5,2,-64,0,3,0,3,4,6,6,9,4,8,-2,-64,0,3,0,6,1,-64,0,8,-1,6,1,-64,0,6,-1,6,-1,6,1,-64,0,6,1,3,4,-64,0,6,1,9,4,-64,0,1,7,3,10,-2,16,-64,0,0,9,3,19,-64,-64,,,,,,"
201,尹,5C39,in_simplified_set,unicode_encoded,yin,26,3,"26,-64,0,0,-16,0,16,-64,0,0,-14,7,-10,8,-5,-3,6,-64,0,0,-8,6,-3,7,16,-64,-64,,,,,,"
202,虘,8658,traditional_or_variant,unicode_encoded,cuo,126,18,"126,-64,0,-3,2,-3,0,5,-3,-64,0,-1,-10,-2,-8,5,-3,-64,0,5,-13,-1,-1,-64,0,1,0,-3,13,-64,0,1,0,4,13,-64,0,-1,5,2,5,-64,0,-2,8,3,8,-64,0,-7,13,7,13,-64,0,-4,-9,-5,-5,-4,-1,-64,0,-2,-6,-6,-2,-7,4,-64,0,-8,-14,-7,-6,-64,0,-10,-12,-7,-9,-5,-12,-64,0,-7,5,-7,12,-64,0,-10,6,-7,9,-4,5,-64,0,7,-11,8,-2,-64,0,4,-8,8,-6,10,-9,-64,0,8,3,9,12,-64,0,6,6,9,9,12,6,-64,-64,,,,,,"
203,斄,6584,traditional_or_variant,unicode_encoded,li,84,11,"84,-64,0,-3,-12,-3,4,-64,0,-8,-7,-7,-10,-3,-7,-64,0,-3,-7,0,-11,2,-8,-64,0,-8,-1,-6,-6,-3,-2,-1,-6,1,0,-64,0,-3,1,-7,5,-8,14,-64,0,-3,1,-1,4,-64,0,-2,5,-2,9,-6,13,-64,0,-5,6,-1,17,-64,0,3,-12,3,5,-64,0,8,-2,4,11,-64,0,3,0,7,6,7,15,-64,-64,,,,,,"
204,及,53CA,in_simplified_set,unicode_encoded,ji,34,4,"34,-64,0,0,-15,6,-5,-64,0,2,-11,0,-5,1,4,-2,10,-64,0,3,3,4,6,-1,13,-64,0,1,5,3,9,4,17,-64,-64,,,,,,"
205,秉,79C9,in_simplified_set,unicode_encoded,bing,62,9,"62,-64,0,5,-15,0,-11,0,16,-64,0,-4,-11,0,-7,-64,0,-5,-5,0,0,-64,0,0,0,5,-6,-64,0,-5,10,0,5,-64,0,0,5,4,10,-64,0,5,-15,7,-9,-64,0,5,-2,8,2,5,7,-64,0,3,0,9,5,10,14,-64,-64,,,,,,"
206,反,53CD,in_simplified_set,unicode_encoded,fan,30,4,"30,-64,0,-5,-10,-5,14,-64,0,-5,-10,8,-10,-64,0,3,-8,6,-3,-3,6,-64,0,-3,-4,3,-1,10,14,-64,-64,,,,,,"
207,服,670D,traditional_or_variant,unicode_encoded,fu,42,5,"42,-64,0,-3,-9,4,5,-3,10,-1,15,6,11,-64,0,6,11,6,18,-64,0,-1,-4,-1,8,-64,0,-1,-15,3,-11,2,-3,-64,0,-2,-12,3,-9,8,-1,-64,-64,,,,,,"
208,祟,795F,traditional_or_variant,unicode_encoded,sui,62,9,"62,-64,0,-3,-13,-3,5,-64,0,-8,-12,-3,-7,1,-11,-64,0,-3,-5,-8,3,-64,0,-3,-5,2,1,-64,0,-5,7,1,7,-64,0,-6,10,1,10,-64,0,-2,10,-2,18,-64,0,4,-11,7,-5,3,4,-64,0,1,-5,6,-1,10,6,-64,-64,,,,,,"
209,叔,53D4,in_simplified_set,unicode_encoded,shu,46,6,"46,-64,0,-6,-10,5,-10,-64,0,0,-14,2,-14,-64,0,0,-14,0,13,-64,0,-7,-12,0,-3,-64,0,0,-3,7,-12,-64,0,0,-3,-5,0,-5,5,4,7,4,10,-7,19,-64,-64,,,,,,"
210,取,53D6,in_simplified_set,unicode_encoded,qu,66,8,"66,-64,0,3,-11,-5,-5,-7,2,-7,7,-5,12,2,13,2,13,-64,0,3,-11,6,-5,-64,0,4,-9,0,-1,3,1,-64,0,3,1,0,7,2,9,-64,0,3,7,2,13,-64,0,3,-2,3,4,-64,0,6,-3,7,2,4,6,-64,0,4,0,10,15,-64,-64,,,,,,"
211,彗,5F57,in_simplified_set,unicode_encoded,hui,42,6,"42,-64,0,-6,-12,-3,-6,-4,17,-64,0,-8,-5,-3,0,-64,0,-9,3,-4,8,-64,0,0,-12,5,-6,5,17,-64,0,0,-4,5,1,-64,0,-1,6,5,11,-64,-64,,,,,,"
212,友,53CB,in_simplified_set,unicode_encoded,you,34,4,"34,-64,0,-4,-13,-2,-7,-9,1,-64,0,-8,-10,-4,-2,-4,14,-64,0,5,-15,7,-8,0,3,-64,0,0,-14,6,-4,6,18,-64,-64,,,,,,"
213,左,5DE6,in_simplified_set,unicode_encoded,zuo,18,2,"18,-64,0,3,-16,-1,-4,9,5,-64,0,7,-11,0,2,-1,16,-64,-64,,,,,,"
214,史,53F2,in_simplified_set,unicode_encoded,shi,38,5,"38,-64,0,0,-14,0,7,-64,0,-7,-13,-7,-4,0,-2,5,-5,5,-14,-64,0,-7,-10,5,-10,-64,0,5,0,0,14,-64,0,0,2,6,16,-64,-64,,,,,,"
215,事,4E8B,in_simplified_set,unicode_encoded,shi,60,8,"60,-64,0,0,-11,0,17,-64,0,-3,-15,0,-11,-64,0,0,-11,1,-15,-64,0,-6,-6,5,-6,5,-6,-64,0,-6,-12,-6,-2,-64,0,-6,-2,0,0,5,-2,5,-11,-64,0,3,2,5,5,2,11,-64,0,0,5,6,9,7,18,-64,-64,,,,,,"
216,肄,8084,traditional_or_variant,unicode_encoded,yi,54,7,"54,-64,0,-4,-11,-4,11,-9,17,-64,0,1,-14,-8,-9,-8,-4,0,-7,-64,0,-4,2,-10,8,-64,0,0,-1,1,3,-64,0,-7,9,-2,14,-64,0,2,-12,7,0,-1,9,-64,0,1,-4,6,6,5,18,-64,-64,,,,,,"
217,隶,96B6,traditional_or_variant,unicode_encoded,li,42,5,"42,-64,0,-3,-14,-3,16,-64,0,-3,6,-8,12,-64,0,-3,6,1,10,-64,0,-3,-12,3,-6,3,-2,-1,4,-64,0,-3,-6,4,-1,5,2,5,10,7,18,-64,-64,,,,,,"
218,臤,81E4,in_simplified_set,unicode_encoded,qian,74,7,"74,-64,0,2,-14,-3,-10,-8,-4,-9,1,-7,8,-2,13,3,15,-64,0,-8,-4,-5,-5,-1,-4,1,0,-1,4,-4,5,-8,4,-64,0,-4,-2,-5,-1,-5,1,-4,1,-3,0,-3,-1,-4,-2,-64,0,2,-14,-1,-4,-64,0,-1,4,3,15,-64,0,6,-5,2,7,-64,0,2,-1,11,13,-64,-64,,,,,,"
219,臣,81E3,in_simplified_set,unicode_encoded,chen,44,7,"44,-64,0,0,-15,6,9,-64,0,6,9,-5,13,-64,0,-7,4,4,2,-64,0,0,-16,-5,-2,-64,0,-7,-2,3,-4,-64,0,-7,-2,-7,4,-64,0,-2,3,-4,12,-64,-64,,,,,,"
220,臧,81E7,in_simplified_set,unicode_encoded,zang,68,11,"68,-64,0,-2,-15,-2,2,-64,0,-2,2,-10,4,-64,0,-10,-1,-2,-3,-64,0,-11,-7,-2,-8,-64,0,-11,-7,-10,-1,-64,0,-2,-15,-9,-7,-64,0,-8,-2,-8,4,-64,0,4,-13,4,13,-64,0,4,-13,9,-12,-64,0,-2,-8,9,-8,-64,0,0,15,8,11,-64,-64,,,,,,"
221,殳,6BB3,in_simplified_set,unicode_encoded,shu,64,8,"64,-64,0,2,-15,-2,-12,-4,-7,-3,-3,0,0,-64,0,2,-15,5,-6,0,0,-64,0,1,-9,0,-9,0,-6,1,-6,1,-9,-64,0,0,0,-1,15,-64,0,0,0,-4,7,-64,0,0,0,3,7,-64,0,4,8,2,15,-64,0,0,9,9,15,-64,-64,,,,,,"
222,壳,58F3,traditional_or_variant,unicode_encoded,ke,94,13,"94,-64,0,-5,-15,-5,-5,-64,0,-9,-14,-5,-8,-2,-13,-64,0,-5,-6,-9,-3,-64,0,-5,-5,-2,-3,-64,0,-11,-3,-1,-3,-64,0,-9,-3,-9,6,-12,11,-64,0,-2,-3,-2,13,-64,0,-9,5,-2,5,-64,0,-10,7,-2,7,-64,0,3,-4,2,-1,3,2,5,-1,3,-4,-64,0,3,2,3,15,-64,0,3,7,8,13,10,20,-64,0,8,3,7,13,4,17,-64,-64,,,,,,"
223,頭,982D,traditional_or_variant,unicode_encoded,tou,68,8,"68,-64,0,-10,-9,0,-9,-64,0,-10,-9,-9,-1,-5,4,0,-1,0,-9,-64,0,-10,-5,0,-5,-64,0,-5,4,-9,10,-64,0,-5,4,-3,9,-64,0,-11,10,-5,10,0,9,-64,0,-7,-13,3,-14,5,-11,5,-3,7,-1,1,6,-64,0,1,-1,5,7,6,17,-64,-64,,,,,,"
224,簋,7C0B,traditional_or_variant,unicode_encoded,gui,80,7,"80,-64,0,-5,-8,-7,-3,-8,3,-5,7,-1,7,0,2,-1,-3,-5,-8,-64,0,-8,0,-1,0,-64,0,-5,7,-4,14,-1,14,-1,7,-64,0,-4,-14,-6,-14,-6,-12,-5,-11,-4,-11,-3,-12,-3,-14,-5,-14,-64,0,-3,-12,4,-4,5,3,1,11,-64,0,4,6,6,12,6,19,-64,0,8,2,7,7,3,12,-64,-64,,,,,,"
225,伇,4F07,in_simplified_set,unicode_encoded,yi,66,6,"66,-64,0,-3,-15,-3,3,-8,7,-8,12,-2,7,-2,14,-3,16,-64,0,-3,-9,-6,-4,-7,2,-7,6,-64,0,3,-17,1,-12,3,-7,5,-11,3,-17,-64,0,3,-7,3,1,-1,9,-64,0,6,-3,6,4,4,8,0,13,-64,0,3,1,6,7,7,15,-64,-64,,,,,,"
226,殺,6BBA,in_simplified_set,unicode_encoded,sha,44,6,"44,-64,0,-5,-13,7,-5,-64,0,2,-13,-1,-5,0,7,-1,11,-1,18,-64,0,-1,-5,-6,0,-64,0,-1,0,8,5,-64,0,-1,7,-6,12,-64,0,0,8,5,12,-64,-64,,,,,,"
227,尋,5C0B,in_simplified_set,unicode_encoded,xun,78,10,"78,-64,0,0,-12,-5,-8,-6,0,-10,0,-64,0,-6,-1,-4,3,-3,9,2,12,-64,0,0,4,-2,11,-1,17,-64,0,0,-16,-3,-10,-1,-6,-64,0,2,-10,2,8,-64,0,2,-10,8,-10,-64,0,8,-10,8,8,-64,0,1,8,8,8,-64,0,2,-5,5,-2,8,-6,-64,0,2,0,5,3,8,0,-64,-64,,,,,,"
228,專,5C08,in_simplified_set,unicode_encoded,zhuan,76,8,"76,-64,0,1,-15,1,7,-64,0,-3,-13,1,-8,4,-14,-64,0,1,-8,-3,-4,-3,4,1,7,5,4,5,-4,1,-8,-64,0,-7,-2,-8,6,-4,11,-64,0,-3,-1,5,-4,-64,0,-3,3,5,0,-64,0,-3,3,-8,10,-7,19,-64,0,0,7,-2,11,0,16,2,17,3,15,3,9,0,7,-64,-64,,,,,,"
229,尃,5C03,in_simplified_set,unicode_encoded,fu,74,9,"74,-64,0,1,-15,1,6,-64,0,3,-15,-2,-8,-4,-2,-4,3,1,6,-64,0,-1,-14,4,-9,7,-1,1,6,-64,0,-3,-6,5,-6,-64,0,-4,0,7,-1,-64,0,-7,-3,-8,4,-4,9,-64,0,-4,0,-7,6,-7,11,-64,0,9,-5,9,2,5,8,-64,0,7,0,9,5,9,11,-64,-64,,,,,,"
230,攴,6534,in_simplified_set,unicode_encoded,pu,34,4,"34,-64,0,-1,-16,4,-12,-64,0,1,-14,-3,3,-64,0,0,-6,3,-2,2,3,-2,7,-64,0,-1,-2,3,3,3,3,5,12,-64,-64,,,,,,"
231,啓,5553,in_simplified_set,unicode_encoded,qi,70,9,"70,-64,0,-5,-4,2,-4,-64,0,-5,5,2,5,-64,0,-5,-10,2,-10,2,-10,2,5,-64,0,3,-11,7,-9,9,-5,9,-5,9,-2,-64,0,7,-13,5,-6,-64,0,-1,7,-1,12,6,12,6,12,-64,0,5,7,6,12,-64,0,0,9,5,9,-64,0,-5,-12,-5,10,-64,-64,,,,,,"
232,徹,5FB9,traditional_or_variant,unicode_encoded,che,106,13,"106,-64,0,-1,-13,0,-6,-64,0,-1,-13,6,-13,-64,0,7,-13,6,-7,-64,0,0,-9,6,-9,-64,0,0,-6,6,-6,-64,0,0,-6,-1,-3,-3,-2,-3,7,-64,0,6,-5,9,-1,9,-1,9,8,-64,0,1,-1,3,3,3,12,-64,0,5,-1,3,3,-64,0,1,-1,-3,3,-64,0,5,-1,9,3,-64,0,10,-12,12,-15,13,-10,12,-6,9,-3,-64,0,9,-6,10,-9,12,-6,12,-6,13,-2,13,-1,13,7,-64,-64,,,,,,"
233,敏,654F,in_simplified_set,unicode_encoded,min,80,8,"80,-64,0,-1,-19,1,-15,1,-15,0,-10,0,-10,-64,0,3,-19,4,-15,1,-10,-64,0,-4,-19,-2,-12,-1,-10,-1,-10,-64,0,0,-10,1,-2,2,1,2,1,2,9,-64,0,4,-9,-2,-5,-3,3,-64,0,8,-17,7,-13,6,-13,3,-11,3,-11,-64,0,4,-8,4,-4,-3,0,-64,0,5,-15,8,-10,10,2,-64,-64,,,,,,"
234,效,6548,in_simplified_set,unicode_encoded,xiao,64,8,"64,-64,0,1,-17,1,-6,1,-6,-64,0,0,-7,-1,-3,2,1,-64,0,2,-6,3,-4,-3,2,-64,0,1,-14,-3,-10,-64,0,1,-14,6,-12,-64,0,7,-12,7,7,-64,0,10,-6,12,-1,12,-1,8,4,-64,0,8,-2,12,3,12,4,12,10,-64,-64,,,,,,"
235,政,653F,in_simplified_set,unicode_encoded,zheng,58,8,"58,-64,0,-3,-16,-2,-10,2,-10,-64,0,-3,-14,3,-14,-64,0,3,-17,2,-10,-64,0,0,-7,1,1,-4,-4,-64,0,3,-6,0,-3,-64,0,8,-14,3,-8,-64,0,8,-10,8,-5,4,0,-64,0,5,-8,8,-2,7,10,-64,-64,,,,,,"
236,尸,5C38,traditional_or_variant,unicode_encoded,shi,76,9,"76,-64,0,-1,-16,-3,-12,-1,-8,-1,2,1,4,1,1,-64,0,0,-16,1,-11,-1,-8,-64,0,3,-17,5,-12,4,-6,5,-2,5,5,-64,0,0,-18,1,-17,0,-17,-64,0,6,3,11,7,11,10,-64,0,9,-4,7,8,-64,0,3,-14,3,-12,-64,0,3,-5,2,-2,-64,0,-3,-7,-3,-2,-64,-64,,,,,,"
237,更,66F4,in_simplified_set,unicode_encoded,geng,52,7,"52,-64,0,5,-16,-4,-16,-4,-7,-64,0,5,-16,5,-8,-64,0,0,-15,-3,-12,-64,0,1,-15,5,-12,-64,0,7,-4,0,-10,4,0,4,6,-64,0,7,1,8,5,4,9,-64,0,5,4,9,11,-64,-64,,,,,,"
238,攸,6538,in_simplified_set,unicode_encoded,you,50,6,"50,-64,0,4,-20,5,-5,11,-1,-64,0,11,-1,11,3,3,-2,6,7,-64,0,-1,-21,0,-5,-64,0,5,-15,8,-12,9,-3,-64,0,-4,-12,-4,-7,-1,-5,-64,0,-1,-13,-3,-6,-4,2,-64,-64,,,,,,"
239,敉,6549,in_simplified_set,unicode_encoded,mi,48,7,"48,-64,0,-4,-11,9,-13,-64,0,-3,-16,-2,-13,-64,0,2,-16,2,-14,-64,0,6,-17,6,-15,-64,0,3,-12,2,3,-64,0,3,-4,7,0,3,7,-64,0,3,0,6,6,7,11,-64,-64,,,,,,"
240,敭,656D,traditional_or_variant,unicode_encoded,yang,50,6,"50,-64,0,3,-20,-2,-9,-2,-4,4,4,-64,0,-1,-12,-5,-7,-5,-5,-3,-4,-64,0,4,-15,11,-11,11,-11,-64,0,8,-13,3,-1,-64,0,6,-4,11,4,-64,0,9,-6,8,-3,5,1,-64,-64,,,,,,"
241,敗,6557,in_simplified_set,unicode_encoded,bai,90,12,"90,-64,0,-1,-19,-5,-10,-5,-6,-3,0,-64,0,-2,-18,0,-16,-64,0,-3,-15,-1,-14,-64,0,-2,-9,-4,-5,-64,0,-2,-4,-2,-1,-64,0,2,-17,4,-11,4,-7,2,-1,-64,0,1,-17,0,-12,-64,0,1,-9,3,-6,-64,0,1,-4,2,-1,-64,0,8,-17,8,-10,6,-4,4,2,-64,0,7,-3,9,1,10,8,-64,0,10,-4,8,1,6,3,-64,-64,,,,,,"
242,攻,653B,in_simplified_set,unicode_encoded,gong,58,7,"58,-64,0,-5,-12,3,-12,-64,0,-2,-12,-1,-6,-64,0,-5,-5,3,-6,-64,0,-2,-20,-4,-19,-3,-17,-1,-17,-1,-19,-2,-20,-64,0,0,-18,5,-16,6,-13,5,-7,4,-2,-64,0,6,-7,11,4,-64,0,9,-9,5,3,-64,-64,,,,,,"
243,铣,94E3,traditional_or_variant,unicode_encoded,xi,68,10,"68,-64,0,-2,-18,-1,-4,-64,0,-5,-16,-5,-9,-64,0,-4,-14,-2,-12,-64,0,0,-18,2,-13,-64,0,1,-16,-2,-13,-64,0,2,-9,2,-8,1,-11,-1,-8,-64,0,2,-6,-3,-1,-3,6,-64,0,5,-18,4,0,-64,0,5,-5,9,9,-64,0,8,-6,4,3,-64,-64,,,,,,"
244,畋,754B,in_simplified_set,unicode_encoded,tian,60,9,"60,-64,0,-3,-20,-3,-6,-64,0,-3,-7,2,-7,-64,0,2,-7,1,-20,-64,0,1,-20,-3,-20,-64,0,-3,-13,2,-14,-64,0,-1,-20,-1,-7,-64,0,6,-20,6,2,-64,0,7,-7,10,-2,8,4,-64,0,7,-2,11,2,12,8,-64,-64,,,,,,"
245,改,6539,traditional_or_variant,unicode_encoded,gai,52,5,"52,-64,0,-2,-19,-5,-15,-2,-12,0,-15,-2,-19,-64,0,-2,-11,-3,-2,-5,-4,-6,-7,-64,0,3,-9,5,-13,3,-16,1,-11,2,-8,2,-1,-64,0,3,-6,9,2,-64,0,5,-7,3,2,3,2,-64,-64,,,,,,"
246,叙,53D9,in_simplified_set,unicode_encoded,xu,50,7,"50,-64,0,5,-18,2,-8,2,-9,-64,0,5,-19,12,-8,-64,0,4,-11,9,-11,-64,0,6,-11,6,4,-64,0,0,-13,-3,-5,4,2,-64,0,4,-8,7,-5,9,-8,-64,0,2,-4,-2,7,-64,-64,,,,,,"
247,牧,7267,in_simplified_set,unicode_encoded,mu,82,10,"82,-64,0,0,-11,-1,0,-64,0,-3,-16,-3,-9,0,-7,3,-10,3,-16,-64,0,-3,-6,0,-3,2,-6,-64,0,-3,2,3,5,3,5,-64,0,3,3,2,9,0,2,-64,0,-6,-14,-6,-8,-10,-2,-64,0,-8,2,-5,-4,-5,3,-64,0,5,-15,5,1,5,1,-64,0,5,-1,9,6,-64,0,7,-4,9,-1,5,4,-64,-64,,,,,,"
248,教,6559,in_simplified_set,unicode_encoded,jiao,80,10,"80,-64,0,-7,-12,-1,-7,-64,0,-3,-13,-7,-7,-64,0,-6,-6,-2,-1,-64,0,-2,-6,-6,-1,-6,-1,-64,0,-4,1,-6,3,-4,4,-2,3,-4,1,-4,1,-64,0,-5,4,-4,9,-2,14,-64,0,-7,7,-4,9,-1,6,-64,0,2,-8,2,5,-64,0,3,-1,6,3,2,9,-64,0,2,3,6,8,7,15,-64,-64,,,,,,"
249,學,5B78,in_simplified_set,unicode_encoded,xue,94,14,"94,-64,0,1,-20,-2,-16,-64,0,-2,-19,2,-15,-64,0,2,-13,-2,-9,-64,0,-2,-14,2,-8,-64,0,-6,-19,-6,-11,-4,-9,-64,0,-5,-17,-3,-16,-64,0,-6,-14,-3,-12,-64,0,5,-21,5,-11,3,-8,-64,0,4,-18,2,-17,-64,0,5,-14,2,-12,-64,0,-1,-7,-1,-2,-6,0,-64,0,0,-7,3,-1,8,-1,-64,0,-3,-1,-3,5,-64,0,4,0,4,7,-64,-64,,,,,,"
250,卜,535C,in_simplified_set,unicode_encoded,bo,16,2,"16,-64,0,1,-16,1,7,-64,0,12,-11,7,-6,1,-5,-64,-64,,,,,,"
251,貞,8C9E,in_simplified_set,unicode_encoded,zhen,54,8,"54,-64,0,-4,-13,-4,6,-64,0,8,-14,8,7,-64,0,-3,-7,7,-7,-64,0,-3,-3,7,-3,-64,0,-3,-13,2,-8,7,-13,-64,0,-3,2,2,-2,7,3,-64,0,3,-20,2,-10,-64,0,2,-15,-2,-18,-64,-64,,,,,,"
252,占,5360,in_simplified_set,unicode_encoded,zhan,60,7,"60,-64,0,0,-20,1,-14,7,-14,7,-20,-64,0,1,-18,7,-18,-64,0,2,-14,-2,5,9,4,7,-13,-64,0,5,-11,6,-4,6,-4,-64,0,5,-6,3,-9,-64,0,2,-2,2,2,5,3,6,1,6,-2,-64,0,2,0,6,0,-64,-64,,,,,,"
253,用,7528,in_simplified_set,unicode_encoded,yong,68,9,"68,-64,0,-6,-19,-4,-15,-4,4,-5,6,-64,0,3,-19,1,-13,2,6,-64,0,7,-15,7,-10,6,-4,8,6,-64,0,-4,3,7,3,-64,0,-3,1,2,1,7,0,-64,0,-4,-8,1,-9,-64,0,-4,-7,1,-7,-64,0,3,-14,7,-14,-64,0,2,-12,6,-12,-64,-64,,,,,,"
254,甫,752B,in_simplified_set,unicode_encoded,fu,52,7,"52,-64,0,-1,-19,0,5,-64,0,-1,-14,-5,-8,-5,2,0,5,-64,0,0,-14,5,-9,5,1,1,5,-64,0,-4,-7,4,-8,-64,0,-5,-18,-1,-15,-64,0,3,-17,0,-14,-64,0,-5,-3,5,-2,-64,-64,,,,,,"
255,备,5907,traditional_or_variant,unicode_encoded,bei,92,12,"92,-64,0,-6,-3,9,-4,-64,0,-4,-16,-1,-11,-1,-9,-2,-8,-2,6,-2,6,-64,0,-4,0,-2,4,0,1,-64,0,-1,-15,-4,-11,-2,-8,-64,0,3,-9,3,7,-64,0,1,-15,3,-11,3,-9,1,-11,4,-15,-64,0,1,2,3,6,-64,0,-5,-6,-5,12,-64,0,6,-6,6,13,-64,0,5,1,3,5,-64,0,-5,9,6,9,-64,0,-6,11,6,11,-64,-64,,,,,,"
256,爻,723B,in_simplified_set,unicode_encoded,yao,26,4,"26,-64,0,4,-11,-5,-2,-64,0,-3,-12,6,-1,-64,0,3,1,-7,12,-64,0,-4,1,5,14,-64,-64,,,,,,"
257,爽,723D,in_simplified_set,unicode_encoded,shuang,88,12,"88,-64,0,0,-14,0,6,-5,12,-64,0,-1,-14,-4,-7,-64,0,0,-14,4,-9,-64,0,0,6,6,11,-64,0,-6,-2,-5,2,-3,2,-2,-2,-64,0,2,-2,3,1,5,1,5,-2,-64,0,-4,-2,-4,2,-5,4,-64,0,-4,2,-3,4,-64,0,4,-2,4,2,2,3,-64,0,4,1,5,3,-64,0,-8,5,-2,4,-64,0,1,4,8,4,-64,-64,,,,,,"
258,洫,6D2B,traditional_or_variant,unicode_encoded,xu,54,8,"54,-64,0,7,-11,-6,-10,-7,-4,-64,0,-1,-10,-2,-4,-64,0,-2,-4,2,-4,1,-10,-64,0,-2,-8,-7,-6,-64,0,6,-10,3,-7,-64,0,0,-6,0,12,-64,0,3,2,1,13,-64,0,0,5,6,15,-64,-64,,,,,,"
259,目,76EE,in_simplified_set,unicode_encoded,mu,44,6,"44,-64,0,11,-7,-7,-6,-8,3,-64,0,-1,-7,-2,3,3,5,-64,0,2,-6,5,-3,3,4,-64,0,10,-7,5,-3,-64,0,-2,-2,-8,1,-64,0,1,-3,1,-2,-64,-64,,,,,,"
260,嚃,5683,traditional_or_variant,unicode_encoded,ta,74,10,"74,-64,0,-9,-6,-3,-10,3,-10,7,-6,-64,0,2,-9,3,-4,0,-1,-4,-4,-3,-9,-64,0,-9,-6,-4,-5,-64,0,3,-5,7,-6,-64,0,-6,-1,-6,3,-64,0,-1,1,0,6,-64,0,4,-1,5,2,-64,0,-6,7,-5,11,-5,11,-64,0,-1,8,-1,13,-64,0,4,6,5,11,-64,-64,,,,,,"
261,相,76F8,in_simplified_set,unicode_encoded,xiang,60,8,"60,-64,0,8,-13,-5,-13,-7,-6,-64,0,-1,-12,-2,-9,0,-6,2,-8,1,-13,-64,0,0,-11,0,-9,-64,0,-3,-9,-7,-7,-64,0,3,-10,6,-13,-64,0,-5,-5,0,2,-64,0,0,-5,0,14,-64,0,-5,11,0,6,3,10,-64,-64,,,,,,"
262,省,7701,in_simplified_set,unicode_encoded,sheng,52,6,"52,-64,0,-1,-14,0,1,0,1,-64,0,-5,-12,0,-7,3,-11,-64,0,7,-2,-6,3,-6,11,-64,0,7,-2,6,5,0,6,-6,9,-64,0,-2,2,-3,4,-1,6,-64,0,1,0,2,3,0,5,-64,-64,,,,,,"
263,眣,7723,traditional_or_variant,unicode_encoded,die,58,7,"58,-64,0,7,-8,-5,-8,-7,-4,-64,0,-2,-8,-2,-2,2,-3,2,-8,-64,0,-6,-5,-3,-4,-64,0,6,-8,3,-5,-64,0,0,-2,0,5,-3,8,3,14,-64,0,0,3,2,7,-5,17,-64,0,-6,5,0,-1,5,4,-64,-64,,,,,,"
264,瞋,778B,traditional_or_variant,unicode_encoded,chen,90,13,"90,-64,0,0,-1,-1,9,-2,11,-3,15,-64,0,0,9,2,11,2,16,-64,0,-4,7,3,7,-64,0,-4,5,3,4,-64,0,-4,5,-4,7,-64,0,3,5,3,7,-64,0,0,0,-7,4,-64,0,0,0,6,4,-64,0,4,-4,-6,-1,-64,0,4,-12,4,-4,-64,0,4,-8,-3,-8,-3,-6,3,-6,-64,0,3,-12,1,-9,-64,0,-1,-5,-2,-2,-64,-64,,,,,,"
265,眉,7709,in_simplified_set,unicode_encoded,mei,72,9,"72,-64,0,7,-14,-7,-9,-7,-2,-64,0,0,-10,-1,-6,1,-3,3,-6,2,-11,-64,0,-7,-11,-5,-11,-5,-10,-64,0,-7,-3,-1,-6,-64,0,7,-13,3,-7,-64,0,1,-14,3,-15,3,-12,-64,0,-2,-13,0,-14,0,-11,-64,0,1,-2,-3,5,-64,0,1,-1,2,2,1,15,-64,-64,,,,,,"
266,自,81EA,in_simplified_set,unicode_encoded,zi,64,8,"64,-64,0,0,-13,0,-5,-4,-2,-64,0,0,-5,3,-3,-64,0,-6,-8,-4,0,-5,4,-3,6,-6,12,-2,15,-64,0,5,-9,3,5,5,11,3,13,-64,0,-4,0,3,0,-64,0,-4,3,3,3,-64,0,-1,12,-1,15,-64,0,2,10,2,15,-64,-64,,,,,,"
267,魯,9B6F,in_simplified_set,unicode_encoded,lu,112,13,"112,-64,0,0,-13,-4,-6,-2,-2,-3,5,-64,0,0,-13,4,-7,4,3,5,6,-64,0,-1,-10,1,-8,2,-11,-64,0,1,-8,1,1,-2,5,-64,0,1,1,5,6,-64,0,-5,-1,-5,-5,-4,-7,-3,-7,3,-7,5,-8,7,-7,7,-2,-64,0,-5,-3,-4,-5,-64,0,-2,-4,4,-4,-64,0,-2,-2,4,-2,-64,0,-2,0,3,0,-64,0,5,-5,6,-6,7,-5,-64,0,-5,9,6,9,-64,0,-5,6,-5,11,0,13,5,11,6,4,-64,-64,,,,,,"
268,協,5354,traditional_or_variant,unicode_encoded,xie,62,9,"62,-64,0,-6,-14,-1,-14,-64,0,-7,-10,-1,-11,-64,0,-5,-10,-5,5,-64,0,-2,-5,-1,-1,1,-1,2,-6,-64,0,-2,-4,1,-4,-64,0,5,-14,5,1,2,5,-64,0,5,1,8,5,-64,0,5,-14,2,-8,-64,0,5,-14,8,-8,-64,-64,,,,,,"
269,百,767E,in_simplified_set,unicode_encoded,bai,38,5,"38,-64,0,-7,-14,6,-15,-64,0,-8,-11,-6,5,6,5,-64,0,-1,-15,-2,-6,-7,-2,6,-2,-64,0,5,-11,6,5,-64,0,-1,-12,5,-3,-64,-64,,,,,,"
270,習,7FD2,in_simplified_set,unicode_encoded,xi,62,8,"62,-64,0,-6,-16,-2,-10,-2,0,-64,0,1,-17,4,-12,4,0,-64,0,-7,-10,-2,-7,-64,0,-6,-6,-2,-3,-64,0,1,-11,4,-9,-64,0,1,-6,4,-4,-64,0,1,1,-3,6,0,9,4,7,4,4,0,1,-64,0,0,4,1,5,-64,-64,,,,,,"
271,羽,7FBD,in_simplified_set,unicode_encoded,yu,52,6,"52,-64,0,-4,-12,-5,-8,-4,-3,2,-3,6,-6,6,-13,-4,-12,-64,0,-5,-8,6,-9,-64,0,-4,-2,-5,8,0,14,-64,0,2,-2,3,7,0,14,-64,0,-4,3,2,3,-64,0,-4,6,2,6,-64,-64,,,,,,"
272,翊,7FCA,in_simplified_set,unicode_encoded,yi,88,13,"88,-64,0,3,-11,-1,-4,2,14,-64,0,3,-11,8,-7,-64,0,5,-9,3,-1,7,7,-64,0,8,-7,5,-1,-64,0,1,-7,6,-4,-64,0,5,2,4,6,-64,0,7,8,3,13,-64,0,6,6,1,8,-64,0,5,2,1,4,-64,0,-5,-10,-6,3,-8,9,-64,0,-6,2,-3,7,-64,0,-10,8,-1,7,-64,0,-8,-1,-5,-7,-2,-2,-64,-64,,,,,,"
273,隹,96B9,in_simplified_set,unicode_encoded,zhui,74,8,"74,-64,0,0,-10,7,-11,7,-7,0,-5,-64,0,2,-10,10,-3,-64,0,-1,-5,-1,3,5,7,5,10,-64,0,0,-5,1,-3,5,-3,5,1,2,2,-64,0,6,-1,9,3,9,12,-64,0,-1,3,-3,6,-3,6,-1,7,2,8,-64,0,-1,8,-2,12,0,15,-64,0,-2,10,1,11,-64,-64,,,,,,"
274,隻,96BB,in_simplified_set,unicode_encoded,zhi,64,8,"64,-64,0,0,-10,5,-11,5,-8,-64,0,-1,-7,5,-7,-64,0,2,-11,4,-6,9,-3,9,5,-64,0,-1,-7,-2,-3,6,-1,6,8,-64,0,0,-2,-1,10,-64,0,2,1,-1,3,-64,0,1,4,3,7,0,12,-64,0,0,7,2,12,1,16,-64,-64,,,,,,"
275,雀,96C0,in_simplified_set,unicode_encoded,que,76,11,"76,-64,0,-7,-5,3,-9,-64,0,3,-9,3,-6,-64,0,3,-6,-5,0,0,9,-64,0,-2,-2,2,6,-64,0,-1,-7,5,2,4,8,-64,0,-1,9,-4,13,-2,16,-64,0,0,9,1,11,0,12,-64,0,-2,12,-1,13,-64,0,-7,-10,-7,-7,-64,0,-3,-13,-3,-9,-64,0,3,-13,4,-10,-64,-64,,,,,,"
276,雉,96C9,in_simplified_set,unicode_encoded,zhi,90,11,"90,-64,0,1,-10,6,-13,7,-9,-64,0,4,-11,8,-4,8,3,-64,0,6,-9,1,-4,3,2,0,10,-64,0,2,3,3,10,-64,0,3,-6,5,-3,5,3,-64,0,-7,-10,-5,-14,-2,-10,-64,0,-5,-13,-5,6,-6,7,-3,11,-64,0,-4,4,-4,8,-7,11,-64,0,-1,-7,-7,-7,-7,-4,-64,0,-2,-2,-2,2,-6,2,-64,0,-7,-4,-2,-2,-64,-64,,,,,,"
277,雞,96DE,in_simplified_set,unicode_encoded,ji,166,22,"166,-64,0,1,-13,2,-8,4,-7,5,-9,3,-14,-64,0,2,-10,5,-10,-64,0,4,-7,4,0,0,3,0,9,-64,0,4,-1,5,3,5,11,-64,0,1,2,2,4,-64,0,1,5,2,6,-64,0,4,4,5,6,6,4,-64,0,5,-12,7,-11,7,-11,6,-2,-64,0,8,-13,7,-11,-64,0,9,-10,7,-9,-64,0,10,-9,6,-7,-64,0,7,-4,9,0,9,7,-64,0,7,3,9,1,11,3,-64,0,-3,-14,-3,-10,-64,0,-3,-10,-5,-8,-3,-5,-1,-7,-3,-10,-64,0,-3,-5,-4,2,-64,0,-4,2,-7,10,-64,0,-4,0,-3,9,-64,0,-8,0,-3,-3,-1,-2,-64,0,-5,-17,-6,-11,-4,-10,-64,0,-5,-15,-4,-13,-64,0,-6,-13,-4,-11,-64,-64,,,,,,"
278,雏,96CF,traditional_or_variant,unicode_encoded,chu,98,12,"98,-64,0,6,-19,2,-12,3,-4,1,2,0,5,-64,0,8,-17,5,-12,7,-4,4,0,3,4,-64,0,4,-16,6,-14,-64,0,2,-13,6,-13,-64,0,7,-4,9,-2,10,3,5,6,-64,0,10,3,9,6,-64,0,-3,-17,-6,-6,-2,-1,-64,0,-1,-8,-4,-4,-5,6,-64,0,-1,-6,-1,-1,-64,0,-2,-5,-1,-4,1,-6,-64,0,-2,-14,-2,-9,-64,0,-3,-12,-2,-11,0,-13,-64,-64,,,,,,"
279,離,96E2,in_simplified_set,unicode_encoded,li,72,10,"72,-64,0,-3,-10,-3,-1,-64,0,4,-9,4,-1,-64,0,4,-9,-3,-5,-64,0,-3,-8,4,-4,-64,0,-3,-1,4,-1,-64,0,-4,4,4,3,-64,0,0,0,0,8,-64,0,4,-21,0,-19,0,-17,4,-16,4,-15,-2,-10,-64,0,1,-12,1,-8,-64,0,2,-20,2,-16,-1,-13,-64,-64,,,,,,"
280,雝,96DD,in_simplified_set,unicode_encoded,yong,62,7,"62,-64,0,1,-13,-2,-9,-64,0,1,-13,3,-9,-2,-6,1,-1,-64,0,0,-8,5,-3,-64,0,0,-11,6,-6,8,-2,-64,0,1,-2,-1,2,-64,0,-5,3,3,2,3,7,-5,8,-5,3,-64,0,0,5,0,13,8,12,8,5,-1,5,-64,-64,,,,,,"
281,雇,96C7,in_simplified_set,unicode_encoded,gu,68,9,"68,-64,0,-3,-16,-2,-4,-64,0,-2,-15,2,-15,3,-6,-2,-6,-64,0,-2,-11,2,-11,-64,0,5,-2,3,-3,-1,-2,-1,13,-64,0,4,-2,1,2,-64,0,-1,1,8,4,8,11,-64,0,-1,4,5,6,5,12,-64,0,-1,5,3,10,-64,0,1,-2,2,0,-64,-64,,,,,,"
282,鸿,9E3F,traditional_or_variant,unicode_encoded,hong,66,8,"66,-64,0,3,-17,6,-12,6,-9,3,-5,2,-2,9,3,-64,0,4,-15,4,-9,11,-2,-64,0,7,-5,4,0,4,2,8,6,-64,0,-2,-13,-2,-2,-64,0,4,3,4,8,5,11,-64,0,4,5,6,7,-64,0,-4,-13,0,-13,-64,0,-5,-3,0,-2,-64,-64,,,,,,"
283,萑,8411,in_simplified_set,unicode_encoded,huan,76,8,"76,-64,0,10,-12,2,-8,3,-5,10,-1,10,5,6,7,5,14,-64,0,5,-9,7,-7,5,-4,-2,0,-64,0,8,-3,3,4,2,11,-64,0,2,-2,4,1,-64,0,3,-1,0,3,-1,5,-1,9,-3,11,-64,0,9,6,11,11,-64,0,4,-10,5,-14,7,-13,-64,0,3,-11,2,-14,1,-10,-64,-64,,,,,,"
284,雚,96DA,in_simplified_set,unicode_encoded,guan,110,13,"110,-64,0,-2,-6,7,-6,7,-3,-2,-2,-64,0,3,-12,3,-5,8,1,8,7,-64,0,-2,-2,-2,2,4,1,4,5,2,7,-64,0,-1,2,-1,9,-5,12,-64,0,3,-12,0,-16,-2,-13,-64,0,3,-13,6,-16,9,-14,-64,0,-3,-12,-3,-9,-2,-9,0,-9,0,-12,-64,0,-3,-11,0,-11,-64,0,-4,6,-2,10,-64,0,-3,11,-2,13,-64,0,0,8,2,9,-64,0,5,-12,5,-9,8,-9,8,-13,-64,0,5,-11,8,-12,-64,-64,,,,,,"
285,舊,820A,in_simplified_set,unicode_encoded,jiu,64,7,"64,-64,0,-5,-8,3,-13,2,-7,-4,-3,-5,9,-64,0,-1,-10,5,-2,5,6,-64,0,-2,-4,1,0,1,6,-64,0,-4,4,-2,9,-64,0,-7,5,-7,11,-4,14,0,11,-1,6,-64,0,-2,-10,-5,-13,-5,-9,-64,0,-1,-11,-1,-14,1,-13,-64,-64,,,,,,"
286,蔑,8511,in_simplified_set,unicode_encoded,mie,78,10,"78,-64,0,-6,1,8,0,-64,0,3,-2,1,-2,5,-2,-64,0,3,-3,2,11,-64,0,0,11,5,11,-64,0,-6,-6,-6,-12,2,-15,-64,0,-4,-13,-3,-9,-2,-9,-1,-10,-2,-13,-64,0,2,-15,0,-10,-6,-7,-64,0,-2,-9,-2,-6,0,-5,-5,5,-64,0,-4,-15,-4,-13,-64,0,-1,-16,0,-14,-64,-64,,,,,,"
287,羊,7F8A,in_simplified_set,unicode_encoded,yang,36,5,"36,-64,0,-3,-11,0,-4,3,-11,-64,0,-3,-11,-7,-2,-64,0,4,-12,8,-3,-64,0,0,-3,0,11,-64,0,-4,-1,1,5,5,-1,-64,-64,,,,,,"
288,芈,8288,in_simplified_set,unicode_encoded,mi,44,6,"44,-64,0,-5,-12,0,-3,4,-12,-64,0,0,-3,0,11,-64,0,-6,-13,-8,-4,-64,0,4,-13,7,-4,-64,0,-5,0,-1,5,5,0,-64,0,-2,-13,0,-10,2,-14,-64,-64,,,,,,"
289,羔,7F94,in_simplified_set,unicode_encoded,gao,76,10,"76,-64,0,-4,-9,0,-5,3,-9,-64,0,0,-10,0,-2,-64,0,0,-2,-4,4,-64,0,0,-2,3,5,-64,0,-1,-10,-6,-16,-8,-11,-64,0,0,-10,4,-16,8,-12,-64,0,-3,-13,0,-17,2,-13,-64,0,-7,-4,-6,6,1,10,7,5,7,-4,-64,0,7,-3,3,3,-64,0,-7,-3,-4,2,-64,-64,,,,,,"
290,美,7F8E,in_simplified_set,unicode_encoded,mei,84,13,"84,-64,0,-3,-4,4,-4,-64,0,0,-4,0,5,-3,10,-64,0,0,4,3,11,-64,0,-4,-9,0,-4,-64,0,0,-4,4,-9,-64,0,-4,-9,-7,-5,-64,0,4,-9,6,-7,-64,0,0,-2,-6,3,-64,0,0,-2,6,2,-64,0,-5,-15,0,-10,0,-5,-64,0,0,-11,4,-17,-64,0,-5,-15,-8,-8,-64,0,4,-17,8,-11,-64,-64,,,,,,"
291,羌,7F8C,in_simplified_set,unicode_encoded,qiang,62,7,"62,-64,0,-6,-7,4,-11,-64,0,-7,-9,-6,-14,-1,-9,1,-14,5,-13,-64,0,-1,-9,-5,1,-64,0,-1,-7,1,-2,-1,11,-64,0,4,-11,2,-6,5,-3,-64,0,4,-11,7,-5,3,0,5,3,-64,0,5,-3,8,0,5,3,6,8,-64,-64,,,,,,"
292,羴,7FB4,in_simplified_set,unicode_encoded,shan,106,12,"106,-64,0,-4,-8,-3,0,-64,0,3,-10,3,-1,-64,0,-6,-4,-3,0,-1,-5,-64,0,-8,-7,-8,-10,-4,-8,0,-11,-1,-9,-64,0,0,-5,3,-1,5,-5,-64,0,1,-7,1,-11,4,-9,7,-12,7,-7,-64,0,-9,7,-8,1,-4,5,-1,1,-1,6,-64,0,-4,4,-4,13,-64,0,-7,8,-4,13,-2,9,-64,0,0,8,0,4,3,6,6,2,7,7,-64,0,3,6,3,14,-64,0,0,9,3,14,6,8,-64,-64,,,,,,"
293,霍,970D,in_simplified_set,unicode_encoded,huo,136,19,"136,-64,0,-2,-15,4,-15,-64,0,-5,-12,5,-12,-64,0,-4,-12,-4,-5,-64,0,5,-12,7,-7,-64,0,1,-12,1,-6,-64,0,0,-5,2,0,-1,7,2,13,-64,0,0,-4,0,1,4,4,-64,0,0,3,3,5,-64,0,-1,6,2,8,-64,0,-7,-5,-4,-1,-7,6,-6,12,-64,0,-6,-4,-6,0,-2,3,-64,0,-5,2,-3,4,-64,0,-6,4,-4,7,-64,0,-7,6,-4,10,-64,0,6,-6,8,-2,7,2,5,6,6,11,-64,0,6,-4,6,-1,9,3,-64,0,7,3,9,6,-64,0,6,5,8,7,-64,0,5,8,9,10,-64,-64,,,,,,"
294,雥,96E5,in_simplified_set,unicode_encoded,za,122,15,"122,-64,0,-7,-11,-1,-12,-1,-12,-1,-8,-6,-8,-64,0,-5,-11,0,-6,-64,0,-6,-8,-6,-5,-4,-1,-64,0,-6,-7,-3,-5,-64,0,-6,-4,-3,-3,-64,0,2,-11,8,-14,8,-10,-64,0,4,-13,9,-8,-64,0,7,-10,2,-8,3,-5,5,-4,5,1,-64,0,4,-9,7,-6,-64,0,9,-8,9,-4,-64,0,7,-6,6,-1,-64,0,0,2,4,2,5,4,-1,5,0,8,3,8,4,14,-64,0,1,8,1,11,-1,12,-1,14,-64,0,1,11,1,13,-64,0,1,2,8,8,-64,-64,,,,,,"
295,集,96C6,in_simplified_set,unicode_encoded,ji,70,9,"70,-64,0,-4,-12,5,-12,-64,0,-3,-12,-3,-7,4,-7,3,-1,-64,0,0,-11,0,-7,-5,-5,-8,0,-64,0,4,-6,-3,-2,-5,2,-64,0,3,-2,-1,1,-3,6,-64,0,3,-2,3,16,-64,0,0,5,2,8,-64,0,6,0,2,5,-64,0,-2,14,3,11,6,13,-64,-64,,,,,,"
296,鳥,9CE5,in_simplified_set,unicode_encoded,niao,92,11,"92,-64,0,0,-12,0,-9,2,-8,3,-10,3,-12,0,-12,-64,0,0,-13,-4,-12,-5,-9,-64,0,-4,-12,0,-9,-64,0,3,-10,3,-3,8,3,8,8,-64,0,1,-9,-3,1,1,6,1,11,-64,0,0,-4,1,-2,0,0,-64,0,4,0,1,5,-64,0,3,2,4,9,-64,0,-3,1,-4,4,-1,9,-64,0,-3,6,-6,10,-5,15,-64,0,-4,9,-3,11,-64,-64,,,,,,"
297,鳳,9CF3,traditional_or_variant,unicode_encoded,feng,170,22,"170,-64,0,-6,-9,-1,-9,-2,-6,-6,-4,-8,0,-6,5,-8,9,-64,0,-5,-9,-3,-4,3,-2,-64,0,-5,-3,0,2,-64,0,-2,-2,-5,0,-64,0,-8,0,-9,5,-64,0,-8,-1,-3,2,-64,0,-3,2,-3,7,-5,9,-3,10,-1,8,-3,7,-64,0,-4,-12,-3,-9,-64,0,-5,-14,-4,-12,-2,-14,-2,-14,-64,0,-6,-14,-2,-14,-64,0,1,1,-1,4,1,8,4,3,1,1,-64,0,-5,-11,-2,-11,-64,0,-4,9,-4,13,-64,0,-2,10,-2,14,-64,0,-1,8,1,11,0,14,-64,0,2,6,4,9,4,12,-64,0,3,4,6,7,6,11,-64,0,1,1,6,2,-64,0,2,-10,1,-5,-64,0,1,-9,5,-9,-64,0,1,-6,5,-6,-64,0,5,-13,6,-2,-64,-64,,,,,,"
298,鶾,9DBE,in_simplified_set,unicode_encoded,han,56,7,"56,-64,0,6,-18,6,-7,-64,0,5,-17,0,-14,-3,-10,-64,0,7,-4,2,-8,2,-5,6,-1,8,5,-64,0,5,-1,3,7,-64,0,5,-5,0,3,-64,0,-2,-9,-4,-1,-3,2,-6,7,-64,0,-3,-8,0,-3,-64,-64,,,,,,"
299,鳴,9CF4,in_simplified_set,unicode_encoded,ming,134,17,"134,-64,0,3,-14,-1,-11,0,-9,6,-10,-64,0,0,-15,4,-10,-64,0,-2,-14,-1,-12,-64,0,3,-11,5,-13,-64,0,4,-9,5,-4,4,1,1,5,-64,0,5,-7,6,-8,7,-5,5,-4,-64,0,2,-5,2,-1,0,2,-64,0,2,-2,0,-1,-64,0,1,-9,1,-5,-3,1,0,5,-64,0,1,6,3,8,3,12,-64,0,3,3,5,8,5,11,-64,0,4,2,7,5,8,9,-64,0,-1,4,-2,7,-5,8,-5,11,-64,0,-3,7,-3,10,-64,0,-8,-6,-8,-2,-5,-2,-64,0,-4,-6,-5,-2,-64,0,-8,-5,-5,-5,-64,-64,,,,,,"
300,棄,68C4,in_simplified_set,unicode_encoded,qi,116,18,"116,-64,0,-2,-13,2,-13,-64,0,-3,-10,2,-10,-64,0,-2,-13,-3,-10,-64,0,2,-13,2,-10,-64,0,1,-15,2,-14,-64,0,5,-13,4,-10,-64,0,-6,-11,-5,-9,-64,0,-3,-7,3,-7,-64,0,0,-10,0,-4,-64,0,-5,-2,-6,8,5,9,5,-3,-64,0,-7,-3,-3,-3,-64,0,3,-3,6,-3,-64,0,4,0,-6,7,-64,0,-5,0,4,7,-64,0,-6,8,-10,14,-64,0,-9,7,-6,13,-64,0,7,5,7,9,5,12,-64,0,5,7,8,12,-64,-64,,,,,,"
301,冓,5193,in_simplified_set,unicode_encoded,gou,80,10,"80,-64,0,1,-15,1,-6,4,-3,7,-6,8,-15,-64,0,11,-13,2,-6,-64,0,-1,-13,6,-6,-64,0,3,-3,1,0,0,5,-64,0,4,-3,5,1,5,4,-64,0,-1,3,3,0,8,3,-64,0,-6,1,-3,-4,-3,3,-64,0,-1,8,1,14,3,6,-64,0,0,11,7,6,-64,0,-3,-14,-3,-10,-6,-7,-64,-64,,,,,,"
302,再,518D,in_simplified_set,unicode_encoded,zai,48,6,"48,-64,0,-5,-13,5,-13,-64,0,0,-13,-5,-8,-6,10,-64,0,0,-13,6,-7,3,-1,5,10,-64,0,-1,-4,-1,2,-4,5,-8,7,-64,0,-4,5,4,5,-64,0,-1,0,9,7,-64,-64,,,,,,"
303,爯,722F,in_simplified_set,unicode_encoded,cheng,52,6,"52,-64,0,0,-5,-5,0,-2,6,-6,11,-64,0,0,-5,4,0,3,7,5,11,-64,0,-7,8,0,0,8,8,-64,0,-2,-17,1,-11,-2,-7,-1,-2,-64,0,1,-12,2,-9,-64,0,-1,-9,2,-7,-64,-64,,,,,,"
304,幼,5E7C,in_simplified_set,unicode_encoded,you,36,3,"36,-64,0,-5,-5,-5,-3,-8,-1,-2,6,-5,10,-7,6,-5,2,-2,0,-5,-5,-64,0,-4,-18,-4,-7,-11,-3,-64,0,-10,-8,-9,-1,-64,-64,,,,,,"
305,游,6E38,traditional_or_variant,unicode_encoded,you,38,3,"38,-64,0,-4,-13,-7,-6,-1,1,-64,0,-3,-13,-2,-6,-7,3,-4,7,-1,1,-64,0,5,-13,1,-6,7,3,4,7,1,1,5,-5,5,-13,-64,-64,,,,,,"
306,幽,5E7D,in_simplified_set,unicode_encoded,you,64,5,"64,-64,0,-1,0,-2,4,-7,5,-64,0,-2,2,1,5,5,5,-64,0,-6,-11,-8,-7,-5,-3,-6,0,-8,-3,-4,-8,-6,-11,-64,0,-8,1,-7,8,-3,11,2,11,5,6,6,0,-64,0,3,-11,1,-8,4,-3,2,0,1,-4,4,-8,2,-10,-64,-64,,,,,,"
307,叀,53C0,traditional_or_variant,unicode_encoded,zhuan,56,6,"56,-64,0,-4,-17,0,-14,4,-18,-64,0,0,-18,1,3,-64,0,0,-14,-4,-9,-4,0,0,3,4,1,4,-10,0,-14,-64,0,-4,-6,3,-9,-64,0,-3,-2,3,-5,-64,0,0,3,-2,7,0,10,3,7,1,3,-64,-64,,,,,,"
308,疐,7590,in_simplified_set,unicode_encoded,zhi,68,8,"68,-64,0,6,-8,-4,-7,-5,-4,-2,0,5,0,9,-4,6,-8,-64,0,-5,-4,8,-4,-64,0,-1,-18,1,-16,3,-18,-64,0,1,-19,1,0,-64,0,-3,-8,-3,-15,1,-8,4,-16,6,-9,-64,0,1,2,1,10,-64,0,1,10,-2,4,-64,0,-1,6,6,3,-64,-64,,,,,,"
309,爰,7230,in_simplified_set,unicode_encoded,yuan,46,6,"46,-64,0,2,-14,-6,2,-64,0,-4,-18,-2,-15,-5,-10,-3,-8,-64,0,1,-2,-5,5,-64,0,-3,-2,-1,4,-1,8,-2,10,-64,0,-2,-15,-1,-13,-64,0,-3,-13,-2,-11,-64,-64,,,,,,"
310,受,53D7,in_simplified_set,unicode_encoded,shou,68,9,"68,-64,0,-4,-9,0,-4,6,0,-64,0,-7,-7,-2,1,3,3,-64,0,-3,-9,-5,-5,-64,0,1,-3,-1,1,-64,0,2,-2,2,2,-64,0,-2,-15,1,-12,-1,-7,-64,0,-2,-13,1,-9,-64,0,-4,1,-1,5,5,6,-64,0,0,2,-1,7,3,10,4,14,-64,-64,,,,,,"
311,啮,556E,traditional_or_variant,unicode_encoded,nie,46,7,"46,-64,0,-2,-3,0,-14,-64,0,-1,-10,4,-6,-64,0,-5,-2,-5,12,-64,0,-5,-2,3,-2,2,11,-64,0,-1,2,-2,7,-64,0,-9,-2,-9,5,-64,0,6,-3,6,2,-64,-64,,,,,,"
312,死,6B7B,in_simplified_set,unicode_encoded,si,70,8,"70,-64,0,2,-11,0,-8,1,-6,3,-8,2,-11,-64,0,1,-10,-7,-11,-8,6,-3,8,-4,10,-8,9,-6,14,-64,0,-7,-7,-2,-3,-3,7,-64,0,1,-3,2,4,-64,0,0,4,6,3,7,10,-64,0,0,4,2,10,-64,0,5,4,1,6,-64,0,2,-1,-1,2,-64,-64,,,,,,"
313,冎,518E,in_simplified_set,unicode_encoded,gua,40,6,"40,-64,0,-7,-17,-6,-9,-64,0,-7,-13,1,-8,-64,0,2,-11,2,-4,-64,0,-7,-4,-7,2,-64,0,1,0,2,8,-64,0,0,-8,-7,-1,1,4,-64,-64,,,,,,"
314,剐,5250,traditional_or_variant,unicode_encoded,gua,42,5,"42,-64,0,2,-12,2,-5,-64,0,7,-5,8,2,-64,0,8,-14,2,-9,7,-2,1,3,-64,0,-2,-15,-1,-5,-5,3,-4,9,-1,13,-64,0,-4,0,0,8,-64,-64,,,,,,"
315,骨,9AA8,in_simplified_set,unicode_encoded,gu,42,5,"42,-64,0,-5,-13,-4,-9,4,-9,5,-14,-64,0,-2,-9,-6,13,5,11,3,3,4,-9,-64,0,-2,-8,3,-4,-64,0,-2,1,-1,8,-64,0,1,4,-1,5,-64,-64,,,,,,"
316,肉,8089,in_simplified_set,unicode_encoded,rou,22,2,"22,-64,0,-7,-11,4,-9,5,-5,3,0,0,2,-8,2,-64,0,-3,-11,-3,2,-64,-64,,,,,,"
317,膏,818F,in_simplified_set,unicode_encoded,gao,80,10,"80,-64,0,-9,-2,5,-3,-64,0,-10,-2,-9,5,-64,0,5,-3,5,4,-64,0,-11,-6,-3,-12,6,-6,-64,0,-7,-4,-7,-8,2,-8,2,-3,-64,0,-2,-1,-3,4,-5,8,-64,0,-2,-1,0,3,-1,7,-5,11,-64,0,-3,5,-2,7,-64,0,-6,10,-6,15,-4,16,1,15,1,8,-64,0,-6,12,1,12,-64,-64,,,,,,"
318,腹,8179,in_simplified_set,unicode_encoded,fu,106,14,"106,-64,0,-6,-5,-1,-5,-64,0,-6,-3,0,-2,-64,0,-5,-5,-4,-3,-4,-3,-64,0,-2,-5,-3,-3,-64,0,-5,-3,-5,3,-6,4,0,4,-2,2,-1,-2,-64,0,-3,4,-4,7,-64,0,-2,4,-1,7,-64,0,-6,6,0,6,-64,0,-1,11,-2,7,-3,8,-3,12,-64,0,-2,8,-5,11,-7,14,-64,0,-2,-12,3,-9,2,-5,-64,0,0,-11,-1,-7,2,-5,-64,0,2,-4,4,2,-64,0,-2,-14,-6,-7,-64,-64,,,,,,"
319,胾,80FE,in_simplified_set,unicode_encoded,zi,42,6,"42,-64,0,-6,-12,9,-13,-64,0,6,-18,2,-18,4,6,-64,0,-3,-10,0,-4,-3,4,-64,0,1,8,8,4,-64,0,-3,-9,-6,1,-64,0,-4,-5,-2,0,-64,-64,,,,,,"
320,刀,5200,in_simplified_set,unicode_encoded,dao,22,2,"22,-64,0,3,-17,-1,-12,0,-6,3,2,2,6,-4,10,-64,0,0,-5,-6,6,-64,-64,,,,,,"
321,利,5229,in_simplified_set,unicode_encoded,li,60,8,"60,-64,0,-9,-7,-6,-14,-2,-11,-3,9,-64,0,-9,7,-3,0,2,6,-64,0,-6,-7,-2,-3,-64,0,2,-15,-2,-9,-64,0,5,-15,5,-2,2,2,-64,0,4,-10,5,-10,-1,-3,-64,0,1,-11,0,-7,-64,0,1,-3,0,0,-64,-64,,,,,,"
322,初,521D,in_simplified_set,unicode_encoded,chu,50,6,"50,-64,0,-8,-8,-1,-16,5,-10,-64,0,-4,-5,-3,1,3,3,-64,0,-2,-9,-7,-4,-64,0,-1,-1,2,-1,1,-6,0,-8,5,-5,-64,0,9,-16,8,3,2,8,-64,0,8,-4,4,0,-64,-64,,,,,,"
323,剛,525B,in_simplified_set,unicode_encoded,gang,56,8,"56,-64,0,-4,-13,-3,9,-64,0,4,-14,4,7,-64,0,-3,-10,3,-1,-64,0,3,-9,-2,-1,-64,0,-2,0,4,6,-64,0,3,0,-3,4,-64,0,11,-15,9,-11,9,0,11,4,5,11,-64,0,9,0,6,5,-64,-64,,,,,,"
324,副,526F,in_simplified_set,unicode_encoded,fu,64,9,"64,-64,0,-3,-14,2,-9,1,-7,-64,0,2,-15,-3,-9,-2,-7,-64,0,-6,-6,6,-6,-64,0,0,-6,0,14,-64,0,-3,2,0,7,3,3,-64,0,-6,-12,-6,11,-64,0,7,-13,6,-6,6,13,-64,0,-6,9,5,9,-64,0,-6,11,6,11,-64,-64,,,,,,"
325,删,5220,in_simplified_set,unicode_encoded,shan,48,7,"48,-64,0,-10,-5,1,-9,-64,0,-10,-1,1,-5,-64,0,-8,-13,-8,3,-64,0,-5,-10,-5,2,-64,0,-3,-11,-2,1,-64,0,6,-16,4,-12,3,5,-2,8,-64,0,3,-2,-2,3,-64,-64,,,,,,"
326,剥,5265,in_simplified_set,unicode_encoded,bo,34,4,"34,-64,0,5,-18,3,-13,3,-3,4,2,0,8,-64,0,3,-3,-1,4,-64,0,-1,-14,-3,0,-64,0,-7,-14,-6,-9,-2,-6,-64,-64,,,,,,"
327,刖,5216,in_simplified_set,unicode_encoded,yue,82,12,"82,-64,0,-3,-12,-3,-4,-6,-3,-64,0,-8,-5,-3,-10,0,-6,-64,0,-3,-4,-1,-3,-64,0,-6,-3,-6,13,-64,0,-1,-3,-1,3,-64,0,-8,11,-3,11,-4,13,-9,13,-64,0,2,0,2,9,-64,0,0,2,2,3,-64,0,-1,4,2,5,-64,0,-1,7,2,7,-64,0,2,8,8,12,-64,0,5,6,2,13,-64,-64,,,,,,"
328,刜,521C,in_simplified_set,unicode_encoded,fu,66,9,"66,-64,0,0,-12,11,-13,-64,0,0,-8,11,-8,-64,0,0,-12,0,-8,-64,0,11,-8,11,-5,-1,-3,-64,0,2,-15,2,-1,-64,0,5,-15,5,-1,-64,0,9,-15,9,0,-64,0,-5,-16,-5,-8,-5,-3,-5,-3,-6,-1,-2,9,-64,0,-5,-3,0,3,-64,-64,,,,,,"
329,切,5207,traditional_or_variant,unicode_encoded,qie,68,9,"68,-64,0,-5,-10,-5,7,-64,0,-9,-12,-5,-10,-1,-15,-64,0,-9,-12,-9,-5,-64,0,-12,-6,-9,-9,-9,-9,-7,-6,-64,0,-1,-15,-1,-8,-64,0,-3,-8,-1,-12,2,-9,-64,0,-10,4,-5,-2,-1,4,-64,0,6,-15,5,-3,0,2,-64,0,5,-8,-1,-3,-64,-64,,,,,,"
330,翼,7FFC,traditional_or_variant,unicode_encoded,yi,54,5,"54,-64,0,-4,-16,-5,-9,-9,-2,-7,1,-5,-2,-64,0,-4,-9,-1,-5,-2,0,-4,1,-4,-1,-64,0,-10,-12,-7,-5,-2,-5,-1,-12,-64,0,5,-8,2,-3,4,3,3,8,-1,13,-64,0,3,1,-1,7,-64,-64,,,,,,"
331,刃,5203,in_simplified_set,unicode_encoded,ren,26,3,"26,-64,0,-5,-13,-5,3,-2,8,6,8,-64,0,-5,-1,1,4,4,3,-64,0,-1,-11,1,-1,-64,-64,,,,,,"
332,㓞,34DE,traditional_or_variant,unicode_encoded,qia,40,6,"40,-64,0,-5,-10,-4,11,-64,0,-1,-7,-8,-3,-64,0,-1,-3,-9,1,-64,0,-1,1,-8,5,-64,0,-1,-13,7,1,0,11,-64,0,4,-4,-1,6,-64,-64,,,,,,"
333,耤,8024,in_simplified_set,unicode_encoded,ji,104,13,"104,-64,0,-5,-12,-5,3,-64,0,-8,2,-2,-1,-64,0,-5,3,-8,10,-64,0,-5,3,-3,6,-6,12,-64,0,-6,6,-4,7,-64,0,-8,9,-5,9,-64,0,-4,-12,-2,-9,-3,-6,-64,0,-3,-5,-1,-2,-1,0,-2,2,-64,0,-4,-9,-2,-9,2,-4,4,-8,-64,0,-2,-2,-1,-2,2,1,5,0,-64,0,-1,3,1,5,1,9,-64,0,-1,7,6,8,-1,9,-64,0,4,-14,4,-9,8,-4,5,8,-64,-64,,,,,,"
334,角,89D2,in_simplified_set,unicode_encoded,jiao,52,6,"52,-64,0,-5,-16,-3,-9,-9,1,-3,7,-2,4,-64,0,-5,-16,3,-9,5,-1,2,7,0,4,-64,0,-1,-8,-1,-4,-7,-2,-64,0,-1,-5,4,-1,-64,0,-1,-1,-6,3,-64,0,-1,-1,4,3,-64,-64,,,,,,"
335,解,89E3,in_simplified_set,unicode_encoded,jie,134,17,"134,-64,0,-3,-13,-1,-6,-2,0,-4,1,-5,-1,-64,0,-2,-11,-7,-5,-9,-3,-8,1,-7,-1,-64,0,-3,-7,-6,-5,-64,0,-4,-7,-3,-5,-2,-4,-64,0,-5,-4,-7,-3,-64,0,-5,-4,-3,-1,-64,0,-8,-12,-8,-9,-10,-4,-11,-2,-64,0,-8,-8,-7,-7,-64,0,-9,-5,-8,-4,-64,0,-6,-11,-5,-9,-64,0,-1,-12,0,-11,-64,0,3,-12,3,-9,0,-7,-64,0,2,-8,1,-4,0,-2,-64,0,2,-7,0,-5,-64,0,-2,2,-3,16,-64,0,-6,-1,-6,5,-2,7,3,5,3,-1,-64,0,-5,9,-2,11,2,8,-64,-64,,,,,,"
336,竹,7AF9,in_simplified_set,unicode_encoded,zhu,26,3,"26,-64,0,-7,0,0,-15,7,7,-64,0,-9,-3,-3,-7,-2,1,-64,0,0,4,4,-1,11,1,-64,-64,,,,,,"
337,箙,7B99,in_simplified_set,unicode_encoded,fu,90,11,"90,-64,0,-7,-4,6,-4,-64,0,-4,-13,-2,-10,-2,-7,-4,-7,-4,-9,-1,-13,-64,0,-3,-7,-3,5,-64,0,-6,1,-3,5,-1,1,-64,0,1,-15,4,-9,3,-7,1,-7,1,-8,3,-13,-64,0,3,-7,2,4,-64,0,0,1,2,4,4,0,-64,0,-5,6,5,6,-64,0,-8,-10,-6,10,-64,0,-6,8,6,8,-64,0,6,-10,6,8,6,8,-64,-64,,,,,,"
338,箕,7B95,in_simplified_set,unicode_encoded,ji,60,8,"60,-64,0,-5,-14,-4,0,4,0,4,-13,-64,0,7,-12,0,-6,-9,8,-64,0,-10,0,-4,6,-64,0,-7,-12,0,-7,3,-1,-64,0,4,0,7,9,-64,0,8,-1,6,3,2,6,-64,0,-3,-15,-3,-12,-64,0,0,-15,0,-11,-64,-64,,,,,,"
339,典,5178,in_simplified_set,unicode_encoded,dian,72,11,"72,-64,0,-2,-3,9,-3,-64,0,-3,0,10,0,-64,0,-3,-9,-2,1,-64,0,1,-5,1,2,-64,0,5,-9,5,0,-64,0,-5,-6,-5,0,-3,4,-64,0,-3,-4,-6,1,-7,7,-64,0,10,-1,12,9,-64,0,13,-2,9,5,-64,0,-1,6,7,6,-64,0,-1,10,7,10,-64,-64,,,,,,"
340,奠,5960,in_simplified_set,unicode_encoded,dian,60,8,"60,-64,0,-5,-14,5,-14,-64,0,-6,-10,6,-10,-64,0,-6,-10,-3,0,-3,4,1,8,4,5,4,-1,6,-10,-64,0,-5,-5,4,-5,-64,0,-3,-1,4,-2,-64,0,-5,9,6,9,-64,0,-1,-14,-2,-7,-64,0,1,-14,2,-7,-64,-64,,,,,,"
341,工,5DE5,in_simplified_set,unicode_encoded,gong,26,3,"26,-64,0,-5,-13,8,-14,-64,0,-5,-3,-5,5,8,5,8,-3,-5,-3,-64,0,2,-14,2,-4,-64,-64,,,,,,"
342,巫,5DEB,in_simplified_set,unicode_encoded,wu,38,6,"38,-64,0,-7,-2,6,-2,-64,0,-1,-10,-1,6,-64,0,-7,-6,-6,4,-64,0,-6,-11,3,-10,-64,0,-5,7,4,7,-64,0,6,-9,6,3,-64,-64,,,,,,"
343,甘,7518,in_simplified_set,unicode_encoded,gan,30,3,"30,-64,0,-7,-4,7,-4,7,-4,-64,0,-7,-7,-7,2,0,7,7,2,7,-8,7,-8,-64,0,-4,0,4,0,-64,-64,,,,,,"
344,曰,66F0,in_simplified_set,unicode_encoded,yue,30,3,"30,-64,0,-1,-13,-1,2,4,5,11,3,11,-14,-64,0,-1,-3,6,-2,11,-4,-64,0,2,-8,7,-8,7,-8,-64,-64,,,,,,"
345,𠕋,2054B,traditional_or_variant,unicode_encoded,ce,74,11,"74,-64,0,-6,-10,8,-10,8,-10,-64,0,-6,-6,9,-6,-64,0,-3,-11,-3,0,-64,0,-1,-16,-1,-5,-64,0,1,-12,1,-4,-64,0,3,-15,3,-4,-64,0,6,-12,6,-2,-64,0,8,-12,8,-5,-64,0,-6,-11,-6,-6,-64,0,-5,3,8,3,-64,0,-7,-4,-7,6,9,6,9,-3,-64,-64,,,,,,"
346,曹,66F9,traditional_or_variant,unicode_encoded,cao,74,10,"74,-64,0,-2,-11,-2,-1,-64,0,4,-12,4,-1,-64,0,0,-11,-5,-5,0,-2,-64,0,-5,-10,1,-6,-5,-1,-64,0,-5,-5,1,-6,-64,0,6,-12,2,-6,6,-3,-64,0,2,-11,8,-7,2,-2,-64,0,2,-6,8,-7,-64,0,-4,1,6,1,-64,0,-7,-1,-2,4,5,4,8,-3,-64,-64,,,,,,"
347,乃,4E43,in_simplified_set,unicode_encoded,nai,24,2,"24,-64,0,-6,-11,9,-13,-64,0,8,-13,8,-10,5,-6,4,6,1,9,-5,10,-6,10,-64,-64,,,,,,"
348,硵,7875,traditional_or_variant,unicode_encoded,lu,64,7,"64,-64,0,-3,7,-3,-6,4,-15,4,-15,-64,0,1,6,1,-7,4,-15,-64,0,-4,8,3,7,7,1,5,-5,4,-15,-64,0,-1,-7,4,-7,-64,0,-3,-2,3,-2,-64,0,-3,2,3,1,-64,0,-7,-5,-7,7,1,12,9,7,9,-5,9,-5,-64,-64,,,,,,"
349,丂,4E02,in_simplified_set,unicode_encoded,kao,20,2,"20,-64,0,-7,-6,2,-5,10,-8,-64,0,2,-5,1,2,-7,8,-8,8,-64,-64,,,,,,"
350,甹,7539,traditional_or_variant,unicode_encoded,ping,48,6,"48,-64,0,-4,-14,-4,-3,1,-1,7,-3,6,-15,-64,0,-4,-8,7,-8,-64,0,-4,-11,6,-11,-64,0,1,-15,2,-2,-64,0,-5,3,3,3,7,2,-64,0,1,3,3,10,6,13,-64,-64,,,,,,"
351,寧,5BE7,traditional_or_variant,unicode_encoded,ning,66,7,"66,-64,0,-6,-4,-6,-11,-1,-15,4,-10,4,-4,-64,0,-4,-10,-3,-8,-3,-4,-3,-2,1,-2,1,-4,1,-10,1,-10,-64,0,-3,-2,-4,0,-64,0,1,-2,2,0,2,0,-64,0,-6,0,4,0,-64,0,-4,4,2,4,-64,0,0,4,0,9,-4,12,-64,-64,,,,,,"
352,可,53EF,in_simplified_set,unicode_encoded,ke,38,4,"38,-64,0,-7,-9,9,-15,-64,0,7,-14,6,-7,5,5,3,11,3,11,-64,0,-4,-5,-4,3,1,4,2,-6,2,-6,-64,0,-4,-2,1,-2,-64,-64,,,,,,"
353,兮,516E,in_simplified_set,unicode_encoded,xi,38,6,"38,-64,0,-8,-2,6,-2,-64,0,-8,-14,-4,-14,-64,0,2,-14,7,-14,-64,0,-6,-14,-6,-2,-64,0,4,-14,4,-2,-64,0,-1,-2,-1,12,-64,-64,,,,,,"
354,乎,4E4E,in_simplified_set,unicode_encoded,hu,34,5,"34,-64,0,-7,-2,9,-2,-64,0,0,-2,0,4,7,12,-64,0,-6,-14,-6,-7,-64,0,-1,-14,-1,-8,-64,0,3,-14,3,-7,-64,-64,,,,,,"
355,亏,4E8F,in_simplified_set,unicode_encoded,kui,40,4,"40,-64,0,-7,-11,-4,-11,2,-12,-64,0,-7,-4,2,-6,-64,0,-2,-11,-3,0,-6,9,-64,0,2,-16,2,-9,6,-9,6,-4,1,-2,0,5,-3,13,-64,-64,,,,,,"
356,粤,7CA4,in_simplified_set,unicode_encoded,yue,48,7,"48,-64,0,2,-14,-4,-10,-4,-2,-64,0,2,-14,7,-10,7,-4,-64,0,3,-11,-2,-4,-64,0,-1,-10,5,-5,-64,0,-3,-8,5,-9,-64,0,-1,-2,5,-2,-64,0,2,-2,1,11,-64,-64,,,,,,"
357,旨,65E8,in_simplified_set,unicode_encoded,zhi,38,4,"38,-64,0,1,-14,-2,-6,1,-3,-1,5,-64,0,0,-11,6,-7,-64,0,-6,2,-6,8,-2,10,5,10,7,8,6,1,-64,0,-6,5,7,5,-64,-64,,,,,,"
358,喜,559C,in_simplified_set,unicode_encoded,xi,100,12,"100,-64,0,-2,-15,-2,-11,4,-11,4,-17,-64,0,1,-16,1,-7,-64,0,-3,-7,-3,-2,-1,-1,4,-1,6,-3,6,-7,-3,-7,-64,0,-1,-4,3,-4,-64,0,0,-1,-1,3,4,3,3,-1,3,-1,-64,0,-4,6,5,5,-64,0,-4,3,-4,9,3,9,5,7,5,1,-64,0,-6,-10,-6,-7,-64,0,-5,0,-5,2,-64,0,6,-15,6,-13,-64,0,8,-7,8,-4,-64,0,7,-3,7,0,-64,-64,,,,,,"
359,壴,58F4,in_simplified_set,unicode_encoded,zhu,74,8,"74,-64,0,0,-15,0,-1,-64,0,-3,-15,-3,-11,0,-10,2,-11,2,-15,-64,0,-3,-9,0,-7,2,-10,-64,0,-4,-2,-4,2,-2,4,3,4,5,1,4,-2,-4,-2,-64,0,-2,0,-2,2,1,2,1,0,-2,0,-64,0,-2,4,-3,10,-64,0,1,4,2,10,-64,0,-5,10,4,10,-64,-64,,,,,,"
360,彭,5F6D,in_simplified_set,unicode_encoded,peng,76,10,"76,-64,0,2,-14,2,-3,-64,0,-3,-13,-3,-7,6,-7,6,-13,6,-13,-64,0,-3,-4,-2,3,3,4,6,-2,4,-4,-3,-4,-64,0,0,0,3,0,-64,0,0,3,-2,8,-64,0,1,4,3,8,-64,0,-4,8,4,8,-64,0,8,-7,12,-4,-64,0,8,-2,10,3,-64,0,5,4,7,7,-64,-64,,,,,,"
361,鼓,9F13,in_simplified_set,unicode_encoded,gu,98,11,"98,-64,0,-3,-15,-3,-8,-64,0,-6,-14,-6,-11,-3,-10,-1,-11,-1,-15,-64,0,-7,-8,-7,-3,-4,-2,-1,-2,0,-4,0,-8,-7,-8,-64,0,-5,-5,-1,-5,-64,0,-4,-2,-5,3,-5,3,-64,0,-2,-2,-1,3,-64,0,-9,3,2,3,-64,0,3,-5,2,-8,4,-11,5,-7,3,-5,-64,0,3,-5,3,3,-64,0,3,-3,7,-3,7,1,3,8,-64,0,3,-1,7,4,8,14,-64,-64,,,,,,"
362,豆,8C46,in_simplified_set,unicode_encoded,dou,52,6,"52,-64,0,1,-13,1,-2,6,0,12,-1,13,-3,13,-14,13,-14,-64,0,1,-11,7,-10,13,-11,-64,0,1,-7,13,-7,-64,0,5,-1,5,9,5,9,-64,0,10,-1,10,9,-64,0,-1,9,15,9,-64,-64,,,,,,"
363,眷,7737,traditional_or_variant,unicode_encoded,juan,130,19,"130,-64,0,-1,-6,5,-6,-64,0,-1,-7,-1,-3,2,-2,5,-4,4,-7,-64,0,1,-2,0,1,-64,0,2,-3,4,1,-64,0,-1,1,5,1,-64,0,-2,-2,-3,1,-3,6,-64,0,-2,1,-7,7,-64,0,5,-3,7,0,5,4,5,4,-64,0,4,-1,10,7,-64,0,3,3,-1,6,-64,0,2,4,2,13,-64,0,4,6,-1,12,-1,12,-64,0,0,7,4,11,-64,0,-2,-15,-2,-13,-64,0,-1,-12,-1,-9,-64,0,1,-14,2,-13,-64,0,2,-11,2,-9,-64,0,4,-16,4,-12,-64,0,5,-11,5,-8,-64,-64,,,,,,"
364,糞,7CDE,traditional_or_variant,unicode_encoded,fen,72,9,"72,-64,0,2,-13,2,-5,5,-3,8,-3,10,-5,10,-13,-64,0,2,-8,10,-8,-64,0,4,-4,2,10,-64,0,7,-3,8,10,-64,0,-2,11,12,10,-64,0,2,-6,-2,0,-2,9,-64,0,-1,-8,-1,-3,1,0,-64,0,10,-5,11,-2,9,2,-64,0,9,-3,12,2,12,8,-64,-64,,,,,,"
365,豐,8C50,in_simplified_set,unicode_encoded,feng,116,16,"116,-64,0,-1,-5,7,-5,-64,0,3,-13,3,-1,-64,0,-1,-14,-1,-9,3,-8,7,-9,6,-14,-64,0,0,-17,2,-17,-64,0,0,-15,2,-15,-64,0,1,-17,1,-12,-64,0,0,-12,1,-12,-64,0,3,-17,6,-17,-64,0,3,-15,5,-15,-64,0,4,-17,4,-12,-64,0,3,-12,5,-12,-64,0,-1,-1,-1,4,7,4,7,-2,-1,-1,-1,-1,-64,0,1,1,5,1,-64,0,2,4,1,10,1,10,-64,0,4,4,5,10,-64,0,-3,9,3,11,9,9,-64,-64,,,,,,"
366,虍,864D,in_simplified_set,unicode_encoded,hu,50,6,"50,-64,0,0,-8,2,-6,10,-6,14,-8,13,-2,10,0,0,1,0,1,-64,0,0,-8,0,-4,-64,0,0,-1,-1,1,-64,0,3,-6,2,1,-64,0,7,-6,5,0,-64,0,8,-6,10,0,-64,-64,,,,,,"
367,虘,8658,in_simplified_set,unicode_encoded,cuo,70,10,"70,-64,0,0,-15,0,-9,-64,0,9,-16,9,-8,6,-5,-1,-2,-64,0,-2,-6,-1,1,-64,0,9,-13,4,-10,-64,0,0,-13,7,-7,-64,0,5,-5,4,-1,3,10,-64,0,6,-5,9,-1,9,10,-64,0,4,0,9,0,-64,0,3,5,9,5,-64,0,-1,10,12,10,-64,-64,,,,,,"
368,虎,864E,in_simplified_set,unicode_encoded,hu,136,17,"136,-64,0,13,-12,10,-10,5,-9,-64,0,13,-15,13,-12,-64,0,13,-15,10,-13,7,-14,-64,0,7,-15,7,-12,-64,0,10,-13,10,-10,-64,0,5,-11,5,-8,-64,0,9,-10,9,-7,7,-3,7,2,9,6,-64,0,10,-10,12,-6,13,-5,10,-1,11,2,14,6,11,10,12,12,16,11,-64,0,9,-9,6,-6,3,-4,3,-4,-64,0,2,-6,3,-2,-64,0,11,-8,8,-4,-64,0,9,-7,11,-3,-64,0,11,-3,7,1,-64,0,7,-3,10,1,9,5,-64,0,9,2,13,5,-64,0,13,6,5,8,-64,0,4,7,5,10,6,10,-64,-64,,,,,,"
369,虤,8664,in_simplified_set,unicode_encoded,yan,88,11,"88,-64,0,-2,-16,-2,-11,5,-9,5,-7,-64,0,-2,-15,4,-12,4,-15,-64,0,1,-14,1,-10,1,-2,4,-1,4,4,-64,0,1,-7,4,-6,-64,0,-1,-9,-1,0,1,2,1,6,-64,0,-2,3,1,4,-64,0,-3,3,-3,5,4,8,4,11,-64,0,4,8,-3,11,-64,0,-3,9,-3,12,-64,0,0,7,0,10,-64,0,1,9,4,11,-64,-64,,,,,,"
370,皿,76BF,in_simplified_set,unicode_encoded,min,54,5,"54,-64,0,-3,-12,-1,-9,-2,-1,-3,1,2,5,6,4,9,1,7,-6,8,-12,10,-9,8,-5,7,-5,-64,0,-3,-12,-4,-8,-2,-5,-64,0,0,3,-2,8,-64,0,7,3,8,8,-64,0,-4,8,10,8,-64,-64,,,,,,"
371,盂,76C2,in_simplified_set,unicode_encoded,yu,54,7,"54,-64,0,-3,-10,6,-15,-64,0,0,-7,6,-11,-64,0,2,-13,3,-6,2,0,-64,0,-4,-7,-4,1,2,5,6,1,7,-8,-64,0,0,4,-2,10,-2,10,-64,0,4,3,5,10,-64,0,-6,11,9,10,-64,-64,,,,,,"
372,盛,76DB,in_simplified_set,unicode_encoded,sheng,92,14,"92,-64,0,5,-11,5,-2,2,1,-64,0,-2,-10,-2,-3,2,1,-64,0,0,-1,-1,4,-64,0,3,0,3,4,-64,0,-4,4,5,4,-64,0,7,-9,7,-3,-64,0,7,-8,15,-6,7,-4,-64,0,9,-12,13,-12,-64,0,10,-12,10,10,-64,0,6,11,12,10,-64,0,-4,-10,-4,-6,-64,0,-2,-1,-4,2,-64,0,5,0,6,2,-64,0,6,-13,7,-11,-64,-64,,,,,,"
373,盧,76E7,in_simplified_set,unicode_encoded,lu,94,13,"94,-64,0,0,-2,8,-2,-64,0,0,-2,-2,1,1,3,6,3,8,0,7,-2,7,-2,-64,0,-2,1,8,0,-64,0,3,-2,3,3,-64,0,1,3,1,12,-64,0,6,3,6,12,-64,0,4,3,1,7,-64,0,4,3,6,8,-64,0,1,-9,7,-9,-64,0,2,-14,4,-16,4,-3,-64,0,-1,-14,7,-12,-2,-9,-64,0,-1,-16,-1,-13,-64,0,-2,-12,-2,-7,-64,-64,,,,,,"
374,益,76CA,in_simplified_set,unicode_encoded,yi,70,9,"70,-64,0,3,-14,3,-10,-64,0,7,-15,7,-9,-64,0,-1,-11,2,-5,-1,0,2,4,2,8,-64,0,10,-11,7,-6,10,0,7,3,7,8,7,8,-64,0,-1,-10,-3,-5,-64,0,10,-11,13,-7,-64,0,-4,8,10,8,-64,0,3,-3,3,2,-64,0,6,-3,6,1,-64,-64,,,,,,"
375,盡,76E1,in_simplified_set,unicode_encoded,jin,78,9,"78,-64,0,2,-14,2,2,-64,0,-1,-4,2,-8,5,-5,-64,0,-1,0,2,-5,5,-1,-64,0,-4,-8,-4,-4,-2,-3,-2,1,-1,6,6,5,8,3,6,0,9,-6,-64,0,1,6,0,11,0,10,-64,0,4,5,5,10,-64,0,-3,11,9,10,-64,0,4,-12,10,-9,-64,0,5,-15,6,-13,4,-10,-64,-64,,,,,,"
376,盥,76E5,in_simplified_set,unicode_encoded,guan,74,10,"74,-64,0,11,-14,6,-8,6,-1,3,1,-64,0,6,-6,2,-2,-64,0,5,-8,2,-6,-64,0,1,-5,1,-3,-64,0,9,-10,9,-7,-64,0,6,2,7,1,-64,0,-1,-4,-1,1,1,4,7,4,11,0,11,-8,-64,0,3,4,3,9,-64,0,7,4,8,8,-64,0,3,9,8,8,-64,-64,,,,,,"
377,去,53BB,in_simplified_set,unicode_encoded,qu,52,7,"52,-64,0,2,-15,2,-4,-64,0,2,-11,-3,-6,-64,0,2,-11,7,-7,-64,0,2,-4,-2,-1,-4,5,-64,0,2,-4,9,1,9,10,-64,0,0,2,0,9,6,9,5,2,-64,0,0,5,5,5,-64,-64,,,,,,"
378,血,8840,in_simplified_set,unicode_encoded,xue,60,7,"60,-64,0,5,-7,3,-3,5,0,7,-3,5,-7,5,-7,-64,0,-1,-11,-1,-1,5,4,11,0,11,-11,-64,0,3,2,1,8,-64,0,8,2,10,7,-64,0,-2,8,6,9,13,6,-64,0,3,-9,-1,-5,-64,0,7,-9,11,-5,-64,-64,,,,,,"
379,聴,8074,traditional_or_variant,unicode_encoded,ting,82,11,"82,-64,0,-2,-6,3,-6,-64,0,-3,-16,-1,-12,-1,-6,-1,-6,-64,0,3,-16,2,-14,3,-6,-64,0,0,-6,-1,-3,3,-2,2,-6,-64,0,-3,2,3,1,6,0,-64,0,2,1,1,5,-1,12,-64,0,4,-6,4,-3,-64,0,-4,-8,-4,-4,-64,0,-3,-2,-3,0,-64,0,0,-2,0,0,-64,0,-1,-16,0,-13,-64,-64,,,,,,"
380,,,undetermined,not_encoded,xu,60,7,"60,-64,0,5,-11,6,-3,2,1,2,1,-64,0,-2,-10,-1,-2,2,1,2,1,-64,0,1,0,-1,5,-1,5,-64,0,3,0,5,4,-64,0,-3,6,7,4,-64,0,8,-14,9,-8,14,1,9,6,9,13,-64,0,11,-5,8,2,-64,-64,,,,,,"
381,主,4E3B,in_simplified_set,unicode_encoded,zhu,62,7,"62,-64,0,-2,-15,-4,-11,-4,-6,0,-4,0,-4,-64,0,3,-16,5,-11,5,-7,0,-4,-64,0,0,-15,-1,-7,2,-7,0,-15,-64,0,1,-4,1,11,-64,0,-3,-1,1,4,-3,10,-64,0,4,-3,1,0,-64,0,5,2,1,6,4,9,-64,-64,,,,,,"
382,丹,4E39,in_simplified_set,unicode_encoded,dan,32,5,"32,-64,0,0,-12,0,7,-64,0,10,-13,11,7,-64,0,0,-6,10,-7,-64,0,0,1,11,1,-64,0,3,-3,7,-3,-64,-64,,,,,,"
383,青,9752,in_simplified_set,unicode_encoded,qing,62,8,"62,-64,0,2,-14,1,-7,-64,0,-2,-13,1,-10,5,-14,-64,0,-3,-5,-3,7,7,7,6,-4,-3,-4,-3,-4,-64,0,1,0,1,0,1,0,-64,0,1,0,1,1,-64,0,1,0,1,0,-64,0,2,0,2,0,-64,0,2,0,2,1,-64,-64,,,,,,"
384,井,4E95,in_simplified_set,unicode_encoded,jing,34,4,"34,-64,0,1,-13,4,-6,3,3,0,9,-64,0,14,-16,12,-8,12,3,14,12,-64,0,0,-5,16,-7,-64,0,1,2,16,2,-64,-64,,,,,,"
385,皀,7680,traditional_or_variant,unicode_encoded,ji,72,10,"72,-64,0,-4,-7,8,-7,-64,0,-4,-7,-4,1,2,2,8,1,8,-7,-64,0,1,2,-3,11,-64,0,3,2,5,11,-64,0,2,-15,-2,-7,-64,0,2,-15,6,-7,-64,0,-2,-4,5,-4,-64,0,-7,10,-3,11,5,11,9,10,-64,0,-3,-15,-3,-11,-64,0,7,-16,7,-12,-64,-64,,,,,,"
386,即,5373,in_simplified_set,unicode_encoded,ji,68,8,"68,-64,0,5,-10,8,-5,7,0,3,0,3,0,-64,0,5,-10,2,-5,3,0,-64,0,2,-5,8,-5,8,-5,-64,0,3,0,1,5,-64,0,5,0,6,5,-64,0,0,5,8,5,-64,0,11,-13,14,-1,8,3,12,4,16,2,16,9,-64,0,11,-11,10,1,-64,-64,,,,,,"
387,既,65E2,in_simplified_set,unicode_encoded,ji,84,11,"84,-64,0,-4,-7,5,-7,-64,0,-4,-7,-4,-2,5,-2,5,-7,-64,0,1,-14,-2,-7,-64,0,1,-14,3,-7,-64,0,-1,-2,-2,4,-64,0,2,-2,3,3,-64,0,-4,4,4,3,-64,0,4,-13,12,-12,-64,0,4,-13,5,-9,12,-10,-64,0,9,-16,10,-2,6,-1,6,4,11,2,8,10,-64,0,9,-9,7,-6,7,-2,-64,-64,,,,,,"
388,冟,519F,traditional_or_variant,unicode_encoded,shi,70,10,"70,-64,0,6,-16,6,-6,-64,0,6,-6,3,-1,4,2,8,2,11,-2,6,-6,-64,0,3,-1,10,-3,-64,0,1,-11,12,-11,-64,0,1,-13,1,-9,-64,0,12,-14,12,-9,-64,0,3,-16,8,-16,-64,0,5,2,4,9,-64,0,7,2,9,10,-64,0,2,8,10,10,-64,-64,,,,,,"
389,鬯,9B2F,traditional_or_variant,unicode_encoded,chang,86,11,"86,-64,0,-4,-14,-4,0,-1,2,6,2,-64,0,9,-14,9,-2,6,2,-64,0,-4,-9,9,-10,-3,1,-64,0,-4,-9,6,1,-64,0,-4,-14,1,-10,1,-10,-64,0,6,-10,6,-14,9,-14,-64,0,1,-7,4,-7,-64,0,-3,-5,-2,-4,-64,0,6,-5,6,-3,-64,0,0,2,0,7,2,12,5,8,5,2,-64,0,2,3,2,7,-64,-64,,,,,,"
390,爵,7235,in_simplified_set,unicode_encoded,jue,74,10,"74,-64,0,-4,-12,15,-12,-64,0,-3,-10,4,-6,2,2,0,8,-64,0,14,-10,9,-6,9,-3,11,-3,9,-1,9,-1,-64,0,8,-2,12,10,-64,0,1,4,10,4,-64,0,10,-16,10,-12,-64,0,9,-16,8,-14,-64,0,10,-16,11,-14,-64,0,6,-4,6,1,-64,0,6,4,6,12,-64,-64,,,,,,"
391,食,98DF,in_simplified_set,unicode_encoded,shi,74,11,"74,-64,0,-4,0,6,0,-64,0,-4,0,-4,5,-1,7,6,6,5,0,-64,0,-1,2,5,2,-64,0,1,-9,3,0,-64,0,0,7,0,11,-64,0,1,-9,-3,0,-64,0,3,7,4,10,-64,0,-1,11,7,10,-64,0,1,-17,-5,-9,-64,0,1,-17,6,-10,-64,0,-3,-12,4,-13,-64,-64,,,,,,"
392,饔,9954,traditional_or_variant,unicode_encoded,yong,82,11,"82,-64,0,0,-1,12,-1,-64,0,1,-1,1,5,12,5,12,-1,-64,0,6,5,4,12,-64,0,8,5,9,12,-64,0,2,12,11,12,-64,0,6,-11,2,-1,-64,0,6,-12,10,-1,-64,0,3,-13,0,-8,0,-4,2,-2,-64,0,4,-10,-1,-7,-3,-2,-64,0,10,-12,13,-7,12,-2,-64,0,9,-10,14,-7,15,-3,-64,-64,,,,,,"
393,養,990A,in_simplified_set,unicode_encoded,yang,72,11,"72,-64,0,-1,-16,1,-11,-64,0,-1,-16,-3,-12,-64,0,3,-16,1,-11,-64,0,3,-16,5,-12,-64,0,1,-11,0,-5,-64,0,-1,-11,0,-8,-64,0,3,-11,1,-8,-64,0,3,-8,10,-3,-64,0,6,-6,1,3,-64,0,3,-1,5,4,-1,7,-64,0,2,2,4,6,4,12,-64,-64,,,,,,"
394,饗,9957,traditional_or_variant,unicode_encoded,xiang,80,7,"80,-64,0,3,-12,2,-7,0,-5,3,-2,6,-5,3,-12,3,-12,-64,0,1,-6,5,-6,-64,0,3,-2,2,2,3,5,5,1,3,-2,-64,0,0,-12,-4,-1,0,2,0,5,-5,2,-3,8,-1,9,-1,9,-64,0,-1,-11,-1,2,-64,0,8,-12,12,-2,7,0,7,4,12,1,8,10,-64,0,8,-12,8,0,-64,-64,,,,,,"
395,合,5408,in_simplified_set,unicode_encoded,he,36,5,"36,-64,0,1,-12,-7,-1,-64,0,1,-12,8,-2,-64,0,-3,-6,5,-7,-64,0,-3,2,-2,10,6,8,5,0,-64,0,-3,5,5,3,-64,-64,,,,,,"
396,今,4ECA,in_simplified_set,unicode_encoded,jin,30,4,"30,-64,0,6,-12,0,-4,-2,7,-64,0,6,-12,12,-4,13,9,-64,0,0,-4,12,-4,-64,0,2,4,9,4,-64,-64,,,,,,"
397,會,6703,in_simplified_set,unicode_encoded,hui,60,8,"60,-64,0,-3,-7,8,-7,-64,0,-3,-7,-2,-1,7,-1,8,-7,8,-7,-64,0,0,-5,5,-5,-64,0,2,-17,-4,-9,-64,0,2,-17,8,-9,-64,0,-2,-12,6,-12,-64,0,-4,0,-2,7,7,7,8,0,-64,0,-3,3,8,3,-64,-64,,,,,,"
398,倉,5009,in_simplified_set,unicode_encoded,cang,66,9,"66,-64,0,6,-9,6,5,-64,0,1,-9,1,2,6,2,-64,0,1,-7,6,-7,-64,0,1,-3,6,-3,-64,0,3,-16,2,-12,-2,-10,-64,0,3,-16,10,-10,-64,0,2,-12,7,-12,-64,0,0,4,0,9,4,10,7,8,8,4,-64,0,0,6,7,6,-64,-64,,,,,,"
399,入,5165,in_simplified_set,unicode_encoded,ru,16,2,"16,-64,0,-2,-13,-10,0,-64,0,-2,-13,3,-6,10,-1,-64,-64,,,,,,"
400,内,5185,in_simplified_set,unicode_encoded,nei,32,4,"32,-64,0,-2,-14,-2,7,-64,0,-2,-14,11,-14,11,7,-64,0,3,-14,4,-3,-2,3,-64,0,4,-3,7,0,11,1,-64,-64,,,,,,"
401,缶,7F36,in_simplified_set,unicode_encoded,fou,40,5,"40,-64,0,1,-15,1,1,-64,0,1,-9,-5,-2,-64,0,1,-9,9,-4,-64,0,-4,3,7,3,-64,0,-4,0,-4,7,1,8,6,8,7,6,7,-2,-64,-64,,,,,,"
402,矢,77E2,in_simplified_set,unicode_encoded,shi,36,5,"36,-64,0,3,-17,3,3,-64,0,3,-17,-2,-8,-64,0,3,-17,7,-9,-64,0,3,2,1,6,5,12,-64,0,3,2,5,6,-1,12,-64,-64,,,,,,"
403,射,5C04,traditional_or_variant,unicode_encoded,she,60,8,"60,-64,0,2,-15,4,13,-64,0,2,-14,-4,-4,-2,1,-4,4,4,12,-64,0,-9,1,1,1,-64,0,1,1,4,-2,8,3,-64,0,1,1,4,3,8,-2,-64,0,-9,1,-6,-1,-64,0,-9,1,-5,4,-64,0,-4,-11,2,-15,-64,-64,,,,,,"
404,侯,4FAF,in_simplified_set,unicode_encoded,hou,50,7,"50,-64,0,0,-12,0,12,-64,0,0,-12,11,-16,-64,0,6,-12,6,-2,-64,0,6,-2,4,2,9,10,-64,0,6,-3,9,2,4,7,4,11,-64,0,6,-11,2,-4,-64,0,6,-11,10,-5,-64,-64,,,,,,"
405,高,9AD8,in_simplified_set,unicode_encoded,gao,72,10,"72,-64,0,-2,-17,-2,-13,-6,-10,-64,0,-2,-17,1,-12,5,-11,-64,0,-3,-12,-3,-3,-64,0,1,-12,1,-3,-64,0,-3,-8,1,-8,-64,0,-3,-5,1,-5,-64,0,-6,-3,-6,5,-64,0,-7,-3,6,-3,6,6,-64,0,0,7,0,11,3,11,3,6,-64,0,0,8,3,8,-64,-64,,,,,,"
406,亳,4EB3,traditional_or_variant,unicode_encoded,bo,82,12,"82,-64,0,-6,-2,7,-2,-64,0,-1,-16,-7,-8,-64,0,-1,-16,6,-9,-64,0,-4,-12,-4,-2,-64,0,4,-11,4,-2,-64,0,-4,-8,4,-8,-64,0,-4,-6,4,-6,-64,0,-5,-2,-5,8,-64,0,7,-2,6,8,-64,0,-5,1,0,4,7,1,-64,0,-5,3,1,7,6,3,-64,0,3,1,0,2,0,9,-2,13,-64,-64,,,,,,"
407,央,592E,in_simplified_set,unicode_encoded,yang,52,7,"52,-64,0,3,-10,3,3,3,3,-64,0,3,2,0,6,-2,11,-64,0,3,2,6,11,-64,0,-5,-15,-5,-6,11,-6,11,-16,-64,0,-1,-10,7,-10,-64,0,3,-4,-4,2,-64,0,3,-4,10,1,-64,-64,,,,,,"
408,郭,90ED,traditional_or_variant,unicode_encoded,guo,88,13,"88,-64,0,-1,-6,10,-6,-64,0,0,-6,0,1,9,1,9,-6,-64,0,4,-16,-2,-9,-64,0,4,-16,11,-9,-64,0,2,-14,2,-6,-64,0,7,-13,7,-6,-64,0,2,-11,7,-11,-64,0,2,-9,7,-9,-64,0,3,1,3,6,-64,0,7,1,7,6,-64,0,3,3,7,3,-64,0,-2,4,5,12,13,3,13,3,-64,0,0,6,10,6,-64,-64,,,,,,"
409,京,4EAC,in_simplified_set,unicode_encoded,jing,56,9,"56,-64,0,-9,-1,6,-1,-64,0,-4,-14,-11,-6,-64,0,-4,-14,6,-6,-64,0,-7,-10,-6,-1,-64,0,1,-10,2,-2,-64,0,-7,-10,1,-10,-64,0,-9,-1,-9,8,-64,0,6,-1,6,8,-64,0,-2,-1,-1,14,-64,-64,,,,,,"
410,亯,4EAF,traditional_or_variant,unicode_encoded,xiang,64,9,"64,-64,0,-11,0,5,1,-64,0,-11,0,-11,5,5,7,5,1,-64,0,-4,-8,-4,0,-64,0,1,-8,1,0,1,0,-64,0,-4,-5,1,-5,-64,0,-4,-2,1,-2,-64,0,-2,-14,-9,-8,-9,-8,-64,0,-2,-14,6,-7,-64,0,-9,-9,6,-7,-64,-64,,,,,,"
411,纯,7EAF,traditional_or_variant,unicode_encoded,chun,110,15,"110,-64,0,-8,-6,2,-8,-64,0,-8,-6,-7,-3,2,-5,2,-9,-64,0,-5,-11,-5,-7,-5,-7,-64,0,-1,-12,-1,-7,-64,0,-4,-15,-8,-11,-8,-11,-64,0,-3,-15,2,-12,-64,0,-8,-11,2,-12,-64,0,-7,-1,-4,-1,-64,0,-1,-2,2,-3,-64,0,-5,1,-3,3,-3,13,-64,0,0,0,-3,3,-3,3,-64,0,-7,5,-5,1,-5,1,-64,0,0,0,1,3,-64,0,-5,4,-3,8,0,4,-64,0,-6,7,-3,10,0,7,-64,-64,,,,,,"
412,厚,539A,traditional_or_variant,unicode_encoded,hou,72,10,"72,-64,0,-8,-3,5,-8,-64,0,-6,-4,-4,13,-64,0,-7,-14,-6,-10,-2,-10,1,-11,1,-17,-64,0,-4,-10,-4,-5,-64,0,0,-11,0,-6,-64,0,-7,-13,1,-15,-64,0,4,-8,4,3,-5,10,-64,0,-3,-5,3,4,3,3,-64,0,-5,0,1,6,-64,0,-5,1,4,-4,-64,-64,,,,,,"
413,畐,7550,traditional_or_variant,unicode_encoded,fu,78,11,"78,-64,0,-5,-5,3,-5,-64,0,-5,-5,-6,-1,-6,2,2,2,2,2,-64,0,-6,-1,3,-1,-64,0,-1,-5,-1,2,-64,0,3,-5,4,-1,2,3,-64,0,-5,-14,-4,-5,-64,0,-1,-14,0,-5,-64,0,-6,-14,3,-15,-64,0,-6,-10,4,-10,-64,0,-4,2,-2,9,0,12,-64,0,1,2,0,12,-64,-64,,,,,,"
414,良,826F,in_simplified_set,unicode_encoded,liang,56,7,"56,-64,0,-9,-4,4,-4,-64,0,-8,-4,-7,3,4,1,4,1,-64,0,3,-4,3,1,-64,0,-1,-14,-5,-11,-5,-4,-64,0,2,-12,-1,-9,-1,-4,-64,0,-4,2,-4,7,-8,8,-64,0,0,2,-1,10,-9,13,-64,-64,,,,,,"
415,悋,608B,traditional_or_variant,unicode_encoded,lin,70,9,"70,-64,0,-2,-16,-2,-10,-64,0,-2,-11,-8,-1,-5,12,-64,0,-7,-2,-2,3,-1,8,-5,12,-64,0,-2,-11,7,-3,4,10,4,10,-64,0,-8,-11,-2,-13,7,-11,-64,0,3,-7,2,3,4,10,-64,0,-6,-4,1,-8,-64,0,-7,2,2,-4,-64,0,-2,4,3,2,-64,-64,,,,,,"
416,啚,555A,traditional_or_variant,unicode_encoded,bi,76,9,"76,-64,0,-8,5,8,5,-64,0,0,-6,0,1,0,1,-64,0,0,0,-4,5,-4,5,-64,0,0,-1,4,5,-64,0,0,-5,-4,0,-64,0,0,-4,3,-1,-64,0,-7,-13,-7,-6,7,-6,6,-14,-7,-13,-64,0,-3,5,-5,9,-2,13,-3,5,-64,0,4,5,1,10,3,13,5,9,4,5,-64,-64,,,,,,"
417,嗇,55C7,traditional_or_variant,unicode_encoded,se,94,13,"94,-64,0,-11,2,10,1,-64,0,0,-5,-11,2,-64,0,-1,-5,9,1,-64,0,-10,-7,-8,-16,-5,-12,-5,11,-64,0,-2,-15,-5,-13,-5,-13,-64,0,-8,-8,-5,-3,-5,-3,-64,0,1,-13,3,-2,-64,0,6,-15,2,-9,-64,0,5,-13,7,-8,-64,0,6,-7,3,-3,-64,0,7,1,7,11,-64,0,-2,2,-1,6,-2,8,-5,11,-64,0,7,1,3,8,7,11,-64,-64,,,,,,"
418,來,4F86,in_simplified_set,unicode_encoded,lai,42,6,"42,-64,0,-1,-13,0,13,-64,0,-7,1,-5,-6,-1,-2,-64,0,0,-3,6,-11,7,-1,-64,0,-1,2,-7,11,-64,0,0,1,6,10,-64,0,2,-16,-6,-7,-64,-64,,,,,,"
419,麥,9EA5,in_simplified_set,unicode_encoded,mai,58,8,"58,-64,0,-1,-16,-1,1,-64,0,-6,-4,-5,-10,-1,-7,-64,0,-1,-9,5,-15,5,-6,-64,0,-1,-4,-6,1,-64,0,-1,-4,5,1,-64,0,-1,1,-5,8,-64,0,-1,0,0,6,-2,11,-64,0,-3,5,3,8,4,12,-64,-64,,,,,,"
420,夊,590A,in_simplified_set,unicode_encoded,sui,22,3,"22,-64,0,-2,-14,5,7,-64,0,-2,-14,-4,9,-64,0,2,-3,-8,2,-10,12,-64,-64,,,,,,"
421,复,590D,in_simplified_set,unicode_encoded,fu,72,10,"72,-64,0,-1,-12,-1,-1,-64,0,-1,-12,5,-12,4,-1,-1,-1,-64,0,0,-16,0,-12,-64,0,0,-16,3,-16,3,-12,-64,0,0,-1,0,1,-64,0,3,-1,3,2,-64,0,-2,2,5,2,-64,0,2,2,-2,9,-64,0,2,2,2,7,0,11,-64,0,0,6,4,8,4,13,-64,-64,,,,,,"
422,夒,5912,in_simplified_set,unicode_encoded,nao,96,12,"96,-64,0,3,-9,8,-1,4,2,4,9,-64,0,-1,-15,-3,-12,-2,-10,-2,-4,-1,-4,2,-5,2,-10,4,-14,-64,0,-2,-14,3,-13,-64,0,-2,-10,2,-12,-64,0,-2,-7,2,-9,-64,0,6,-5,-3,0,-64,0,1,-4,1,-2,-64,0,2,-4,2,-3,-64,0,6,1,8,4,-64,0,-2,11,7,7,7,7,-64,0,6,6,7,10,-1,13,-64,0,-3,10,0,7,2,12,-64,-64,,,,,,"
423,夔,5914,in_simplified_set,unicode_encoded,kui,84,8,"84,-64,0,-3,-11,-5,-9,-4,-7,-1,-8,0,-10,-3,-11,-64,0,5,-13,-3,-11,-8,-8,-8,-5,3,-10,-64,0,-1,-13,-2,-16,-4,-13,-3,-11,-64,0,-3,-7,0,-3,-2,9,-1,9,-64,0,0,-3,-6,3,-64,0,-2,-5,3,-7,3,-3,-64,0,-7,9,1,7,3,8,-3,11,-4,11,-4,11,-64,0,-7,7,-2,8,-2,8,-64,-64,,,,,,"
424,舞,821E,in_simplified_set,unicode_encoded,wu,106,16,"106,-64,0,2,-15,2,2,-2,11,-64,0,2,1,6,6,7,11,-64,0,-6,-8,2,-10,12,-7,-64,0,-3,-8,-4,6,-64,0,9,-8,9,5,-64,0,-4,-5,-6,-3,-64,0,-3,-5,-1,-3,-64,0,-4,-2,-6,0,-64,0,-4,-2,-2,0,-64,0,-4,0,-7,4,-64,0,-4,0,-2,3,-64,0,6,-3,9,-6,-64,0,9,-6,12,-3,-64,0,5,0,9,-3,-64,0,9,-3,11,-1,-64,0,6,2,9,0,12,2,-64,-64,,,,,,"
425,韋,97CB,in_simplified_set,unicode_encoded,wei,50,5,"50,-64,0,-4,-6,-4,0,6,1,6,-7,-4,-6,-64,0,9,-14,1,-12,-5,-9,6,-10,-64,0,4,-16,1,-10,1,-10,-64,0,-4,4,7,3,5,6,-6,8,-64,0,0,3,-2,9,-6,13,-64,-64,,,,,,"
426,弟,5F1F,in_simplified_set,unicode_encoded,di,44,5,"44,-64,0,1,-11,1,9,-64,0,4,-15,1,-11,1,-11,-64,0,-1,-13,1,-11,1,-11,-64,0,-3,-5,6,-9,6,-5,-4,0,-3,5,7,2,-64,0,-1,10,4,7,-64,-64,,,,,,"
427,乘,4E58,in_simplified_set,unicode_encoded,cheng,46,6,"46,-64,0,2,-7,2,10,-64,0,-3,-6,2,2,9,-8,-64,0,-3,9,2,3,8,10,-64,0,2,-16,2,-10,0,-7,-64,0,2,-10,4,-8,-64,0,-2,-11,2,-15,7,-11,-64,-64,,,,,,"
428,木,6728,in_simplified_set,unicode_encoded,mu,24,3,"24,-64,0,1,-15,1,12,-64,0,-5,-14,1,-5,7,-15,-64,0,-4,8,1,1,6,8,-64,-64,,,,,,"
429,杏,674F,in_simplified_set,unicode_encoded,xing,36,4,"36,-64,0,-1,-14,-1,4,-64,0,-6,-14,-1,-7,5,-15,-64,0,-6,1,-1,-6,5,0,-64,0,-4,4,-4,9,5,9,5,3,-4,4,-64,-64,,,,,,"
430,杜,675C,in_simplified_set,unicode_encoded,du,50,6,"50,-64,0,-1,2,-4,-3,0,-10,4,-4,-1,2,-1,2,-64,0,-6,2,3,2,-64,0,7,-14,7,12,-64,0,3,-11,7,-5,13,-12,-64,0,3,3,7,-3,7,-3,-64,0,7,1,13,7,-64,-64,,,,,,"
431,柳,67F3,in_simplified_set,unicode_encoded,liu,56,7,"56,-64,0,0,-16,0,-1,-64,0,-5,-16,0,-11,5,-17,-64,0,-6,-3,0,-9,6,-4,-64,0,-1,-2,-1,11,-64,0,-1,-2,-5,3,-1,9,-1,9,-64,0,2,-3,2,8,4,12,-64,0,2,0,6,4,2,7,-64,-64,,,,,,"
432,杞,675E,in_simplified_set,unicode_encoded,qi,44,5,"44,-64,0,5,-15,5,2,-64,0,0,-13,5,-6,10,-12,-64,0,-2,3,5,-6,10,1,-64,0,10,3,-1,4,-1,4,-64,0,0,4,0,7,10,7,10,11,-2,11,-64,-64,,,,,,"
433,柏,67CF,in_simplified_set,unicode_encoded,bai,42,5,"42,-64,0,1,-3,-4,-7,-1,-14,3,-10,1,-3,1,-3,-64,0,-4,-7,3,-10,3,-10,-64,0,1,1,0,11,-64,0,-4,1,5,11,-64,0,5,0,-3,11,-64,-64,,,,,,"
434,樹,6A39,in_simplified_set,unicode_encoded,shu,76,10,"76,-64,0,-1,-14,-1,-5,-64,0,-3,-12,-1,-9,3,-13,-64,0,-5,-5,-1,-9,2,-6,-64,0,-3,-2,-3,5,3,4,2,-3,-4,-2,-64,0,-3,1,2,0,-64,0,-2,5,-2,8,-64,0,1,4,2,8,-64,0,-5,9,4,8,-64,0,6,-7,6,-2,8,0,5,6,-64,0,5,1,11,10,-64,-64,,,,,,"
435,朱,6731,in_simplified_set,unicode_encoded,zhu,46,6,"46,-64,0,1,-14,1,12,-64,0,-2,-16,-3,-8,1,-5,1,-5,-64,0,-4,-3,7,-3,-64,0,4,-16,7,-10,1,-5,-64,0,-7,7,1,-1,1,-1,-64,0,1,-1,10,8,-64,-64,,,,,,"
436,條,689D,in_simplified_set,unicode_encoded,tiao,52,5,"52,-64,0,-4,-6,0,-14,2,-14,4,-13,-1,-4,-64,0,-1,-12,4,-10,10,-4,-64,0,1,-7,1,13,-64,0,-2,-4,-2,2,1,3,3,1,4,-6,-64,0,-4,12,-2,6,1,4,5,5,5,10,-64,-64,,,,,,"
437,枚,679A,in_simplified_set,unicode_encoded,mei,52,7,"52,-64,0,0,-17,0,11,-64,0,-3,-15,0,-8,3,-17,-64,0,-2,-5,2,-5,-64,0,-4,8,0,0,3,6,-64,0,3,-13,5,-11,4,6,-64,0,4,-1,8,1,5,9,-64,0,5,2,9,11,-64,-64,,,,,,"
438,格,683C,in_simplified_set,unicode_encoded,ge,36,4,"36,-64,0,-3,-4,3,-15,5,-10,0,2,-64,0,0,-10,8,-2,4,5,-64,0,-2,2,-1,9,7,9,8,3,-64,0,-1,6,7,6,-64,-64,,,,,,"
439,槀,69C0,in_simplified_set,unicode_encoded,gao,98,14,"98,-64,0,-4,-6,10,-6,10,3,-64,0,-4,-6,-4,4,-64,0,3,-17,-3,-11,-64,0,3,-17,10,-11,-64,0,-1,-14,-1,-6,-64,0,6,-14,6,-6,-64,0,-1,-13,6,-13,-64,0,-1,-10,6,-10,-64,0,0,-3,0,10,-64,0,-2,-2,0,2,2,-2,2,-2,-64,0,-4,9,0,5,2,8,-64,0,5,-3,6,12,-64,0,4,-1,5,2,8,-2,-64,0,3,8,5,3,9,8,-64,-64,,,,,,"
440,杲,6772,in_simplified_set,unicode_encoded,gao,66,8,"66,-64,0,-2,-12,-2,-7,5,-7,6,-10,3,-12,-2,-12,-2,-12,-64,0,1,-10,3,-10,-64,0,-4,-14,-2,-12,-64,0,2,-17,2,-13,2,-12,-64,0,6,-10,9,-13,-64,0,2,-7,2,12,-64,0,-2,-4,2,2,8,-5,-64,0,-4,10,2,2,8,9,-64,-64,,,,,,"
441,杳,6773,in_simplified_set,unicode_encoded,yao,44,5,"44,-64,0,-1,-14,-1,2,-64,0,-4,-12,-1,-4,3,-12,-64,0,-6,1,-1,-4,4,0,-64,0,0,4,0,10,7,10,8,7,7,5,0,4,-64,0,2,6,5,6,-64,-64,,,,,,"
442,杗,6757,in_simplified_set,unicode_encoded,mang,50,7,"50,-64,0,1,-14,1,14,-64,0,7,-13,1,-7,-64,0,-2,0,1,3,-5,11,-64,0,1,3,6,9,-64,0,5,-7,5,3,-64,0,5,-2,9,-4,9,-4,-64,0,8,-11,9,2,8,9,-64,-64,,,,,,"
443,栅,6805,in_simplified_set,unicode_encoded,zha,86,11,"86,-64,0,-3,-11,-2,11,-64,0,2,-14,3,11,-64,0,7,-16,7,13,-64,0,0,-10,4,-7,4,-7,-64,0,-6,-8,-3,-3,0,-9,-64,0,-5,4,10,3,-64,0,3,-2,7,-7,5,-12,5,-12,-64,0,-5,8,-2,4,-1,8,-1,8,-64,0,0,9,3,3,5,9,5,9,-64,0,4,11,7,4,11,9,-64,0,7,-5,11,-9,-64,-64,,,,,,"
444,櫛,6ADB,traditional_or_variant,unicode_encoded,zhi,98,11,"98,-64,0,3,-14,1,-10,1,-6,3,-5,3,-5,-64,0,3,-14,3,-14,5,-10,3,-5,-64,0,1,-10,5,-10,-64,0,2,-5,1,-2,2,0,4,0,4,-2,3,-6,-64,0,2,2,2,9,-64,0,0,1,4,6,-64,0,0,7,5,1,-64,0,-2,9,2,10,6,9,-64,0,-4,-10,-2,-1,-4,5,-3,8,-64,0,8,-14,6,-1,11,-2,9,4,-64,0,7,-11,11,-6,6,-2,-64,-64,,,,,,"
445,木,6728,traditional_or_variant,unicode_encoded,mu,50,6,"50,-64,0,-5,-9,-3,-15,0,-10,-1,14,-64,0,0,-10,2,-15,4,-11,-64,0,-3,-9,0,-4,2,-9,-64,0,-7,-7,0,-1,0,-1,-64,0,0,3,6,-3,-64,0,-5,11,0,3,4,11,-64,-64,,,,,,"
446,槃,69C3,in_simplified_set,unicode_encoded,pan,90,11,"90,-64,0,3,-12,1,-9,1,2,4,5,-64,0,7,-13,5,-9,5,1,7,5,-64,0,1,-9,5,-9,-64,0,2,2,5,1,-64,0,3,4,5,2,-64,0,0,5,1,9,4,10,9,10,10,4,-64,0,1,7,9,7,-64,0,-4,-14,-1,-9,-4,-3,-2,3,-64,0,-3,1,-5,4,-6,12,-64,0,-3,-12,-4,-10,-3,-6,-64,0,-6,1,-2,6,-64,-64,,,,,,"
447,柄,67C4,in_simplified_set,unicode_encoded,bing,52,7,"52,-64,0,-1,-14,-1,2,-64,0,-6,-13,-1,-5,6,-13,-64,0,-4,0,-1,-4,3,-1,-64,0,-8,2,-8,13,-64,0,-8,2,7,2,7,12,-64,0,-1,2,-7,10,-8,10,-64,0,-2,2,7,9,-64,-64,,,,,,"
448,棊,68CA,in_simplified_set,unicode_encoded,qi,92,13,"92,-64,0,-1,-8,-1,1,9,1,9,-8,9,-8,-64,0,-3,-8,0,-8,-64,0,7,-8,11,-8,-64,0,-1,-7,9,0,-64,0,9,-6,0,1,-64,0,3,-17,3,-8,-64,0,1,-14,6,-10,-64,0,1,-10,3,-12,3,-12,-64,0,3,-13,7,-17,-64,0,-2,2,1,6,-64,0,0,1,-4,10,-64,0,8,1,10,4,11,11,-64,0,6,8,10,4,11,0,-64,-64,,,,,,"
449,臬,81EC,in_simplified_set,unicode_encoded,nie,78,10,"78,-64,0,3,-17,3,-12,-2,-9,-2,-6,0,-3,-64,0,3,-12,6,-9,7,-8,7,-5,6,-3,5,-6,-64,0,0,-3,1,-6,-64,0,-3,-14,-1,-10,-64,0,8,-13,5,-9,-64,0,-2,-9,6,-9,-64,0,2,-6,2,12,-64,0,-1,3,2,6,-64,0,2,4,8,-2,-64,0,-3,10,2,6,6,10,-64,-64,,,,,,"
450,樂,6A02,in_simplified_set,unicode_encoded,le,70,7,"70,-64,0,-2,-14,-4,-11,0,-5,-2,-3,-4,-6,0,-10,0,-12,-2,-14,-64,0,5,-15,3,-12,7,-7,4,-4,-64,0,5,-15,7,-11,3,-7,4,-4,-64,0,-2,-3,2,-1,1,12,-64,0,4,-4,2,-1,-64,0,-2,2,1,6,5,2,-64,0,-4,11,1,6,6,11,-64,-64,,,,,,"
451,采,91C7,in_simplified_set,unicode_encoded,cai,100,11,"100,-64,0,1,-11,-1,-8,-1,-5,1,-3,3,-6,3,-10,1,-11,1,-11,-64,0,1,-16,1,-11,-64,0,1,-3,1,12,-64,0,1,-15,-2,-11,-2,-7,-1,-3,-64,0,-1,-12,-1,-11,-64,0,-2,-10,-2,-9,-64,0,-4,-5,-5,-1,-3,2,-2,0,-4,-4,-64,0,7,-4,5,-2,4,1,4,1,-64,0,7,-4,6,1,1,5,-64,0,-3,2,1,5,1,5,-64,0,-4,10,1,5,6,10,-64,-64,,,,,,"
452,析,6790,in_simplified_set,unicode_encoded,xi,54,7,"54,-64,0,2,-15,3,10,-64,0,8,-17,2,-9,-64,0,-1,-9,2,-1,6,-4,6,-10,-64,0,-2,6,3,0,8,6,-64,0,6,-4,13,-13,-64,0,10,-10,12,-2,10,1,10,13,-64,0,6,-4,10,-4,-64,-64,,,,,,"
453,枼,67BC,traditional_or_variant,unicode_encoded,ye,70,7,"70,-64,0,1,-11,-1,-13,2,-16,4,-14,4,-12,1,-11,2,-11,-64,0,2,-11,2,11,-64,0,-3,-10,-5,-6,-5,-3,-2,-4,-3,-10,-64,0,9,-12,5,-8,6,-5,9,-7,8,-11,-64,0,-2,-6,2,0,6,-5,-64,0,-3,9,2,0,2,0,-64,0,2,4,6,10,-64,-64,,,,,,"
454,休,4F11,in_simplified_set,unicode_encoded,xiu,46,6,"46,-64,0,5,-16,6,12,-64,0,1,-13,5,-6,5,-6,-64,0,5,-7,9,-14,-64,0,0,8,6,1,10,8,-64,0,-1,-16,-4,-3,-64,0,-2,-11,2,-3,-1,1,-3,10,-64,-64,,,,,,"
455,楒,6952,traditional_or_variant,unicode_encoded,si,48,5,"48,-64,0,1,-16,1,-4,-64,0,-3,-15,1,-10,5,-17,-64,0,-3,-5,1,-10,5,-6,-64,0,-3,-2,-3,1,1,2,4,0,4,-5,-2,-3,-64,0,1,2,0,9,-2,11,-4,7,-64,-64,,,,,,"
456,東,6771,in_simplified_set,unicode_encoded,dong,44,5,"44,-64,0,7,-16,8,13,-64,0,4,-16,11,-7,13,1,5,11,-64,0,10,-17,7,-12,2,-4,3,3,10,10,-64,0,11,-7,7,-3,3,2,-64,0,4,-7,11,2,-64,-64,,,,,,"
457,曹,66F9,traditional_or_variant,unicode_encoded,cao,126,18,"126,-64,0,-4,-11,-4,9,-64,0,-1,-11,-4,-6,-64,0,-4,-6,-7,-1,-7,3,-4,5,-64,0,-4,5,-8,9,-64,0,-4,5,-2,7,-64,0,-7,-10,-4,-6,-64,0,-4,-6,-1,0,-64,0,-1,0,-4,5,-64,0,-7,0,-2,0,-64,0,3,-14,3,11,-64,0,1,-12,3,-9,-64,0,7,-13,3,-9,-64,0,3,-9,1,-4,1,-4,1,2,1,2,3,6,-64,0,3,-9,7,-1,-64,0,7,-1,6,3,6,3,3,6,-64,0,1,-1,6,-1,-64,0,3,6,0,9,-64,0,3,6,7,9,-64,-64,,,,,,"
458,林,6797,in_simplified_set,unicode_encoded,lin,64,10,"64,-64,0,-4,-10,-4,8,-64,0,-8,-7,-4,-1,-64,0,1,-10,-4,-3,-64,0,-4,-1,-9,7,-64,0,-4,-1,1,6,-64,0,4,-13,4,13,4,14,-64,0,0,-11,4,-4,-64,0,10,-12,4,-4,-64,0,4,3,0,10,-64,0,4,3,9,6,-64,-64,,,,,,"
459,楚,695A,in_simplified_set,unicode_encoded,chu,106,17,"106,-64,0,-3,-1,-2,2,-64,0,-2,2,3,1,-64,0,-3,-1,4,-2,-64,0,4,-2,3,1,-64,0,-4,-12,-3,-3,-64,0,-6,-12,-4,-9,-64,0,-1,-12,-4,-9,-64,0,-4,-9,-7,-2,-64,0,-4,-9,-2,-4,-64,0,3,-13,4,-4,-64,0,1,-12,3,-9,-64,0,6,-13,3,-9,-64,0,3,-9,1,-4,-64,0,3,-9,6,-4,-64,0,-2,6,1,14,-64,0,1,5,1,13,-64,0,-1,9,4,8,5,3,-64,-64,,,,,,"
460,麓,9E93,in_simplified_set,unicode_encoded,lu,192,30,"192,-64,0,-2,2,-2,-2,1,-4,5,-5,-64,0,-2,0,0,0,-64,0,0,-3,0,0,-64,0,1,-4,2,-2,-64,0,5,-5,2,-1,-64,0,1,-1,1,2,-64,0,1,2,-1,4,-64,0,-1,4,-2,14,-64,0,-1,-10,0,-3,0,-3,-64,0,-2,-9,-1,-6,-64,0,1,-11,2,-4,-64,0,-1,-9,1,-7,-64,0,4,-11,1,-8,-64,0,-6,-5,-6,8,-64,0,-9,-3,-6,1,-64,0,-3,-4,-6,0,-64,0,-6,2,-9,7,-64,0,-6,2,-4,5,-64,0,-2,11,-4,13,-64,0,-2,10,0,11,-64,0,-1,6,-1,6,-1,6,-64,0,-1,6,5,2,-64,0,5,2,5,2,5,2,-64,0,3,3,3,11,-64,0,3,8,6,10,-64,0,8,-8,8,7,-64,0,5,-4,8,0,-64,0,11,-4,8,-1,-64,0,8,2,5,6,-64,0,8,3,10,7,-64,-64,,,,,,"
461,森,68EE,in_simplified_set,unicode_encoded,sen,92,15,"92,-64,0,-2,-13,-2,-6,-64,0,-4,-13,-2,-10,-64,0,1,-14,-2,-10,-64,0,-2,-10,-5,-5,-64,0,-2,-10,1,-6,-64,0,-4,-4,-4,12,-64,0,-6,-3,-4,1,-64,0,-1,-3,-4,1,-64,0,-4,7,-7,10,-64,0,-4,6,-1,10,-64,0,3,-6,4,13,-64,0,0,-5,3,2,-64,0,9,-7,3,-2,-64,0,3,5,0,8,-64,0,3,4,9,9,-64,-64,,,,,,"
462,才,624D,in_simplified_set,unicode_encoded,cai,26,4,"26,-64,0,-8,-9,8,-10,-64,0,0,-14,0,12,-64,0,-6,-9,0,2,-64,0,6,-10,0,2,-64,-64,,,,,,"
463,桑,6851,in_simplified_set,unicode_encoded,sang,86,12,"86,-64,0,-3,-13,-2,-10,0,-9,-64,0,2,-14,2,-11,2,-11,0,-9,-64,0,0,-14,0,14,-64,0,-5,-6,-5,-1,0,2,-64,0,5,-6,4,-1,0,2,-64,0,-8,-5,-7,-3,-5,-1,-64,0,-3,-6,-3,-4,-64,0,-3,-4,-5,-1,-64,0,3,-6,4,-3,-64,0,6,-5,4,-3,-64,0,0,5,-4,9,-64,0,0,5,4,9,-64,-64,,,,,,"
464,之,4E4B,in_simplified_set,unicode_encoded,zhi,42,6,"42,-64,0,1,-13,-1,-4,-64,0,-1,-4,1,9,-64,0,-7,10,8,9,-64,0,-5,-13,-5,-4,-64,0,-5,-4,3,1,-64,0,5,-8,3,1,1,9,1,9,-64,-64,,,,,,"
465,往,5F80,traditional_or_variant,unicode_encoded,wang,44,7,"44,-64,0,-5,0,6,0,-64,0,-2,-11,0,0,-64,0,2,-9,0,0,-64,0,-6,-10,1,-6,-64,0,0,0,-4,13,-64,0,0,0,2,13,-64,0,-8,14,7,13,-64,-64,,,,,,"
466,币,5E01,in_simplified_set,unicode_encoded,bi,26,4,"26,-64,0,-7,-7,8,-8,-64,0,0,-8,0,15,-64,0,0,0,-7,8,-64,0,0,-1,7,5,-64,-64,,,,,,"
467,师,5E08,traditional_or_variant,unicode_encoded,shi,34,4,"34,-64,0,3,-13,-4,-5,-4,4,6,12,-64,0,3,-13,2,-4,-64,0,2,-4,-4,1,-4,1,-64,0,-4,4,4,6,5,11,-64,-64,,,,,,"
468,出,51FA,in_simplified_set,unicode_encoded,chu,38,4,"38,-64,0,-1,-11,0,6,-64,0,3,-11,0,6,-64,0,-6,-12,-2,-6,2,-5,-64,0,-7,-5,-6,8,-5,10,5,10,8,8,7,-5,7,-5,-64,-64,,,,,,"
469,索,7D22,in_simplified_set,unicode_encoded,suo,66,7,"66,-64,0,0,-14,0,14,-64,0,-3,-13,0,-9,-64,0,4,-14,0,-9,-64,0,-2,-3,3,0,1,3,1,3,-3,1,-2,-3,-2,-3,-64,0,-4,-6,-2,-8,-64,0,-2,-8,3,-5,3,-5,0,-3,-4,-6,-64,0,-1,2,-3,6,0,8,3,5,1,3,-64,-64,,,,,,"
470,南,5357,in_simplified_set,unicode_encoded,nan,72,11,"72,-64,0,0,-14,0,-9,-64,0,-3,-13,0,-10,-64,0,2,-14,0,-11,-64,0,0,-10,-4,-3,-64,0,0,-10,4,-4,-64,0,-5,-3,5,-4,-64,0,-7,-6,-6,-3,-6,12,-64,0,7,-8,6,-3,6,13,-64,0,-6,7,6,7,-64,0,-6,9,6,9,-64,0,-2,2,4,2,-64,-64,,,,,,"
471,生,751F,in_simplified_set,unicode_encoded,sheng,26,4,"26,-64,0,-8,-7,0,2,-64,0,0,-10,0,10,-64,0,8,-8,0,2,-64,0,-7,10,6,10,-64,-64,,,,,,"
472,丰,4E30,in_simplified_set,unicode_encoded,feng,46,6,"46,-64,0,-5,-11,0,-6,-64,0,-5,-6,0,0,-64,0,5,-7,0,0,-64,0,-1,3,-3,7,0,10,3,7,0,3,-64,0,0,-14,0,9,0,9,-64,0,5,-13,0,-6,-64,-64,,,,,,"
473,束,675F,in_simplified_set,unicode_encoded,shu,78,10,"78,-64,0,-1,-13,0,14,-64,0,-4,-12,-1,-9,-64,0,3,-14,-1,-11,-64,0,-1,-9,-4,-5,-3,-3,-1,-2,-64,0,-1,-9,3,-6,2,-4,-1,-2,-64,0,-1,0,3,1,3,4,0,7,0,7,-64,0,-1,0,-4,3,-4,7,-64,0,-3,7,0,7,-64,0,0,7,-5,11,-64,0,0,7,3,11,-64,-64,,,,,,"
474,剌,524C,in_simplified_set,unicode_encoded,la,74,11,"74,-64,0,-4,-11,-3,12,-3,12,-64,0,-7,-8,-4,-4,-64,0,1,-12,-4,-7,-64,0,-7,-2,-6,4,-64,0,-6,4,-1,3,-64,0,-7,0,-1,-1,-64,0,-1,-4,-1,3,-64,0,-3,7,-7,10,-64,0,-3,6,1,9,-64,0,5,-12,5,-3,7,1,2,8,-64,0,5,-3,0,3,-64,-64,,,,,,"
475,囿,56FF,in_simplified_set,unicode_encoded,you,112,18,"112,-64,0,-7,-1,8,-1,-64,0,0,-9,0,9,-64,0,-4,-9,-4,-3,-64,0,-6,-8,-4,-5,-64,0,-2,-7,-4,-4,-64,0,3,-10,3,-3,-64,0,1,-7,3,-5,-64,0,6,-9,3,-6,-64,0,-4,1,-4,7,-4,7,-64,0,-7,2,-4,6,-64,0,-2,2,-4,5,-64,0,3,0,3,7,-64,0,2,2,3,5,-64,0,6,1,3,5,-64,0,-8,-11,-8,11,-64,0,-8,-11,7,-11,-64,0,7,-11,8,10,-64,0,-8,11,8,10,-64,-64,,,,,,"
476,因,56E0,in_simplified_set,unicode_encoded,yin,62,10,"62,-64,0,-7,-10,-6,9,-64,0,-7,-10,-7,-10,-64,0,-7,-10,6,-11,-64,0,6,-11,6,7,-64,0,-6,9,6,7,-64,0,-1,-8,-4,0,-64,0,-1,-8,4,-1,-64,0,-1,-8,0,-1,-64,0,0,-1,-4,5,-64,0,-1,-1,4,5,-64,-64,,,,,,"
477,囚,56DA,in_simplified_set,unicode_encoded,qiu,40,6,"40,-64,0,-7,-12,-6,14,-64,0,6,-12,7,13,-64,0,-10,-8,9,-9,-64,0,-1,-9,-4,2,-64,0,-2,-5,2,-1,0,10,-64,0,-9,9,9,9,-64,-64,,,,,,"
478,困,56F0,in_simplified_set,unicode_encoded,kun,58,9,"58,-64,0,-8,-10,-6,0,-7,11,-64,0,-8,-10,8,-10,-64,0,8,-10,8,10,-64,0,-8,11,8,10,-64,0,-1,-7,1,7,-64,0,-4,-6,-1,-3,-64,0,4,-7,-1,-3,-64,0,0,1,-4,7,-64,0,0,0,5,6,-64,-64,,,,,,"
479,圂,5702,in_simplified_set,unicode_encoded,hun,72,11,"72,-64,0,-8,-9,-8,11,-64,0,-8,-9,7,-10,-64,0,7,-10,8,11,-64,0,-8,11,7,11,-64,0,-2,-8,3,-5,-64,0,1,-9,-1,-4,-6,-1,-64,0,-3,-3,-1,6,-64,0,1,-9,1,-9,-64,0,1,-6,3,5,0,11,-64,0,-5,9,3,4,-64,0,-5,1,4,0,-64,-64,,,,,,"
480,員,54E1,in_simplified_set,unicode_encoded,yuan,84,12,"84,-64,0,-5,-8,-5,9,-64,0,6,-9,7,9,-64,0,-5,-3,6,-3,-64,0,-5,1,0,3,6,1,-64,0,-1,3,-4,6,-64,0,3,3,6,6,-64,0,-1,3,1,6,-64,0,3,3,1,6,-64,0,1,6,1,10,-64,0,-5,-8,0,-3,-64,0,6,-9,2,-3,-64,0,-3,-12,0,-14,4,-13,2,-9,-1,-8,-3,-12,-64,-64,,,,,,"
481,貝,8C9D,in_simplified_set,unicode_encoded,bei,50,6,"50,-64,0,-2,-7,-2,0,-64,0,-2,-7,-6,2,-6,9,-3,12,-1,7,-64,0,-6,5,-1,2,-64,0,1,0,2,-7,-64,0,2,-7,7,4,7,10,2,13,0,7,-64,0,2,5,6,10,-64,-64,,,,,,"
482,鐡,9421,traditional_or_variant,unicode_encoded,tie,56,7,"56,-64,0,-3,-11,-2,15,-64,0,-6,-11,-2,-11,-64,0,-5,-1,3,-1,-64,0,-4,15,1,14,-64,0,4,-4,3,-6,0,2,2,5,4,5,3,0,-64,0,6,-3,6,-6,-64,0,6,-7,9,0,8,4,6,0,-64,-64,,,,,,"
483,貯,8CAF,in_simplified_set,unicode_encoded,zhu,76,11,"76,-64,0,-5,-7,6,-7,-64,0,-5,-10,-5,6,-64,0,6,-11,6,8,-64,0,-5,3,6,3,-64,0,0,-15,0,-7,-64,0,0,-7,-2,-2,-2,1,0,-1,0,-1,-64,0,-2,-2,0,-3,-64,0,0,-6,3,-2,-64,0,3,-2,2,0,1,-2,-64,0,1,-4,3,-2,-64,0,0,3,0,14,-64,-64,,,,,,"
484,賓,8CD3,in_simplified_set,unicode_encoded,bin,74,12,"74,-64,0,0,-16,-6,-11,-64,0,-6,-11,-6,2,-64,0,0,-16,6,-11,-64,0,6,-11,6,4,-64,0,-2,-11,1,-11,-64,0,-4,-9,3,-8,-64,0,1,-8,1,2,-64,0,1,-8,-3,-1,-64,0,-4,4,-3,10,-64,0,-3,10,-1,11,-64,0,-1,11,0,2,-64,0,-3,7,4,4,-64,-64,,,,,,"
485,賖,8CD6,in_simplified_set,unicode_encoded,she,66,9,"66,-64,0,0,-17,-5,-10,-64,0,0,-17,6,-12,-64,0,-3,-12,4,-12,6,-12,-64,0,0,-14,1,5,-64,0,-2,-10,0,-8,-64,0,2,-10,0,-8,-64,0,-3,-3,0,2,-64,0,-1,-2,-5,5,2,11,7,5,4,-1,4,-1,-64,0,4,-2,2,2,-64,-64,,,,,,"
486,責,8CAC,in_simplified_set,unicode_encoded,ze,96,13,"96,-64,0,0,-12,0,2,-64,0,0,-12,-3,-8,-64,0,0,-12,2,-8,-64,0,-4,-7,-3,-4,-64,0,-3,-5,3,-6,-64,0,3,-8,4,-4,-64,0,0,-3,-3,0,-64,0,0,-3,2,0,-64,0,-1,4,-1,4,-3,2,-5,9,-1,13,0,10,-64,0,0,4,3,2,5,10,3,13,1,10,-64,0,-4,4,4,5,-64,0,-2,7,-5,9,-5,9,-64,0,1,7,5,9,-64,-64,,,,,,"
487,賞,8CDE,in_simplified_set,unicode_encoded,shang,96,12,"96,-64,0,-5,-10,5,-10,-64,0,-4,-6,4,-7,-64,0,0,-10,0,3,-64,0,-4,-4,-7,-2,-6,1,-2,0,-2,-3,-4,-4,-64,0,-5,-2,-4,-2,-64,0,4,-4,2,-2,3,0,5,-1,6,-3,4,-4,-64,0,3,-2,4,-2,-64,0,0,3,-6,4,-6,13,-64,0,0,3,5,2,-64,0,5,2,6,14,-64,0,0,3,0,7,-5,8,-6,8,-64,0,0,6,6,7,-64,-64,,,,,,"
488,買,8CB7,in_simplified_set,unicode_encoded,mai,76,10,"76,-64,0,-5,-12,-5,2,-64,0,5,-12,5,2,-64,0,-5,-12,5,-6,-64,0,-5,-8,5,-1,-64,0,4,-12,-5,-4,-64,0,4,-7,-5,-1,-64,0,0,4,-1,1,-5,7,-2,12,-1,10,-1,10,-64,0,-2,8,-4,9,-64,0,0,3,1,1,5,8,2,13,0,9,-64,0,2,8,4,9,-64,-64,,,,,,"
489,朋,670B,in_simplified_set,unicode_encoded,peng,56,9,"56,-64,0,-7,-10,8,-11,-64,0,-5,-10,-4,10,-64,0,-7,-8,-3,-8,-64,0,-7,-3,-3,-3,-64,0,-7,2,-2,2,-64,0,5,-11,6,12,-64,0,2,-8,8,-8,-64,0,2,-3,8,-3,-64,0,2,2,8,2,-64,-64,,,,,,"
490,邑,9091,in_simplified_set,unicode_encoded,yi,48,6,"48,-64,0,-4,-12,-4,-6,-64,0,-4,-12,3,-12,-64,0,3,-12,3,-6,-64,0,-4,-6,3,-6,-64,0,-1,-4,2,3,-5,8,-4,12,2,8,3,14,-64,0,0,-2,-2,3,-2,6,-64,-64,,,,,,"
491,邦,90A6,in_simplified_set,unicode_encoded,bang,62,10,"62,-64,0,-1,-13,0,13,-64,0,-5,-12,-1,-6,-64,0,4,-12,-1,-7,-64,0,-5,-7,-1,-2,-64,0,4,-7,-1,-2,-64,0,-5,6,4,5,-64,0,-4,9,4,8,-64,0,-5,12,5,12,-64,0,-5,6,-5,12,-64,0,4,5,5,12,-64,-64,,,,,,"
492,鄙,9119,in_simplified_set,unicode_encoded,bi,86,12,"86,-64,0,-2,-15,-1,-9,-64,0,-2,-15,5,-15,-64,0,5,-15,6,-10,-64,0,-1,-9,7,-10,-64,0,2,-7,-2,-3,-64,0,1,-7,6,-4,-64,0,2,-7,-2,1,-64,0,-2,1,-5,6,-2,11,1,8,-1,2,-64,0,-2,1,5,1,-64,0,1,-6,9,3,-64,0,9,3,9,8,7,11,4,8,5,1,-64,0,4,1,7,1,-64,-64,,,,,,"
493,乡,4E61,traditional_or_variant,unicode_encoded,xiang,98,12,"98,-64,0,-7,-11,-1,-12,-64,0,-7,-11,-7,-7,-64,0,-7,-7,-2,-8,-64,0,-4,-12,-4,-8,-64,0,-6,-7,-6,4,-2,5,-2,7,-6,6,-4,13,-64,0,-6,-5,-3,0,-2,5,-64,0,1,-12,6,-12,6,-12,-64,0,6,-12,7,-8,-64,0,1,-12,3,-8,-64,0,1,-8,7,-9,-64,0,5,-9,7,2,3,6,3,9,7,6,7,11,5,13,-64,0,6,-6,3,-1,3,6,-64,-64,,,,,,"
494,飨,98E8,traditional_or_variant,unicode_encoded,xiang,80,7,"80,-64,0,0,-12,-3,-7,2,1,0,4,-2,1,2,-5,3,-7,0,-12,-64,0,-3,-7,2,-7,-64,0,-3,-13,-6,-15,-7,-11,-3,-9,-64,0,-3,-13,-7,-6,-5,-1,-5,4,-64,0,-5,2,-8,-1,-6,8,-64,0,3,-13,8,-10,8,-8,4,-8,-64,0,5,-12,6,-2,4,0,3,4,8,0,7,6,3,10,-64,-64,,,,,,"
495,日,65E5,in_simplified_set,unicode_encoded,ri,28,3,"28,-64,0,-4,-5,5,-5,-64,0,-4,-6,-7,-1,-5,5,5,5,6,1,5,-5,-64,0,-2,0,2,0,-64,-64,,,,,,"
496,時,6642,in_simplified_set,unicode_encoded,shi,48,6,"48,-64,0,-4,-12,-1,-3,-64,0,-6,-2,7,-2,-64,0,0,-14,1,-3,-64,0,-3,-8,5,-10,6,-14,-64,0,-1,2,-5,6,-4,10,1,10,3,6,-1,2,-64,0,-2,6,0,6,-64,-64,,,,,,"
497,晉,6649,in_simplified_set,unicode_encoded,jin,86,11,"86,-64,0,-3,-15,-6,-11,-4,-7,-2,-11,-5,-15,-64,0,-4,-7,-4,-1,-64,0,-6,-4,-4,-1,-64,0,-4,-1,-1,-4,-64,0,2,-16,5,-12,4,-8,2,-12,4,-16,-64,0,4,-8,4,-1,-64,0,1,-5,4,-3,-64,0,7,-7,4,-4,-64,0,-6,3,0,1,5,2,-64,0,-6,3,-5,8,4,8,5,2,-64,0,-3,5,2,5,-64,-64,,,,,,"
498,晵,6675,in_simplified_set,unicode_encoded,qi,66,9,"66,-64,0,-2,-11,5,-14,8,-11,2,-8,2,-8,-64,0,-6,-8,-5,15,-64,0,-6,3,1,1,-64,0,-5,11,1,8,-64,0,3,-4,8,4,8,12,-64,0,-6,-4,0,-5,-64,0,0,-7,1,9,-64,0,-2,-11,2,-8,-64,0,5,-7,8,-1,3,5,-64,-64,,,,,,"
499,昃,6603,in_simplified_set,unicode_encoded,ze,66,10,"66,-64,0,-5,-11,4,-5,-64,0,-3,-9,-1,-2,-64,0,-3,-10,4,-11,-64,0,4,-5,3,-2,8,3,-64,0,4,-6,7,-7,12,-4,-64,0,-5,3,3,3,-64,0,-5,3,-5,9,-64,0,3,3,3,8,-64,0,-5,9,2,8,-64,0,-3,5,1,5,-64,-64,,,,,,"
500,昏,660F,in_simplified_set,unicode_encoded,hun,48,6,"48,-64,0,3,-14,1,-9,-5,-5,-6,0,-64,0,-1,-8,1,3,-64,0,-2,-3,1,-4,-64,0,-3,6,5,1,-64,0,5,1,5,8,1,11,-3,9,-3,6,-64,0,0,6,5,4,-64,-64,,,,,,"
501,晦,6666,in_simplified_set,unicode_encoded,hui,50,5,"50,-64,0,-1,-14,3,0,-3,5,-1,9,3,4,4,8,1,13,-64,0,-1,1,-4,-4,2,-11,6,-5,-64,0,-6,3,6,-6,-64,0,-6,-8,-6,-14,0,-9,-64,0,0,-9,3,-16,4,-11,-64,-64,,,,,,"
502,昱,6631,in_simplified_set,unicode_encoded,yu,64,7,"64,-64,0,8,0,-1,2,3,-9,10,-12,11,-5,7,-5,9,13,-64,0,10,-9,4,-7,7,-5,-64,0,4,-7,4,11,8,9,-64,0,4,4,8,4,-64,0,1,-3,7,-3,-64,0,-8,-7,-8,-1,-2,-1,-2,-8,-8,-7,-64,0,-8,-5,-4,-5,-64,-64,,,,,,"
503,昔,6614,in_simplified_set,unicode_encoded,xi,72,5,"72,-64,0,-3,-9,-5,-6,-4,-3,3,-2,6,-7,4,-9,-3,-9,-64,0,-2,-6,2,-6,-64,0,-8,0,-5,3,-3,0,-1,3,0,0,3,3,5,-1,-64,0,-5,5,-3,8,-1,5,1,9,3,4,4,8,6,3,-64,0,-8,11,-5,15,-2,11,1,15,3,10,5,15,8,8,-64,-64,,,,,,"
504,昕,6615,in_simplified_set,unicode_encoded,xin,94,7,"94,-64,0,-6,-7,-9,-5,-10,-3,-10,-1,-9,1,-6,2,-3,1,-1,-1,-1,-4,-3,-6,-6,-7,-64,0,-9,-5,-7,-3,-4,-6,-64,0,-9,1,-8,0,-7,-2,-6,-1,-6,0,-6,1,-64,0,-4,-3,-4,-2,-4,-1,-1,-2,-1,-2,-64,0,-2,-7,4,-9,7,-9,4,-4,5,0,5,1,4,3,2,7,-1,13,-1,13,-64,0,2,-13,1,-8,-64,0,0,-8,3,-6,-64,-64,,,,,,"
505,暈,6688,in_simplified_set,unicode_encoded,yun,54,8,"54,-64,0,-5,-2,5,-4,-64,0,-5,-2,-4,5,6,2,5,-4,-64,0,-5,1,3,-1,-64,0,-3,-9,-8,-3,-64,0,-1,-6,5,-8,-64,0,7,-6,10,-2,-64,0,-3,9,4,7,-64,0,-9,5,-5,9,-64,-64,,,,,,"
506,旦,65E6,in_simplified_set,unicode_encoded,dan,64,10,"64,-64,0,-7,-7,-6,-1,-64,0,-7,-8,5,-9,5,-9,-64,0,5,-9,6,-5,-64,0,6,-5,5,-3,-64,0,-5,-5,2,-6,-64,0,-7,-1,4,-3,-64,0,-2,4,-1,9,-64,0,-3,4,6,3,-64,0,6,3,6,8,-64,0,-1,9,6,8,-64,-64,,,,,,"
507,焱,7131,traditional_or_variant,unicode_encoded,yan,42,5,"42,-64,0,-3,-9,1,-4,1,-4,-64,0,1,-10,1,-4,-64,0,1,-4,4,5,5,15,-64,0,2,-1,-2,5,-64,0,0,-5,-6,-1,-8,3,-8,6,-12,10,-64,-64,,,,,,"
508,游,6E38,in_simplified_set,unicode_encoded,you,56,7,"56,-64,0,-4,-15,-3,11,-64,0,-4,-12,0,-11,3,-8,5,-5,9,-4,-64,0,-4,-4,1,-5,-64,0,3,-3,0,0,2,2,5,0,3,-3,-64,0,-1,2,2,6,-64,0,8,0,3,5,-64,0,2,2,2,14,-64,-64,,,,,,"
509,旋,65CB,in_simplified_set,unicode_encoded,xuan,100,11,"100,-64,0,5,-1,3,0,3,3,5,5,7,3,9,0,5,-1,-64,0,5,1,6,1,-64,0,-3,-11,-5,-7,-64,0,-4,-5,-7,-1,-64,0,0,-11,0,2,-64,0,0,-12,3,-10,7,-11,12,-8,-64,0,0,-6,3,-8,-64,0,5,10,11,5,-64,0,-4,-5,-3,-2,-3,0,-5,2,-6,3,-6,3,-64,0,7,6,8,7,9,9,9,12,7,15,-64,0,4,8,5,11,7,15,7,15,-64,-64,,,,,,"
510,旅,65C5,in_simplified_set,unicode_encoded,lv,68,10,"68,-64,0,-7,-11,-5,-8,-64,0,-4,-11,-5,-8,-64,0,-5,-8,-5,16,-64,0,-4,-8,0,-6,3,-7,11,-2,-64,0,-5,-4,3,-2,-64,0,-3,1,1,5,0,12,-64,0,-1,4,-4,7,-64,0,1,0,6,5,-64,0,6,5,5,14,-64,0,4,3,2,14,-64,-64,,,,,,"
511,族,65CF,in_simplified_set,unicode_encoded,zu,60,8,"60,-64,0,4,-13,0,-11,-1,-8,-8,-4,-64,0,4,-15,4,1,-64,0,2,-10,4,-9,-64,0,1,-7,4,-4,-64,0,0,-6,-5,1,-64,0,0,-6,3,0,-64,0,0,-6,0,4,-2,7,4,13,-64,0,0,4,2,7,-5,14,-64,-64,,,,,,"
512,冥,51A5,in_simplified_set,unicode_encoded,ming,74,8,"74,-64,0,-7,9,-4,-3,-6,-5,-7,-10,6,-11,6,-9,6,-3,3,-2,4,6,-64,0,-3,-8,-3,-5,-64,0,-3,-8,2,-9,-64,0,2,-9,2,-6,-3,-5,-64,0,-6,4,-4,6,-2,11,-2,15,-64,0,-3,3,-1,6,-6,10,-64,0,1,5,5,10,-64,0,4,6,3,9,3,16,-64,-64,,,,,,"
513,晶,6676,in_simplified_set,unicode_encoded,jing,94,15,"94,-64,0,-4,-9,-4,-3,-64,0,-4,-9,4,-9,4,-9,-64,0,4,-9,4,-4,-64,0,-2,-7,2,-7,-64,0,-4,-3,4,-4,-64,0,-9,1,-9,8,-64,0,-10,1,-2,1,-64,0,-2,1,-2,8,-64,0,-7,4,-4,4,-64,0,-9,8,-2,8,-64,0,2,1,2,11,-64,0,2,2,8,2,-64,0,8,2,9,9,-64,0,4,5,7,5,-64,0,2,10,9,9,-64,-64,,,,,,"
514,星,661F,in_simplified_set,unicode_encoded,xing,92,10,"92,-64,0,-1,-11,0,4,-64,0,-8,-8,-1,-2,-64,0,7,-9,-1,-3,-64,0,-4,4,3,4,-64,0,-7,-3,-7,2,-3,2,-3,-2,-7,-3,-64,0,2,-2,2,2,6,2,6,-1,2,-2,-64,0,6,5,5,9,8,9,8,5,6,5,-64,0,-3,9,-2,13,3,13,3,9,-3,9,-64,0,-9,6,-5,6,-5,9,-5,9,-64,0,-9,6,-9,9,-5,9,-64,-64,,,,,,"
515,月,6708,in_simplified_set,unicode_encoded,yue,18,2,"18,-64,0,-3,-10,-3,14,-64,0,-5,-12,4,-2,4,6,-6,17,-64,-64,,,,,,"
516,有,6709,in_simplified_set,unicode_encoded,you,16,2,"16,-64,0,-4,-11,4,-3,-6,8,-64,0,-4,-4,5,15,-64,-64,,,,,,"
517,龓,9F93,in_simplified_set,unicode_encoded,long,114,16,"114,-64,0,-4,-10,0,-11,-64,0,-3,-10,-2,-7,-64,0,0,-11,-2,-7,-64,0,-4,-7,0,-7,-64,0,-2,-7,-2,-5,-64,0,-4,-4,1,-5,-64,0,1,-5,3,1,-64,0,-4,-4,-2,1,-64,0,-3,-1,2,-2,-64,0,-4,-3,-7,3,-6,9,-3,13,-64,0,-4,-1,-4,3,-3,7,-1,9,-3,14,-6,16,-8,11,-64,0,-6,8,-2,7,-64,0,-8,3,-3,5,-64,0,-6,1,-4,3,-64,0,1,-11,5,-6,7,2,-64,0,5,-12,2,-5,-64,-64,,,,,,"
518,明,660E,in_simplified_set,unicode_encoded,ming,54,8,"54,-64,0,1,-12,-7,-3,-7,6,3,13,-64,0,-2,-9,0,10,-64,0,-5,-3,-3,5,-64,0,2,-3,2,3,-64,0,2,3,8,3,-64,0,2,-3,8,-3,-64,0,8,-3,8,3,-64,0,3,0,7,0,-64,-64,,,,,,"
519,囧,56E7,in_simplified_set,unicode_encoded,jiong,62,5,"62,-64,0,0,-8,-5,-6,-8,-1,-6,5,-1,7,6,5,7,0,6,-5,0,-8,-64,0,0,-8,0,-4,-1,-3,-3,-4,-64,0,-8,-2,-3,-1,-2,0,-4,2,-64,0,-2,6,-1,3,0,2,2,3,-64,0,3,-1,1,1,4,2,7,0,-64,-64,,,,,,"
520,盟,76DF,traditional_or_variant,unicode_encoded,meng,86,10,"86,-64,0,-5,-9,-8,-2,-7,6,-1,8,4,7,7,1,5,-4,2,-8,-64,0,-1,-3,-4,0,-3,4,2,4,3,1,1,-2,-1,-3,-64,0,-2,-1,-3,-2,-1,0,-64,0,2,-1,0,0,-64,0,-1,1,-1,4,-64,0,-7,-4,-3,-5,-64,0,1,-3,5,-4,-64,0,-3,7,-5,11,-64,0,2,7,3,11,-64,0,-8,12,7,11,-64,-64,,,,,,"
521,夗,5917,in_simplified_set,unicode_encoded,yuan,44,4,"44,-64,0,-9,6,-6,1,-5,-8,-1,-4,-2,1,0,5,-6,13,-64,0,-5,-1,-2,1,-64,0,-1,-5,2,-9,1,-11,-64,0,2,-9,4,-4,2,1,4,7,-2,17,-64,-64,,,,,,"
522,外,5916,in_simplified_set,unicode_encoded,wai,56,9,"56,-64,0,-1,-11,-1,10,-64,0,-1,-5,8,-11,-64,0,5,7,5,11,-64,0,5,7,8,7,-64,0,8,7,8,11,-64,0,7,7,5,9,-64,0,7,8,8,9,-64,0,9,7,9,12,-64,0,9,9,11,7,-64,-64,,,,,,"
523,夙,5919,traditional_or_variant,unicode_encoded,su,52,5,"52,-64,0,3,-14,-2,-8,0,-4,4,-1,4,6,-1,10,0,12,5,7,2,15,-64,0,1,-12,-1,-5,-3,-1,-1,2,4,4,-64,0,2,-5,0,-1,-64,0,0,-4,-3,-1,-64,0,6,-7,4,-1,-64,-64,,,,,,"
524,多,591A,in_simplified_set,unicode_encoded,duo,50,8,"50,-64,0,-4,-10,-3,-2,-64,0,-3,-2,6,-4,-64,0,-4,-10,6,-9,-64,0,1,-10,2,-3,-64,0,-6,3,7,2,-64,0,-6,2,-4,11,-64,0,-4,11,8,9,-64,0,0,2,2,10,-64,-64,,,,,,"
525,毌,6BCC,in_simplified_set,unicode_encoded,guan,44,6,"44,-64,0,0,-13,0,13,-64,0,-3,-2,-3,2,4,2,3,-2,-3,-2,-64,0,-5,-8,6,-8,-64,0,-7,9,10,8,-64,0,-5,-8,-7,9,-64,0,6,-8,10,8,-64,-64,,,,,,"
526,函,51FD,in_simplified_set,unicode_encoded,han,82,11,"82,-64,0,-3,-8,1,-6,0,-2,-64,0,1,-8,-2,-4,-64,0,-2,-4,0,-2,-64,0,0,-2,0,11,-64,0,-3,1,0,6,-64,0,3,0,0,6,-64,0,1,-12,-5,-8,-5,-8,-4,6,-3,14,-64,0,-3,14,2,14,-64,0,2,14,6,3,5,-5,2,-12,-64,0,-5,-3,-8,0,-64,0,-8,0,-8,3,-4,6,-64,-64,,,,,,"
527,齠,9F60,traditional_or_variant,unicode_encoded,tiao,40,5,"40,-64,0,0,-14,-7,0,0,8,5,4,3,-5,-2,-10,-64,0,-1,-2,0,3,-64,0,0,-14,3,-10,-64,0,-5,8,1,12,-64,0,1,12,6,7,-64,-64,,,,,,"
528,棃,68C3,traditional_or_variant,unicode_encoded,li,142,22,"142,-64,0,0,-11,-2,-9,0,-6,3,-10,-64,0,0,-11,2,-9,-64,0,-2,-12,-1,-10,-64,0,0,-13,0,-11,-64,0,2,-12,0,-11,-64,0,-4,-10,-2,-9,-64,0,0,-6,0,13,-64,0,-9,-3,0,1,-64,0,4,-2,0,1,-64,0,-7,-7,-6,-5,-7,-2,-64,0,-5,-4,-6,-2,-64,0,-6,-5,-5,-4,-64,0,-5,-4,-4,-6,-64,0,4,-6,4,-2,-64,0,6,-6,6,-4,-64,0,6,-4,9,-4,-64,0,6,-2,9,-1,-64,0,6,-4,6,-2,-64,0,6,-2,4,-2,4,-2,-64,0,6,-4,4,-2,-64,0,0,5,-6,10,-64,0,0,3,5,10,-64,-64,,,,,,"
529,粟,7C9F,in_simplified_set,unicode_encoded,su,88,10,"88,-64,0,-2,-9,3,-2,4,16,-64,0,-2,-9,-3,-4,-64,0,3,2,0,0,-64,0,7,-8,3,-2,-64,0,3,8,-2,14,-64,0,3,8,9,12,-64,0,-6,-10,-7,-7,-5,-4,-5,-7,-6,-10,-64,0,-1,-12,-1,-10,1,-9,1,-11,-1,-12,-64,0,-2,2,-3,5,0,7,1,3,-2,2,-64,0,7,-3,5,0,7,3,9,-1,7,-3,-64,-64,,,,,,"
530,齊,9F4A,in_simplified_set,unicode_encoded,qi,88,13,"88,-64,0,-1,-13,-4,-6,-64,0,-1,-14,5,-7,-64,0,-3,-9,0,-4,-64,0,3,-10,0,-4,-64,0,0,-4,0,3,-64,0,-6,-2,-8,5,-64,0,-6,-2,-2,3,-64,0,-8,3,-5,6,-5,12,-64,0,-3,2,-5,6,-64,0,4,-1,3,3,0,5,-64,0,4,-1,6,2,8,4,-64,0,2,3,5,6,5,11,-64,0,6,2,5,6,-64,-64,,,,,,"
531,朿,673F,in_simplified_set,unicode_encoded,ci,52,8,"52,-64,0,0,-13,-2,-9,-5,-6,-64,0,0,-13,4,-7,-64,0,0,-14,0,15,-64,0,-6,-5,-6,1,-64,0,-6,-3,6,-3,-64,0,6,-5,6,2,-64,0,0,6,-5,10,-64,0,0,5,4,10,-64,-64,,,,,,"
532,片,7247,in_simplified_set,unicode_encoded,pian,32,5,"32,-64,0,2,-11,3,13,-64,0,-5,-8,-5,0,-64,0,-5,-4,2,-5,-64,0,-4,4,-4,11,-64,0,-4,7,2,6,-64,-64,,,,,,"
533,鼎,9F0E,in_simplified_set,unicode_encoded,ding,78,11,"78,-64,0,-6,-10,-6,11,-64,0,6,-10,6,11,-64,0,-6,-6,6,-6,-64,0,-6,-4,0,-3,0,-3,6,-4,-64,0,-6,3,0,5,6,4,-64,0,-6,-10,-2,-10,-1,-6,-1,-6,-64,0,2,-10,6,-10,-64,0,2,-10,2,-6,-64,0,-9,3,-6,6,-64,0,-6,6,-10,10,-64,0,6,4,10,9,-64,-64,,,,,,"
534,克,514B,in_simplified_set,unicode_encoded,ke,84,12,"84,-64,0,-5,-9,-4,-2,-1,-2,1,-5,2,-8,-64,0,-3,-2,-3,8,-7,14,-64,0,-3,8,1,14,-64,0,-3,-2,-3,-2,-64,0,-2,-13,-2,-6,-64,0,-5,-6,1,-5,-64,0,3,-10,5,-9,5,7,-64,0,2,7,6,6,-64,0,-3,-2,3,6,-64,0,2,-1,0,6,-64,0,-3,-2,-8,6,-64,0,1,-6,8,-6,-64,-64,,,,,,"
535,录,5F55,in_simplified_set,unicode_encoded,lu,72,10,"72,-64,0,0,-1,-3,2,-3,8,0,11,3,8,3,4,0,-1,-64,0,-6,-11,-5,-4,-64,0,-3,-13,2,-13,-64,0,-1,-14,0,-1,-64,0,-6,-8,4,-8,-64,0,3,-11,4,-4,-64,0,-7,1,-7,6,-64,0,-1,2,-1,7,-64,0,5,0,6,3,-64,0,0,12,0,16,-64,-64,,,,,,"
536,禾,79BE,in_simplified_set,unicode_encoded,he,58,8,"58,-64,0,-3,-13,1,-10,0,14,-64,0,-3,-13,-5,-7,-64,0,-5,-7,-7,-3,-5,0,-4,-3,-5,-7,-64,0,1,-8,7,-14,-64,0,-3,-3,0,1,-64,0,0,1,8,-6,-64,0,0,6,-5,11,-64,0,0,6,5,10,-64,-64,,,,,,"
537,秫,79EB,in_simplified_set,unicode_encoded,shu,34,4,"34,-64,0,3,-11,0,-6,0,14,-64,0,-2,-14,-2,-7,5,-1,-64,0,-4,-3,-3,5,-6,11,-64,0,3,0,4,7,5,10,-64,-64,,,,,,"
538,穗,7A57,traditional_or_variant,unicode_encoded,sui,76,11,"76,-64,0,-3,-5,0,-11,0,8,-64,0,-3,-4,0,0,-64,0,3,-6,0,-2,-64,0,0,2,-4,5,-64,0,0,2,4,5,-64,0,5,-10,6,1,3,6,-64,0,6,-5,2,0,-64,0,-3,-12,-6,-6,-6,1,-64,0,-7,-12,-7,-7,-4,-4,-64,0,-5,4,-5,11,-64,0,-8,12,-2,11,-64,-64,,,,,,"
539,穫,7A6B,in_simplified_set,unicode_encoded,huo,72,9,"72,-64,0,-5,-9,3,-8,3,-4,-5,0,-4,6,4,11,-64,0,-4,-9,-2,-13,0,-9,2,-13,3,-8,-64,0,3,-5,6,-4,-64,0,-2,-7,0,-4,-64,0,0,-3,4,0,-64,0,3,1,6,5,-64,0,4,3,2,4,-64,0,-5,3,1,5,-64,0,-1,7,-3,11,-3,16,-64,-64,,,,,,"
540,穅,7A45,in_simplified_set,unicode_encoded,kang,78,11,"78,-64,0,-2,-13,0,-8,0,-8,0,13,-64,0,1,-13,0,-9,-64,0,-4,-10,0,-6,-64,0,4,-10,0,-6,-64,0,-6,8,-6,-2,0,-6,6,-2,6,7,-64,0,-6,-1,6,-1,-64,0,-6,3,6,3,-64,0,-3,6,-3,9,-64,0,3,6,3,9,-64,0,3,10,3,13,-64,0,-4,10,-4,14,-64,-64,,,,,,"
541,年,5E74,in_simplified_set,unicode_encoded,nian,60,7,"60,-64,0,2,-12,-1,-8,1,6,-1,8,-1,13,-2,15,-64,0,2,-12,4,-8,3,-5,5,-3,7,-6,4,-8,-64,0,-5,-12,-1,-8,-64,0,0,-4,-6,2,-64,0,-1,-4,2,-6,-64,0,0,-2,6,1,-64,0,0,2,-4,6,-64,-64,,,,,,"
542,秦,79E6,in_simplified_set,unicode_encoded,qin,120,16,"120,-64,0,0,-12,0,-7,-2,-5,0,-3,2,-6,0,-7,-64,0,0,-3,-2,-2,0,1,2,-2,0,-4,-64,0,-3,-14,-3,-10,-1,-8,-64,0,2,-14,4,-11,1,-9,-64,0,-1,-13,-6,-5,-64,0,2,-13,5,-7,-64,0,-4,0,-5,7,-64,0,-4,0,-1,3,-2,13,-64,0,0,2,-1,4,-64,0,-4,7,1,12,-64,0,-2,9,-5,12,-64,0,1,4,2,0,-64,0,2,0,4,4,4,15,-64,0,6,0,4,4,-64,0,2,6,8,12,-64,0,4,8,2,11,-64,-64,,,,,,"
543,秝,79DD,in_simplified_set,unicode_encoded,li,70,10,"70,-64,0,-9,-3,-7,-9,-4,-4,-4,15,-64,0,-8,-4,-4,-1,-64,0,0,-10,-4,-4,-64,0,-4,9,-7,12,-64,0,-4,7,-1,12,-64,0,-3,-9,1,-13,3,-8,3,15,-64,0,-1,-7,3,-4,-64,0,7,-11,3,-6,-64,0,3,7,0,11,-64,0,3,7,7,13,-64,-64,,,,,,"
544,黍,9ECD,in_simplified_set,unicode_encoded,shu,110,15,"110,-64,0,-9,-1,-7,-6,-5,-12,1,-4,2,4,2,8,-64,0,-7,-8,-10,-5,-64,0,-7,-8,-6,-3,-64,0,-1,-7,3,-11,6,-4,-64,0,5,-7,3,-3,-64,0,4,-8,9,-6,-64,0,1,1,-3,-2,-6,4,-64,0,-4,0,-8,2,-64,0,-4,-1,-2,3,-64,0,-1,3,-2,7,-1,10,-2,15,-64,0,-4,5,-5,8,-5,8,-64,0,-4,10,-3,11,-64,0,1,11,0,13,-64,0,1,3,-1,6,-64,0,2,3,6,6,-64,-64,,,,,,"
545,米,7C73,in_simplified_set,unicode_encoded,mi,44,7,"44,-64,0,-8,2,7,-3,-64,0,-7,-8,-6,-3,-64,0,-1,-10,-1,-4,-64,0,4,-12,4,-6,-64,0,-6,5,-5,11,-64,0,0,3,0,9,-64,0,7,-1,8,8,-64,-64,,,,,,"
546,舂,8202,in_simplified_set,unicode_encoded,chong,52,6,"52,-64,0,0,-12,1,2,-2,5,1,9,3,5,1,2,-64,0,-3,-12,-3,-6,-64,0,2,-14,2,-7,-64,0,0,-11,-6,-7,-64,0,1,-10,9,-6,-64,0,-7,-4,-6,7,-1,14,6,9,6,-4,-64,-64,,,,,,"
547,臽,81FD,in_simplified_set,unicode_encoded,xian,80,11,"80,-64,0,1,-11,-1,2,2,6,3,10,-64,0,-3,-8,4,-10,-64,0,1,-9,-3,-4,-2,0,-64,0,0,-8,3,-4,-64,0,-5,0,2,-5,-64,0,-5,-7,-5,-4,-64,0,3,-2,4,3,-64,0,-4,2,-4,7,-64,0,-2,5,-1,8,-64,0,-7,-6,-7,9,-64,0,-8,9,-1,12,6,12,7,5,6,-8,-64,-64,,,,,,"
548,耑,8011,in_simplified_set,unicode_encoded,duan,86,11,"86,-64,0,-1,-13,0,-4,3,-11,-64,0,-5,-14,-2,-10,2,-9,-64,0,-3,-15,-3,-13,-64,0,1,-13,1,-11,-64,0,0,-4,1,0,-5,1,-7,9,-64,0,1,0,6,0,6,5,-64,0,0,-1,0,4,-3,7,-4,10,-64,0,0,3,3,5,4,10,-64,0,-2,5,0,8,0,13,-64,0,-3,-6,-3,-2,-64,0,3,-5,3,-3,-64,-64,,,,,,"
549,宀,5B80,in_simplified_set,unicode_encoded,mian,26,4,"26,-64,0,0,-10,-9,0,-64,0,0,-10,9,0,-64,0,-6,-4,-5,12,-64,0,5,-4,4,12,-64,-64,,,,,,"
550,家,5BB6,in_simplified_set,unicode_encoded,jia,50,7,"50,-64,0,0,-10,-6,-6,-7,10,-64,0,0,-10,7,-4,7,11,-64,0,-4,-7,4,-2,-64,0,1,-6,-5,2,-64,0,-3,-1,-1,4,-64,0,1,-6,2,2,1,10,-64,0,-4,8,2,2,-64,-64,,,,,,"
551,宅,5B85,in_simplified_set,unicode_encoded,zhai,30,4,"30,-64,0,-1,-13,-6,-8,-7,11,-64,0,-1,-13,7,-7,7,10,-64,0,0,-7,0,13,-64,0,-4,5,4,-5,-64,-64,,,,,,"
552,室,5BA4,in_simplified_set,unicode_encoded,shi,54,7,"54,-64,0,0,-11,-7,-6,-7,5,-64,0,0,-11,6,-6,6,4,-64,0,-3,-8,2,-2,0,2,-3,-2,2,-8,-64,0,0,2,0,12,-64,0,-6,13,5,13,-64,0,-4,4,0,8,-64,0,3,4,0,9,-64,-64,,,,,,"
553,宣,5BA3,in_simplified_set,unicode_encoded,xuan,40,5,"40,-64,0,0,-10,-8,-4,-8,9,-64,0,0,-10,7,-4,7,10,-64,0,-3,-1,3,-1,-64,0,-3,4,1,4,-64,0,3,-1,3,7,-3,7,-4,4,-64,-64,,,,,,"
554,向,5411,in_simplified_set,unicode_encoded,xiang,36,4,"36,-64,0,-1,-11,-7,-5,-7,5,-64,0,-1,-11,8,-5,8,3,-64,0,-3,-3,-3,8,0,9,4,8,4,-3,-64,0,-3,2,4,2,-64,-64,,,,,,"
555,寍,5BCD,in_simplified_set,unicode_encoded,ning,50,6,"50,-64,0,0,-12,-7,-8,-7,4,-64,0,0,-12,7,-8,7,4,-64,0,-3,-5,-3,3,-1,5,2,5,3,3,3,-5,-64,0,-1,5,-3,10,-64,0,2,5,2,9,-64,0,-8,10,6,9,-64,-64,,,,,,"
556,定,5B9A,in_simplified_set,unicode_encoded,ding,50,6,"50,-64,0,0,-12,-7,-8,-8,3,-64,0,0,-12,6,-7,6,3,-64,0,-3,-6,-3,-6,-2,1,2,1,2,-7,-64,0,-3,-4,2,-4,-64,0,-4,4,-1,15,0,4,-64,0,-4,8,4,4,-64,-64,,,,,,"
557,安,5B89,in_simplified_set,unicode_encoded,an,50,5,"50,-64,0,2,-12,-7,-6,-8,9,-64,0,2,-12,8,-6,8,9,-64,0,2,-7,3,7,-1,8,-2,12,3,10,1,13,-64,0,-2,-3,5,-4,4,-1,-2,1,-4,3,-64,0,-2,-3,-2,4,-64,-64,,,,,,"
558,寳,5BF3,in_simplified_set,unicode_encoded,bao,94,12,"94,-64,0,0,-11,-6,-5,-7,6,-64,0,0,-11,8,-5,9,4,-64,0,-3,-5,3,-5,-64,0,-2,-5,-2,2,-64,0,2,-5,2,2,-64,0,-4,-1,-2,-1,-64,0,2,-1,5,-1,-64,0,-4,2,5,2,-64,0,0,8,-2,4,-4,9,-3,13,-1,14,-1,12,-64,0,0,7,1,4,5,9,5,13,2,15,1,13,-64,0,1,9,5,12,-64,0,-1,9,-4,11,-64,-64,,,,,,"
559,宰,5BB0,in_simplified_set,unicode_encoded,zai,58,8,"58,-64,0,0,-11,-3,-7,-8,-5,-8,4,-64,0,0,-11,4,-8,8,-7,8,4,-64,0,-5,-3,4,-4,-64,0,-3,-3,-1,1,-64,0,2,-4,-1,1,-64,0,-5,2,4,1,-64,0,-3,5,3,5,-64,0,0,1,0,12,-64,-64,,,,,,"
560,宜,5B9C,in_simplified_set,unicode_encoded,yi,84,12,"84,-64,0,-5,-5,0,-12,0,-12,-64,0,-5,-5,-4,1,-6,11,-64,0,-1,-12,5,-8,-64,0,5,-8,4,1,7,11,-64,0,-9,12,9,11,-64,0,0,-8,-2,-4,-64,0,0,-8,2,-4,-1,-1,-64,0,-1,-6,1,-3,-64,0,-4,1,4,1,-64,0,1,3,-3,8,-64,0,1,3,3,6,-1,11,-64,0,-2,6,1,8,-64,-64,,,,,,"
561,宿,5BBF,in_simplified_set,unicode_encoded,su,84,12,"84,-64,0,0,-10,-7,-5,-7,11,-64,0,0,-10,7,-3,8,11,-64,0,-4,-4,-4,10,-64,0,-4,-4,2,-3,-64,0,2,-3,1,11,-64,0,-4,10,1,11,-64,0,-1,-1,-1,2,-4,4,-64,0,-1,2,1,3,-64,0,-2,4,-1,7,-5,8,-64,0,-1,7,1,8,-64,0,5,-3,3,2,4,11,-64,0,4,-1,6,2,-64,-64,,,,,,"
562,寝,5BDD,in_simplified_set,unicode_encoded,qin,68,10,"68,-64,0,0,-13,-6,-10,-7,0,-64,0,0,-13,7,-9,7,-1,-64,0,-1,-9,2,-7,1,14,-64,0,-4,-6,2,-4,-64,0,-2,-2,2,1,-64,0,-3,2,-3,8,-64,0,-4,4,4,4,-64,0,4,1,4,8,-64,0,1,8,-3,11,-64,0,1,8,4,10,-64,-64,,,,,,"
563,宕,5B95,in_simplified_set,unicode_encoded,dang,52,7,"52,-64,0,0,-10,-7,-3,-7,9,-64,0,0,-10,7,-2,8,12,-64,0,-4,-1,2,0,-64,0,-4,-1,-4,11,-64,0,0,0,-4,7,-64,0,1,4,2,12,5,10,5,4,-64,0,1,6,5,6,-64,-64,,,,,,"
564,宋,5B8B,in_simplified_set,unicode_encoded,song,52,7,"52,-64,0,0,-14,-5,-8,-6,2,-64,0,0,-14,5,-9,7,-3,7,2,-64,0,0,-8,0,14,-64,0,-4,-5,0,1,0,1,-64,0,4,-4,0,2,-64,0,0,6,-5,10,-64,0,0,6,5,10,-64,-64,,,,,,"
565,瓭,74ED,traditional_or_variant,unicode_encoded,dan,88,12,"88,-64,0,0,-11,-7,-4,-7,13,-64,0,-1,-11,8,-2,-64,0,8,-2,7,12,-64,0,2,-5,0,-2,-64,0,1,-5,3,-2,-64,0,2,-2,0,2,2,7,4,4,2,-2,-64,0,2,7,2,14,-64,0,-3,-5,-3,0,-5,3,-3,7,-3,13,-64,0,-5,3,0,3,-64,0,-1,7,2,9,-64,0,5,6,2,9,-64,0,-1,3,5,3,-64,-64,,,,,,"
566,宗,5B97,in_simplified_set,unicode_encoded,zong,50,7,"50,-64,0,0,-12,-8,-2,-64,0,0,-12,8,-4,-64,0,-7,-4,-3,1,-5,9,-7,12,-64,0,7,-4,5,2,7,13,-64,0,-2,-6,2,-6,-64,0,-3,-2,4,-2,-64,0,0,-2,0,13,-64,-64,,,,,,"
567,宙,5B99,in_simplified_set,unicode_encoded,zhou,48,6,"48,-64,0,0,-9,-4,-4,-7,-1,-8,12,-64,0,0,-10,7,-2,8,12,-64,0,-4,0,-3,10,4,10,3,0,-64,0,-4,3,3,3,-64,0,-4,6,3,5,-64,0,-1,0,0,9,-64,-64,,,,,,"
568,宫,5BAB,in_simplified_set,unicode_encoded,gong,46,5,"46,-64,0,0,-9,-8,-4,-8,9,-64,0,0,-9,8,-4,8,9,-64,0,0,-4,0,2,4,2,4,-3,0,-3,-64,0,-5,4,-5,9,-64,0,-5,4,-2,4,-1,8,-6,8,-64,-64,,,,,,"
569,吕,5415,in_simplified_set,unicode_encoded,lv,52,8,"52,-64,0,-4,-9,-4,-1,-64,0,-4,-9,6,-9,-64,0,6,-9,5,-1,-64,0,-5,-1,5,-1,-64,0,-3,5,5,4,5,4,-64,0,-3,11,5,10,-64,0,-3,4,-3,11,-64,0,5,4,5,10,-64,-64,,,,,,"
570,寮,5BEE,in_simplified_set,unicode_encoded,liao,110,16,"110,-64,0,0,-11,-8,-3,-64,0,0,-11,7,-5,-64,0,-3,-8,3,-8,-64,0,-6,-5,-7,7,-64,0,6,-5,7,7,-64,0,-1,-5,-1,2,-64,0,-3,-5,-1,-2,-64,0,4,-4,-1,-2,-64,0,-4,-2,-3,0,-64,0,2,-2,2,0,-64,0,-1,-1,-5,2,-64,0,-1,-1,2,2,-64,0,-3,3,-3,5,-64,0,-2,4,-2,6,-64,0,2,4,2,5,-64,0,0,4,-1,10,-4,6,-4,12,4,11,4,6,2,9,0,4,-64,-64,,,,,,"
571,突,7A81,in_simplified_set,unicode_encoded,tu,58,8,"58,-64,0,-7,-8,-1,-13,6,-9,-64,0,-1,-16,-1,-13,-1,-13,-64,0,-3,-7,-6,7,-3,13,-64,0,-4,-4,4,0,4,0,-64,0,-6,7,1,10,-64,0,-5,-7,-5,-5,-64,0,1,-9,1,-6,-64,0,0,-2,-3,8,-64,-64,,,,,,"
572,夢,5922,in_simplified_set,unicode_encoded,meng,130,18,"130,-64,0,-4,-10,-4,-7,-1,-5,1,-6,0,-9,-4,-10,-64,0,-4,-10,-8,-5,-4,-2,-1,-5,-1,-5,-64,0,-4,-10,1,-16,-64,0,0,-15,2,-12,0,-9,-64,0,-9,-7,-7,-10,-64,0,-8,-9,-6,-7,-64,0,-7,-12,-6,-13,-64,0,-6,-12,-4,-10,-64,0,-5,-14,-2,-16,-64,0,-3,-15,-2,-13,-64,0,1,-6,1,11,-64,0,-4,-2,-4,4,1,0,-64,0,-8,0,-5,1,-2,-1,-64,0,4,-10,5,6,-64,0,4,-7,8,-7,-64,0,7,-9,8,-5,-64,0,5,1,8,1,-64,0,7,-1,8,4,-64,-64,,,,,,"
573,寐,5BD0,in_simplified_set,unicode_encoded,mei,66,7,"66,-64,0,-8,9,-8,-8,-1,-14,6,-8,7,8,-64,0,-2,-8,-4,0,0,3,-1,5,-5,2,-3,8,-64,0,-1,-2,0,-5,-5,-8,-6,-5,0,-3,-64,0,2,-8,2,11,-64,0,0,-6,2,-4,5,-7,-64,0,-1,1,2,-2,-64,0,2,-1,5,2,-64,-64,,,,,,"
574,疒,7592,in_simplified_set,unicode_encoded,ne,76,11,"76,-64,0,-2,-14,-7,-3,-64,0,-3,-13,-2,-4,-5,0,-3,4,-2,11,-64,0,-2,-5,1,0,-3,4,-64,0,3,-12,4,7,-64,0,-8,-3,-7,2,-64,0,3,-8,7,-8,-64,0,7,-10,7,-5,-64,0,4,1,7,1,-64,0,7,-2,8,5,-64,0,1,2,1,5,-64,0,-5,-14,-6,-10,-64,-64,,,,,,"
575,疾,75BE,in_simplified_set,unicode_encoded,ji,54,6,"54,-64,0,1,-14,0,0,-4,4,-6,9,-64,0,0,0,2,6,1,11,-64,0,-5,-5,0,-11,9,-3,-64,0,3,-4,6,2,6,5,12,6,-64,0,6,2,9,3,8,9,-64,0,3,1,3,-4,7,-2,-64,-64,,,,,,"
576,同,540C,in_simplified_set,unicode_encoded,tong,42,6,"42,-64,0,-6,-12,-6,10,-64,0,5,-13,7,12,-64,0,-6,-7,5,-7,-64,0,-6,-4,5,-4,-64,0,-3,0,-2,7,4,7,2,-3,-64,0,-2,4,3,2,-64,-64,,,,,,"
577,鞘,9798,traditional_or_variant,unicode_encoded,qiao,60,8,"60,-64,0,-4,-13,0,-9,6,-15,6,-15,-64,0,0,-14,0,-6,-5,-3,-64,0,-6,-6,-5,-4,-6,10,-64,0,0,-6,4,-2,-64,0,-4,-2,4,-2,-64,0,6,-8,4,-2,6,10,-64,0,-1,-2,0,7,-64,0,-5,6,5,6,-64,-64,,,,,,"
578,罔,7F54,in_simplified_set,unicode_encoded,wang,50,8,"50,-64,0,-8,-9,-7,11,-64,0,6,-10,7,12,-64,0,-8,-8,6,-1,-64,0,-8,-3,6,5,-64,0,-8,4,6,10,-64,0,6,-7,-7,-3,-64,0,6,-1,-8,4,-64,0,6,5,-7,10,-64,-64,,,,,,"
579,羅,7F85,in_simplified_set,unicode_encoded,luo,68,9,"68,-64,0,-4,-14,-8,-5,-64,0,2,-15,9,-4,-64,0,-3,-13,5,-9,-64,0,-5,-11,8,-6,-64,0,3,-13,-4,-10,-64,0,4,-11,-4,-5,-64,0,5,-1,-3,-4,-1,0,3,2,5,10,-64,0,1,-3,-1,0,-5,4,-5,10,-64,0,3,2,0,5,0,13,-64,-64,,,,,,"
580,巾,5DFE,in_simplified_set,unicode_encoded,jin,18,2,"18,-64,0,0,-14,-1,13,-64,0,-5,11,-5,-7,7,-7,6,12,-64,-64,,,,,,"
581,帚,5E1A,in_simplified_set,unicode_encoded,zhou,52,8,"52,-64,0,-5,-15,0,-12,0,12,-64,0,-5,1,-5,6,-64,0,-5,3,5,3,-64,0,5,-1,5,5,-64,0,-6,-11,0,-7,-64,0,-8,-5,0,0,-64,0,0,4,-5,11,-64,0,0,4,6,11,-64,-64,,,,,,"
582,帛,5E1B,in_simplified_set,unicode_encoded,bo,48,6,"48,-64,0,0,-13,-4,-7,-4,-3,0,-1,4,-3,4,-7,0,-13,-64,0,-4,-6,3,-6,-64,0,-6,2,7,2,-64,0,0,-1,1,14,-64,0,-6,2,-5,10,-64,0,7,2,7,8,-64,-64,,,,,,"
583,白,767D,in_simplified_set,unicode_encoded,bai,24,2,"24,-64,0,0,-11,-6,0,-3,7,3,7,7,3,5,-2,0,-11,-64,0,-7,0,4,-2,-64,-64,,,,,,"
584,敝,655D,in_simplified_set,unicode_encoded,bi,52,7,"52,-64,0,-6,-13,-5,2,-64,0,-9,1,-9,-6,-2,-6,-2,1,-64,0,-8,-11,-10,-6,-64,0,-4,-12,-2,-9,-64,0,1,-8,2,2,-64,0,5,-4,9,1,1,7,-64,0,4,0,8,4,10,13,-64,-64,,,,,,"
585,人,4EBA,in_simplified_set,unicode_encoded,ren,18,2,"18,-64,0,-3,-13,4,-2,1,6,0,16,-64,0,-1,-8,-3,3,-64,-64,,,,,,"
586,保,4FDD,in_simplified_set,unicode_encoded,bao,58,6,"58,-64,0,-1,-6,8,-6,-64,0,-1,-13,1,-9,5,-10,4,-14,-1,-13,-64,0,3,-9,3,-2,-64,0,-4,-13,-1,-3,2,2,0,8,0,15,-64,0,-3,-8,-5,0,-2,2,2,2,7,0,5,-4,-64,0,4,-2,7,0,-64,-64,,,,,,"
587,仁,4EC1,in_simplified_set,unicode_encoded,ren,32,4,"32,-64,0,-1,-15,-1,-8,-6,-3,-64,0,0,-8,2,-2,-1,2,-2,12,-64,0,3,0,10,0,-64,0,2,2,10,3,-64,-64,,,,,,"
588,企,4F01,in_simplified_set,unicode_encoded,qi,46,5,"46,-64,0,0,-17,4,-9,3,-2,4,11,-64,0,-10,2,-9,8,-6,9,-4,7,-4,4,-2,1,-3,-2,-64,0,-9,4,-4,4,-64,0,2,-13,-2,-3,-64,0,-6,0,-6,4,-64,-64,,,,,,"
589,伯,4F2F,in_simplified_set,unicode_encoded,bo,26,2,"26,-64,0,0,-10,-6,-3,-6,2,-1,8,0,9,6,2,6,-3,0,-10,-64,0,-6,-1,6,-1,-64,-64,,,,,,"
590,伊,4F0A,in_simplified_set,unicode_encoded,yi,42,5,"42,-64,0,-2,-15,-8,0,-64,0,-4,-10,-1,-2,-3,3,-1,13,-64,0,1,-15,2,4,-64,0,1,-14,6,-11,2,-1,-64,0,2,-9,9,-6,6,0,7,8,-64,-64,,,,,,"
591,侚,4F9A,in_simplified_set,unicode_encoded,xun,42,4,"42,-64,0,3,-16,3,-10,0,-5,6,1,6,12,-64,0,-5,-7,2,3,-1,6,-5,6,-7,3,-5,-1,-2,2,-64,0,-1,-10,-5,-3,-64,0,3,-10,8,-6,-64,-64,,,,,,"
592,倞,501E,in_simplified_set,unicode_encoded,jing,60,6,"60,-64,0,1,-14,6,-7,7,6,-64,0,3,-10,-4,-4,-64,0,-3,0,0,-1,3,1,0,2,-4,2,-3,0,-64,0,-3,-1,1,-6,2,6,1,8,1,14,-64,0,-3,2,0,7,-2,8,-2,12,-64,0,1,7,4,8,4,12,-64,-64,,,,,,"
593,倗,5017,in_simplified_set,unicode_encoded,peng,74,11,"74,-64,0,-9,-6,-3,-7,-3,7,-64,0,-2,-5,4,-7,4,-14,-64,0,-1,-9,1,-3,-64,0,4,-7,8,-3,7,6,-64,0,-9,-4,-8,7,-64,0,-11,-4,-6,-4,-64,0,-10,-1,-7,0,-64,0,-10,5,-6,5,-64,0,-5,-2,-1,-2,-64,0,-5,1,-1,1,-64,0,-5,5,0,4,-64,-64,,,,,,"
594,何,4F55,in_simplified_set,unicode_encoded,he,42,5,"42,-64,0,1,-13,2,-5,7,-2,-64,0,2,-5,-1,-1,1,3,3,5,3,14,-64,0,-8,-8,-7,-6,10,-7,-64,0,-5,-8,-5,0,-64,0,7,-10,7,-2,-64,-64,,,,,,"
595,儐,5110,in_simplified_set,unicode_encoded,bin,74,8,"74,-64,0,-8,2,-8,-8,0,-13,8,-6,8,2,-64,0,-6,-6,-1,-7,-64,0,-3,-6,-4,4,-64,0,-4,-2,-7,2,-64,0,1,-8,2,-2,-1,1,-2,4,4,1,3,5,-64,0,-2,-1,5,-4,3,-7,-1,-5,-1,-2,-64,0,-2,8,1,15,3,6,3,6,-64,0,-1,11,8,8,-64,-64,,,,,,"
596,依,4F9D,in_simplified_set,unicode_encoded,yi,50,5,"50,-64,0,-8,-9,0,-17,7,-10,-64,0,-9,-1,-4,-7,-4,-1,-1,6,1,11,-64,0,-1,6,6,1,5,-2,3,-8,10,-6,-64,0,-1,-12,2,-8,0,-4,1,1,-64,0,-3,-8,1,-8,-64,-64,,,,,,"
597,侸,4FB8,in_simplified_set,unicode_encoded,shu,64,8,"64,-64,0,-6,1,-6,-6,3,-6,3,0,-6,0,-64,0,-5,-16,-4,-12,-3,-10,0,-10,0,-15,-64,0,-2,-16,-2,-7,-64,0,-3,-1,-4,5,-64,0,0,-1,0,5,-64,0,-7,5,3,5,-64,0,1,-14,9,-7,10,8,-64,0,7,-8,5,-2,-64,-64,,,,,,"
598,偁,5041,in_simplified_set,unicode_encoded,cheng,76,8,"76,-64,0,-7,2,-5,-1,-5,-6,-3,-9,-1,-7,-1,-2,-1,2,-64,0,4,-14,8,-6,1,-2,3,2,9,-2,6,8,-64,0,6,-11,3,-5,3,-3,-64,0,-4,-19,-3,-15,-7,-11,-8,-6,-64,0,-5,-13,-5,-10,-64,0,-4,-14,-3,-12,-64,0,-7,-5,0,-5,-64,0,-5,-1,-3,-3,0,0,-64,-64,,,,,,"
599,溦,6EA6,traditional_or_variant,unicode_encoded,wei,56,7,"56,-64,0,-4,-16,-4,-4,-2,-1,-2,1,-4,3,-4,9,-64,0,1,-12,1,5,-64,0,5,-8,7,-3,1,2,-64,0,2,-3,7,-1,8,10,-64,0,-4,-11,-1,-13,-64,0,-4,-7,-1,-9,-64,0,-8,1,-4,-5,-64,-64,,,,,,"
600,作,4F5C,in_simplified_set,unicode_encoded,zuo,28,3,"28,-64,0,-6,-10,1,3,-64,0,5,-15,5,-4,1,3,-3,8,-5,3,-64,0,-4,-12,1,-3,2,-13,-64,-64,,,,,,"
601,侵,4FB5,in_simplified_set,unicode_encoded,qin,86,12,"86,-64,0,-1,-17,3,-13,4,7,-64,0,-2,-13,3,-10,-64,0,-3,-8,3,-5,-64,0,-11,-13,-10,-3,-6,-3,-3,-5,-4,-14,-64,0,-7,-7,-7,9,-64,0,-10,-2,-7,2,0,-3,-64,0,-3,3,3,-4,-64,0,4,-1,9,6,-64,0,6,-4,7,0,5,4,-64,0,-6,-16,-6,-12,-64,0,-8,-11,-8,-8,-64,0,-3,-3,-3,-1,-64,-64,,,,,,"
602,任,4EFB,in_simplified_set,unicode_encoded,ren,34,5,"34,-64,0,-2,-17,-8,-5,-64,0,-4,-12,-1,-4,-3,9,-64,0,0,-11,8,-11,-64,0,4,-11,4,3,-64,0,-2,4,9,3,-64,-64,,,,,,"
603,俔,4FD4,in_simplified_set,unicode_encoded,qian,58,7,"58,-64,0,-2,-6,8,-9,10,-13,-2,-13,-2,-7,-64,0,1,-13,2,-8,2,-8,-64,0,3,-13,5,-9,-64,0,-6,-17,-8,-5,-64,0,-6,-12,-3,-6,-5,-1,-5,8,-64,0,3,-8,0,-2,-64,0,2,-6,5,-3,3,9,-64,-64,,,,,,"
604,使,4F7F,in_simplified_set,unicode_encoded,shi,48,6,"48,-64,0,-4,-15,-2,-9,1,-16,-64,0,-2,-9,-1,10,-64,0,-7,-8,3,-8,-64,0,-7,-11,-7,-4,-2,-2,3,-4,4,-12,-64,0,2,0,5,4,1,8,-64,0,-1,2,8,11,-64,-64,,,,,,"
605,傳,50B3,in_simplified_set,unicode_encoded,chuan,70,8,"70,-64,0,-3,-10,1,-6,4,1,3,7,0,8,-4,6,-4,1,2,-11,2,-11,-64,0,-4,1,4,1,-64,0,-1,-11,0,8,-64,0,-1,8,-1,11,1,11,1,8,-64,0,8,3,3,8,-64,0,4,3,9,13,-64,0,-7,-9,-10,2,-64,0,-8,-4,-5,-1,-9,8,-64,-64,,,,,,"
606,仔,4ED4,in_simplified_set,unicode_encoded,zai,44,5,"44,-64,0,-3,-15,-4,-8,-8,0,-64,0,-4,-8,-2,-3,-3,0,-3,8,-64,0,0,-13,-1,-8,7,-8,7,-14,0,-13,-64,0,-1,-2,8,-3,-64,0,3,-8,4,6,-64,-64,,,,,,"
607,侮,4FAE,in_simplified_set,unicode_encoded,wu,50,5,"50,-64,0,-4,-17,-3,-2,-8,2,-6,5,-1,1,-2,8,-64,0,-9,-7,0,-15,1,-10,-5,-6,-7,-9,-64,0,-9,-10,-7,-5,-64,0,6,-17,6,-8,3,-2,4,11,-64,0,5,-14,0,-7,-64,-64,,,,,,"
608,伐,4F10,in_simplified_set,unicode_encoded,fa,36,5,"36,-64,0,-6,-5,9,-7,-64,0,3,-11,4,10,-64,0,1,11,8,10,-64,0,-2,-9,0,4,-4,5,-3,13,-64,0,-1,-4,-5,3,-64,-64,,,,,,"
609,俘,4FD8,in_simplified_set,unicode_encoded,fu,70,9,"70,-64,0,-5,-6,-5,-2,-2,0,0,-2,0,-9,-64,0,-5,-4,-1,-5,-64,0,-6,2,2,2,-64,0,-2,0,-2,9,-64,0,-9,-12,-7,-9,-11,-3,-9,-1,-64,0,-7,-9,-5,-8,-64,0,-10,-7,-7,-4,-64,0,3,-11,3,-6,7,-3,-64,0,9,3,3,-1,3,12,-64,-64,,,,,,"
610,咎,548E,in_simplified_set,unicode_encoded,jiu,54,6,"54,-64,0,0,-5,-2,2,-64,0,0,-5,1,4,-64,0,-1,-1,4,1,5,8,-64,0,-4,5,-4,7,-3,10,0,9,0,5,-4,5,-64,0,6,-10,6,-5,3,-2,-64,0,6,-4,8,-1,6,1,7,13,-64,-64,,,,,,"
611,但,4F46,in_simplified_set,unicode_encoded,dan,48,5,"48,-64,0,-4,-11,-10,4,-64,0,-7,-4,-3,0,-5,3,-6,11,-64,0,-1,-9,-2,-2,7,-2,7,-9,-1,-8,-64,0,1,-6,5,-6,-64,0,0,2,-1,7,7,7,7,1,0,2,-64,-64,,,,,,"
612,弔,5F14,in_simplified_set,unicode_encoded,diao,46,5,"46,-64,0,2,-11,-1,-1,4,7,2,14,-64,0,1,-9,7,-4,-64,0,-4,-8,5,-1,4,1,-4,0,-64,0,-4,0,-5,1,-4,4,6,6,-64,0,-3,-4,-4,-8,0,-8,-64,-64,,,,,,"
613,肄,8084,traditional_or_variant,unicode_encoded,yi,76,10,"76,-64,0,-3,-8,-2,6,-64,0,-2,6,-5,8,-5,13,-64,0,-2,5,1,8,1,14,-64,0,-7,-10,1,-8,1,-6,-7,-6,-64,0,1,-6,-8,-1,-10,4,-64,0,-6,-2,-6,2,-64,0,-7,2,-8,11,-64,0,-2,-4,2,0,-64,0,3,13,4,-1,8,3,-64,0,4,-12,4,-5,8,-2,-64,-64,,,,,,"
614,化,5316,in_simplified_set,unicode_encoded,hua,36,4,"36,-64,0,2,-14,2,-10,1,-5,5,3,-64,0,2,-10,6,-3,-64,0,-2,-5,-2,-1,4,6,2,9,2,14,-64,0,-2,6,2,9,-64,-64,,,,,,"
615,匕,5315,in_simplified_set,unicode_encoded,bi,20,2,"20,-64,0,-2,-12,2,-4,-3,2,3,15,-64,0,-5,-8,-4,-4,0,-8,-64,-64,,,,,,"
616,从,4ECE,in_simplified_set,unicode_encoded,cong,34,4,"34,-64,0,-3,-15,-4,-5,-1,-1,-4,9,-64,0,-3,-10,-1,-9,-64,0,4,-15,1,-6,6,-1,3,9,-64,0,3,-11,8,-8,-64,-64,,,,,,"
617,從,5F9E,in_simplified_set,unicode_encoded,cong,50,7,"50,-64,0,-3,-11,-3,-9,-6,-2,-64,0,-3,-1,-6,6,-64,0,-4,1,-3,13,-64,0,1,-9,-1,0,-64,0,0,-5,3,-3,1,8,-64,0,7,-10,5,-4,-64,0,6,-7,9,-5,6,6,-64,-64,,,,,,"
618,并,5E76,in_simplified_set,unicode_encoded,bing,40,5,"40,-64,0,-4,-11,-4,-1,-1,3,-1,13,-64,0,2,-11,1,-2,5,1,4,12,-64,0,1,-8,6,-5,-64,0,-4,-8,-1,-6,-64,0,-5,8,8,9,-64,-64,,,,,,"
619,比,6BD4,in_simplified_set,unicode_encoded,bi,34,4,"34,-64,0,-3,-11,-6,-3,-3,2,-4,12,-64,0,-4,-8,-1,-4,-64,0,4,-11,1,-2,5,2,5,12,-64,0,3,-8,10,-3,-64,-64,,,,,,"
620,北,5317,in_simplified_set,unicode_encoded,bei,34,4,"34,-64,0,-4,-11,0,-5,-3,1,-1,14,-64,0,6,-11,4,-2,8,3,6,15,-64,0,-2,-8,-7,-1,-64,0,5,-9,12,-3,-64,-64,,,,,,"
621,丘,4E18,in_simplified_set,unicode_encoded,qiu,34,5,"34,-64,0,-7,-10,-5,4,-64,0,7,-9,8,4,-64,0,6,-6,2,-3,1,3,-64,0,-7,-8,1,3,-64,0,-9,4,8,4,-64,-64,,,,,,"
622,乑,4E51,traditional_or_variant,unicode_encoded,yin,52,6,"52,-64,0,2,-11,-1,-6,4,2,1,7,0,13,-64,0,-6,-3,-4,4,-5,6,-6,11,-64,0,6,-6,9,1,7,4,7,14,-64,0,-5,0,-8,4,-64,0,0,-4,-2,4,-64,0,7,-5,4,-1,-64,-64,,,,,,"
623,衆,8846,in_simplified_set,unicode_encoded,zhong,62,8,"62,-64,0,-4,-12,-4,-7,5,-7,6,-12,-4,-12,-64,0,-2,-10,3,-9,-64,0,-3,-2,-7,8,-64,0,-5,2,-2,7,-4,12,-64,0,0,-3,3,6,1,12,-64,0,1,1,-1,6,-64,0,7,-3,5,7,-64,0,6,1,8,5,6,12,-64,-64,,,,,,"
624,壬,58EC,in_simplified_set,unicode_encoded,ren,30,3,"30,-64,0,3,-6,0,-11,-4,-6,2,6,-1,9,0,13,-64,0,2,5,3,10,3,14,-64,0,-5,15,8,12,-64,-64,,,,,,"
625,朢,6722,in_simplified_set,unicode_encoded,wang,62,8,"62,-64,0,-1,-13,-5,-8,-4,-3,2,-1,-64,0,-5,-8,3,-8,3,-5,-5,-6,-64,0,-2,-13,0,-9,-64,0,0,-6,0,-3,-64,0,1,-2,-4,4,-64,0,0,0,3,4,-2,10,-2,15,-64,0,-1,9,1,14,-64,0,-5,15,4,14,-64,-64,,,,,,"
626,監,76E3,in_simplified_set,unicode_encoded,jian,80,9,"80,-64,0,8,-11,-4,-10,-3,-6,2,-7,8,-11,-64,0,1,-11,0,-8,1,-7,-64,0,3,-11,4,-8,-64,0,3,-8,6,2,0,6,1,9,7,5,7,9,5,14,-64,0,4,-5,1,4,-64,0,-6,-1,-6,2,-3,4,0,2,-1,-3,-64,0,-3,4,-6,9,-64,0,-3,4,-2,9,-64,0,-8,9,-1,9,-64,-64,,,,,,"
627,衣,8863,in_simplified_set,unicode_encoded,yi,32,3,"32,-64,0,-6,-3,2,-12,11,-5,-64,0,-7,6,0,-2,-1,7,6,12,6,8,-64,0,0,7,5,4,4,-4,13,2,-64,-64,,,,,,"
628,卒,5352,in_simplified_set,unicode_encoded,zu,64,9,"64,-64,0,-7,-5,1,-13,10,-6,-64,0,-8,1,-2,-4,-1,10,10,14,-64,0,6,12,6,-4,12,-1,-64,0,-1,-5,6,-1,-64,0,-2,1,7,5,-64,0,-1,6,5,9,-64,0,5,-4,-2,1,-64,0,6,-1,-1,6,-64,0,7,5,1,10,-64,-64,,,,,,"
629,裘,88D8,in_simplified_set,unicode_encoded,qiu,82,12,"82,-64,0,1,-15,1,-12,-4,-6,-64,0,1,-12,9,-8,-64,0,-1,-5,-2,5,-3,12,-64,0,6,-5,6,5,3,9,-2,8,-64,0,-1,-3,-6,2,-64,0,-3,3,-6,7,-64,0,-2,8,-7,12,-64,0,2,9,3,12,-64,0,5,6,8,11,-64,0,6,4,11,6,-64,0,6,-2,11,2,-64,0,6,-4,12,-2,-64,-64,,,,,,"
630,老,8001,in_simplified_set,unicode_encoded,lao,56,7,"56,-64,0,0,-11,-2,-8,0,-5,1,-8,0,-11,-64,0,0,-5,0,-2,-5,3,-64,0,3,-12,-4,-10,-5,-5,-64,0,1,-2,4,2,5,11,-64,0,-2,0,-1,2,-64,0,-1,-2,0,1,-64,0,-2,3,-3,10,-64,-64,,,,,,"
631,耋,800B,in_simplified_set,unicode_encoded,die,70,8,"70,-64,0,-2,-16,2,-11,0,-6,-2,-11,2,-16,-64,0,0,-6,0,4,-64,0,-3,0,0,4,3,0,-64,0,7,-16,7,-4,10,-1,7,1,7,7,-64,0,4,-14,6,-11,11,-15,-64,0,4,-9,7,-8,11,-12,-64,0,2,-4,5,-2,4,0,-64,0,2,-2,7,-4,-64,-64,,,,,,"
632,考,8003,in_simplified_set,unicode_encoded,kao,72,10,"72,-64,0,0,-13,1,-3,-6,1,-64,0,1,-3,8,1,-64,0,-4,0,-5,12,-64,0,8,1,7,11,-64,0,-2,3,2,2,-64,0,0,3,0,12,3,15,-64,0,0,7,2,10,-64,0,-3,-13,0,-9,5,-12,-64,0,-2,-8,1,-5,4,-9,-64,0,-2,-3,1,-5,4,-4,-64,-64,,,,,,"
633,孝,5B5D,in_simplified_set,unicode_encoded,xiao,50,5,"50,-64,0,0,-13,1,-3,-3,-1,-3,1,3,2,4,-1,1,-4,-64,0,-3,-11,0,-9,4,-13,-64,0,-4,-6,1,-5,5,-9,-64,0,0,1,1,9,0,14,-64,0,-3,4,0,7,6,2,-64,-64,,,,,,"
634,尸,5C38,in_simplified_set,unicode_encoded,shi,32,2,"32,-64,0,3,-18,4,-11,8,-5,6,-3,2,-3,-3,-7,-5,-4,-3,-1,0,0,0,6,-64,0,3,-12,-2,-11,-7,-8,-64,-64,,,,,,"
635,尾,5C3E,in_simplified_set,unicode_encoded,wei,38,5,"38,-64,0,1,-13,-6,-2,-64,0,0,-10,2,2,-6,15,-64,0,1,3,7,13,-64,0,1,10,3,5,8,7,-64,0,2,13,4,7,9,10,-64,-64,,,,,,"
636,舟,821F,in_simplified_set,unicode_encoded,zhou,42,6,"42,-64,0,-6,-12,-4,3,2,10,-64,0,1,-14,2,0,10,5,-64,0,-5,-8,1,-11,-64,0,-5,-5,2,-8,-64,0,-3,5,3,1,-64,0,-1,7,5,2,-64,-64,,,,,,"
637,肜,809C,traditional_or_variant,unicode_encoded,rong,26,4,"26,-64,0,2,-12,-3,-4,-64,0,4,-3,-2,2,-64,0,2,3,0,6,-64,0,4,7,-2,14,-64,-64,,,,,,"
638,朕,6715,in_simplified_set,unicode_encoded,zhen,68,10,"68,-64,0,-5,-15,-4,9,-64,0,-9,1,-5,8,-64,0,-11,11,-5,2,-64,0,-3,1,4,10,-64,0,-1,-2,0,2,-3,9,-64,0,-1,-16,3,-2,8,1,-64,0,3,-16,7,-4,11,-2,-64,0,0,-13,4,-14,-64,0,2,-3,6,-6,-64,0,4,-1,7,-4,-64,-64,,,,,,"
639,般,822C,in_simplified_set,unicode_encoded,ban,58,8,"58,-64,0,-2,-12,3,-2,5,6,2,15,-64,0,5,-9,9,1,-64,0,1,-5,6,-6,-64,0,4,0,8,-1,-64,0,-2,-6,-7,0,-64,0,-3,-4,2,11,-64,0,-1,5,-3,10,-6,15,-64,0,-3,3,-4,9,-1,12,-64,-64,,,,,,"
640,服,670D,in_simplified_set,unicode_encoded,fu,60,7,"60,-64,0,0,-14,0,-3,4,2,-2,6,-2,11,3,7,1,15,-64,0,0,-5,-1,5,-64,0,-8,2,-3,-11,-4,5,-64,0,-6,-6,-2,-4,-64,0,-7,-3,-3,-1,-64,0,2,-9,6,-6,10,3,-64,0,3,-13,6,-9,3,-3,-64,-64,,,,,,"
641,方,65B9,in_simplified_set,unicode_encoded,fang,36,5,"36,-64,0,0,-10,0,5,-2,10,-7,16,-64,0,0,2,-7,9,-64,0,-7,-9,-6,1,-64,0,-6,-4,6,-5,-64,0,5,-10,5,0,-64,-64,,,,,,"
642,兀,5140,in_simplified_set,unicode_encoded,wu,28,3,"28,-64,0,-6,-7,10,-9,-64,0,2,-8,2,-3,7,4,-64,0,2,-3,-3,2,-1,5,2,7,2,16,-64,-64,,,,,,"
643,兒,5152,in_simplified_set,unicode_encoded,er,42,5,"42,-64,0,-4,-11,-3,-4,1,-2,5,-4,5,-12,-64,0,-2,-9,-4,-7,-64,0,1,-9,5,-7,-64,0,-2,5,1,-3,-64,0,1,-1,4,5,0,9,0,16,-64,-64,,,,,,"
644,允,5141,in_simplified_set,unicode_encoded,yun,28,2,"28,-64,0,0,-13,3,-8,5,-4,-4,2,-64,0,1,-11,-1,-6,0,-2,3,1,4,5,2,8,1,15,-64,-64,,,,,,"
645,兑,5151,in_simplified_set,unicode_encoded,dui,48,6,"48,-64,0,-2,-9,-1,-3,2,-3,4,-5,4,-10,-64,0,-1,-8,4,-8,-64,0,-3,-14,-6,-8,-64,0,3,-15,7,-7,-64,0,1,-3,3,4,1,9,1,15,-64,0,2,-1,-4,8,-64,-64,,,,,,"
646,兄,5144,in_simplified_set,unicode_encoded,xiong,40,4,"40,-64,0,-2,-13,-2,-7,5,-7,4,-14,-64,0,-2,-10,4,-11,-64,0,2,-6,3,3,-2,6,-2,10,4,5,6,15,-64,0,2,-4,0,0,0,5,-64,-64,,,,,,"
647,兢,5162,in_simplified_set,unicode_encoded,jing,86,12,"86,-64,0,-5,-7,-5,-3,-2,-2,0,-7,-64,0,-5,-6,-1,-6,-64,0,-4,-12,-3,-7,-64,0,-1,-12,-3,-9,-64,0,2,-7,2,-3,6,-2,6,-8,-64,0,2,-6,6,-5,-64,0,2,-11,4,-6,-64,0,3,-9,6,-12,-64,0,-3,-2,-4,6,-2,13,-64,0,-7,1,-2,6,-64,0,4,-3,3,4,5,12,-64,0,0,1,7,4,-64,-64,,,,,,"
648,先,5148,in_simplified_set,unicode_encoded,xian,38,5,"38,-64,0,-1,-9,2,-1,3,-13,-64,0,-1,-8,8,-11,-64,0,-5,-1,7,-2,-64,0,2,-1,4,4,0,9,1,16,-64,0,2,0,-3,7,-64,-64,,,,,,"
649,見,898B,in_simplified_set,unicode_encoded,jian,54,5,"54,-64,0,-8,-9,-2,-7,2,-5,4,-8,9,-8,8,-13,-7,-9,-64,0,-2,-11,-2,-8,-64,0,4,-12,3,-9,-64,0,0,-5,-3,5,2,7,5,8,5,12,0,12,-2,9,0,17,-64,0,0,-4,3,7,-64,-64,,,,,,"
650,視,8996,in_simplified_set,unicode_encoded,shi,60,7,"60,-64,0,-3,-12,4,-13,-64,0,-5,-2,-4,-8,5,-9,6,-2,-64,0,0,-9,1,0,-64,0,-10,7,-3,3,3,2,8,4,12,8,-64,0,0,2,-2,7,0,10,4,8,3,2,-64,0,-9,7,-1,8,-64,0,4,8,11,7,-64,-64,,,,,,"
651,觀,89C0,in_simplified_set,unicode_encoded,guan,110,12,"110,-64,0,-8,-10,-4,-16,0,-12,0,-6,-64,0,0,-12,1,-16,6,-12,-64,0,-6,-11,-5,-9,-3,-9,-3,-12,-64,0,-5,-11,-3,-11,-64,0,1,-12,2,-9,4,-9,4,-13,-64,0,1,-11,4,-12,-64,0,-5,-6,3,-7,4,-4,-3,-2,-5,1,0,7,-3,11,-4,14,-9,15,-64,0,-4,2,5,0,-64,0,1,-5,5,0,9,8,9,13,-64,0,0,1,4,5,3,10,2,11,-64,0,-5,11,1,12,-64,0,-4,13,0,17,-64,-64,,,,,,"
652,欠,6B20,in_simplified_set,unicode_encoded,qian,36,3,"36,-64,0,6,-15,-4,-11,-2,-6,7,-9,-64,0,1,-13,-1,6,5,10,6,14,-2,10,-1,14,3,18,-64,0,0,-5,4,1,4,8,-64,-64,,,,,,"
653,次,6B21,in_simplified_set,unicode_encoded,ci,58,6,"58,-64,0,8,-15,-1,-15,0,-10,5,-9,10,-11,-64,0,2,-15,4,-9,-64,0,0,-10,1,-3,3,0,-64,0,4,-9,4,-3,3,0,2,7,9,9,8,12,1,10,5,17,-64,0,6,-13,11,-13,-64,0,2,-8,2,-6,-64,-64,,,,,,"
654,饮,996E,traditional_or_variant,unicode_encoded,yin,108,13,"108,-64,0,-5,-1,5,-2,-64,0,-8,2,-4,6,-2,15,0,18,3,13,2,6,6,2,-64,0,-8,2,6,2,-64,0,-2,-2,-2,1,-64,0,1,-2,1,2,-64,0,-4,6,3,6,-64,0,-3,-4,-3,-12,1,-13,4,-12,4,-4,-64,0,-3,-11,4,-11,-64,0,0,-10,0,-5,-1,-4,-64,0,-2,-7,0,-9,3,-7,-64,0,0,-6,1,-4,-64,0,1,-14,4,-16,10,-12,11,-7,6,0,-64,0,11,-5,15,1,14,13,-64,-64,,,,,,"
655,祸,7978,traditional_or_variant,unicode_encoded,huo,80,10,"80,-64,0,5,-14,-1,-13,-1,-9,3,-9,6,-10,-64,0,2,-14,2,-10,-64,0,0,-8,-1,2,5,4,-64,0,0,-7,3,-2,3,2,5,8,-2,5,2,13,-64,0,5,-17,6,-12,-64,0,6,-15,13,-9,-64,0,12,-13,12,-6,-64,0,12,-9,6,-5,-64,0,5,-8,6,-1,-64,0,6,-3,11,2,11,4,-64,-64,,,,,,"
656,頁,9801,in_simplified_set,unicode_encoded,ye,72,7,"72,-64,0,-2,-6,9,-6,11,-11,5,-9,6,-13,0,-13,-3,-10,-2,-6,-64,0,0,-15,2,-13,-64,0,3,-15,3,-14,-64,0,6,-16,4,-13,-64,0,1,-7,1,-10,4,-10,4,-7,-64,0,5,-5,6,4,-2,6,-1,12,6,7,8,10,6,14,-64,0,4,-5,1,0,0,5,-64,-64,,,,,,"
657,面,9762,in_simplified_set,unicode_encoded,mian,48,4,"48,-64,0,-8,8,-2,-8,13,-14,9,1,6,3,-7,8,-7,8,-64,0,-3,3,0,-5,9,-9,7,-5,3,0,-3,2,-64,0,1,-5,0,-1,2,0,-64,0,2,-5,5,-6,6,-3,-64,-64,,,,,,"
658,首,9996,in_simplified_set,unicode_encoded,shou,58,5,"58,-64,0,-3,-11,10,-6,14,4,5,5,1,4,-4,-4,3,-2,-2,-11,-64,0,0,-17,2,-12,3,-9,-64,0,5,-15,7,-11,6,-8,-64,0,10,-13,12,-9,11,-4,-64,0,4,-3,7,-3,7,0,5,1,2,-1,4,-3,-64,-64,,,,,,"
659,彡,5F61,in_simplified_set,unicode_encoded,shan,26,4,"26,-64,0,0,-16,12,-5,-64,0,-2,-10,12,1,-64,0,-3,-3,11,6,-64,0,-4,4,11,13,-64,-64,,,,,,"
660,文,6587,in_simplified_set,unicode_encoded,wen,48,6,"48,-64,0,-5,-6,3,-13,2,-17,-64,0,2,-14,14,-7,-64,0,0,-9,5,2,8,9,8,18,-64,0,8,-11,4,0,-1,5,-3,16,-64,0,3,-10,6,-6,-64,0,6,-12,3,-4,-64,-64,,,,,,"
661,后,540E,in_simplified_set,unicode_encoded,hou,90,12,"90,-64,0,-3,-15,-9,-10,-64,0,2,-13,-10,-7,-9,-1,-64,0,-6,-12,-3,-7,-4,-1,-7,4,-4,11,-64,0,-12,-1,1,-8,2,-14,-64,0,-7,-8,-5,-5,-64,0,-1,-10,1,-8,-64,0,-2,1,7,-4,-64,0,2,-7,2,3,-64,0,-1,4,0,9,7,7,6,1,-1,4,-64,0,-2,11,-2,15,-64,0,3,11,4,15,-64,0,8,4,10,7,-64,-64,,,,,,"
662,司,53F8,in_simplified_set,unicode_encoded,si,34,4,"34,-64,0,0,-17,10,-9,10,11,-64,0,2,-10,11,-1,-64,0,-3,-1,-2,6,2,7,6,4,4,-3,-64,0,-3,1,5,1,-64,-64,,,,,,"
663,卩,5369,in_simplified_set,unicode_encoded,jie,28,2,"28,-64,0,2,-18,8,-2,1,2,-3,3,-3,9,8,4,7,10,4,14,-64,0,4,-12,0,-6,1,2,-64,-64,,,,,,"
664,令,4EE4,in_simplified_set,unicode_encoded,ling,38,4,"38,-64,0,-3,-7,5,-18,14,-9,-64,0,0,-11,11,-13,-64,0,5,-8,8,3,0,8,0,11,9,7,8,11,5,15,-64,0,5,-5,2,7,-64,-64,,,,,,"
665,转,8F6C,traditional_or_variant,unicode_encoded,zhuan,48,4,"48,-64,0,-1,-14,-5,-4,-4,0,1,4,1,8,-6,3,-4,8,-2,13,-64,0,-1,-13,-1,2,-64,0,6,-17,4,-9,4,-1,9,4,7,8,2,3,6,12,-64,0,5,-12,9,3,-64,-64,,,,,,"
666,印,5370,in_simplified_set,unicode_encoded,yin,46,5,"46,-64,0,-3,-18,-2,-13,-4,-8,-1,-1,-64,0,-2,-14,2,-12,-64,0,-3,-9,0,-7,-64,0,1,-10,5,5,-4,8,-4,12,6,8,1,15,-64,0,2,-6,0,0,-1,7,-64,-64,,,,,,"
667,卯,536F,in_simplified_set,unicode_encoded,mao,60,6,"60,-64,0,-7,-14,3,-16,-64,0,-1,-18,-5,-4,0,0,1,6,-7,0,-5,5,-3,10,-64,0,-2,-14,1,-9,0,-1,-64,0,4,-15,12,-15,-64,0,8,-17,11,-3,5,-1,8,5,11,1,10,7,-64,0,9,-11,6,-7,6,-2,-64,-64,,,,,,"
668,卿,537F,in_simplified_set,unicode_encoded,qing,102,11,"102,-64,0,3,-10,0,-5,4,-2,6,-7,3,-10,-64,0,0,-5,6,-6,-64,0,-5,-15,2,-14,2,-12,-6,-12,-64,0,-1,-14,-7,-2,-3,0,-2,5,-7,2,-5,10,-64,0,-4,-9,-2,-5,-3,-1,-64,0,2,-3,1,2,-64,0,4,-2,5,2,-64,0,-2,2,8,3,-64,0,11,-15,5,-14,5,-11,12,-11,-64,0,8,-15,12,-1,8,2,7,6,12,2,9,13,-64,0,9,-9,8,-4,9,1,-64,-64,,,,,,"
669,辟,8F9F,in_simplified_set,unicode_encoded,pi,60,7,"60,-64,0,5,-4,4,1,9,1,9,-3,5,-4,-64,0,0,-12,2,1,-4,4,-4,10,3,5,1,12,-64,0,0,-9,-2,2,-64,0,4,-15,17,-14,-64,0,7,-7,15,-7,-64,0,7,-15,10,-8,-64,0,13,-14,10,-7,10,7,-64,-64,,,,,,"
670,勹,52F9,in_simplified_set,unicode_encoded,bao,50,5,"50,-64,0,-1,-16,1,-13,3,-17,-64,0,1,-13,0,-7,5,-10,-64,0,7,-15,9,-8,-64,0,9,-11,11,-14,-64,0,0,2,-2,-2,6,-3,10,-1,10,3,4,7,5,11,10,8,9,13,-64,-64,,,,,,"
671,旬,65EC,in_simplified_set,unicode_encoded,xun,26,2,"26,-64,0,-3,-16,12,-14,-64,0,2,-19,10,-1,3,10,-5,4,-5,0,-3,-6,2,-4,0,3,-64,-64,,,,,,"
672,勽,52FD,in_simplified_set,unicode_encoded,bao,32,3,"32,-64,0,5,-16,-2,-7,5,10,12,3,13,-7,5,-16,-64,0,5,-12,9,-2,5,0,7,5,-64,0,6,-8,1,-1,-64,-64,,,,,,"
673,苟,82DF,in_simplified_set,unicode_encoded,gou,30,3,"30,-64,0,-3,-19,0,-13,4,-20,-64,0,0,-13,3,1,-5,5,-4,10,5,5,3,13,-64,0,0,-13,-4,4,-64,-64,,,,,,"
674,鬼,9B3C,in_simplified_set,unicode_encoded,gui,46,5,"46,-64,0,1,-17,0,-11,2,-7,11,-9,12,-14,11,-18,1,-17,-64,0,0,-13,12,-13,-64,0,5,-18,6,-9,-64,0,6,-7,10,0,6,3,6,12,-64,0,7,-6,0,3,-64,-64,,,,,,"
675,鬽,9B3D,in_simplified_set,unicode_encoded,mei,72,9,"72,-64,0,-2,-14,7,-14,7,-6,-2,-6,-2,-14,-64,0,-2,-10,7,-10,-64,0,3,-14,3,-7,-64,0,2,-6,0,4,6,7,4,12,-3,6,-1,13,-64,0,2,-5,8,0,4,5,-64,0,2,-18,3,-16,-64,0,8,-18,10,-14,-64,0,10,-11,12,-5,-64,0,8,-5,9,-3,-64,-64,,,,,,"
676,甶,7536,in_simplified_set,unicode_encoded,fu,26,3,"26,-64,0,4,-15,4,11,-64,0,4,11,-5,-2,4,-15,13,-2,4,10,-64,0,-5,-3,12,-2,-64,-64,,,,,,"
677,畏,754F,in_simplified_set,unicode_encoded,wei,58,7,"58,-64,0,-1,-10,-2,-2,8,-2,8,-10,-1,-9,-64,0,-2,-5,8,-5,-64,0,2,-9,3,-2,-64,0,-6,-16,-5,5,-64,0,-6,-13,-1,-12,-64,0,-5,-1,-1,1,-1,7,-64,0,-4,4,3,-1,7,3,4,7,4,15,-64,-64,,,,,,"
678,山,5C71,in_simplified_set,unicode_encoded,shan,20,1,"20,-64,0,-9,2,12,2,11,-12,5,1,0,-11,-3,1,-7,-7,-8,1,-64,-64,,,,,,"
679,嵒,5D52,in_simplified_set,unicode_encoded,yan,68,8,"68,-64,0,-2,-18,-3,-11,2,-9,4,-17,-64,0,-2,-16,3,-15,-64,0,-10,-7,-8,1,-4,-2,-6,-9,-64,0,-10,-4,-6,-6,-64,0,6,-8,4,-3,9,1,11,-5,-64,0,6,-6,10,-3,-64,0,0,-10,0,8,-64,0,-6,-1,-5,6,3,8,5,5,6,-2,-64,-64,,,,,,"
680,庭,5EAD,in_simplified_set,unicode_encoded,ting,62,7,"62,-64,0,3,-17,-5,-11,-6,8,-64,0,3,-17,12,-9,12,10,-64,0,2,-10,7,-6,8,2,6,8,-2,10,-64,0,4,-8,3,-3,-3,-1,-64,0,2,-3,6,4,-64,0,-2,1,-2,5,-2,7,3,6,2,0,-64,0,-1,3,2,3,-64,-64,,,,,,"
681,廣,5EE3,in_simplified_set,unicode_encoded,guang,62,7,"62,-64,0,4,-17,-5,-12,-6,7,-64,0,5,-17,12,-9,11,7,-64,0,0,-8,5,-12,7,-9,-64,0,5,-12,4,-1,-64,0,0,-7,0,0,8,0,8,-7,0,-6,-64,0,0,-4,8,-4,-64,0,0,7,1,4,4,-1,7,3,7,9,-64,-64,,,,,,"
682,龐,9F90,in_simplified_set,unicode_encoded,pang,86,10,"86,-64,0,6,-19,-5,-12,-5,9,-64,0,6,-19,16,-14,-64,0,6,-15,11,-15,-64,0,6,-11,11,-12,-64,0,7,-15,8,-11,-64,0,11,-15,9,-11,-64,0,9,-11,8,-8,-64,0,3,-3,5,0,5,-2,6,-8,3,-7,0,0,7,4,2,11,0,6,-64,0,6,-8,10,-8,11,-8,12,-2,14,-1,15,-5,-64,0,6,-6,12,-5,-64,-64,,,,,,"
683,厂,5382,in_simplified_set,unicode_encoded,chang,16,2,"16,-64,0,11,-11,-6,-10,-6,14,-64,0,3,-11,-4,4,-64,-64,,,,,,"
684,石,77F3,in_simplified_set,unicode_encoded,shi,40,5,"40,-64,0,-3,-13,14,-12,14,14,-64,0,3,-13,13,2,-64,0,13,1,6,3,13,9,-64,0,-4,-4,-4,6,4,6,4,-4,-64,0,-4,-1,5,-1,-64,-64,,,,,,"
685,磬,78EC,in_simplified_set,unicode_encoded,qing,74,10,"74,-64,0,-4,-10,5,-12,-64,0,-4,-10,-4,6,-64,0,-3,-15,-1,-11,-64,0,-1,-16,-1,-12,-1,-12,-64,0,2,-16,-1,-12,-64,0,2,-11,-4,-3,-64,0,5,-8,3,-4,4,1,0,7,-64,0,5,-8,6,-5,4,0,-64,0,3,3,6,7,6,12,6,13,-64,0,6,4,2,8,-64,-64,,,,,,"
686,長,9577,in_simplified_set,unicode_encoded,zhang,62,9,"62,-64,0,-6,-5,7,-5,-64,0,-2,-15,5,-15,-64,0,-2,-15,-3,-6,-64,0,1,-12,4,-12,-64,0,1,-12,1,-5,-64,0,1,-4,0,-1,-6,4,-64,0,1,-2,3,2,1,6,3,13,-64,0,-3,2,-2,6,-64,0,-4,5,-4,10,-64,-64,,,,,,"
687,勿,52FF,in_simplified_set,unicode_encoded,wu,36,5,"36,-64,0,4,-12,1,-7,7,8,4,13,-64,0,6,7,0,11,-64,0,-1,-10,-4,-6,-64,0,-2,-2,-7,3,-64,0,0,4,-5,10,-64,-64,,,,,,"
688,昜,661C,in_simplified_set,unicode_encoded,yang,48,7,"48,-64,0,-7,-1,9,-1,-64,0,-3,-11,-3,-5,-64,0,-3,-12,6,-12,-64,0,7,-11,6,-5,-64,0,-2,-5,5,-5,-64,0,0,-9,3,-9,-64,0,0,-1,0,8,3,13,3,13,-64,-64,,,,,,"
689,冄,5184,in_simplified_set,unicode_encoded,ran,70,10,"70,-64,0,0,-11,-4,-4,-7,10,-64,0,-6,4,-10,8,-64,0,-5,4,-2,7,-64,0,-6,-3,-5,-1,-2,-2,-64,0,-6,-8,-2,-5,-64,0,1,-5,3,-5,5,-8,-64,0,2,-2,7,-2,-64,0,0,-10,5,-2,7,9,-64,0,5,3,1,7,-64,0,6,3,9,5,-64,-64,,,,,,"
690,而,800C,in_simplified_set,unicode_encoded,er,52,6,"52,-64,0,-7,-9,0,-8,9,-10,-64,0,-6,-8,-8,0,-64,0,-3,-8,-3,-1,-5,2,-5,10,-64,0,0,-8,1,-1,0,3,1,14,-64,0,4,-9,6,-3,5,7,-64,0,7,-10,10,-4,8,2,-64,-64,,,,,,"
691,豕,8C55,in_simplified_set,unicode_encoded,shi,66,10,"66,-64,0,5,-12,0,-7,-3,0,-3,12,-64,0,-4,-8,6,-8,-64,0,-5,-6,-1,-6,-64,0,-5,-3,-2,-3,-64,0,-5,-1,-2,-1,-64,0,1,-7,8,1,-64,0,8,-1,8,3,-64,0,1,-6,-1,6,-64,0,-2,7,5,12,-64,0,5,9,5,12,-64,-64,,,,,,"
692,豰,8C70,in_simplified_set,unicode_encoded,bo,54,8,"54,-64,0,0,-13,0,-3,-5,0,-64,0,-4,-12,0,-9,-64,0,3,-13,0,-10,-64,0,1,-3,5,0,-64,0,-5,1,-4,11,-64,0,-5,2,5,2,5,2,-64,0,5,3,5,10,-64,0,-3,9,4,9,-64,-64,,,,,,"
693,豭,8C6D,in_simplified_set,unicode_encoded,jia,60,9,"60,-64,0,1,-16,7,-12,-64,0,7,-12,3,6,-64,0,-1,-12,11,-8,-64,0,-3,-11,-3,-4,-64,0,-3,-8,6,-6,-64,0,6,-6,9,4,5,15,-64,0,-1,0,0,-1,-1,5,-64,0,-3,3,-4,11,-64,0,-3,7,7,7,-64,-64,,,,,,"
694,豢,8C62,in_simplified_set,unicode_encoded,huan,84,12,"84,-64,0,-5,-9,6,-12,-64,0,5,-17,6,3,2,12,-64,0,1,-14,9,-13,-64,0,-3,-1,-9,9,-64,0,-3,-1,6,-2,-64,0,-2,-8,-2,6,-64,0,-7,-2,-5,5,-64,0,-4,8,6,3,-64,0,0,-6,1,-3,1,5,1,5,-64,0,0,-7,3,-6,1,-3,-64,0,10,-3,11,3,7,11,-64,0,7,0,12,13,-64,-64,,,,,,"
695,豩,8C69,in_simplified_set,unicode_encoded,bin,68,10,"68,-64,0,-5,-10,1,-6,-64,0,-2,-12,-1,4,-2,13,-64,0,-2,-6,-7,-1,-64,0,-5,-2,-3,6,-64,0,-8,9,-3,7,-64,0,8,-13,7,-7,2,0,-64,0,4,-10,12,-4,-64,0,5,-2,4,4,-64,0,8,-7,7,11,-64,0,3,5,2,5,7,6,-64,-64,,,,,,"
696,彘,5F58,in_simplified_set,unicode_encoded,zhi,70,8,"70,-64,0,1,-14,10,-11,-64,0,4,-18,4,-12,-5,-7,-64,0,3,-11,0,-2,1,4,-64,0,-4,-4,-6,-1,-3,1,-64,0,-6,-1,7,-3,10,-4,12,-1,-64,0,3,-18,6,-11,5,5,5,8,0,12,0,13,-64,0,-5,7,5,5,-64,0,7,-3,9,-2,11,-4,-64,-64,,,,,,"
697,豚,8C5A,in_simplified_set,unicode_encoded,tun,86,11,"86,-64,0,0,-16,0,-10,-64,0,0,-17,5,-16,5,-11,-64,0,1,-11,5,-11,-64,0,1,-10,-2,1,-3,9,1,11,7,6,4,-6,9,-2,10,-5,4,-11,-64,0,2,-3,-1,5,-1,4,-64,0,2,-3,3,6,-64,0,1,1,3,3,-64,0,-6,-9,-1,-5,-64,0,-9,3,-4,7,-64,0,5,8,4,15,-64,0,5,9,7,13,-64,-64,,,,,,"
698,豸,8C78,in_simplified_set,unicode_encoded,zhi,42,6,"42,-64,0,-5,-13,7,-14,7,-8,-64,0,-4,-7,7,-8,-64,0,1,-13,1,-9,-64,0,4,-7,5,6,0,14,-64,0,4,-4,-2,1,-64,0,4,3,-2,7,-64,-64,,,,,,"
699,蛳,86F3,traditional_or_variant,unicode_encoded,si,88,11,"88,-64,0,0,-18,0,-11,-64,0,1,-18,4,-16,4,-12,4,-12,-64,0,1,-11,3,-11,-64,0,1,-13,3,-13,-64,0,4,-11,9,-6,10,-1,3,-2,3,-3,-64,0,4,-6,3,-3,5,0,4,5,7,10,3,15,-64,0,2,12,6,11,-64,0,6,11,6,13,-64,0,-1,-10,-2,-6,-8,-7,-64,0,-3,-5,-1,8,-64,0,-6,10,5,7,-64,-64,,,,,,"
700,易,6613,in_simplified_set,unicode_encoded,yi,38,5,"38,-64,0,4,-17,-6,-6,-4,3,5,14,-64,0,-7,-7,-11,0,-4,5,-64,0,3,-13,10,-6,-64,0,1,-4,7,1,-64,0,2,4,7,8,-64,-64,,,,,,"
701,象,8C61,in_simplified_set,unicode_encoded,xiang,80,6,"80,-64,0,9,-13,12,-13,12,-16,4,-16,-5,-14,-6,-10,-3,-8,1,-10,5,-10,7,-13,7,-13,-64,0,-1,-15,-3,-12,0,-9,-1,-4,-4,1,-1,9,5,13,-64,0,1,-14,2,-12,0,-9,2,-6,9,-4,-64,0,2,-5,5,-2,4,3,0,8,-64,0,0,8,10,9,9,9,-64,0,5,11,3,12,3,16,-64,-64,,,,,,"
702,馬,99AC,in_simplified_set,unicode_encoded,ma,102,12,"102,-64,0,-7,-14,0,-15,3,-14,7,-15,8,-16,8,-12,1,-10,-3,-10,-7,-14,-64,0,0,-16,0,-10,1,-6,0,-1,3,7,-64,0,3,-14,3,-10,4,-7,4,-1,7,7,1,15,-64,0,0,13,4,11,-64,0,4,11,4,15,-64,0,-6,5,-6,10,-64,0,-6,8,6,7,-64,0,-6,-8,-6,-4,-64,0,-6,-5,8,-6,-64,0,4,-9,6,-9,-64,0,5,-7,7,-7,-64,0,5,-3,8,-4,-64,-64,,,,,,"
703,驪,9A6A,in_simplified_set,unicode_encoded,li,122,20,"122,-64,0,-3,-13,-8,-6,-64,0,-5,-10,-4,11,-64,0,-7,-6,-5,-4,-64,0,-3,-7,-4,-4,-64,0,-5,3,-9,9,-64,0,-4,3,-1,6,-64,0,-1,-7,-2,1,-64,0,0,-7,0,5,-64,0,2,-13,3,-7,-64,0,2,-12,13,-13,-64,0,13,-13,4,-8,-64,0,4,-13,5,-10,-64,0,8,-13,9,-11,-64,0,6,-8,8,12,-64,0,6,-6,2,-1,-64,0,7,-7,9,-7,-64,0,8,-5,10,-4,-64,0,7,0,6,2,-64,0,7,5,3,8,-64,0,7,5,11,8,-64,-64,,,,,,"
704,駁,99C1,in_simplified_set,unicode_encoded,bo,88,13,"88,-64,0,-7,-12,-2,-7,-64,0,-2,-13,-4,-5,-64,0,-5,0,2,9,-64,0,-1,-1,-6,9,-64,0,0,-6,2,-12,8,-14,-64,0,9,-13,5,-8,0,-5,-64,0,2,-10,4,-9,-64,0,4,-12,6,-10,-64,0,6,-7,8,2,7,12,-64,0,6,-3,3,1,3,1,-64,0,7,-5,11,-2,-64,0,6,3,4,7,-64,0,8,2,11,7,-64,-64,,,,,,"
705,騽,9A3D,in_simplified_set,unicode_encoded,xi,146,22,"146,-64,0,-7,-12,-5,-6,-5,1,-64,0,-8,-8,-6,-6,-64,0,-7,-4,-8,-4,-6,-2,-64,0,-3,-12,-1,-7,-1,1,-64,0,-3,-8,-2,-7,-64,0,-3,-4,-1,-3,-64,0,-1,-13,3,-17,9,-16,8,-16,-64,0,-1,-13,5,-13,9,-16,-64,0,1,-15,4,-14,-64,0,5,-17,5,-14,-64,0,5,-12,1,-5,-64,0,5,-11,6,12,-64,0,5,-11,8,-9,-64,0,5,-7,9,-6,-64,0,5,-1,2,4,-64,0,6,4,2,9,-64,0,5,4,10,7,-64,0,-7,6,-2,3,-64,0,-1,3,0,7,-64,0,-6,9,0,7,-64,0,-7,7,-7,9,-64,0,-3,4,-3,7,-64,-64,,,,,,"
706,驅,9A45,in_simplified_set,unicode_encoded,qu,90,13,"90,-64,0,-5,-16,-2,-16,0,-14,-64,0,-2,-15,-6,-10,-64,0,-6,-9,-3,-8,-64,0,-3,-9,1,-13,-64,0,-3,-13,-2,-11,-64,0,-1,-10,0,-6,-3,-2,-64,0,0,-6,6,-5,-64,0,0,-5,5,-2,-64,0,8,-6,3,1,-64,0,9,-4,14,1,-64,0,11,-1,7,5,6,12,-64,0,7,7,10,10,10,15,-64,0,10,5,10,8,7,11,-64,-64,,,,,,"
707,馽,99BD,in_simplified_set,unicode_encoded,zhi,120,14,"120,-64,0,-6,-11,-6,-7,-10,-4,-64,0,-6,-8,-3,-4,-64,0,-6,-6,-6,-1,-8,1,-6,7,-5,12,-64,0,-6,-3,-3,1,-5,6,-64,0,-4,1,-7,3,-64,0,-8,7,-6,9,-64,0,-2,5,-5,9,-64,0,0,-16,1,-5,3,1,1,5,1,14,-64,0,0,-4,-3,-1,-64,0,2,-2,-2,0,-64,0,1,-8,7,-3,6,-1,10,0,10,3,12,8,-64,0,8,-3,9,-2,7,2,8,3,-64,0,-2,-13,3,-13,6,-9,6,-10,-64,0,-3,-12,1,-9,5,-8,-64,-64,,,,,,"
708,驤,9A64,traditional_or_variant,unicode_encoded,xiang,84,13,"84,-64,0,-4,-12,-3,-17,0,-14,-64,0,0,-14,3,-18,6,-13,-64,0,0,-14,0,-1,-64,0,-3,-11,-1,-10,-64,0,2,-12,1,-9,-64,0,-3,-8,-1,-6,-64,0,3,-9,0,-6,-64,0,-4,-1,-4,5,-64,0,-4,5,4,5,-64,0,5,-3,4,5,-64,0,0,2,0,15,-64,0,-3,7,0,10,-64,0,4,7,0,10,-64,-64,,,,,,"
709,廌,5ECC,in_simplified_set,unicode_encoded,zhi,58,8,"58,-64,0,-6,-17,-6,-14,-64,0,-6,-14,-1,-13,5,2,-3,8,-64,0,2,-5,-1,2,-64,0,-2,-18,-1,-13,-64,0,-1,-12,-5,-9,-5,-5,-64,0,1,-14,5,-10,-5,-5,-64,0,4,3,3,15,-64,0,3,9,6,12,-64,-64,,,,,,"
710,鹿,9E7F,in_simplified_set,unicode_encoded,lu,112,17,"112,-64,0,-5,-15,-6,-11,-64,0,-6,-11,-6,-11,0,-7,0,-7,-64,0,-8,-15,-6,-14,-64,0,-4,-15,-5,-13,-64,0,-1,-18,1,-14,-64,0,1,-14,-1,-10,-64,0,-2,-13,-1,-13,-64,0,3,-16,1,-15,-64,0,-6,-8,5,-11,-64,0,-6,-8,-6,-3,-64,0,-5,-3,0,-5,-64,0,-1,-10,-3,-5,-64,0,4,-10,1,-6,-64,0,0,-5,0,1,-64,0,-4,14,-3,3,10,-3,13,0,-64,0,10,-1,9,13,-64,0,-3,7,10,4,-64,-64,,,,,,"
711,麟,9E9F,in_simplified_set,unicode_encoded,lin,104,14,"104,-64,0,-7,-11,-5,-14,-2,-15,1,-12,1,-7,-4,0,1,2,6,2,-64,0,-5,-13,-3,-12,-3,-10,-64,0,-3,-11,-1,-13,-64,0,-6,-16,-5,-15,-64,0,-3,-19,-3,-16,-64,0,-1,-18,-2,-16,-64,0,1,-4,6,-2,5,11,-64,0,3,-4,7,-6,-64,0,4,-6,6,-3,-64,0,2,-2,-2,5,-64,0,3,-1,4,1,-64,0,-4,-1,-3,6,-5,13,-64,0,-6,10,-5,11,-64,0,4,13,6,12,-64,-64,,,,,,"
712,麐,9E90,in_simplified_set,unicode_encoded,lin,78,11,"78,-64,0,-7,-7,-4,-12,3,-15,-64,0,-6,-7,0,-9,3,-15,-64,0,-5,-13,-1,-9,-64,0,-2,-15,0,-11,-64,0,-1,-8,-3,-2,-6,4,-64,0,-1,-6,3,-5,11,-9,-64,0,9,-8,8,-1,-64,0,1,-1,-3,7,-64,0,1,-1,7,5,-64,0,4,5,-2,16,-2,15,-64,0,0,4,6,15,-64,-64,,,,,,"
713,麋,9E8B,in_simplified_set,unicode_encoded,mi,124,17,"124,-64,0,-9,-12,-6,-13,-4,-12,10,-13,-64,0,-2,-15,1,-15,2,-14,-64,0,5,-15,7,-15,7,-13,-64,0,-11,-7,-5,-12,-64,0,-12,-7,-5,-9,-5,-9,-64,0,-5,-12,-5,-9,-64,0,-10,-5,-7,-4,-4,-7,-64,0,-5,-9,-2,-4,-4,2,-7,15,-64,0,-5,9,-3,12,-64,0,-4,5,1,7,6,5,-64,0,-3,2,8,1,12,5,-64,0,9,2,9,6,-64,0,9,2,12,1,-64,0,7,1,7,13,-64,0,7,9,10,12,-64,0,-2,-6,7,-12,-64,0,1,-12,1,-10,-64,-64,,,,,,"
714,麇,9E87,in_simplified_set,unicode_encoded,jun,102,14,"102,-64,0,-5,-11,2,-16,-64,0,-5,-12,-5,-7,-64,0,-4,-7,1,-10,-64,0,-1,-13,0,-11,-64,0,2,-16,1,-11,-64,0,-2,-13,-2,-10,0,-6,-5,0,-4,3,-7,9,-64,0,-6,7,-7,7,-64,0,-5,6,-5,8,-64,0,-5,-1,5,-2,8,-5,-64,0,6,-3,10,0,-64,0,6,-3,6,5,-64,0,-3,2,6,0,-64,0,-2,9,-1,4,0,6,0,14,-3,17,-64,0,-1,10,3,14,-64,-64,,,,,,"
715,麑,9E91,in_simplified_set,unicode_encoded,ni,70,9,"70,-64,0,-6,-14,-6,-6,-64,0,-6,-14,7,-17,-64,0,7,-16,1,-10,-5,-6,-64,0,1,-16,-1,-9,1,-5,-4,0,-5,10,-64,0,1,-15,2,-12,-64,0,-3,0,8,-3,12,-1,-64,0,-4,2,3,4,7,2,6,2,-64,0,8,-3,8,10,-64,0,8,7,10,9,-64,-64,,,,,,"
716,麀,9E80,in_simplified_set,unicode_encoded,you,72,8,"72,-64,0,-2,-18,-3,-15,2,-8,10,-4,-64,0,1,-19,3,-16,2,-13,4,-10,-64,0,-6,-13,6,-13,8,-11,-64,0,-6,-13,-2,-9,8,-11,-64,0,0,-7,-2,-3,-1,-1,-4,3,-4,12,-64,0,4,-4,-1,5,4,12,-64,0,6,-1,5,1,5,8,-64,0,3,7,5,3,-64,-64,,,,,,"
717,麤,9EA4,in_simplified_set,unicode_encoded,cu,166,24,"166,-64,0,-9,-6,-6,-4,-64,0,-9,-4,-7,-5,-64,0,-5,-6,-7,-5,-64,0,-9,0,-3,-5,-64,0,-9,0,-6,0,-2,-3,-2,-3,-64,0,-6,-3,-5,-1,-64,0,-4,-4,-4,-2,-64,0,-5,0,-4,4,-7,11,-64,0,-4,2,0,4,-64,0,-4,5,-1,6,-64,0,0,1,0,9,0,1,1,9,-64,0,-1,-14,2,-9,2,-9,-64,0,1,-15,-2,-10,-64,0,2,-13,3,-12,-64,0,5,-16,4,-11,-64,0,7,-15,5,-14,-64,0,-2,-6,1,-9,9,-10,-64,0,-1,-5,4,-5,8,-9,-64,0,1,-8,2,-6,-64,0,4,-9,4,-7,-64,0,3,-5,5,1,3,7,-64,0,5,0,12,3,-64,0,5,3,9,6,-64,0,13,0,10,5,11,10,-64,-64,,,,,,"
718,兔,5154,in_simplified_set,unicode_encoded,tu,70,8,"70,-64,0,-2,-16,6,-11,-64,0,-6,-13,-2,-7,6,-10,-64,0,-3,-11,0,-15,-64,0,-1,-7,-5,-2,-6,3,-5,10,1,12,9,7,-64,0,4,-9,1,-5,0,0,4,9,-64,0,5,-10,8,-4,7,-1,5,-2,1,-6,-64,0,-8,-4,-6,-3,-64,0,-9,10,-6,9,-64,-64,,,,,,"
719,逸,9038,in_simplified_set,unicode_encoded,yi,62,9,"62,-64,0,-5,-18,2,-15,1,-11,-64,0,-7,-14,1,-11,-64,0,-2,-16,-2,-13,-64,0,1,-11,-5,-7,-64,0,0,-10,3,-4,-64,0,-3,-8,0,-1,-64,0,3,-6,3,-4,-2,2,-64,0,-1,5,6,7,-64,0,2,3,8,12,7,1,-64,-64,,,,,,"
720,犬,72AC,in_simplified_set,unicode_encoded,quan,60,8,"60,-64,0,-4,-14,7,-10,-64,0,0,-16,0,-10,4,-3,5,7,0,13,1,16,5,12,-64,0,-8,-8,2,-7,-64,0,-1,-7,-1,6,-64,0,-1,-1,4,-1,-64,0,-1,2,4,2,-64,0,1,-7,2,6,-64,0,-8,5,5,7,-64,-64,,,,,,"
721,尨,5C28,in_simplified_set,unicode_encoded,mang,66,9,"66,-64,0,-3,-12,9,-9,-64,0,2,-16,3,-7,-5,0,-64,0,3,-7,7,8,-64,0,-1,-4,-1,2,3,7,3,7,-64,0,5,5,-1,10,-64,0,7,7,2,12,5,17,9,12,-64,0,-4,1,-6,4,-64,0,-3,5,-5,8,-64,0,-1,7,-3,11,-64,-64,,,,,,"
722,圻,573B,traditional_or_variant,unicode_encoded,qi,66,7,"66,-64,0,0,-17,-2,-14,1,-13,-64,0,-1,-15,5,-15,7,-12,6,-8,7,-1,5,2,5,7,-64,0,-2,-9,4,-4,-64,0,2,-11,0,-4,1,4,2,7,-1,10,-1,12,3,10,-64,0,-7,-5,-1,-4,-64,0,-2,-3,-3,4,-64,0,-7,5,1,5,-64,-64,,,,,,"
723,狩,72E9,in_simplified_set,unicode_encoded,shou,58,7,"58,-64,0,-4,-15,-1,-10,0,14,-64,0,2,-15,-1,-10,-64,0,4,-8,11,-5,-64,0,8,-11,7,-4,8,5,9,7,6,11,8,14,10,12,-64,0,0,-5,7,-4,-64,0,1,6,8,6,-64,0,4,-4,3,1,4,4,-64,-64,,,,,,"
724,臭,81ED,in_simplified_set,unicode_encoded,chou,70,8,"70,-64,0,-5,-17,-4,-12,3,-12,5,-17,-64,0,0,-18,0,-14,-5,-10,-3,-5,-1,-9,-64,0,1,-16,6,-9,4,-6,1,-10,-64,0,-2,-3,5,0,-64,0,2,-4,2,-1,-4,1,-64,0,-2,1,-1,6,-64,0,2,-1,3,7,0,11,3,14,-64,0,-4,9,3,6,-64,-64,,,,,,"
725,獲,7372,in_simplified_set,unicode_encoded,huo,44,5,"44,-64,0,-1,-17,-7,-10,-64,0,-1,-17,1,-11,-6,-4,-5,1,2,4,7,15,-64,0,4,0,4,5,0,10,-64,0,-4,-7,0,-2,-64,0,-1,-13,-1,-10,5,-4,-64,-64,,,,,,"
726,獻,737B,in_simplified_set,unicode_encoded,xian,76,9,"76,-64,0,-6,-15,-5,-9,1,-7,1,-14,-64,0,-6,-15,-2,-12,1,-15,-64,0,-2,-12,-2,2,-6,5,-6,10,-2,6,-2,6,-64,0,-2,2,1,4,2,8,-2,6,-64,0,-2,6,-2,13,-64,0,8,-13,7,5,2,12,-64,0,7,5,10,12,-64,0,2,0,8,-8,-64,0,4,-9,10,-4,-64,-64,,,,,,"
727,狂,72C2,in_simplified_set,unicode_encoded,kuang,76,10,"76,-64,0,-6,-15,-6,-10,-2,-7,-64,0,-3,-14,-2,-7,-1,10,-64,0,-5,10,3,10,-64,0,-6,-11,1,-14,0,-18,-64,0,3,-15,3,-12,11,-8,11,-8,-64,0,0,-9,10,-7,-64,0,7,-7,8,-5,1,1,-64,0,8,-5,10,0,6,14,-64,0,4,8,8,5,-64,0,8,5,9,9,-64,-64,,,,,,"
728,狄,72C4,in_simplified_set,unicode_encoded,di,68,10,"68,-64,0,-3,-11,-5,-4,-64,0,-2,-11,1,-4,-64,0,-2,-10,-2,2,-7,9,-64,0,-2,2,0,8,-64,0,0,-11,9,-7,-64,0,0,-15,9,-8,-64,0,5,-7,3,-1,-64,0,5,-8,8,-1,4,7,9,14,-64,0,1,5,3,10,-64,0,2,7,4,7,-64,-64,,,,,,"
729,猶,7336,in_simplified_set,unicode_encoded,you,68,8,"68,-64,0,-8,-7,1,-7,-64,0,-7,-7,-6,-2,-5,5,-3,6,-3,6,-64,0,1,-7,-1,-1,-1,2,-3,5,-64,0,-6,-2,-1,-2,-64,0,1,-11,11,-11,-64,0,6,-15,6,-9,9,-1,8,2,2,2,-64,0,7,2,6,6,7,11,-64,0,2,-7,6,-8,-64,-64,,,,,,"
730,狼,72FC,in_simplified_set,unicode_encoded,lang,94,14,"94,-64,0,-2,-14,-5,-6,-64,0,-1,-11,-2,-6,-64,0,-7,-5,0,-5,-64,0,-6,-5,-6,1,-64,0,-6,1,1,1,-64,0,0,-6,0,0,-64,0,-6,-2,-2,-2,-64,0,-4,1,-4,6,-64,0,-1,1,-2,9,-64,0,1,-15,4,-10,14,-7,-64,0,7,-14,7,6,4,13,4,15,9,12,-64,0,4,-7,4,4,-64,0,0,-8,7,-8,-64,0,2,6,7,4,-64,-64,,,,,,"
731,狽,72FD,in_simplified_set,unicode_encoded,bei,82,11,"82,-64,0,-4,-15,6,-10,-64,0,0,-17,0,-18,1,-13,-5,-11,-64,0,-2,-11,-1,-4,-64,0,1,-13,3,-3,-64,0,-5,-4,4,-3,0,3,-64,0,-4,1,-1,6,-64,0,0,6,4,2,-64,0,4,2,5,9,3,14,0,11,-64,0,1,8,4,6,-64,0,-4,1,-7,7,-4,14,-1,11,-64,0,-5,5,-3,8,-64,-64,,,,,,"
732,火,706B,in_simplified_set,unicode_encoded,huo,38,3,"38,-64,0,0,-11,0,-2,-3,1,-3,1,-64,0,-6,-5,-3,-1,-64,0,-6,-5,-7,6,-4,9,7,8,10,2,6,-6,5,2,0,-2,0,-2,-64,-64,,,,,,"
733,尞,5C1E,in_simplified_set,unicode_encoded,liao,86,13,"86,-64,0,-6,-13,0,-4,-64,0,0,-15,0,10,-3,13,-64,0,0,10,2,12,-64,0,-5,11,-1,14,3,14,6,10,-64,0,0,-1,-6,6,-64,0,0,-2,6,5,-64,0,-4,6,-3,9,-64,0,2,5,3,8,-64,0,-6,-5,-5,-2,-64,0,5,-6,5,-1,-64,0,5,-13,0,-5,-64,0,2,-17,3,-15,-64,0,-4,-16,-3,-14,-64,-64,,,,,,"
734,焛,711B,in_simplified_set,unicode_encoded,lin,76,10,"76,-64,0,-7,-14,-7,6,-64,0,-6,-12,-1,-11,-1,0,-6,1,-64,0,-6,-6,-2,-6,-64,0,2,-11,7,-13,-64,0,2,-12,3,0,7,1,-64,0,7,-14,8,9,5,13,1,10,0,5,-64,0,3,7,3,8,-64,0,0,10,-5,12,-6,10,-64,0,-2,5,-2,7,-64,0,3,-7,7,-7,-64,-64,,,,,,"
735,烄,70C4,in_simplified_set,unicode_encoded,jiao,90,10,"90,-64,0,1,-16,1,-14,-5,-8,-64,0,1,-14,6,-11,-64,0,1,-14,1,-8,-2,-3,4,3,5,6,-64,0,1,-8,4,-4,3,-2,-3,4,-3,6,-64,0,-5,-1,-5,2,-64,0,6,-1,6,2,-64,0,0,5,0,9,-2,11,-5,7,-5,7,-64,0,-6,5,-6,10,-2,14,7,13,7,4,-64,0,0,8,2,11,8,6,-64,0,-2,7,-1,7,-64,-64,,,,,,"
736,熹,71B9,in_simplified_set,unicode_encoded,xi,106,13,"106,-64,0,-3,-17,-1,-15,3,-15,4,-19,-64,0,0,-18,0,-14,-64,0,-3,-12,-3,-8,4,-8,4,-8,-64,0,-3,-12,5,-12,4,-8,-64,0,-2,-10,2,-10,-64,0,-6,-13,-6,-9,-64,0,7,-13,8,-9,-64,0,0,-8,-1,-1,3,-1,2,-7,-64,0,-5,-5,-4,-1,-64,0,6,-5,6,0,-64,0,-5,3,-5,10,-1,13,9,11,8,2,-64,0,-5,3,-1,9,2,2,4,9,3,8,-64,0,4,5,8,2,-64,-64,,,,,,"
737,奀,5940,traditional_or_variant,unicode_encoded,en,66,9,"66,-64,0,-1,-16,-1,-11,-7,-5,-64,0,-1,-12,7,-7,-64,0,-1,-11,0,-1,-3,4,-64,0,0,-1,4,4,-64,0,-3,-5,-7,-1,-64,0,3,-6,4,-5,-64,0,-10,3,-5,0,-5,6,8,11,-64,0,6,-2,6,9,6,9,-64,0,6,-2,10,-1,-64,-64,,,,,,"
738,秋,79CB,in_simplified_set,unicode_encoded,qiu,142,18,"142,-64,0,-4,-15,-4,-17,-1,-17,1,-14,-64,0,2,-14,5,-18,6,-17,-64,0,-5,-11,1,-14,7,-13,7,-11,-64,0,-5,-11,3,-9,7,-10,-64,0,0,-14,1,-10,-64,0,4,-14,4,-11,-64,0,-6,-6,-5,-6,6,-6,5,0,5,1,-2,6,-3,5,-64,0,-6,-1,-6,4,-64,0,-6,2,-1,1,-64,0,1,-11,0,5,-64,0,0,-1,9,-4,9,3,-64,0,3,-9,2,3,-64,0,-6,8,-2,15,5,15,9,13,8,6,-64,0,2,8,1,11,-1,14,-64,0,2,11,4,14,-64,0,-3,8,-2,10,-64,0,6,9,5,11,-64,0,3,6,3,7,-64,-64,,,,,,"
739,㶳,3DB3,traditional_or_variant,unicode_encoded,jin,54,7,"54,-64,0,-1,-17,0,3,-2,6,-64,0,-1,3,2,8,-64,0,1,5,4,3,5,7,0,11,-64,0,-5,3,-2,10,-64,0,-6,3,-6,8,-4,9,-64,0,1,-16,4,-12,2,-6,-64,0,0,-12,10,-5,-64,-64,,,,,,"
740,焚,711A,in_simplified_set,unicode_encoded,fen,96,14,"96,-64,0,-7,-9,-5,-6,-64,0,-4,-11,-4,4,-64,0,-1,-10,-4,-6,-64,0,-4,-4,-7,2,-64,0,-4,-2,-2,2,-64,0,3,-12,6,-7,-64,0,7,-13,7,5,-64,0,11,-13,7,-8,-64,0,6,-2,3,3,-64,0,7,-2,11,2,-64,0,-8,5,-6,14,9,13,11,4,-64,0,-7,6,-3,9,0,5,7,11,9,13,-64,0,6,9,10,6,-64,0,0,-2,0,4,-64,-64,,,,,,"
741,烖,70D6,in_simplified_set,unicode_encoded,zai,62,7,"62,-64,0,0,-14,-2,-9,-9,-4,-8,11,-64,0,0,-14,5,-7,9,-4,10,14,-64,0,-5,0,-5,7,1,9,6,7,5,0,-64,0,-4,1,-3,3,-3,3,-64,0,1,-2,0,2,-3,5,-64,0,0,2,5,5,-64,0,5,1,3,3,-64,-64,,,,,,"
742,光,5149,in_simplified_set,unicode_encoded,guang,56,6,"56,-64,0,-6,-16,-6,-11,-3,-8,5,-9,5,-18,2,-14,2,-14,-64,0,-6,-15,-2,-12,-64,0,0,-17,-2,-9,-64,0,0,-17,2,-10,-64,0,1,-9,3,1,-2,4,-2,8,4,4,-1,15,-64,0,1,-7,-2,3,-64,-64,,,,,,"
743,烕,70D5,in_simplified_set,unicode_encoded,mie,60,8,"60,-64,0,-8,-10,-7,-1,-2,2,4,-2,3,-9,-64,0,-8,-7,-4,-4,-64,0,-1,-11,-4,-2,-64,0,-2,-11,0,-1,-64,0,0,-5,3,-8,-64,0,6,-13,6,12,-64,0,4,13,8,14,-64,0,7,-13,10,-11,12,-4,6,1,-64,-64,,,,,,"
744,炎,708E,in_simplified_set,unicode_encoded,yan,54,8,"54,-64,0,-5,-12,-4,-6,-64,0,5,-14,5,-7,-64,0,0,-13,0,-4,-4,0,-64,0,1,-5,6,1,-64,0,-6,3,-8,10,-64,0,6,3,11,7,-64,0,0,-1,0,7,-6,14,-64,0,1,6,9,13,-64,-64,,,,,,"
745,焱,7131,in_simplified_set,unicode_encoded,yan,76,9,"76,-64,0,-4,-11,-4,-5,-2,-3,4,-4,5,-12,-64,0,0,-13,0,-8,-2,-5,-64,0,0,-9,2,-7,-64,0,-9,4,-8,10,-2,11,0,4,-64,0,-4,2,-7,9,-64,0,-5,6,-2,9,-64,0,1,7,2,11,6,13,9,12,10,5,-64,0,6,3,6,8,3,11,-64,0,6,8,7,10,-64,-64,,,,,,"
746,赤,8D64,in_simplified_set,unicode_encoded,chi,62,7,"62,-64,0,0,-14,0,-11,-5,-8,-64,0,1,-12,5,-9,-64,0,0,-11,0,-7,-2,-3,-4,4,-64,0,0,-7,3,-2,3,3,-64,0,-8,3,-5,12,0,14,6,12,8,4,-64,0,-7,4,-3,9,-64,0,-3,8,0,3,2,9,8,5,-64,-64,,,,,,"
747,大,5927,in_simplified_set,unicode_encoded,da,34,4,"34,-64,0,1,-14,1,2,-4,6,-6,13,-64,0,1,1,6,5,7,14,-64,0,-8,-2,1,-10,-64,0,2,-10,7,-7,11,-1,-64,-64,,,,,,"
748,夾,593E,in_simplified_set,unicode_encoded,jia,62,8,"62,-64,0,-1,-16,-1,-13,-7,-8,-64,0,-1,-13,5,-8,-64,0,-1,-13,-1,2,-2,6,-3,11,-64,0,0,2,2,5,3,12,-64,0,-5,-6,-7,-1,-8,9,-64,0,-6,-3,-3,1,-64,0,3,-7,6,-2,7,10,-64,0,3,1,5,-2,-64,-64,,,,,,"
749,夸,5938,in_simplified_set,unicode_encoded,kua,48,7,"48,-64,0,-11,-14,-1,-15,-64,0,-10,-5,-2,-5,-64,0,-6,-15,-6,8,-64,0,2,-16,3,-12,-2,-7,-64,0,3,-12,9,-5,-64,0,3,-11,3,3,-1,13,-64,0,3,3,8,12,-64,-64,,,,,,"
750,夷,5937,in_simplified_set,unicode_encoded,yi,20,2,"20,-64,0,2,-16,2,-7,-2,-2,-1,5,-7,15,-64,0,-5,-6,2,-13,-64,-64,,,,,,"
751,亦,4EA6,in_simplified_set,unicode_encoded,yi,44,6,"44,-64,0,1,-16,0,1,-4,5,-5,11,-64,0,-8,-7,0,-14,-64,0,1,-14,8,-5,-64,0,-5,-7,-7,2,-64,0,3,-3,10,2,-64,0,1,2,4,6,5,14,-64,-64,,,,,,"
752,夨,5928,in_simplified_set,unicode_encoded,ze,46,6,"46,-64,0,-6,-13,-5,-10,0,-9,-64,0,-6,-13,-1,-12,0,-10,-64,0,0,-8,0,2,-3,5,-4,13,-64,0,-9,1,0,-7,-64,0,1,-7,8,-1,-64,0,1,2,4,13,-64,-64,,,,,,"
753,呉,5449,in_simplified_set,unicode_encoded,wu,48,6,"48,-64,0,-5,-16,-4,-10,-64,0,-4,-16,5,-16,5,-10,-64,0,-4,-10,5,-10,-64,0,-8,7,-5,-1,5,-4,6,-8,-64,0,0,-9,0,6,-4,9,-4,16,-64,0,0,6,5,14,-64,-64,,,,,,"
754,夭,592D,in_simplified_set,unicode_encoded,yao,26,3,"26,-64,0,-7,-11,-6,-5,7,-3,8,4,-64,0,0,-12,0,2,-7,12,-64,0,0,3,7,12,-64,-64,,,,,,"
755,交,4EA4,in_simplified_set,unicode_encoded,jiao,34,3,"34,-64,0,-7,7,-6,-5,0,-10,7,-8,9,9,-64,0,0,-15,1,-4,-3,2,-2,7,8,16,-64,0,1,-4,4,2,-5,16,-64,-64,,,,,,"
756,壺,58FA,in_simplified_set,unicode_encoded,hu,76,10,"76,-64,0,-5,-10,0,-14,3,-11,-64,0,0,-14,0,-9,-7,-5,-64,0,0,-9,6,-7,-64,0,-3,-7,-4,4,-1,10,0,11,-64,0,3,-8,4,5,1,11,-64,0,-8,-3,-7,0,6,1,8,-2,-64,0,-8,-3,8,-3,-64,0,-2,10,-3,13,-64,0,2,10,4,13,-64,0,-5,13,5,13,-64,-64,,,,,,"
757,幸,5E78,in_simplified_set,unicode_encoded,xing,56,7,"56,-64,0,0,-16,0,-13,-5,-10,-64,0,0,-14,5,-11,-64,0,0,-13,0,-7,-4,-1,0,8,0,16,-64,0,0,-7,4,0,0,7,0,7,-64,0,-7,-2,7,2,-64,0,-3,10,0,13,-64,0,4,8,0,12,-64,-64,,,,,,"
758,執,57F7,in_simplified_set,unicode_encoded,zhi,84,10,"84,-64,0,-5,-16,-5,-12,-8,-10,-64,0,-5,-13,-1,-9,-64,0,-5,-11,-5,-6,-8,-3,-6,5,-5,13,-64,0,-5,-7,-3,-4,-3,0,-6,5,-64,0,-9,5,-6,8,-64,0,0,4,-6,8,-64,0,-8,-3,-3,-4,4,-8,-64,0,-7,-1,-3,-1,5,-4,-64,0,2,-14,7,2,-64,0,7,2,1,7,1,12,7,8,4,16,-64,-64,,,,,,"
759,圉,5709,in_simplified_set,unicode_encoded,yu,88,11,"88,-64,0,-8,-14,-8,10,-64,0,-9,-15,9,-15,9,11,-64,0,-5,12,8,11,-64,0,-3,-10,-5,-6,-64,0,-3,-10,-1,-8,-64,0,-3,-9,-2,-5,-6,-1,-3,5,-3,5,-64,0,-6,5,-3,8,-1,5,-64,0,-2,-5,-1,-2,-3,4,-64,0,-6,1,3,-2,-64,0,-5,-2,3,-5,-64,0,4,-11,4,0,1,4,1,7,5,4,3,8,-64,-64,,,,,,"
760,報,5831,in_simplified_set,unicode_encoded,bao,88,11,"88,-64,0,-3,-14,-6,-9,-64,0,-3,-14,-1,-10,-64,0,-3,-13,-3,-7,-7,-1,-4,5,-5,12,-64,0,-8,6,-5,9,-64,0,-5,9,-2,7,-64,0,-3,-7,0,-2,-3,4,-64,0,-6,0,2,-5,-64,0,2,-9,-1,-6,-64,0,2,-14,4,0,0,4,1,8,5,5,1,13,-64,0,5,-10,5,-9,11,-6,10,4,-64,0,7,-15,7,-3,-64,-64,,,,,,"
761,亢,4EA2,in_simplified_set,unicode_encoded,kang,36,5,"36,-64,0,0,-15,0,-12,-6,-6,-64,0,0,-12,8,-4,-64,0,0,-12,0,-6,-5,11,-64,0,-2,1,3,4,-64,0,1,-6,5,11,-64,-64,,,,,,"
762,殈,6B88,traditional_or_variant,unicode_encoded,xu,44,6,"44,-64,0,-6,-8,-4,-14,-1,-9,6,-15,8,-10,-64,0,1,-16,0,12,-64,0,0,-2,-5,6,-64,0,1,-2,5,4,-64,0,0,4,-5,9,-64,0,0,4,6,9,-64,-64,,,,,,"
763,举,4E3E,traditional_or_variant,unicode_encoded,ju,90,10,"90,-64,0,-5,-16,-1,-11,-1,-2,-64,0,-5,-16,-5,-11,-5,-8,-1,-2,-64,0,-5,-12,-2,-12,-64,0,-5,-8,-1,-9,-64,0,3,-17,2,-11,3,-5,3,-5,-64,0,3,-17,6,-12,7,-9,4,-5,-64,0,2,-12,5,-12,-64,0,2,-10,6,-9,6,-11,-64,0,2,-3,-1,4,-64,0,-1,-1,5,2,5,5,-2,7,-5,9,0,10,5,10,0,15,-64,-64,,,,,,"
764,奚,595A,in_simplified_set,unicode_encoded,xi,76,9,"76,-64,0,-7,-17,-5,-10,-5,-4,-4,-2,-64,0,-4,-9,-3,-8,-64,0,7,-17,3,-7,-64,0,5,-12,6,-5,4,-1,-64,0,1,-17,1,-12,-3,-10,2,-5,0,1,-64,0,1,-12,2,-10,-3,-4,-1,-1,-64,0,0,1,0,15,-64,0,-4,3,0,6,9,8,-64,0,-3,2,2,2,5,11,-64,-64,,,,,,"
765,夫,592B,in_simplified_set,unicode_encoded,fu,34,5,"34,-64,0,-8,-11,8,-11,-64,0,0,-17,0,2,-5,12,-64,0,1,2,4,13,-64,0,0,-7,-9,0,-64,0,0,-7,8,-1,-64,-64,,,,,,"
766,伴,4F34,traditional_or_variant,unicode_encoded,ban,62,9,"62,-64,0,-10,-13,8,-13,-64,0,-5,-12,-5,-9,-10,-4,-64,0,-5,-9,0,-4,-64,0,-5,-7,-5,-1,-8,7,-64,0,-4,-3,-1,7,-64,0,4,-12,2,-3,-64,0,4,-10,8,-3,-64,0,4,-10,4,-2,1,5,-64,0,5,-2,6,7,-64,-64,,,,,,"
767,立,7ACB,in_simplified_set,unicode_encoded,li,38,5,"38,-64,0,-1,-14,-1,-9,-8,-1,-64,0,-1,-10,7,-3,-64,0,-1,-10,-1,1,-4,5,-5,10,-64,0,0,0,3,10,-64,0,-10,12,6,12,-64,-64,,,,,,"
768,竝,7ADD,in_simplified_set,unicode_encoded,bing,74,9,"74,-64,0,-5,-12,-5,-8,-9,-3,-64,0,-5,-8,-2,-5,-64,0,4,-13,4,-9,2,-7,1,-6,-64,0,4,-10,8,-6,-64,0,-5,-8,-5,-1,-8,1,-7,8,-64,0,-5,-1,-1,2,-3,8,-64,0,4,-8,4,-2,1,3,1,8,-64,0,5,-1,6,2,6,7,-64,0,-12,10,9,9,-64,-64,,,,,,"
769,心,5FC3,in_simplified_set,unicode_encoded,xin,34,3,"34,-64,0,-1,-7,-3,-14,-8,-6,-8,1,2,10,8,3,10,-8,3,-13,2,-8,-64,0,-3,4,-2,0,-64,0,4,-2,7,4,-64,-64,,,,,,"
770,慶,6176,in_simplified_set,unicode_encoded,qing,78,10,"78,-64,0,-4,-4,-1,-8,5,-11,-64,0,-4,-4,0,-4,5,-10,-64,0,-3,-11,-1,-5,-64,0,0,-12,2,-7,-64,0,2,-7,3,-3,-5,2,-64,0,3,-3,5,1,3,7,-64,0,0,6,0,8,-2,5,1,1,3,5,-64,0,5,2,9,10,5,15,-64,0,0,11,2,13,-64,0,1,11,8,9,-64,-64,,,,,,"
771,悔,6094,in_simplified_set,unicode_encoded,hui,50,5,"50,-64,0,-7,-8,-3,-14,-1,-8,-64,0,1,-14,0,-7,-64,0,-1,-8,3,4,-1,7,-1,11,6,6,2,14,-64,0,-2,3,-2,-4,2,-7,5,-3,-5,2,-64,0,1,-9,6,-13,5,-7,-64,-64,,,,,,"
772,水,6C34,in_simplified_set,unicode_encoded,shui,36,5,"36,-64,0,-5,-9,-6,-1,-64,0,1,-12,-2,-4,2,5,-2,13,-64,0,-4,4,-7,11,-64,0,4,-8,4,-1,-64,0,5,6,4,13,-64,-64,,,,,,"
773,河,6CB3,in_simplified_set,unicode_encoded,he,24,2,"24,-64,0,-1,-12,5,-3,2,6,7,13,-64,0,1,-2,-6,-6,-4,0,-5,7,-2,12,-64,-64,,,,,,"
774,沮,6CAE,in_simplified_set,unicode_encoded,ju,74,10,"74,-64,0,-3,-10,-6,-5,-7,10,-64,0,-3,-10,0,-4,-1,10,-64,0,-7,10,-1,10,-64,0,-6,-1,0,-1,-64,0,-5,3,0,3,-64,0,1,-11,2,-8,-64,0,4,-10,5,-3,4,3,5,10,5,10,-64,0,7,-9,8,-6,-64,0,8,-1,7,3,-64,0,1,2,1,3,2,7,-64,-64,,,,,,"
775,涂,6D82,in_simplified_set,unicode_encoded,tu,50,7,"50,-64,0,-3,-12,-5,-4,-2,5,-5,12,-64,0,1,-13,-2,-4,-64,0,3,-12,1,-13,9,-4,-64,0,-1,-7,6,-7,-64,0,3,-7,3,11,-64,0,-1,-3,3,2,-64,0,7,-4,3,1,-64,-64,,,,,,"
776,洛,6D1B,in_simplified_set,unicode_encoded,luo,68,9,"68,-64,0,-5,-11,-6,-8,-4,-1,-5,8,-64,0,0,-12,-2,-5,-64,0,0,-12,3,-8,-1,-1,-64,0,-1,-8,4,-5,8,1,-64,0,-2,1,-1,7,4,6,3,0,-64,0,-2,3,3,2,-64,0,-2,8,-2,11,-64,0,2,9,2,12,-64,0,5,8,6,10,-64,-64,,,,,,"
777,汝,6C5D,in_simplified_set,unicode_encoded,ru,66,8,"66,-64,0,-5,-10,-4,-7,-64,0,-5,-1,-5,4,-64,0,-3,-12,-1,-7,-2,-2,-2,11,-64,0,-1,-14,0,-10,-64,0,2,-12,6,2,0,7,1,11,7,6,6,14,-64,0,-1,1,0,3,-64,0,0,-6,7,-10,9,-6,1,0,-64,0,0,-6,3,-1,-64,-64,,,,,,"
778,油,6CB9,in_simplified_set,unicode_encoded,you,52,6,"52,-64,0,-9,-8,-7,-4,-8,3,-5,8,-64,0,-5,-6,-5,4,1,6,4,3,4,-6,-64,0,-4,-1,4,-1,-64,0,-4,-4,4,-4,-64,0,0,-7,0,3,-64,0,7,-8,8,-5,7,2,8,9,-64,-64,,,,,,"
779,淮,6DEE,in_simplified_set,unicode_encoded,huai,52,7,"52,-64,0,-6,-5,-4,0,-5,4,-3,9,-64,0,2,-14,-4,-8,-64,0,1,-13,3,-7,-1,-2,1,12,-64,0,-1,-10,7,-4,-64,0,-1,-1,5,-5,-64,0,2,-6,8,4,-64,0,0,-1,5,7,-64,-64,,,,,,"
780,洧,6D27,in_simplified_set,unicode_encoded,wei,46,6,"46,-64,0,-3,-12,-4,-5,-64,0,2,-9,2,-3,-64,0,1,-12,-2,-6,0,2,-3,10,-64,0,-2,-3,-3,4,-64,0,2,4,2,7,-2,11,-64,0,-1,5,0,8,2,15,-64,-64,,,,,,"
781,濼,6FFC,in_simplified_set,unicode_encoded,luo,96,11,"96,-64,0,-8,-6,-9,-2,-8,11,-64,0,8,-8,6,-5,7,4,6,8,-64,0,-5,6,-5,8,-64,0,4,2,3,5,-64,0,-5,-6,-4,-9,-2,-6,-5,-3,-4,0,-2,-3,-5,-6,-64,0,0,-8,1,-11,3,-8,0,-5,2,-2,3,-4,0,-8,-64,0,-3,-1,0,0,0,11,-64,0,1,-2,0,0,-64,0,-3,3,3,9,-64,0,3,0,-3,10,-64,0,4,-3,4,-1,-64,-64,,,,,,"
782,洹,6D39,in_simplified_set,unicode_encoded,huan,52,6,"52,-64,0,-6,-15,-5,-14,-3,-11,-64,0,-8,-13,-5,-7,-8,-1,-5,6,-64,0,-5,-3,-5,0,-64,0,-1,-10,7,-11,7,-2,-2,-1,-2,-6,3,-8,-64,0,2,2,2,7,-64,0,8,0,8,4,-64,-64,,,,,,"
783,沉,6C89,in_simplified_set,unicode_encoded,chen,94,12,"94,-64,0,-7,-11,-7,-7,-64,0,-7,-1,-8,4,-64,0,-7,7,-7,12,-64,0,5,-12,6,-7,-64,0,5,-2,6,3,-64,0,4,7,6,12,-64,0,-4,-4,-3,-10,0,-4,2,-9,4,-6,4,-6,-64,0,-3,-3,0,0,2,-3,2,-3,-64,0,0,-4,0,-1,-64,0,-4,5,-4,-1,-1,4,3,0,3,3,-64,0,-3,6,0,10,2,6,-64,0,-1,4,0,9,-64,-64,,,,,,"
784,寖,5BD6,in_simplified_set,unicode_encoded,jin,64,9,"64,-64,0,-6,-2,-5,-9,0,-12,7,-7,7,0,-64,0,-3,-2,-3,3,-64,0,2,-7,0,-3,0,12,-64,0,3,-6,4,-5,-64,0,4,-4,0,0,-64,0,4,-1,1,4,-64,0,0,5,-6,11,-64,0,0,5,7,11,-64,0,4,3,4,6,-64,-64,,,,,,"
785,浿,6D7F,in_simplified_set,unicode_encoded,pei,38,4,"38,-64,0,7,-12,6,-7,6,2,2,13,-64,0,-1,-3,-5,-4,-1,7,4,-4,2,-5,0,-2,-64,0,-3,1,-1,-1,-64,0,0,-1,1,1,-64,-64,,,,,,"
786,洚,6D1A,in_simplified_set,unicode_encoded,jiang,50,7,"50,-64,0,-5,-9,-3,0,-5,5,-4,12,-64,0,1,-12,-1,-2,-64,0,1,-12,4,-2,-64,0,0,-6,7,-3,7,2,-64,0,3,0,2,11,-64,0,3,0,6,8,-64,0,-2,9,4,5,-64,-64,,,,,,"
787,衍,884D,in_simplified_set,unicode_encoded,yan,62,7,"62,-64,0,-5,-14,-4,-7,-8,-2,-64,0,-9,6,-4,-2,-4,9,-64,0,-1,-13,-2,-8,-2,1,-3,3,-64,0,1,-11,0,-7,0,2,-1,6,-64,0,3,-10,2,-7,3,4,-64,0,6,-13,5,-7,9,-1,-64,0,6,8,5,-1,10,4,-64,-64,,,,,,"
788,演,6F14,in_simplified_set,unicode_encoded,yan,38,5,"38,-64,0,-3,-8,-1,-3,-2,12,-64,0,0,-3,4,-9,9,-3,-64,0,0,0,8,0,-64,0,4,-9,4,3,0,9,-64,0,4,3,9,10,-64,-64,,,,,,"
789,況,6CC1,in_simplified_set,unicode_encoded,kuang,44,4,"44,-64,0,-5,-10,-2,-2,-5,4,-3,10,-64,0,1,-13,0,-6,5,5,-1,9,0,12,7,8,4,14,-64,0,6,-13,8,-6,3,-2,1,7,-64,0,2,-9,5,-9,-64,-64,,,,,,"
790,沖,6C96,in_simplified_set,unicode_encoded,chong,74,8,"74,-64,0,-7,-9,-4,-1,-6,6,-5,12,-64,0,-4,4,-4,6,-64,0,-2,-12,1,-12,-64,0,-4,-6,-2,-7,-1,-9,1,-9,1,13,-64,0,-4,9,-2,9,-2,7,1,5,-64,0,-2,-2,4,-2,4,1,-1,1,-1,-2,-64,0,3,-9,3,-6,-64,0,4,-11,7,-6,5,8,10,12,-64,-64,,,,,,"
791,灂,7042,in_simplified_set,unicode_encoded,zhuo,62,6,"62,-64,0,-4,-8,-2,-2,-4,5,-3,10,-64,0,0,-5,3,-10,6,-6,-64,0,3,-10,3,-2,-64,0,0,0,7,-2,7,2,-1,4,-64,0,0,5,2,7,4,4,2,7,1,12,1,12,-64,0,5,3,6,6,6,11,6,6,8,2,-64,-64,,,,,,"
792,淵,6DF5,in_simplified_set,unicode_encoded,yuan,46,4,"46,-64,0,-5,-9,5,-10,7,-7,7,6,5,9,-4,10,-7,1,-5,-9,-64,0,-2,-9,-3,6,-64,0,-1,-9,1,-3,0,2,1,7,-64,0,2,-9,4,-5,2,3,5,7,-64,-64,,,,,,"
793,滋,6ECB,in_simplified_set,unicode_encoded,zi,122,14,"122,-64,0,-8,-10,-9,-6,-64,0,-5,-10,-7,-3,-6,2,-7,11,-64,0,-8,1,-9,5,-64,0,-4,6,-4,9,-64,0,-6,-8,-5,-7,-64,0,-2,-10,4,-11,-64,0,-1,-10,-2,-7,1,-3,0,-1,-3,-3,1,-7,-1,-10,-64,0,4,-10,2,-8,6,-3,5,-1,2,-3,5,-8,4,-10,-64,0,-3,-5,8,-6,-64,0,0,0,-2,4,-1,6,-1,11,-64,0,0,1,1,4,-1,6,-64,0,5,0,3,4,5,6,5,12,-64,0,5,0,8,4,6,6,-64,0,-4,4,10,3,-64,-64,,,,,,"
794,沚,6C9A,in_simplified_set,unicode_encoded,zhi,48,7,"48,-64,0,-7,-12,-7,-7,-64,0,-1,-15,-1,-11,-64,0,7,-13,7,-8,-64,0,-6,-5,-1,10,-1,-9,-64,0,-5,0,4,-5,5,-13,-64,0,4,0,4,9,-64,0,-7,2,-7,11,-64,-64,,,,,,"
795,派,6D3E,in_simplified_set,unicode_encoded,pai,42,6,"42,-64,0,-4,-9,-5,-3,-64,0,-4,0,-4,5,-64,0,0,-10,-1,10,-64,0,0,-3,6,3,-64,0,4,-12,4,-5,10,1,-64,0,4,14,4,4,9,8,-64,-64,,,,,,"
796,汜,6C5C,in_simplified_set,unicode_encoded,si,52,6,"52,-64,0,0,-8,-1,-2,4,-1,8,-2,8,-7,0,-7,-64,0,4,-1,3,8,5,9,9,5,-64,0,-7,-6,-6,-2,-64,0,-6,0,-6,4,-64,0,-5,-7,-3,-2,-3,10,-64,0,-1,4,-1,8,-64,-64,,,,,,"
797,湀,6E40,in_simplified_set,unicode_encoded,gui,42,6,"42,-64,0,-5,-11,-7,-2,-4,3,-6,11,-64,0,-2,-8,-3,-1,-64,0,2,-11,7,-7,-64,0,4,-8,-1,7,-64,0,-2,-5,5,3,-64,0,8,0,4,7,-64,-64,,,,,,"
798,濘,6FD8,in_simplified_set,unicode_encoded,ning,70,9,"70,-64,0,-7,2,-7,-7,-1,-12,7,-7,5,1,-64,0,-5,-3,-4,0,-64,0,-6,4,-6,7,-64,0,-3,-7,-2,0,0,1,2,-1,2,-6,3,-8,-64,0,-4,5,3,5,-64,0,-2,0,-2,4,-64,0,0,1,2,4,-64,0,0,5,0,13,-64,0,3,7,3,10,-64,-64,,,,,,"
799,潢,6F62,in_simplified_set,unicode_encoded,huang,70,9,"70,-64,0,-2,-13,0,-5,1,-4,-64,0,4,-13,4,-9,1,-4,-64,0,1,-4,1,8,-3,15,-64,0,1,8,3,14,-64,0,-1,1,3,1,-64,0,-2,6,3,6,-64,0,-5,-9,-5,-9,-64,0,-5,-9,8,-10,-64,0,-7,-11,-7,-11,-6,-4,-4,1,-7,6,-4,13,-64,-64,,,,,,"
800,湄,6E44,in_simplified_set,unicode_encoded,mei,88,11,"88,-64,0,-3,6,-3,-5,7,-9,7,-9,-64,0,7,-9,9,-3,-64,0,-1,-6,1,-1,-64,0,4,-8,4,-2,-64,0,-3,3,-2,1,2,-2,9,-3,-64,0,-2,-7,1,-11,2,-8,-64,0,3,-8,5,-13,6,-14,6,-11,5,-10,-64,0,-1,5,-1,10,-64,0,4,1,4,10,-64,0,7,0,7,6,-64,0,-8,-9,-6,-2,-8,4,-8,11,-64,-64,,,,,,"
801,汓,6C53,in_simplified_set,unicode_encoded,qiu,58,8,"58,-64,0,-3,-11,3,-11,-64,0,-3,-6,3,-6,-64,0,-3,-11,-3,-6,-64,0,3,-11,3,-6,-64,0,-4,-2,4,-2,-64,0,0,-4,0,5,-64,0,-8,-13,-6,-7,-7,-3,-6,4,-64,0,8,-14,6,-5,7,0,5,5,-64,-64,,,,,,"
802,砅,7805,in_simplified_set,unicode_encoded,li,114,11,"114,-64,0,-7,-8,-9,-4,-6,0,-6,3,-10,13,-64,0,-3,-13,-2,-10,-64,0,-6,-8,-6,-5,-5,-3,-3,-2,0,-2,1,-2,-64,0,-3,-8,-6,-5,-64,0,0,-9,2,-6,-64,0,3,-10,3,-7,3,-4,0,-2,-64,0,-1,-5,-3,-1,-3,2,-1,5,1,5,3,4,4,2,3,-1,1,-4,-1,-5,-64,0,-1,-5,0,1,2,7,-1,11,-2,12,-4,8,-64,0,-4,5,-3,7,-64,0,5,3,4,6,-64,0,9,-12,6,-5,7,4,3,11,-64,-64,,,,,,"
803,溺,6EBA,traditional_or_variant,unicode_encoded,ni,46,5,"46,-64,0,3,-17,6,-7,3,1,4,9,3,17,3,18,-64,0,-8,-6,-5,-12,-1,-2,-3,7,-3,16,-64,0,-2,-15,1,-10,-64,0,0,6,1,13,-64,0,7,-1,10,6,-64,-64,,,,,,"
804,潦,6F66,in_simplified_set,unicode_encoded,lao,106,15,"106,-64,0,0,-17,0,8,-64,0,-5,-13,0,-4,-64,0,-7,5,0,-4,-64,0,5,-17,0,-11,-64,0,1,-1,6,4,-64,0,-6,-4,-5,1,-64,0,3,-6,4,-2,-64,0,-7,-16,-7,-12,-64,0,5,-15,6,-9,-64,0,-8,6,-7,11,-4,14,4,14,7,10,8,1,-64,0,0,8,-3,13,-64,0,0,8,3,13,-64,0,-8,6,-2,11,-64,0,7,6,2,10,-64,0,-10,-17,-9,-9,-10,-2,-13,5,-9,17,-64,-64,,,,,,"
805,濩,6FE9,in_simplified_set,unicode_encoded,huo,78,11,"78,-64,0,-6,-13,0,-20,-64,0,0,-20,3,-15,3,-12,-5,-7,-5,12,-64,0,-2,-17,11,1,-64,0,2,-11,2,-7,-3,-2,-64,0,1,-5,8,4,-64,0,-3,0,2,4,6,13,-64,0,8,-1,9,3,-64,0,-1,10,0,15,-64,0,-8,8,-7,12,-64,0,-8,-13,-9,-2,-64,0,6,-18,6,-12,-64,-64,,,,,,"
806,涿,6DBF,in_simplified_set,unicode_encoded,zhuo,68,7,"68,-64,0,-4,-15,10,-11,-64,0,-2,-19,5,-14,5,-12,-6,-6,-64,0,4,-11,8,0,8,9,-1,16,-64,0,2,-10,2,0,6,6,-3,10,-64,0,-4,-1,-4,3,-2,5,1,4,1,1,1,-1,0,-3,-64,0,-3,0,0,-1,-64,0,-11,-11,-9,-7,-4,17,-64,-64,,,,,,"
807,沈,6C88,in_simplified_set,unicode_encoded,shen,80,10,"80,-64,0,0,-15,0,14,-64,0,0,-6,-4,1,-64,0,0,-6,4,0,-64,0,-3,14,-3,6,3,6,3,15,-64,0,-6,-14,-4,-11,-64,0,3,-16,3,-13,-64,0,7,-1,7,2,-64,0,-1,17,-1,20,-64,0,7,-17,5,-11,10,2,7,8,7,13,12,20,-64,0,-8,-14,-5,-5,-10,3,-6,13,-11,20,-64,-64,,,,,,"
808,涵,6DB5,in_simplified_set,unicode_encoded,han,98,7,"98,-64,0,1,-13,-2,-10,-4,-7,-2,-4,1,-5,3,-6,3,-9,0,-12,-3,-13,-64,0,0,-6,0,13,-64,0,-4,6,0,11,-64,0,3,6,0,11,-64,0,-3,-16,-7,-11,-8,-6,-8,9,-6,12,-4,15,1,17,4,14,7,11,7,7,7,-4,8,-7,5,-13,-3,-16,-3,-16,-64,0,8,-8,10,-12,9,-16,6,-17,4,-13,-64,0,-11,-15,-12,-10,-11,-7,-13,5,-11,10,-10,17,-64,-64,,,,,,"
809,溼,6EBC,in_simplified_set,unicode_encoded,shi,66,5,"66,-64,0,-4,-15,-7,-11,-2,-3,-7,4,-4,9,-1,5,-7,-4,-1,-12,-4,-15,-64,0,4,-13,2,-9,6,-3,2,5,3,10,7,6,2,-4,7,-10,4,-13,-64,0,-4,-16,5,-14,-64,0,-10,-3,10,-3,-64,0,-9,-16,-12,-6,-10,0,-10,6,-13,9,-64,-64,,,,,,"
810,洎,6D0E,in_simplified_set,unicode_encoded,ji,66,7,"66,-64,0,0,-19,0,-8,-6,1,-6,6,0,12,1,5,-64,0,0,-8,6,-1,9,7,4,12,3,5,-64,0,-7,-14,-6,0,6,-2,8,-12,-64,0,-11,-10,-10,-7,-11,-4,-64,0,10,-15,9,-11,10,-10,-64,0,-8,9,-5,14,-64,0,10,-1,12,5,-64,-64,,,,,,"
811,汰,6C70,in_simplified_set,unicode_encoded,tai,52,7,"52,-64,0,0,-16,0,-1,-6,13,-64,0,0,-1,4,5,5,14,-64,0,0,-13,-8,-6,-8,-6,-64,0,0,-13,8,-6,-64,0,-8,-4,-8,6,-64,0,6,-5,9,0,8,5,-64,0,0,5,0,18,-64,-64,,,,,,"
812,淡,6DE1,in_simplified_set,unicode_encoded,dan,64,9,"64,-64,0,-1,-18,1,0,-2,9,-64,0,1,0,8,8,-64,0,-1,-14,-5,-8,-64,0,-1,-14,6,-10,-64,0,-6,-16,-4,-12,-64,0,3,-19,5,-15,-64,0,-4,-3,-3,2,-64,0,5,-6,7,-1,-64,0,-10,-14,-10,-10,-11,-6,-9,-2,-7,13,-64,-64,,,,,,"
813,洒,6D12,in_simplified_set,unicode_encoded,sa,54,5,"54,-64,0,0,-13,-5,-6,-8,6,-4,11,0,12,5,11,8,6,7,-3,0,-13,-64,0,-4,-7,3,-7,-64,0,-6,0,7,0,-64,0,-5,6,4,6,-64,0,-10,-15,-9,-8,-11,-1,-12,6,-10,12,-5,18,-64,-64,,,,,,"
814,沐,6C90,in_simplified_set,unicode_encoded,mu,56,9,"56,-64,0,0,-19,0,14,-64,0,-7,-18,0,-7,-64,0,8,-12,0,-3,-64,0,0,3,-7,10,-64,0,0,2,9,10,-64,0,-7,-12,-6,-6,-64,0,4,-19,4,-13,-64,0,-5,-4,-5,3,-64,0,4,-4,5,3,-64,-64,,,,,,"
815,沫,6CAB,in_simplified_set,unicode_encoded,mo,182,18,"182,-64,0,-2,-10,-4,-4,-3,0,0,1,4,-4,3,-8,1,-11,-2,-10,-64,0,-3,-7,4,-5,-64,0,-4,-4,1,-1,-64,0,4,-6,7,-9,6,-12,5,-10,2,-10,-64,0,-9,-12,-9,-8,-64,0,-8,-14,-5,-10,-7,-2,-5,-1,-64,0,-5,-9,-4,-8,-64,0,-6,-5,-5,-4,-64,0,-1,-11,-1,-15,2,-18,5,-18,10,-16,12,-14,-64,0,0,-11,1,-15,4,-16,7,-15,10,-12,-64,0,4,-6,9,9,1,12,3,16,9,13,6,21,-64,0,-8,0,-6,2,-64,0,-5,3,0,5,6,0,-64,0,-8,5,-9,8,-8,11,-5,13,-1,11,2,8,1,6,1,6,-64,0,-6,12,-7,16,-64,0,-2,12,-1,16,-64,0,-10,15,-8,17,-4,18,-1,17,1,16,-64,0,1,-11,2,-13,3,-14,5,-14,7,-13,9,-11,-64,-64,,,,,,"
816,濤,6FE4,in_simplified_set,unicode_encoded,tao,68,7,"68,-64,0,-2,3,-2,-3,3,-4,3,3,-64,0,-2,-1,2,-1,-64,0,-5,5,-4,-8,6,-6,6,11,17,11,18,6,-64,0,9,-1,9,6,11,8,15,8,16,6,13,-2,-64,0,9,4,14,4,-64,0,-9,-12,-6,-9,-64,0,-11,-11,-8,-4,-8,11,-8,11,-64,-64,,,,,,"
817,沝,6C9D,in_simplified_set,unicode_encoded,zhui,58,8,"58,-64,0,-6,-18,-7,-4,-2,1,-2,14,-64,0,-11,-16,-11,-7,-64,0,-2,-16,-2,-8,-64,0,-7,1,-8,12,-64,0,1,2,2,10,-64,0,4,-20,2,-6,8,3,8,14,-64,0,7,-14,9,-5,-64,0,11,4,12,11,-64,-64,,,,,,"
818,涉,6D89,in_simplified_set,unicode_encoded,she,76,10,"76,-64,0,9,-18,10,-7,-2,2,-2,16,-64,0,-3,-14,-1,-5,4,-7,-64,0,1,-16,3,-7,-64,0,3,-16,4,-13,-2,-10,-64,0,6,-17,7,-12,-64,0,2,2,2,8,11,9,-64,0,6,4,8,13,11,16,10,4,-64,0,13,-8,13,0,-64,0,-6,2,-5,11,-64,0,2,11,2,17,-64,-64,,,,,,"
819,川,5DDD,in_simplified_set,unicode_encoded,chuan,58,7,"58,-64,0,0,-13,2,-5,3,0,0,6,1,16,-64,0,-3,-16,-2,-8,-64,0,-3,8,-2,14,-64,0,5,-12,6,-4,-64,0,4,3,4,9,-64,0,-7,-16,-3,-2,-6,7,-5,17,-64,0,6,-16,10,-4,7,9,11,19,-64,-64,,,,,,"
820,列,5217,traditional_or_variant,unicode_encoded,lie,64,8,"64,-64,0,-3,-1,-3,-11,5,-10,5,0,5,0,-64,0,-3,-10,5,-3,-64,0,-2,-16,1,-19,1,-11,-64,0,1,1,-1,8,1,14,-1,19,-64,0,-4,1,-4,6,-4,6,-64,0,-5,14,-5,19,-64,0,3,2,4,6,-64,0,4,12,4,19,-64,-64,,,,,,"
821,邕,9095,in_simplified_set,unicode_encoded,yong,26,2,"26,-64,0,-6,1,-6,-18,3,-18,3,0,-6,0,-64,0,-1,12,-1,-8,9,-8,9,12,-1,12,-64,-64,,,,,,"
822,灾,707E,traditional_or_variant,unicode_encoded,zai,38,3,"38,-64,0,-10,-6,-5,-12,0,-8,5,-13,12,-8,-64,0,-11,2,-5,-4,0,-2,4,-6,11,-4,-64,0,-12,11,-5,3,2,5,6,0,15,3,-64,-64,,,,,,"
823,州,5DDE,in_simplified_set,unicode_encoded,zhou,58,4,"58,-64,0,1,-14,-1,-5,-3,-1,0,3,2,7,1,12,-4,19,-64,0,-1,-5,1,-4,2,-2,3,0,0,3,-64,0,-2,-15,-7,-3,-6,1,-3,5,-3,8,-8,17,-64,0,8,-16,5,-8,7,-1,7,3,6,14,2,21,-64,-64,,,,,,"
824,泉,6CC9,in_simplified_set,unicode_encoded,quan,76,11,"76,-64,0,-5,-13,7,-13,-64,0,-5,-13,-6,-10,-3,-6,-5,0,-5,9,-64,0,7,-13,7,-8,-64,0,-3,-11,3,-11,-64,0,-3,-9,4,-9,-64,0,0,-8,1,11,-64,0,7,-8,4,0,8,11,-64,0,-4,-12,-4,-10,-64,0,3,-7,3,-5,-64,0,-3,0,-2,6,-64,0,3,-1,3,4,-64,-64,,,,,,"
825,永,6C38,in_simplified_set,unicode_encoded,yong,54,8,"54,-64,0,0,-13,1,12,-64,0,0,-4,-7,4,-64,0,-3,-8,-2,-3,-64,0,3,-10,4,-5,-64,0,4,-2,5,6,-64,0,-1,2,-1,8,-64,0,-6,-13,-5,-2,-9,2,-64,0,-9,9,-3,4,-3,13,-64,-64,,,,,,"
826,谷,8C37,in_simplified_set,unicode_encoded,gu,50,6,"50,-64,0,-3,-13,-3,-9,-5,-4,-64,0,0,-14,3,-10,8,-8,-64,0,-2,-4,-7,5,-64,0,1,-5,3,-1,7,1,-64,0,-3,4,-2,11,1,12,4,11,3,3,-64,0,-2,8,3,7,-64,-64,,,,,,"
827,冰,51B0,in_simplified_set,unicode_encoded,bing,30,4,"30,-64,0,3,-11,1,-6,-3,-1,-64,0,3,-11,12,-4,-64,0,5,-1,3,4,-2,9,-64,0,5,-1,13,6,-64,-64,,,,,,"
828,冬,51AC,in_simplified_set,unicode_encoded,dong,46,2,"46,-64,0,0,-10,-3,-6,-5,1,-7,4,-7,7,-5,10,-4,11,-2,9,-2,6,-3,1,-5,0,-64,0,0,-10,4,-5,7,3,9,6,9,8,6,11,5,12,3,7,6,1,-64,-64,,,,,,"
829,雨,96E8,in_simplified_set,unicode_encoded,yu,42,6,"42,-64,0,-4,-14,3,-14,-64,0,-6,-3,-4,-12,3,-12,5,-4,-64,0,0,-12,0,0,-64,0,-3,-4,-7,7,-64,0,2,-5,5,6,-64,0,0,4,0,11,-64,-64,,,,,,"
830,雷,96F7,in_simplified_set,unicode_encoded,lei,66,5,"66,-64,0,1,-12,-3,-8,-5,-2,-3,2,3,6,3,11,0,14,-64,0,5,-11,8,-6,4,0,-3,-4,-64,0,1,-6,3,-9,5,-7,3,-5,1,-6,-64,0,3,8,-5,4,-7,9,-5,12,-64,0,-3,10,-4,8,-2,7,-1,8,-1,9,-2,10,-3,10,-64,-64,,,,,,"
831,霝,971D,in_simplified_set,unicode_encoded,ling,84,12,"84,-64,0,-6,-15,5,-16,-64,0,0,-16,-1,-6,-64,0,-6,-15,-6,-7,-64,0,5,-16,5,-8,-64,0,-5,3,-5,7,-3,8,-1,7,-1,3,-64,0,-5,4,-1,4,-64,0,-3,-2,-3,1,-64,0,2,3,2,7,6,6,5,2,-64,0,2,4,5,3,-64,0,3,-1,4,2,-64,0,7,1,8,5,-64,0,-8,4,-7,8,-64,-64,,,,,,"
832,落,843D,traditional_or_variant,unicode_encoded,luo,112,16,"112,-64,0,-5,-9,5,-10,-64,0,0,-10,0,-4,-64,0,-5,-9,-5,-4,-64,0,5,-10,5,-6,-64,0,-2,-7,-2,-5,-64,0,2,-8,3,-5,-64,0,1,-3,-1,0,-2,5,-64,0,1,-3,3,4,-64,0,2,1,-1,1,-5,4,-6,6,-8,11,-64,0,-3,10,-3,14,0,16,5,15,5,9,-64,0,-3,11,5,11,-64,0,-4,-2,-5,0,-64,0,4,-3,5,0,-64,0,5,1,6,4,-64,0,-4,6,-3,9,-64,0,1,5,1,8,-64,-64,,,,,,"
833,霖,9716,in_simplified_set,unicode_encoded,lin,110,18,"110,-64,0,-6,-12,5,-12,-64,0,-6,-12,-6,-9,-64,0,5,-12,5,-9,-64,0,0,-12,0,-8,-64,0,-4,-6,-4,12,-64,0,-6,-6,-4,-2,-64,0,0,-6,-4,-2,-64,0,0,0,-4,4,-64,0,-4,7,-7,10,-64,0,-4,6,0,10,-64,0,3,-6,3,15,-64,0,0,-2,3,3,-64,0,8,-5,3,0,-64,0,3,4,0,7,-64,0,3,4,9,9,-64,0,0,1,0,4,-64,0,-2,-8,-2,-6,-64,0,-7,-4,-7,1,-64,-64,,,,,,"
834,霽,973D,in_simplified_set,unicode_encoded,ji,58,5,"58,-64,0,-5,-5,-5,-12,5,-12,5,-6,-64,0,0,-12,0,-6,-64,0,0,0,-1,4,-2,6,0,10,2,6,-1,3,-64,0,6,1,5,6,7,10,8,5,6,3,-64,0,-5,-2,-5,4,-7,6,-6,10,-3,7,-5,4,-64,-64,,,,,,"
835,霋,970B,traditional_or_variant,unicode_encoded,qi,96,12,"96,-64,0,-3,-11,2,-11,-64,0,-5,-8,6,-8,-64,0,0,-8,0,-3,-64,0,-5,-7,-6,-3,-64,0,5,-8,6,-4,-64,0,-3,-4,-4,-2,-64,0,3,-4,4,-2,-64,0,0,-2,0,8,1,11,-1,17,-64,0,-3,0,2,1,4,4,2,5,-4,5,-64,0,-6,3,2,2,8,5,-64,0,-4,15,-3,12,-4,9,4,7,3,10,-5,13,-5,13,-64,0,-6,5,-7,9,-64,-64,,,,,,"
836,霾,973E,in_simplified_set,unicode_encoded,mai,112,15,"112,-64,0,-5,-13,6,-14,-64,0,-5,-13,-5,-9,-64,0,1,-13,1,-10,-64,0,6,-14,6,-10,-64,0,0,-8,2,-5,5,-4,7,1,1,-1,-2,-4,0,-8,-64,0,-1,-3,2,-5,-64,0,1,-1,3,-4,-64,0,1,-1,-3,-1,-6,-2,-64,0,1,-1,3,5,3,9,-2,14,-64,0,3,8,-1,8,-5,7,-64,0,-1,-1,-1,4,1,8,-64,0,-8,5,-4,5,-64,0,-7,-6,-7,-2,-64,0,3,-10,4,-6,-64,0,-3,-8,-3,-4,-64,-64,,,,,,"
837,雩,96E9,in_simplified_set,unicode_encoded,yu,70,10,"70,-64,0,-6,-7,-6,-12,5,-13,5,-8,-64,0,-1,-13,-1,-7,-1,-7,-64,0,-6,-1,6,-2,-64,0,-5,3,4,3,-64,0,-1,-2,-1,6,1,14,-64,0,2,5,2,9,-64,0,-5,5,-5,9,-64,0,6,0,6,2,-64,0,-8,-1,-7,2,-64,0,-7,-5,-6,-3,-64,-64,,,,,,"
838,雩,96E9,in_simplified_set,unicode_encoded,yu,82,12,"82,-64,0,-6,-14,6,-14,-64,0,-6,-14,-6,-8,-64,0,6,-14,6,-10,-64,0,0,-14,0,-6,-64,0,-3,-8,-2,-2,-2,5,-5,11,-64,0,-6,-6,-2,-2,-64,0,-6,0,-2,4,-64,0,3,-10,4,-1,4,6,2,13,-64,0,1,-5,4,-1,-64,0,0,1,3,5,-64,0,-8,-3,-8,7,-64,0,6,-7,7,-1,-64,-64,,,,,,"
839,雲,96F2,in_simplified_set,unicode_encoded,yun,42,3,"42,-64,0,-1,-16,7,-9,-64,0,-5,-14,3,-6,-64,0,-2,-10,-5,-4,-6,4,-4,7,0,9,4,10,6,6,5,2,3,-2,1,-3,-1,0,-1,3,0,5,-64,-64,,,,,,"
840,魚,9B5A,in_simplified_set,unicode_encoded,yu,92,11,"92,-64,0,-1,-12,-6,-6,-5,-1,-5,6,-8,11,-64,0,-1,-12,6,-6,-64,0,6,-6,5,-1,3,4,5,8,7,11,-64,0,-5,5,4,5,-64,0,-5,-6,5,-6,-64,0,-5,-1,4,0,-64,0,0,-6,-1,6,-4,8,-7,9,-64,0,-1,6,1,8,6,11,-64,0,-5,-3,-8,-1,-9,4,-5,0,-64,0,5,-3,8,-2,7,5,-64,0,4,0,7,2,-64,-64,,,,,,"
841,漁,6F01,in_simplified_set,unicode_encoded,yu,144,17,"144,-64,0,8,-11,7,-4,7,1,9,6,-64,0,3,-11,1,-5,1,1,2,5,4,7,-64,0,8,-10,2,-6,5,2,8,6,-64,0,3,-10,7,-4,-64,0,7,-1,2,4,-64,0,-5,-10,-8,-4,-8,-1,-7,4,-9,8,-64,0,-5,-10,-2,-5,-1,-1,-1,3,0,6,-64,0,-7,-4,-2,-4,-64,0,-8,-1,-2,-2,-64,0,-7,2,-1,2,-64,0,-5,-10,-4,3,-7,6,-64,0,-4,3,0,6,-64,0,-8,-5,-9,-4,-9,0,-8,-2,-8,-2,-64,0,-2,-5,0,-5,0,-1,-64,0,-2,-3,0,-3,-64,0,5,5,4,8,1,11,1,11,-64,0,1,7,6,13,-64,-64,,,,,,"
842,燕,71D5,in_simplified_set,unicode_encoded,yan,80,9,"80,-64,0,-2,-10,-3,-9,-2,-7,-1,-6,1,-7,2,-8,0,-10,-1,-10,-2,-10,-2,-10,-64,0,-4,-12,-2,-10,-64,0,-3,-13,0,-10,-64,0,0,-7,-1,3,-5,11,-64,0,-1,1,1,5,2,12,-64,0,0,-5,-6,0,-9,7,-64,0,-5,-1,-5,4,-64,0,1,-5,8,-1,8,7,-64,0,5,-3,3,1,-64,-64,,,,,,"
843,龍,9F8D,in_simplified_set,unicode_encoded,long,90,9,"90,-64,0,-4,-10,3,-10,-64,0,-3,-10,-1,-6,-64,0,2,-10,-1,-6,-64,0,-5,-5,3,-6,3,-6,-64,0,-1,-6,-1,-2,-64,0,-1,-2,-4,0,-4,4,-5,5,-5,5,-64,0,-1,-2,1,0,0,3,-1,5,1,5,2,3,-64,0,-4,1,1,1,-64,0,0,-5,4,-3,5,0,5,4,3,7,-2,9,-2,12,0,15,3,15,4,12,3,9,-64,-64,,,,,,"
844,麉,9E89,traditional_or_variant,unicode_encoded,jian,104,12,"104,-64,0,-9,-10,-1,-10,-64,0,-7,-10,-6,-7,-64,0,-3,-10,-6,-7,-64,0,-9,-6,-3,-6,-64,0,-6,-6,-6,-4,-64,0,-6,-4,-9,-3,-9,0,-9,1,-10,2,-64,0,-6,-4,-3,-2,-4,-1,-4,0,-4,1,-64,0,-5,-5,-2,-4,0,-2,0,0,-1,3,-3,5,-3,8,-2,9,-1,9,1,8,3,5,-64,0,0,-2,5,-2,-64,0,2,-2,2,3,-64,0,6,-2,11,-2,-64,0,8,-2,8,6,-64,-64,,,,,,"
845,不,4E0D,in_simplified_set,unicode_encoded,bu,50,6,"50,-64,0,-7,-12,7,-12,-64,0,-4,-12,-1,-6,-64,0,4,-12,-1,-6,-64,0,-1,-6,-5,-2,-7,10,-64,0,-1,-6,-2,1,-2,4,-1,10,-64,0,-1,-6,3,-3,5,1,5,5,5,13,-64,-64,,,,,,"
846,至,81F3,in_simplified_set,unicode_encoded,zhi,38,5,"38,-64,0,-2,-16,2,-8,0,-3,0,7,-64,0,2,-15,-2,-9,0,-3,-64,0,-4,-4,0,3,-64,0,4,-4,0,2,-64,0,-5,7,6,7,-64,-64,,,,,,"
847,西,897F,in_simplified_set,unicode_encoded,xi,58,7,"58,0,0,-64,0,0,-12,2,-7,2,-2,3,3,3,8,-64,0,-5,-11,-3,-6,-4,0,-4,5,-1,7,3,8,-64,0,4,-10,10,1,7,6,3,8,-64,0,-3,-4,6,-8,-64,0,-4,2,7,-4,-64,0,-2,6,9,0,-64,-64,,,,,,"
848,户,6237,in_simplified_set,unicode_encoded,hu,28,4,"28,-4,4,-64,0,-4,-11,-4,11,-64,0,-4,-7,4,-7,5,6,-4,7,-4,7,-64,0,-4,-1,4,-1,-64,-64,,,,,,"
849,門,9580,in_simplified_set,unicode_encoded,men,70,12,"70,-8,8,-64,0,-7,-11,-7,13,-64,0,-7,13,-7,13,-64,0,-2,-7,-2,7,-64,0,2,-7,2,7,-64,0,7,-11,7,13,-64,0,-7,-7,-2,-7,-64,0,-7,0,-2,0,-64,0,-7,7,-2,7,-64,0,2,-7,7,-7,-64,0,2,0,7,0,-64,0,2,7,7,7,-64,-64,,,,,,"
850,耳,8033,in_simplified_set,unicode_encoded,er,60,5,"60,-64,0,4,-11,-1,-8,-4,-3,-5,1,-4,6,-2,10,2,12,7,13,8,12,-64,0,3,-10,1,-5,2,0,3,3,5,5,8,4,-64,0,4,-14,6,-6,-64,0,6,0,6,8,-64,0,3,3,2,7,3,9,6,12,8,12,-64,-64,,,,,,"
851,聖,8056,in_simplified_set,unicode_encoded,sheng,62,6,"62,-64,0,-4,-10,-1,-6,-4,-4,-2,-3,-1,0,-1,0,-64,0,-3,-10,3,-10,3,1,-5,0,-64,0,3,1,-1,5,1,8,1,17,-64,0,2,2,6,7,-64,0,-7,4,-8,7,-6,9,-3,9,-3,5,-3,3,-64,0,-7,5,-3,5,-64,-64,,,,,,"
852,聽,807D,in_simplified_set,unicode_encoded,ting,84,8,"84,-64,0,0,-13,-2,-11,-4,-7,-4,-3,-3,-1,-2,0,5,0,-64,0,0,8,-2,5,-2,2,-1,0,5,0,-64,0,2,-2,2,3,-64,0,-2,-12,-10,-6,-10,5,0,8,0,8,-64,0,0,-11,1,-6,3,-4,6,-5,5,-12,-64,0,1,-9,5,-9,-64,0,2,6,1,10,4,12,7,11,6,6,-64,0,2,8,6,8,-64,-64,,,,,,"
853,聲,8072,in_simplified_set,unicode_encoded,sheng,122,15,"122,-64,0,-7,-7,2,-7,-64,0,-7,-7,-7,6,-64,0,-4,-12,-4,-7,-64,0,-6,-11,-4,-7,-64,0,-1,-11,-4,-7,-64,0,-1,-7,-7,0,-64,0,0,-4,-2,3,-1,6,0,4,-64,0,-2,3,1,0,-64,0,-5,8,-5,12,-4,14,-1,14,0,12,0,8,-64,0,-5,10,0,10,-64,0,5,-3,6,-4,5,-7,4,-7,2,-5,4,-3,5,0,3,5,1,8,-64,0,5,4,6,7,2,12,-64,0,4,7,6,12,6,17,-64,0,-1,-2,1,0,-64,0,1,-2,1,2,-64,-64,,,,,,"
854,聞,805E,in_simplified_set,unicode_encoded,wen,100,10,"100,-64,0,0,-9,0,6,-4,8,-4,11,2,8,0,16,0,16,-64,0,6,-14,4,-13,2,-10,2,-6,3,-4,5,-2,8,-1,-64,0,6,-14,6,-11,6,-9,7,-8,10,-8,-64,0,8,-1,6,-3,6,-6,7,-8,10,-8,-64,0,-3,-9,2,-9,-64,0,-3,-6,2,-6,-64,0,-4,-11,-6,-9,-4,-3,-64,0,-3,-8,-7,-4,-6,-1,1,-1,-64,0,-7,-11,-7,-8,-64,0,-2,-13,-2,-10,-64,-64,,,,,,"
855,聾,807E,in_simplified_set,unicode_encoded,long,168,18,"168,-64,0,0,-9,-2,-8,-3,-6,-2,-5,-1,-4,1,-4,2,-5,2,-7,1,-8,0,-9,-64,0,-1,-12,-2,-8,-64,0,2,-12,1,-8,-64,0,-1,-4,-3,0,-3,3,-2,6,-4,11,-3,13,-1,14,3,11,-64,0,1,-4,1,3,1,6,0,8,-1,10,0,12,1,12,3,11,-64,0,-3,0,1,-2,-64,0,-3,4,1,2,-64,0,-3,8,1,6,-64,0,-4,12,-1,11,-64,0,-5,-4,-8,0,-9,3,-8,6,-4,7,-64,0,-6,-2,-7,0,-7,2,-4,2,-64,0,-8,4,-7,2,-4,2,-64,0,-5,0,-5,3,-64,0,1,-4,3,-2,4,1,4,4,-64,0,3,-2,6,-3,8,2,-64,0,4,1,7,0,-64,0,2,5,5,4,-64,0,6,3,11,2,-64,-64,,,,,,"
856,聑,8051,in_simplified_set,unicode_encoded,tie,78,6,"78,-64,0,-7,-8,-2,-4,-2,4,-8,10,-64,0,-7,-8,-7,-4,-5,-2,-6,-1,-9,-1,-9,1,-7,1,-5,4,-6,8,-64,0,6,-10,3,-6,1,-1,1,4,2,7,3,9,6,10,9,10,-64,0,6,-10,5,-6,5,-1,7,1,10,1,-64,0,5,9,5,5,7,1,10,1,-64,0,8,-2,8,4,-64,-64,,,,,,"
857,排,6392,in_simplified_set,unicode_encoded,pai,72,8,"72,-64,0,-4,-11,-2,-6,-2,4,-4,8,-8,10,-64,0,-3,-9,-7,-2,-64,0,-2,4,-1,6,-1,8,-2,10,-6,12,-64,0,-4,7,-2,10,-2,13,-5,16,-64,0,2,-12,2,2,7,10,-64,0,2,-9,6,-3,-64,0,2,2,1,5,5,11,-64,0,4,6,3,10,3,14,-64,-64,,,,,,"
858,扶,6276,in_simplified_set,unicode_encoded,fu,94,11,"94,-64,0,-7,-5,-7,-10,-3,-10,-3,-5,-7,-5,-64,0,-5,-5,-5,4,-7,6,-8,13,-64,0,-5,4,-3,6,-3,12,-64,0,-5,-3,-10,1,-64,0,-5,-3,0,-1,-64,0,-1,-5,0,-1,-3,3,-64,0,2,-6,2,-10,6,-10,6,-6,2,-6,-64,0,4,-6,4,4,3,7,2,14,-64,0,4,4,5,6,5,14,-64,0,4,-4,0,-1,-64,0,4,-4,8,2,-64,-64,,,,,,"
859,摯,646F,in_simplified_set,unicode_encoded,zhi,136,15,"136,-64,0,0,-12,1,-3,3,3,-2,7,-2,11,4,6,2,13,-64,0,0,-8,-1,-1,-1,6,-64,0,-8,-7,-6,-11,-3,-7,-64,0,-6,-11,-6,-4,-7,0,-7,3,-6,6,-6,6,-64,0,-6,-4,-5,-3,-4,-1,-4,1,-5,4,-6,6,-64,0,-7,-1,-4,-1,-64,0,-7,1,-5,1,-64,0,-8,7,-5,11,-4,5,-4,5,-64,0,-6,6,-5,10,-64,0,-4,-2,-1,-4,-64,0,-4,1,-1,-1,-64,0,4,-12,5,-8,5,-4,3,0,-64,0,1,-8,5,-7,8,-4,9,0,10,5,-64,0,-1,-1,1,-3,-64,0,-1,-4,1,-6,-64,-64,,,,,,"
860,搏,640F,in_simplified_set,unicode_encoded,bo,68,6,"68,-64,0,-3,-11,-2,12,-64,0,2,-9,-3,-6,-5,-2,-8,1,-9,6,-6,10,-3,12,-2,12,-64,0,-7,-8,-3,-4,0,-1,2,2,2,7,0,10,-2,12,-64,0,-8,4,2,4,-64,0,6,-12,8,-7,7,-1,3,2,-64,0,3,-4,5,0,5,5,4,7,-64,-64,,,,,,"
861,撣,64A3,in_simplified_set,unicode_encoded,dan,96,7,"96,-64,0,-1,-7,-3,-6,-5,-4,-4,-2,-3,0,-2,0,0,0,2,-1,3,-4,3,-6,1,-7,-1,-7,-64,0,-4,-13,-1,-6,-1,-1,-1,5,-64,0,2,-12,0,-7,-1,-2,-1,5,-64,0,-1,2,2,3,2,5,-2,9,-64,0,-1,5,1,7,1,14,-64,0,2,-15,1,-13,2,-12,3,-12,4,-13,3,-15,2,-15,-64,0,-5,-15,-7,-14,-5,-12,-4,-13,-3,-15,-5,-15,-64,-64,,,,,,"
862,掔,6394,in_simplified_set,unicode_encoded,qian,80,10,"80,-64,0,-4,-9,-4,-1,-64,0,-4,-9,9,-9,-64,0,1,-9,-1,-4,1,-2,-64,0,1,-9,4,-5,1,-2,-64,0,-4,-4,-1,-4,-64,0,8,-9,4,-5,-64,0,1,-5,1,0,2,1,7,4,-64,0,-2,-17,1,-14,2,-12,1,-9,-64,0,2,-18,0,-14,-3,-11,-64,0,5,-2,1,1,-1,4,-1,12,-64,-64,,,,,,"
863,扔,6254,in_simplified_set,unicode_encoded,reng,36,3,"36,-64,0,-4,-11,4,-11,4,-8,-2,-5,-3,1,-6,7,-64,0,0,-1,2,2,1,6,-3,9,-64,0,-3,1,1,4,4,10,5,16,-64,-64,,,,,,"
864,拕,62D5,in_simplified_set,unicode_encoded,tuo,42,5,"42,-64,0,2,-3,-2,3,-64,0,2,-3,8,3,-64,0,2,-3,2,7,5,10,3,14,0,12,-64,0,0,-8,-3,-4,-4,1,-64,0,-4,-12,-4,-4,-1,-1,-64,-64,,,,,,"
865,掤,63A4,in_simplified_set,unicode_encoded,bing,66,10,"66,-64,0,-8,-8,0,-8,-64,0,-6,-8,-6,1,-64,0,-3,-8,-3,1,-64,0,-8,-5,-6,-5,-64,0,-8,-2,-6,-2,-64,0,-3,-5,0,-5,-64,0,-3,-3,1,-3,-64,0,-8,2,0,2,-64,0,2,-3,5,0,0,8,-64,0,1,0,4,8,6,19,-64,-64,,,,,,"
866,扜,625C,in_simplified_set,unicode_encoded,yu,46,5,"46,-64,0,-7,-6,2,-6,-64,0,-8,1,3,1,-64,0,-3,-6,-3,1,-4,9,-7,15,-64,0,0,4,3,5,3,8,1,10,-1,9,-64,0,-1,6,3,7,6,10,13,11,-64,-64,,,,,,"
867,女,5973,in_simplified_set,unicode_encoded,nv,46,4,"46,-64,0,0,-9,0,0,1,8,-8,9,-7,11,-1,13,3,13,-1,19,-64,0,-5,-3,4,-5,-64,0,4,-5,5,-3,0,1,-8,3,-64,0,-5,-3,-4,1,-4,5,-7,7,-64,-64,,,,,,"
868,姓,59D3,in_simplified_set,unicode_encoded,xing,70,8,"70,-64,0,-5,-9,-5,8,-64,0,-11,8,-1,8,-64,0,-10,-7,-5,-2,-64,0,-2,-6,-5,-2,-64,0,2,-11,3,-3,6,7,-1,12,1,15,6,11,5,18,-64,0,0,-3,6,-6,6,-6,-64,0,6,-6,7,-3,1,1,-1,3,-2,6,-64,0,0,-3,1,1,1,7,-64,-64,,,,,,"
869,姜,59DC,in_simplified_set,unicode_encoded,jiang,54,7,"54,-64,0,-6,-3,-5,-10,-1,-4,2,-10,4,-6,-64,0,-1,-4,-1,5,-64,0,-4,-3,-1,2,-64,0,3,-3,-1,2,-64,0,0,6,0,17,-64,0,-5,5,-5,16,-64,0,-5,9,4,8,4,11,-5,12,-64,-64,,,,,,"
870,姬,59EC,in_simplified_set,unicode_encoded,ji,92,10,"92,-64,0,1,-15,3,-3,4,2,1,6,3,9,6,5,5,13,-64,0,-1,4,1,0,8,-5,-64,0,1,0,-1,-3,5,-7,8,-5,-64,0,0,-8,5,-10,-64,0,-2,-9,-1,-13,2,-11,-64,0,2,-12,5,-15,8,-14,-64,0,-6,-10,-7,-5,-7,0,-4,3,-2,3,-64,0,-6,-10,-2,-7,-5,1,-64,0,-7,-5,-3,-5,-64,0,-3,-3,-2,0,-4,3,-64,-64,,,,,,"
871,娶,5A36,in_simplified_set,unicode_encoded,qu,82,7,"82,-64,0,-7,-10,-8,3,-1,8,-2,13,-8,7,-9,10,-7,15,-64,0,-10,-4,-10,-7,-5,-4,-5,-2,-64,0,-11,-5,-3,0,-64,0,2,-11,-1,-8,-3,-4,-2,0,-1,2,1,3,-64,0,2,-10,3,-9,1,-6,3,-3,3,-2,1,-1,1,2,-64,0,3,-3,6,0,9,6,-64,0,6,-3,6,0,5,2,4,3,-64,-64,,,,,,"
872,婦,5A66,in_simplified_set,unicode_encoded,fu,82,10,"82,-64,0,1,-8,3,1,5,6,0,11,3,14,8,8,8,14,8,16,-64,0,-1,3,2,-1,5,-4,-64,0,-1,-3,4,-7,-64,0,4,-7,5,-4,-64,0,-1,-3,1,4,-64,0,-6,-5,-3,-1,-3,2,-4,4,-3,15,-64,0,-4,9,-7,14,-64,0,-4,9,-2,11,-64,0,-7,-1,-3,2,-64,0,-8,2,-4,7,-64,-64,,,,,,"
873,妃,5983,in_simplified_set,unicode_encoded,fei,56,5,"56,-64,0,1,-11,6,4,1,7,1,10,7,7,6,15,-64,0,-1,-4,5,-10,7,-6,-1,1,-1,1,-64,0,-1,-5,1,1,-64,0,-7,-3,-8,-7,-3,-8,-3,-4,-7,-3,-64,0,-5,-3,-4,3,-5,5,-7,2,-64,-64,,,,,,"
874,妊,598A,in_simplified_set,unicode_encoded,ren,56,7,"56,-64,0,2,-11,5,5,0,9,1,13,6,9,5,17,-64,0,-1,-4,6,-11,6,-11,-64,0,6,-11,7,-7,-1,2,-64,0,-1,-4,1,3,-64,0,-8,-10,-2,-10,-64,0,-5,-10,-5,3,-64,0,-7,3,-1,3,-64,-64,,,,,,"
875,母,6BCD,in_simplified_set,unicode_encoded,mu,52,6,"52,-64,0,0,-10,3,5,-3,9,-2,13,4,9,2,16,-64,0,-4,-2,5,-9,5,-9,-64,0,5,-9,6,-4,1,1,-5,4,-64,0,-4,-2,-3,5,-64,0,-1,-2,-1,0,-64,0,3,-6,4,-4,-64,-64,,,,,,"
876,妣,59A3,in_simplified_set,unicode_encoded,bi,26,3,"26,-64,0,1,-12,-2,-4,2,2,1,8,-1,13,-64,0,-1,-8,3,-5,-64,0,4,-10,2,-5,-64,-64,,,,,,"
877,妹,59B9,in_simplified_set,unicode_encoded,mei,88,11,"88,-64,0,0,-5,5,3,1,8,4,11,7,7,9,9,6,15,-64,0,2,-10,2,-7,-1,-1,2,4,-64,0,2,-7,5,-3,0,4,-64,0,-1,-8,4,-9,-64,0,-4,-4,-4,13,-64,0,-7,-5,-7,-2,-4,0,-64,0,-2,-5,-2,-2,-4,0,-64,0,-6,2,-4,3,-64,0,-3,2,-4,3,-64,0,-4,6,-8,10,-64,0,-4,6,-1,9,-64,-64,,,,,,"
878,姪,59EA,traditional_or_variant,unicode_encoded,zhi,74,9,"74,-64,0,2,-11,6,2,2,6,3,10,7,6,6,14,-64,0,0,-5,5,-9,5,-9,-64,0,5,-9,7,-7,1,0,-64,0,0,-6,2,1,-64,0,-3,-10,-5,-6,-4,-2,-4,6,-64,0,-5,-10,-3,-5,-4,-2,-64,0,-6,-2,-4,3,-64,0,-1,-1,-4,2,-64,0,-7,6,-1,6,-64,-64,,,,,,"
879,姼,59FC,traditional_or_variant,unicode_encoded,shi,80,11,"80,-64,0,3,-7,8,7,4,11,5,14,9,11,7,16,-64,0,-6,0,-1,-1,-64,0,-1,-1,0,-7,-64,0,0,-7,-6,-8,-64,0,-3,-8,-3,-1,-64,0,-5,7,0,7,-64,0,0,7,0,2,-5,2,-64,0,-3,2,-3,7,-64,0,1,0,5,-5,-64,0,5,-5,8,-2,2,4,-64,0,1,0,3,5,-64,-64,,,,,,"
880,溪,6EAA,traditional_or_variant,unicode_encoded,xi,94,10,"94,-64,0,-3,-4,3,-9,4,-8,3,-5,-1,-2,-3,-4,-64,0,-1,-2,-3,0,-2,4,0,2,-1,-2,-64,0,-6,5,3,4,-64,0,-2,3,-2,6,-64,0,-2,6,-3,9,2,11,5,12,-64,0,-1,6,3,8,3,11,3,13,-64,0,2,6,0,10,-1,12,-1,15,-2,18,-64,0,-2,-11,-3,-7,-2,-5,-64,0,-2,-10,0,-7,-64,0,1,-10,1,-7,5,-3,-64,-64,,,,,,"
881,婢,5A62,in_simplified_set,unicode_encoded,bi,92,11,"92,-64,0,1,-6,1,0,-64,0,1,-6,8,-6,8,-1,1,0,-64,0,1,-3,8,-3,-64,0,4,-9,4,11,-64,0,-7,-8,0,-8,-64,0,-6,-8,-3,-3,-3,8,-6,12,-4,15,0,11,-3,17,-64,0,-1,-8,-3,-3,-64,0,-7,3,-2,-2,0,2,-8,7,-64,0,-7,3,-6,6,-6,8,-64,0,6,4,9,6,6,13,-64,0,5,6,8,11,9,18,-64,-64,,,,,,"
882,娀,5A00,traditional_or_variant,unicode_encoded,song,86,11,"86,-64,0,-6,-8,-6,-2,-64,0,-6,-8,5,-6,-64,0,-1,-10,-1,-4,3,1,-64,0,-6,-5,5,-6,-64,0,-4,-3,-3,0,-64,0,2,-9,1,-8,-64,0,4,-5,0,-2,-1,1,-64,0,-2,0,0,6,2,9,-5,13,-4,15,0,13,-1,19,-64,0,-5,5,2,2,2,2,-64,0,2,2,2,5,-6,8,-64,0,-5,5,-4,9,-64,-64,,,,,,"
883,娥,5A25,in_simplified_set,unicode_encoded,e,78,10,"78,-64,0,-4,-8,-4,10,-64,0,-10,-7,-8,-7,-4,-4,-64,0,-10,0,-8,0,-3,-5,-64,0,-8,-7,-8,0,-64,0,-10,-4,-8,-4,-64,0,-6,7,-1,7,-64,0,4,-7,2,-2,4,7,-2,12,-2,15,6,11,2,18,-64,0,-1,0,7,-3,-64,0,7,-3,7,0,-1,4,-64,0,-1,0,0,6,-64,-64,,,,,,"
884,妸,59B8,in_simplified_set,unicode_encoded,e,54,5,"54,-64,0,1,-12,0,-2,1,4,-4,9,-3,11,3,7,0,16,-64,0,-4,4,-3,0,-3,-5,2,-8,5,-3,-3,0,-6,-1,-7,-2,-64,0,-9,-1,-5,-2,-64,0,-8,-5,8,-12,-64,0,8,-12,10,0,-64,-64,,,,,,"
885,依,4F9D,traditional_or_variant,unicode_encoded,yi,70,8,"70,-64,0,1,-6,6,6,1,10,3,13,8,9,6,17,-64,0,-10,1,-5,-5,-1,-3,-64,0,-1,-1,5,-5,5,-5,-64,0,5,-5,6,-2,0,4,-64,0,-1,-2,1,5,-64,0,-3,0,0,2,-64,0,-2,1,-3,5,-5,9,-64,0,-10,3,-6,2,-6,8,-4,14,-64,-64,,,,,,"
886,媚,5A9A,in_simplified_set,unicode_encoded,mei,98,11,"98,-64,0,-8,-10,4,-9,-64,0,4,-9,5,-4,1,-5,-64,0,-4,-10,-4,-7,-3,-4,-1,-4,1,-5,1,-9,-64,0,-8,-10,-5,-7,-64,0,-2,-4,-2,7,4,9,4,13,-4,9,-2,14,1,16,-64,0,-6,-3,3,-1,3,-1,-64,0,2,-1,3,6,-64,0,-6,-2,-4,1,1,3,5,3,-64,0,-7,-10,-7,-13,-5,-13,-64,0,-3,-10,-3,-12,0,-12,-64,0,-2,-8,-2,-7,-64,-64,,,,,,"
887,好,597D,in_simplified_set,unicode_encoded,hao,60,6,"60,-64,0,-3,-9,-4,5,2,8,2,12,-4,8,-4,16,-64,0,-7,-7,-1,-5,0,-2,-1,3,-64,0,-6,-6,-6,-2,2,2,-64,0,3,-1,2,-5,7,-5,7,-2,3,-1,-64,0,2,0,9,0,-64,0,5,-1,5,5,6,12,-64,-64,,,,,,"
888,姌,59CC,traditional_or_variant,unicode_encoded,ran,70,9,"70,-64,0,0,-15,-4,-12,-6,-8,-64,0,0,-16,6,-9,-64,0,-4,-12,-7,-9,-64,0,-4,-12,-3,-8,-64,0,3,-12,1,-9,-64,0,3,-12,8,-11,-64,0,0,-4,2,5,-2,8,-2,10,3,8,1,12,-64,0,-4,0,4,-3,4,1,-5,4,-64,0,-4,0,-4,4,-64,-64,,,,,,"
889,委,59D4,in_simplified_set,unicode_encoded,wei,76,8,"76,-64,0,2,-2,4,1,-64,0,4,5,0,10,-64,0,4,5,9,9,-64,0,-3,-11,-7,3,-2,6,-3,10,-8,6,-8,10,-6,13,-64,0,-8,-9,-2,-3,-3,2,-64,0,-8,-9,-8,-4,0,2,-64,0,2,-5,1,-4,0,-4,0,-6,1,-7,3,-8,5,11,5,10,-64,0,4,-3,8,-7,-64,-64,,,,,,"
890,妌,598C,in_simplified_set,unicode_encoded,jing,66,7,"66,-64,0,3,-12,5,1,4,5,0,8,0,11,6,8,4,14,-64,0,0,-7,6,-11,7,-6,-1,-3,-2,-1,-64,0,0,-7,0,-1,-64,0,-10,-6,-1,-7,-1,-7,-64,0,-10,-1,-2,-3,-64,0,-8,-11,-7,-6,-7,4,-64,0,-3,-11,-4,-6,-3,0,-64,-64,,,,,,"
891,如,5982,in_simplified_set,unicode_encoded,ru,58,5,"58,-64,0,-1,-12,-1,4,4,5,4,9,-2,6,1,15,-64,0,-4,-7,-2,-9,2,-9,3,-6,4,-1,-64,0,-4,-7,-5,-5,-4,-4,0,-3,6,-6,-64,0,-9,5,-9,11,-6,13,-3,12,-4,5,-64,0,-9,7,-4,7,-64,-64,,,,,,"
892,娕,5A15,in_simplified_set,unicode_encoded,chuo,106,13,"106,-64,0,-4,-9,-5,1,-5,8,-1,11,-1,14,-6,10,-4,16,-64,0,-8,-6,-1,-2,-64,0,-2,-3,-2,3,-64,0,-8,-6,-8,-3,-7,0,0,4,-64,0,3,-9,4,17,-64,0,-1,-8,3,-3,-64,0,7,-8,3,-3,-64,0,4,-3,6,0,4,2,-64,0,3,-3,1,0,3,2,-64,0,3,3,0,6,2,8,4,8,-64,0,4,3,7,5,7,6,4,8,-64,0,4,9,1,13,-64,0,4,9,7,12,-64,-64,,,,,,"
893,嬪,5B2A,traditional_or_variant,unicode_encoded,pin,78,9,"78,-64,0,-7,5,-7,-3,-1,-9,7,-2,8,9,-64,0,-2,-1,2,-4,4,-2,-1,2,-64,0,-1,-1,0,2,-64,0,0,-4,3,1,0,4,0,7,3,4,1,10,-64,0,-5,-2,-2,-3,-64,0,-4,-2,-3,3,-4,8,-64,0,-3,1,-5,4,-64,0,-3,10,0,18,1,12,-64,0,-1,13,6,10,-64,-64,,,,,,"
894,妟,599F,traditional_or_variant,unicode_encoded,yan,50,5,"50,-64,0,-2,-10,1,5,-4,9,-3,12,2,9,0,17,-64,0,-5,-2,2,-7,3,-3,-5,4,-64,0,-5,-3,-4,3,-64,0,5,1,5,-5,11,-5,11,1,5,1,-64,0,5,-2,9,-2,-64,-64,,,,,,"
895,姷,59F7,in_simplified_set,unicode_encoded,you,18,2,"18,-64,0,-1,-9,3,-5,-3,6,-64,0,-2,-4,3,4,-2,18,-64,-64,,,,,,"
896,嬰,5B30,in_simplified_set,unicode_encoded,ying,92,12,"92,-64,0,3,-10,5,-2,7,4,2,8,1,10,8,8,6,16,-64,0,1,-4,7,-8,8,-5,1,0,-64,0,1,-4,2,2,-64,0,-1,-5,0,-2,-3,2,-64,0,-2,-3,1,2,1,5,-64,0,-8,-7,-1,-7,-64,0,-6,-7,-6,4,-64,0,-4,-7,-4,4,-64,0,-8,-5,-6,-5,-64,0,-4,-5,-2,-5,-64,0,-9,-1,-6,-1,-64,0,-4,-1,-2,-1,-64,-64,,,,,,"
897,妝,599D,in_simplified_set,unicode_encoded,zhuang,86,12,"86,-64,0,-3,-9,-4,-2,-1,4,-7,7,-7,10,-2,7,-3,13,-64,0,-7,-3,-1,-6,-64,0,-7,-3,-7,3,-64,0,-1,-6,1,-2,-10,2,-64,0,-10,-2,-8,2,-64,0,0,0,0,4,-64,0,2,-8,2,11,-64,0,2,-3,6,-4,-64,0,2,6,6,6,-64,0,6,-7,6,-2,-64,0,6,3,6,9,-64,0,4,-1,4,3,-64,-64,,,,,,"
898,媟,5A9F,traditional_or_variant,unicode_encoded,xie,122,12,"122,-64,0,4,-11,6,5,1,9,1,11,7,8,6,12,4,17,-64,0,1,-3,7,-7,-64,0,7,-7,8,-2,0,3,-64,0,1,-3,2,2,-64,0,-4,-12,-6,-9,-5,-6,-3,-8,-4,-12,-64,0,-5,-6,-4,14,-64,0,-9,-5,-10,-3,-10,0,-8,0,-7,-1,-8,-3,-9,-5,-64,0,-8,0,-7,3,-5,4,-64,0,-1,-6,-2,-4,-2,-3,-2,-1,-1,-1,0,-2,0,-3,0,-4,-1,-5,-1,-6,-64,0,-1,-1,-2,2,-5,4,-64,0,-5,7,-9,11,-64,0,-4,6,-1,9,-64,-64,,,,,,"
899,婪,5A6A,in_simplified_set,unicode_encoded,lan,100,14,"100,-64,0,-2,-16,-2,-7,-1,-1,-5,1,-5,4,-1,2,3,7,-64,0,-6,-9,1,-12,1,-12,-64,0,1,-12,1,-8,-7,-5,-64,0,-5,-9,-5,-4,-64,0,-8,-15,-8,5,-64,0,-12,-11,-8,-6,-64,0,-5,-14,-8,-11,-64,0,-8,-2,-13,2,-64,0,-8,-2,-6,-1,-64,0,3,-16,3,2,-64,0,1,-14,3,-11,-64,0,7,-14,3,-11,-64,0,3,-5,0,-2,-64,0,3,-6,8,-2,-64,-64,,,,,,"
900,媿,5ABF,in_simplified_set,unicode_encoded,kui,60,7,"60,-64,0,0,-11,0,11,5,12,-1,14,0,17,-64,0,-5,-10,4,-10,-64,0,-5,-10,-4,-4,-2,-3,2,-3,6,-5,4,-10,-64,0,-5,-7,5,-8,-64,0,-4,-1,3,-1,-64,0,3,-1,3,4,-64,0,-4,-1,-4,3,6,2,-64,-64,,,,,,"
901,奻,597B,traditional_or_variant,unicode_encoded,nuan,76,8,"76,-64,0,-5,-14,-4,-5,-7,-4,-7,-2,-4,-3,-6,1,-64,0,-9,-10,-2,-12,-64,0,-2,-12,-2,-10,-10,-7,-64,0,-9,-10,-9,-7,-10,-5,-64,0,3,-2,3,5,-1,6,-1,9,4,8,2,13,-64,0,-2,1,7,-1,7,-1,-64,0,7,-1,6,2,-4,4,-64,0,-2,1,-2,2,-2,5,-64,-64,,,,,,"
902,妥,59A5,in_simplified_set,unicode_encoded,tuo,66,7,"66,-64,0,3,-5,3,1,4,7,0,9,0,13,5,10,4,13,2,16,-64,0,0,1,6,-3,-64,0,0,0,1,5,-64,0,6,-3,6,0,-2,5,-64,0,-7,-11,-5,-7,-5,-4,-7,1,-7,5,-3,8,-64,0,-4,-4,-2,-1,-64,0,-7,0,-3,3,-64,-64,,,,,,"
903,民,6C11,in_simplified_set,unicode_encoded,min,64,7,"64,-64,0,-1,-7,-3,-4,-3,-1,-1,1,1,2,3,1,4,-2,4,-4,3,-6,-1,-7,-64,0,8,-8,4,-2,4,-2,-64,0,1,1,1,7,4,16,-64,0,-3,5,7,8,-64,0,-6,-8,-6,2,-64,0,-6,-8,8,-8,-64,0,-6,-1,-3,-1,-64,-64,,,,,,"
904,乂,4E42,in_simplified_set,unicode_encoded,yi,14,2,"14,-64,0,3,-8,-6,14,-64,0,-5,-8,6,16,-64,-64,,,,,,"
905,弗,5F17,in_simplified_set,unicode_encoded,fu,40,6,"40,-64,0,-8,-7,7,-7,-64,0,-8,0,7,0,-64,0,7,-8,7,0,-64,0,-8,0,-8,6,7,6,-64,0,-3,-12,-3,11,-64,0,3,-11,3,11,-64,-64,,,,,,"
906,氏,6C0F,in_simplified_set,unicode_encoded,shi,42,2,"42,-64,0,-1,-13,0,-7,-2,-3,-4,-1,-3,2,-2,4,-2,8,-4,14,-4,14,-64,0,0,-7,3,-3,2,1,3,6,5,8,7,8,7,5,7,0,3,-3,-64,-64,,,,,,"
907,氒,6C12,in_simplified_set,unicode_encoded,jue,32,5,"32,-64,0,-5,-10,7,-10,-64,0,-5,-5,6,-5,-64,0,-5,-10,-5,-5,-64,0,-7,2,8,2,-64,0,0,-5,0,14,-64,-64,,,,,,"
908,戈,6208,in_simplified_set,unicode_encoded,ge,32,4,"32,-64,0,-9,-1,6,-4,-64,0,-3,-9,-2,2,0,9,4,16,-64,0,3,-1,-1,6,-6,13,-64,0,5,-11,-3,-5,-64,-64,,,,,,"
909,肇,8087,in_simplified_set,unicode_encoded,zhao,42,6,"42,-64,0,-9,-8,-9,8,-64,0,-9,-8,-3,-8,-3,8,-64,0,-9,8,-3,8,-64,0,-6,3,5,3,-64,0,4,-1,1,0,2,15,-64,0,-1,15,5,15,-64,-64,,,,,,"
910,戎,620E,in_simplified_set,unicode_encoded,rong,38,6,"38,-64,0,-8,-3,6,-3,-64,0,0,-9,2,14,-64,0,1,-6,5,-8,-64,0,-1,15,6,13,-64,0,-9,4,-1,4,-64,0,-5,0,-5,12,-64,-64,,,,,,"
911,戣,6223,in_simplified_set,unicode_encoded,kui,62,9,"62,-64,0,0,-11,0,7,-2,10,2,16,-64,0,0,6,2,10,-3,16,-64,0,0,-11,-4,-6,-64,0,0,-11,4,-6,-64,0,-7,-1,8,-1,-64,0,-3,-4,-7,-1,-64,0,-7,-1,-4,3,-64,0,4,-3,8,-1,-64,0,8,-1,5,2,-64,-64,,,,,,"
912,干,5E72,traditional_or_variant,unicode_encoded,gan,68,11,"68,-64,0,0,-12,0,12,-64,0,0,-12,3,-12,-64,0,-7,-8,6,-8,-64,0,-6,-3,6,-3,-64,0,-3,0,3,0,-64,0,-3,3,3,3,-64,0,-6,7,7,7,-64,0,-3,0,-3,3,-64,0,3,0,3,3,-64,0,-6,-3,-6,7,-64,0,6,-3,6,7,-64,-64,,,,,,"
913,戍,620D,in_simplified_set,unicode_encoded,shu,42,5,"42,-64,0,-6,-4,10,-5,-64,0,6,-11,4,-8,5,11,-64,0,2,12,9,10,-64,0,-1,-4,0,0,1,3,-2,6,-4,13,-64,0,-1,0,-3,2,-6,4,-64,-64,,,,,,"
914,或,6216,in_simplified_set,unicode_encoded,huo,48,6,"48,-64,0,-5,-5,6,-6,-64,0,6,-11,1,-10,4,11,4,11,-64,0,5,-1,0,4,-64,0,8,10,0,12,-64,0,-8,2,-6,9,-2,9,-3,0,-3,0,-64,0,-3,3,-7,4,-64,-64,,,,,,"
915,戕,6215,traditional_or_variant,unicode_encoded,qiang,52,8,"52,-64,0,-9,-9,-9,-3,-64,0,-9,-7,-2,-7,-64,0,-2,-10,-2,9,-64,0,-5,-4,5,-4,-64,0,6,-9,2,-9,6,11,-64,0,9,11,3,12,-64,0,-9,4,-9,9,-64,0,-9,6,-2,6,-64,-64,,,,,,"
916,,,undetermined,not_encoded,zai,48,7,"48,-64,0,-7,-10,1,-11,-64,0,-3,-14,-3,-1,-64,0,-5,-9,-3,-5,-64,0,0,-11,-3,-6,-64,0,-6,-4,8,-5,-64,0,6,-8,3,-7,3,12,3,11,-64,0,6,10,-1,13,-64,-64,,,,,,"
917,缄,7F04,traditional_or_variant,unicode_encoded,jian,58,7,"58,-64,0,-9,3,7,2,-64,0,-6,-9,-6,-2,-7,-1,-7,4,-64,0,-6,-6,-9,-4,-64,0,-2,-10,-2,-2,-3,-1,-4,5,-4,5,-64,0,-2,-7,-4,-4,-64,0,3,-1,2,2,2,2,2,17,-64,0,-1,17,7,17,-64,-64,,,,,,"
918,武,6B66,in_simplified_set,unicode_encoded,wu,46,7,"46,-64,0,-6,-12,8,-13,-64,0,-1,-17,1,-3,5,0,-64,0,3,-10,-3,3,-64,0,3,-17,0,-14,-64,0,-2,4,0,12,-64,0,1,1,1,11,-64,0,5,1,-1,6,-64,-64,,,,,,"
919,戠,6220,in_simplified_set,unicode_encoded,zhi,64,8,"64,-64,0,-8,-7,5,-8,-64,0,-7,-4,0,-5,-64,0,-7,-4,-4,2,-64,0,0,-4,-3,2,-3,8,-64,0,-7,7,-7,13,-4,14,-1,12,-1,6,-1,6,-64,0,-7,9,-1,9,-64,0,4,-11,2,-8,2,-8,3,10,-64,0,6,9,1,11,-64,-64,,,,,,"
920,戔,6214,in_simplified_set,unicode_encoded,jian,48,7,"48,-64,0,4,-12,1,-12,-64,0,3,-12,5,0,-64,0,6,0,3,0,-64,0,-3,-3,9,-4,-64,0,-5,1,-2,3,-4,14,-4,14,-64,0,-8,4,5,3,-64,0,-5,14,0,14,-64,-64,,,,,,"
921,戉,6209,in_simplified_set,unicode_encoded,yue,32,4,"32,-64,0,5,-9,0,-11,0,13,0,13,-64,0,-3,12,3,15,-64,0,-1,-7,-5,-9,-64,0,-5,-9,-6,-5,-1,-2,-64,-64,,,,,,"
922,我,6211,in_simplified_set,unicode_encoded,wo,62,9,"62,-64,0,-5,-10,-5,10,-64,0,-5,-8,-10,-3,-64,0,-5,-2,-10,3,-64,0,-6,4,-9,8,-64,0,-4,-5,0,-3,-64,0,-4,2,0,-3,9,-4,-64,0,2,-12,2,0,2,0,8,12,-64,0,2,-8,7,-11,-64,0,5,-1,-1,13,-64,-64,,,,,,"
923,義,7FA9,in_simplified_set,unicode_encoded,yi,94,14,"94,-64,0,-3,-7,0,-11,2,-7,-64,0,7,-9,5,-11,5,-11,-64,0,5,-11,2,-7,3,4,-64,0,-1,-5,6,-5,-64,0,-1,-2,6,-2,-64,0,1,2,7,2,-64,0,-7,1,-6,15,-64,0,-6,7,3,6,-64,0,-7,4,7,5,-64,0,-7,4,-10,7,-64,0,-7,7,-11,10,-64,0,-7,10,-10,13,-64,0,3,4,4,13,9,17,-64,0,5,10,3,14,-64,-64,,,,,,"
924,直,76F4,in_simplified_set,unicode_encoded,zhi,42,6,"42,-64,0,-7,2,-7,12,-64,0,-7,2,8,2,-64,0,-7,8,-2,7,-64,0,-2,2,-2,8,3,8,3,2,-64,0,3,6,8,2,-64,0,-3,-10,-3,1,-64,-64,,,,,,"
925,亡,4EA1,in_simplified_set,unicode_encoded,wang,24,3,"24,-64,0,1,-13,2,7,-6,13,-6,13,-64,0,1,-3,-5,1,-64,0,-5,-6,-5,8,-64,-64,,,,,,"
926,乍,4E4D,traditional_or_variant,unicode_encoded,zha,28,3,"28,-64,0,1,-10,1,12,1,12,0,15,-3,11,-64,0,0,6,-9,1,-64,0,-1,-8,-1,0,-7,-2,-64,-64,,,,,,"
927,匈,5308,traditional_or_variant,unicode_encoded,xiong,48,7,"48,-64,0,2,-7,2,3,-64,0,7,-11,7,7,3,12,3,12,-64,0,2,-1,7,-5,-64,0,-4,-13,-2,-7,-64,0,-2,-7,-6,3,-64,0,-6,3,-2,11,-64,0,-4,-1,-1,5,-64,-64,,,,,,"
928,區,5340,in_simplified_set,unicode_encoded,qu,68,8,"68,-64,0,0,-9,0,-4,3,-4,3,-10,3,-10,-64,0,0,-8,3,-8,-64,0,-5,0,-5,5,-1,5,-1,0,-1,-1,-64,0,-1,2,-5,2,-64,0,2,0,2,6,7,6,6,-1,-64,0,2,2,6,2,-64,0,-8,-7,-8,10,-8,10,-64,0,-8,10,7,10,-64,-64,,,,,,"
929,医,533B,in_simplified_set,unicode_encoded,yi,46,6,"46,-64,0,1,-8,-3,-2,-64,0,1,-8,6,-2,-64,0,1,-8,1,-1,-64,0,1,-1,-1,4,5,10,-64,0,2,-1,3,4,-3,9,-64,0,-1,-9,-5,-2,-5,8,0,13,-64,-64,,,,,,"
930,匚,531A,in_simplified_set,unicode_encoded,fang,50,8,"50,-64,0,5,-10,5,13,-64,0,-7,-10,4,-10,-64,0,-7,-7,1,-7,-64,0,1,-7,1,8,-64,0,-7,-10,-7,-7,-64,0,-7,9,1,9,-64,0,-7,9,-6,13,-64,0,-6,13,4,13,-64,-64,,,,,,"
931,匡,5321,in_simplified_set,unicode_encoded,kuang,92,15,"92,-64,0,-1,-5,2,-1,-64,0,5,-5,2,-1,-64,0,-1,-5,-2,0,-64,0,5,-5,7,-2,-64,0,2,-1,2,7,-64,0,-1,1,2,4,-64,0,5,0,2,3,-64,0,-7,-9,-7,11,-64,0,-7,-9,8,-10,-64,0,-7,12,7,11,-64,0,-4,-7,8,-8,-64,0,-4,-7,-4,8,-64,0,-4,8,6,8,-64,0,8,-10,8,-8,-64,0,6,8,7,11,-64,-64,,,,,,"
932,匬,532C,traditional_or_variant,unicode_encoded,yu,92,15,"92,-64,0,2,-3,-1,2,-64,0,2,-2,5,3,-64,0,2,-2,2,8,-64,0,-2,-5,-2,10,-64,0,-7,-7,6,-8,-64,0,-1,-5,6,-5,-64,0,6,-8,6,-5,-64,0,-7,-6,-7,14,-64,0,-7,14,6,14,-64,0,-2,10,6,10,-64,0,6,10,6,14,-64,0,-6,-4,-3,-1,-64,0,-3,-2,-6,3,-64,0,-6,3,-4,6,-64,0,-4,6,-7,10,-64,-64,,,,,,"
933,甾,753E,in_simplified_set,unicode_encoded,zai,52,7,"52,-64,0,0,-8,0,14,-64,0,-6,-3,-5,11,0,14,5,10,5,-4,5,-4,-64,0,-6,2,4,2,-64,0,-5,7,5,7,-64,0,-6,-3,-10,-2,-64,0,6,-5,10,-3,-64,0,-3,-9,2,-8,-64,-64,,,,,,"
934,弓,5F13,in_simplified_set,unicode_encoded,gong,26,3,"26,-64,0,1,-9,2,17,-64,0,0,-8,-4,0,-2,5,-5,10,1,17,-64,0,-3,-9,1,-9,-64,-64,,,,,,"
935,彊,5F4A,in_simplified_set,unicode_encoded,jiang,94,7,"94,-64,0,1,-6,-1,-3,2,0,5,-3,4,-6,0,-6,0,-6,-64,0,0,-3,5,-4,-64,0,2,-6,2,-1,-64,0,-1,-9,-4,0,-2,2,-4,4,-6,6,-5,9,-5,13,-8,14,-64,0,-9,-6,-1,-8,-64,0,1,6,-1,7,-1,8,-1,8,0,10,1,10,3,10,4,9,4,9,4,8,3,7,2,6,1,6,1,6,-64,0,-1,8,4,8,1,6,1,10,-64,-64,,,,,,"
936,弘,5F18,in_simplified_set,unicode_encoded,hong,30,3,"30,-64,0,1,-11,2,-6,0,0,2,7,2,11,-5,18,-5,18,-64,0,1,2,5,-1,-64,0,1,-11,-5,-4,-64,-64,,,,,,"
937,彈,5F48,in_simplified_set,unicode_encoded,dan,56,7,"56,-64,0,-4,-1,-6,3,-3,5,-1,1,-4,-1,-4,-1,-64,0,1,-10,-4,-1,-64,0,-3,5,-2,11,2,17,-64,0,0,-6,3,-1,-64,0,3,-1,0,2,-64,0,0,2,3,8,0,14,-64,0,1,-11,5,-8,-64,-64,,,,,,"
938,弜,5F1C,traditional_or_variant,unicode_encoded,jiang,56,7,"56,-64,0,-3,-10,-7,-3,-7,-3,-64,0,-3,-10,-2,-3,-2,-3,-64,0,-2,-3,-3,0,-3,0,-64,0,-3,0,-2,10,-64,0,-2,10,-4,14,-64,0,1,-12,0,-7,-64,0,1,-11,4,-5,2,0,4,7,0,15,-64,-64,,,,,,"
939,系,7CFB,in_simplified_set,unicode_encoded,xi,200,26,"200,-64,0,2,-7,-7,-2,-7,-2,-64,0,-1,-5,-1,1,-64,0,-1,1,-2,4,0,6,-64,0,0,1,1,4,-64,0,1,4,0,6,-64,0,0,6,-2,9,0,11,-64,0,0,6,1,9,0,11,-64,0,0,12,0,15,2,16,-64,0,1,12,2,13,2,16,2,16,-64,0,-6,-2,-6,1,-64,0,-6,1,-8,2,-6,4,-6,1,-6,1,-64,0,-6,4,-8,6,-64,0,-8,6,-6,9,-64,0,-6,5,-5,7,-64,0,-5,7,-6,9,-64,0,-7,9,-8,12,-64,0,-8,12,-6,14,-64,0,-6,9,-5,12,-64,0,-5,12,-6,14,-64,0,2,-7,4,-2,-64,0,4,-2,3,1,5,4,6,1,4,-2,4,-2,-64,0,5,4,4,7,6,9,8,7,5,4,-64,0,6,10,5,12,7,14,8,11,6,10,-64,0,1,-12,-4,-8,-5,-6,-64,0,0,-11,0,-8,-64,0,-2,-9,-2,-7,-64,-64,,,,,,"
940,孫,5B6B,in_simplified_set,unicode_encoded,sun,92,10,"92,-64,0,-2,-10,-2,-6,-2,-6,-64,0,-2,-10,3,-10,3,-9,3,-6,-64,0,-2,-6,3,-6,-64,0,-5,-4,6,-4,-64,0,0,-6,2,2,5,4,-64,0,0,-1,-2,0,-1,3,0,1,0,-1,0,-1,-64,0,-1,3,-3,7,-1,10,0,7,-1,4,-1,4,-64,0,-1,10,-3,13,-2,15,0,13,-1,10,-64,0,-5,17,1,15,-64,0,-2,15,-1,19,-64,-64,,,,,,"
941,糸,7CF8,in_simplified_set,unicode_encoded,mi,66,8,"66,-64,0,-1,-10,-1,-4,-64,0,-1,-4,-3,0,0,3,2,0,-1,-4,-1,-4,-64,0,0,3,-2,8,1,11,3,7,0,3,0,3,-64,0,1,11,0,18,-64,0,0,11,-4,16,-64,0,1,11,4,15,-64,0,-4,-9,-1,-5,-64,0,4,-9,-1,-5,-64,-64,,,,,,"
942,絶,7D76,traditional_or_variant,unicode_encoded,jue,90,9,"90,-64,0,0,-10,-3,-3,-3,-3,-64,0,0,-10,5,-3,-64,0,-4,-2,-5,3,-2,5,0,1,-3,-2,-3,-2,-64,0,-3,5,-5,11,-3,14,-1,10,-3,6,-3,6,-64,0,5,-3,3,2,5,5,7,2,5,-3,5,-2,-64,0,5,5,3,10,5,14,7,10,5,5,5,5,-64,0,-7,1,9,1,-64,0,-5,6,8,5,-64,0,-7,10,10,9,-64,-64,,,,,,"
943,續,7E8C,traditional_or_variant,unicode_encoded,xu,86,12,"86,-64,0,-4,-11,0,-8,0,-8,-64,0,3,-12,0,-8,-64,0,-5,-7,4,-7,-64,0,-5,-7,-6,0,-64,0,5,-7,6,-2,-64,0,-5,-5,6,-4,-64,0,0,-7,0,3,-64,0,-2,4,-6,8,1,17,6,7,2,4,2,4,-64,0,2,4,1,7,1,7,-64,0,-2,4,-2,7,-64,0,-2,12,-1,9,-64,0,4,11,1,9,-64,-64,,,,,,"
944,紹,7D39,in_simplified_set,unicode_encoded,shao,50,6,"50,-64,0,1,-11,7,-1,2,7,5,16,5,16,-64,0,4,-13,2,0,-64,0,2,0,7,8,4,13,-64,0,9,-11,4,-6,-64,0,-6,-9,-3,1,-5,8,-1,15,-64,0,-4,4,0,9,-64,-64,,,,,,"
945,紊,7D0A,in_simplified_set,unicode_encoded,wen,50,6,"50,-64,0,-1,-10,-6,-3,-64,0,-1,-10,7,-3,-64,0,-3,-6,6,3,-64,0,2,-7,-6,4,-64,0,-3,1,-3,5,1,9,-1,13,-1,18,-1,18,-64,0,-3,1,0,4,-2,11,-1,13,-64,-64,,,,,,"
946,終,7D42,in_simplified_set,unicode_encoded,zhong,52,7,"52,-64,0,0,-9,-6,1,-64,0,0,-9,6,1,-64,0,-6,1,-9,5,-7,10,-3,6,-6,1,-6,1,-64,0,5,1,3,6,-64,0,3,6,6,10,-64,0,6,10,7,5,-64,0,7,4,5,1,-64,-64,,,,,,"
947,緑,7DD1,in_simplified_set,unicode_encoded,lv,56,6,"56,-64,0,2,-9,8,-9,-64,0,0,-6,0,-1,-64,0,0,-4,9,-4,-64,0,9,-6,9,-1,-64,0,5,-9,5,1,1,7,4,12,8,6,5,1,-64,0,-4,-6,-6,0,-2,7,-4,12,-7,5,-3,-1,-4,-6,-64,-64,,,,,,"
948,紟,7D1F,in_simplified_set,unicode_encoded,jin,56,9,"56,-64,0,-2,-2,-7,5,-64,0,-2,-2,2,5,-64,0,-5,3,1,3,-64,0,4,-8,2,-3,-64,0,2,-3,8,5,-64,0,8,5,6,9,-64,0,4,-8,7,-2,-64,0,7,-2,3,4,-64,0,3,4,5,10,-64,-64,,,,,,"
949,編,7DE8,in_simplified_set,unicode_encoded,bian,90,13,"90,-64,0,4,-10,4,-3,-64,0,0,-8,3,-5,-64,0,7,-8,4,-5,-64,0,4,-3,2,0,5,6,1,13,-64,0,4,-3,6,1,1,6,7,13,-64,0,4,9,4,15,-64,0,-9,3,-4,0,-64,0,-4,0,0,3,-64,0,0,3,-4,6,-9,3,-64,0,-8,-2,-8,11,-64,0,-6,-6,-6,14,-64,0,-4,-4,-4,11,-64,0,-2,-5,-2,13,-64,-64,,,,,,"
950,紂,7D02,traditional_or_variant,unicode_encoded,zhou,52,6,"52,-64,0,4,-11,4,-4,-64,0,0,-9,4,-4,-64,0,8,-9,4,-4,-64,0,4,-4,1,1,6,11,3,13,1,10,6,2,4,-4,-64,0,-3,-5,-3,1,-1,5,-64,0,-1,-2,-4,4,-3,15,-64,-64,,,,,,"
951,綏,7D8F,in_simplified_set,unicode_encoded,sui,70,10,"70,-64,0,1,-6,4,6,-64,0,4,6,-1,10,-64,0,-1,10,-1,13,-64,0,-1,13,4,11,-64,0,4,11,2,18,-64,0,0,6,-1,0,6,-5,-64,0,6,-5,6,-1,-3,3,-64,0,-5,-11,-3,-6,-5,-1,-5,5,-64,0,-3,-6,-1,-4,-64,0,-5,-1,-3,0,-64,-64,,,,,,"
952,彝,5F5D,in_simplified_set,unicode_encoded,yi,80,10,"80,-64,0,-6,-9,-4,-7,8,-3,9,-3,-64,0,-1,-9,2,-5,-1,0,0,13,-64,0,-6,-2,7,0,-64,0,0,-2,-5,-5,-6,-2,-64,0,2,-1,5,3,7,0,-64,0,-7,-1,-7,1,-2,4,-64,0,-3,0,-5,2,-7,13,-64,0,5,5,4,12,1,15,-64,0,2,8,7,17,-64,0,-1,3,3,5,-64,-64,,,,,,"
953,絲,7D72,in_simplified_set,unicode_encoded,si,82,10,"82,-64,0,-4,-10,-4,-4,-64,0,-7,-8,-4,-4,-64,0,-1,-9,-4,-4,-64,0,-4,-4,-6,-1,-2,4,-6,9,-1,15,-64,0,-4,-4,-2,-1,-6,3,-2,10,-7,15,-64,0,-4,12,-4,16,-64,0,1,-8,5,0,1,6,7,14,-64,0,7,-9,2,-1,5,6,1,13,-64,0,3,-11,4,-4,-64,0,3,10,3,15,-64,-64,,,,,,"
954,率,7387,in_simplified_set,unicode_encoded,lv,54,7,"54,-64,0,0,-11,0,-4,-64,0,0,-4,-2,-2,2,5,0,9,0,15,-64,0,1,-4,2,-1,-2,5,0,9,-64,0,-5,-8,-5,-2,-64,0,-5,7,-6,12,-64,0,5,-9,5,-4,-64,0,5,3,5,9,-64,-64,,,,,,"
955,虫,866B,in_simplified_set,unicode_encoded,chong,26,2,"26,-64,0,0,-9,-3,-4,0,-1,2,-5,0,-9,0,-9,-64,0,0,-1,-2,9,3,13,5,9,-64,-64,,,,,,"
956,蜀,8700,in_simplified_set,unicode_encoded,shu,74,11,"74,-64,0,-8,-2,-6,-7,7,-8,7,-8,-64,0,-8,-2,-4,-3,-64,0,7,-8,2,-4,-64,0,-2,-7,-3,-3,-1,-1,-64,0,-1,-7,1,-5,-64,0,1,-5,-1,-1,-64,0,-4,4,-4,10,-64,0,-1,0,0,9,-64,0,0,9,-7,14,-64,0,-7,13,-9,5,-64,0,-9,5,-4,4,-64,-64,,,,,,"
957,虹,8679,in_simplified_set,unicode_encoded,hong,104,14,"104,-64,0,-8,1,-5,1,-64,0,-8,1,-9,5,-11,8,-64,0,-5,1,-5,5,-64,0,-5,5,-5,7,-64,0,-9,4,-5,4,-64,0,4,1,4,4,4,4,-64,0,4,1,7,1,-64,0,7,1,7,4,10,7,10,7,-64,0,4,4,7,4,-64,0,5,4,5,6,-64,0,-11,-2,-8,0,-64,0,10,-4,7,0,-64,0,-7,-1,-5,-8,1,-9,7,-5,7,0,-64,0,-5,0,-3,-4,3,-3,4,1,-64,-64,,,,,,"
958,昆,6606,traditional_or_variant,unicode_encoded,kun,68,8,"68,-64,0,-4,-7,-7,-4,-7,-3,-64,0,-4,-7,-1,-3,-64,0,-4,-6,-4,-1,-64,0,-4,-1,-2,4,-64,0,-2,4,-5,8,-4,12,-1,11,-64,0,3,-8,0,-4,0,-4,-64,0,3,-8,7,-2,-64,0,3,-7,3,0,5,5,2,10,6,14,6,9,6,9,-64,-64,,,,,,"
959,蠱,8831,in_simplified_set,unicode_encoded,gu,88,8,"88,-64,0,-4,-7,-5,-5,-4,-4,-3,-4,-2,-6,-4,-7,-4,-7,-64,0,-3,-4,-2,2,-4,4,-5,1,-5,1,-64,0,1,-8,0,-5,2,-2,3,-5,1,-8,1,-8,-64,0,2,-1,3,1,1,4,1,2,-64,0,-9,-4,-7,3,-5,8,0,9,5,7,5,3,5,-4,-64,0,-2,9,-2,13,-64,0,2,9,2,13,-64,0,-6,14,7,13,-64,-64,,,,,,"
960,風,98A8,in_simplified_set,unicode_encoded,feng,114,16,"114,-64,0,-7,-2,-2,-2,-1,0,-7,5,-8,8,-9,11,-9,11,-64,0,-6,5,-5,9,-5,9,-64,0,-8,-6,0,-7,-64,0,-7,-10,-6,-6,-64,0,-5,-11,-5,-7,-64,0,-3,-11,-3,-7,-64,0,-6,-6,-5,-1,3,4,-64,0,-3,-6,-5,-2,-64,0,-4,3,5,8,-64,0,-4,4,1,11,-64,0,-2,7,-4,9,-2,17,-64,0,1,6,2,10,-64,0,1,-8,1,-2,-64,0,1,-7,4,-7,-64,0,1,-5,5,-5,-64,0,5,-10,5,0,-64,-64,,,,,,"
961,它,5B83,in_simplified_set,unicode_encoded,ta,52,5,"52,-64,0,-6,-9,0,-9,1,-3,1,-3,-64,0,-5,-6,3,-6,5,-4,-4,-2,-4,-2,-64,0,0,1,-5,6,-64,0,0,1,7,6,-64,0,0,1,0,7,2,9,-2,14,1,18,4,14,3,13,-64,-64,,,,,,"
962,龜,9F9C,traditional_or_variant,unicode_encoded,gui,100,14,"100,-64,0,-1,-11,-3,-7,-64,0,-3,-7,0,-5,-64,0,-1,-11,1,-6,0,-5,-64,0,0,-5,-4,0,-3,6,0,8,4,6,3,-1,0,-5,-64,0,-3,-1,3,6,-64,0,2,-1,-2,5,-64,0,-7,-5,-4,0,-64,0,-7,11,-3,6,-64,0,8,10,4,6,-64,0,6,-5,3,-1,-64,0,4,-5,5,-2,8,-3,-64,0,-5,-4,-7,-1,-64,0,-6,6,-4,10,-64,0,0,8,1,13,-64,-64,,,,,,"
963,黽,9EFD,in_simplified_set,unicode_encoded,mian,92,11,"92,-64,0,0,-3,-3,2,-1,7,0,8,0,8,-64,0,0,-3,2,0,2,4,0,8,-64,0,3,-10,2,-7,-64,0,3,-10,5,-6,2,0,-64,0,-3,5,-6,13,-2,18,-3,18,-64,0,2,5,5,14,2,16,-64,0,-4,8,-2,12,-64,0,3,9,1,12,-64,0,-4,0,3,0,-64,0,-4,3,3,3,-64,0,-1,-1,-4,-5,-4,-7,-2,-10,-1,-7,-64,-64,,,,,,"
964,鼍,9F0D,in_simplified_set,unicode_encoded,tuo,160,17,"160,-64,0,-5,-12,-6,-10,-4,-10,-3,-11,-5,-12,-5,-12,-64,0,2,-13,2,-10,4,-12,2,-13,-64,0,-4,-10,1,-3,1,-1,0,-1,1,-1,-64,0,2,-10,0,-5,-1,-3,0,-1,-64,0,-1,-1,-3,4,-3,9,0,11,1,12,4,7,3,2,0,-1,-1,0,-1,0,-64,0,-5,-3,-5,0,-7,1,-7,1,-64,0,-7,-1,-3,3,-64,0,8,-5,5,-3,4,-1,3,1,3,1,-64,0,5,-6,8,-2,-64,0,-1,1,3,1,-64,0,-2,3,2,3,-64,0,-3,6,3,5,-64,0,-3,9,2,9,-64,0,0,-1,0,11,-64,0,-3,10,-5,11,-5,13,-7,15,-6,14,-64,0,4,8,6,9,-64,0,6,9,7,12,9,14,-64,-64,,,,,,"
965,二,4E8C,in_simplified_set,unicode_encoded,er,14,2,"14,-64,0,-8,-3,6,-4,-64,0,-8,2,6,1,-64,-64,,,,,,"
966,亟,4E9F,in_simplified_set,unicode_encoded,ji,34,5,"34,-64,0,-7,-9,5,-9,-64,0,-1,-9,-5,2,-64,0,-1,-5,1,0,-64,0,1,0,-1,11,-1,10,-64,0,-8,12,8,11,-64,-64,,,,,,"
967,恒,6052,in_simplified_set,unicode_encoded,heng,52,7,"52,-64,0,-3,-4,2,-5,-64,0,0,-5,0,4,-64,0,-3,4,2,3,-64,0,0,-4,-3,0,0,3,-64,0,2,-14,4,13,-64,0,-1,-14,2,-14,-64,0,2,-11,-6,-5,-5,-1,-7,3,3,11,-64,-64,,,,,,"
968,亘,4E98,in_simplified_set,unicode_encoded,gen,40,6,"40,-64,0,-7,-9,4,-9,4,-9,-64,0,-8,-4,6,-4,-64,0,6,-4,5,6,-64,0,5,6,-8,7,-64,0,-8,7,-7,0,-64,0,-7,0,3,1,-64,-64,,,,,,"
969,凡,51E1,in_simplified_set,unicode_encoded,fan,26,4,"26,-64,0,-6,-10,-6,12,-64,0,4,-10,4,12,-64,0,-6,-3,4,-3,-64,0,-6,4,4,4,-64,-64,,,,,,"
970,土,571F,in_simplified_set,unicode_encoded,tu,38,5,"38,-64,0,-2,-8,-5,1,0,9,5,0,-1,-9,-64,0,-7,10,6,9,-64,0,-5,-10,-4,-7,-64,0,-7,-4,-7,0,-64,0,4,-9,7,-4,-64,-64,,,,,,"
971,基,57FA,in_simplified_set,unicode_encoded,ji,52,7,"52,-64,0,-2,-12,-2,-3,-64,0,-4,-2,2,-2,-64,0,-8,-5,-8,0,-7,10,4,10,5,-5,5,-5,-64,0,-11,-5,-5,-5,-64,0,3,-5,7,-5,-64,0,-7,-1,4,9,-64,0,4,0,-7,8,-64,-64,,,,,,"
972,在,5728,in_simplified_set,unicode_encoded,zai,28,4,"28,-64,0,0,-10,-1,14,-64,0,-6,-3,4,-3,-64,0,-5,-3,-1,6,-1,6,-64,0,4,-3,0,6,-64,-64,,,,,,"
973,封,5C01,in_simplified_set,unicode_encoded,feng,72,10,"72,-64,0,-3,-11,-2,1,-64,0,-6,-8,2,-1,-64,0,1,-9,-2,-5,-64,0,-3,-1,-7,2,-64,0,-2,1,-4,5,-4,13,-4,12,-64,0,-2,1,0,4,0,13,0,13,-64,0,-6,14,3,14,-64,0,1,-10,5,-4,7,8,-64,0,4,-11,7,-7,-64,0,7,-7,2,-3,-64,-64,,,,,,"
974,圣,5723,in_simplified_set,unicode_encoded,sheng,62,8,"62,-64,0,-1,-9,-4,0,-1,6,-64,0,-1,-9,3,1,0,6,-64,0,-6,6,5,6,-64,0,-8,-7,-6,-4,-6,1,-4,6,-64,0,-5,0,-7,4,-8,12,-64,0,4,1,8,4,7,13,-64,0,5,-4,8,1,-64,0,8,1,4,5,-64,-64,,,,,,"
975,堯,582F,traditional_or_variant,unicode_encoded,yao,68,10,"68,-64,0,-6,-8,-5,-2,-64,0,-6,-8,-2,-9,-64,0,-2,-9,-3,-2,-64,0,2,-10,0,-3,-64,0,2,-10,5,-9,-64,0,5,-9,3,-3,-64,0,-9,-2,7,-3,-64,0,0,-2,4,8,-64,0,4,8,-3,11,-3,14,4,12,1,18,-64,0,0,-2,-2,10,-64,-64,,,,,,"
976,堇,5807,traditional_or_variant,unicode_encoded,jin,84,9,"84,-64,0,-3,-10,-3,-6,1,-4,-64,0,1,-4,5,-6,-64,0,4,-11,5,-6,-64,0,-3,-9,4,-9,-64,0,1,-4,1,5,-2,11,-2,10,-64,0,1,5,4,11,-64,0,0,-4,-3,-1,0,1,-5,6,-64,0,1,-4,4,-2,2,1,7,5,-64,0,-5,15,-4,12,-1,14,1,10,3,15,5,10,7,15,2,17,-5,15,-64,-64,,,,,,"
977,艱,8271,in_simplified_set,unicode_encoded,jian,150,21,"150,-64,0,-5,-8,-4,-1,-64,0,-7,-7,-7,-4,-5,-2,-64,0,-2,-8,-2,-4,-64,0,-2,-4,-4,-2,-64,0,-8,1,-8,4,-64,0,-8,0,-2,0,-64,0,-2,0,-2,5,-64,0,-8,5,-2,5,-64,0,-8,2,-4,2,-64,0,-5,5,-6,11,-64,0,-4,5,-3,12,-64,0,-8,11,-1,14,-64,0,1,-9,1,-5,3,-4,6,-6,5,-10,-64,0,1,-8,5,-8,-64,0,3,-3,1,1,1,4,3,6,7,4,7,0,3,-3,-64,0,4,-2,3,8,3,7,-64,0,1,1,7,1,-64,0,3,8,0,12,-64,0,4,8,4,11,2,16,-64,0,4,11,5,17,-64,0,4,9,8,11,-64,-64,,,,,,"
978,野,91CE,in_simplified_set,unicode_encoded,ye,74,12,"74,-64,0,-4,-10,-4,14,-64,0,-8,-6,-5,0,-64,0,0,-8,-4,-3,-64,0,-4,6,-8,11,-64,0,-4,6,0,10,-64,0,0,-9,4,-4,-64,0,4,-11,5,14,-64,0,5,5,0,9,-64,0,9,-7,5,-2,-64,0,5,5,9,10,-64,0,0,-5,0,3,-64,0,-2,3,2,3,-64,-64,,,,,,"
979,田,7530,in_simplified_set,unicode_encoded,tian,50,8,"50,-64,0,-6,-11,-6,11,-64,0,-6,-11,7,-10,-64,0,7,-10,7,11,-64,0,-6,11,7,11,-64,0,-6,-4,7,-4,-64,0,-6,3,7,4,-64,0,-3,-10,-3,11,-64,0,2,-10,2,11,-64,-64,,,,,,"
980,疇,7587,in_simplified_set,unicode_encoded,chou,60,6,"60,-64,0,2,-9,6,-2,4,3,-1,7,-1,12,5,15,9,12,-64,0,-5,-3,1,-4,2,1,-5,1,-4,1,-64,0,-1,-4,-1,1,-64,0,2,-9,-4,-5,-64,0,8,5,2,7,2,10,9,9,-64,0,5,6,5,9,5,9,-64,-64,,,,,,"
981,畯,756F,in_simplified_set,unicode_encoded,jun,72,8,"72,-64,0,1,-12,-1,-7,1,-4,0,8,0,7,-64,0,0,-9,2,-7,1,-4,-64,0,1,2,5,6,-1,9,-1,12,4,10,2,16,-64,0,-7,-5,-7,1,-7,1,-64,0,-7,-6,-2,-5,-2,1,-2,1,-64,0,-7,-2,-2,-2,-64,0,-5,-6,-5,1,-64,0,-7,1,-3,1,-64,-64,,,,,,"
982,畕,7555,in_simplified_set,unicode_encoded,jiang,74,11,"74,-64,0,-7,-8,-7,-1,-7,-1,-64,0,-7,-8,1,-8,-64,0,1,-8,1,-1,-64,0,-7,-4,0,-4,-64,0,-3,-8,-3,-1,-64,0,-7,-1,1,-1,-64,0,-2,2,-1,10,-1,10,-64,0,-2,2,6,2,7,10,-64,0,-2,6,6,5,-64,0,2,2,3,10,-64,0,-1,10,6,10,-64,-64,,,,,,"
983,疆,7586,in_simplified_set,unicode_encoded,jiang,96,11,"96,-64,0,-1,-7,-2,-3,3,-2,6,-6,4,-9,-1,-7,-1,-7,-64,0,-1,-5,5,-6,-64,0,2,-8,2,-2,-64,0,-1,4,-1,10,-64,0,-1,4,7,4,-64,0,7,4,7,10,-64,0,-1,7,7,7,-64,0,3,4,3,9,3,9,-64,0,-1,10,7,9,-64,0,-7,-10,-2,-11,-64,0,-2,-12,-2,-9,-6,-4,-5,-1,-2,1,-3,3,-6,4,-6,7,-4,10,-7,14,-64,-64,,,,,,"
984,黄,9EC4,in_simplified_set,unicode_encoded,huang,70,11,"70,-64,0,0,-12,-6,-5,-64,0,0,-12,5,-8,-64,0,-3,-7,3,-8,-64,0,-4,-4,5,-4,-64,0,-4,-1,5,-1,-64,0,-4,3,5,3,-64,0,-4,-4,-4,2,-64,0,5,-4,5,3,-64,0,0,3,-4,16,-64,0,1,3,3,6,4,15,-64,0,0,-8,0,2,-64,-64,,,,,,"
985,男,7537,in_simplified_set,unicode_encoded,nan,48,7,"48,-64,0,-7,-6,-7,1,-64,0,-7,-6,1,-6,1,1,-64,0,-7,1,1,1,-64,0,-7,-3,1,-3,-64,0,-3,-6,-3,0,-64,0,4,-9,4,3,-4,13,-64,0,0,3,4,14,-64,-64,,,,,,"
986,力,529B,in_simplified_set,unicode_encoded,li,18,2,"18,-64,0,0,-13,0,2,5,6,5,6,-64,0,5,2,6,12,-64,-64,,,,,,"
987,劦,52A6,in_simplified_set,unicode_encoded,xie,60,8,"60,-64,0,4,-14,3,-5,8,-3,-64,0,7,-8,3,-2,-64,0,-2,-13,-3,-2,2,2,-64,0,-1,-4,-3,3,-64,0,-7,-13,-9,-2,-4,5,-64,0,-6,-1,-10,3,-64,0,-11,6,10,6,-64,0,-13,3,-9,12,7,12,11,3,-64,-64,,,,,,"
988,錫,932B,in_simplified_set,unicode_encoded,xi,38,5,"38,-64,0,-1,-10,4,-1,4,5,-3,13,-64,0,4,-2,9,2,4,8,-64,0,-3,-8,-7,-4,-64,0,0,-2,-5,3,-64,0,0,4,-5,10,-64,-64,,,,,,"
989,鑄,9444,in_simplified_set,unicode_encoded,zhu,120,16,"120,-64,0,-4,-10,4,-10,-64,0,-2,-10,-2,-4,-64,0,1,-10,1,-5,-64,0,-3,-4,-3,1,-6,6,-64,0,-3,-4,2,-5,-64,0,2,-5,2,-1,4,1,-64,0,-6,2,-2,5,1,6,3,5,4,2,-64,0,-2,1,0,3,1,1,1,0,1,1,-64,0,4,2,7,5,-64,0,-1,6,-3,11,-3,11,-64,0,1,6,3,11,-64,0,-6,11,6,10,-64,0,-8,-12,-7,-3,-5,-2,-64,0,-7,-7,-4,-6,-64,0,5,-13,5,-3,3,-2,-64,0,2,-7,5,-9,-64,-64,,,,,,"
990,镬,956C,in_simplified_set,unicode_encoded,huo,116,12,"116,-64,0,0,-10,-2,-6,2,-1,3,3,2,6,-64,0,0,-10,3,-6,-64,0,1,-9,-1,-5,-4,-2,-5,1,-64,0,0,-4,-3,0,-4,4,-64,0,1,-2,-2,4,-64,0,2,1,0,5,-64,0,-1,0,1,4,-64,0,-6,2,-9,0,-8,-2,-6,0,-5,7,0,9,5,7,6,1,6,-4,9,-3,8,0,6,2,-64,0,-5,8,-5,16,-64,0,-5,12,-2,9,0,12,2,8,5,12,6,11,4,8,-64,0,0,12,0,16,-64,0,5,12,5,15,-64,-64,,,,,,"
991,锾,953E,in_simplified_set,unicode_encoded,huan,86,10,"86,-64,0,-1,-6,-2,-1,0,6,1,7,2,4,2,4,-64,0,-1,2,7,1,-64,0,-5,-9,-2,10,-64,0,-5,4,-8,14,-64,0,-7,3,-4,10,-64,0,-4,-12,-1,-8,-64,0,-3,-14,-2,-9,-4,-6,-64,0,-1,-6,0,-3,-64,0,3,-4,4,-6,-64,0,4,-6,6,-4,7,-2,7,1,7,3,6,5,5,6,4,4,4,4,-64,-64,,,,,,"
992,且,4E14,in_simplified_set,unicode_encoded,qie,38,5,"38,-64,0,-1,-11,-5,-5,-5,9,-5,9,-64,0,-1,-11,5,-5,4,10,-64,0,-5,10,5,11,-64,0,-5,1,5,1,-64,0,-5,4,4,4,-64,-64,,,,,,"
993,俎,4FCE,in_simplified_set,unicode_encoded,zu,82,11,"82,-64,0,-5,-39,6,-39,-64,0,-1,-10,-4,-2,-2,4,-3,10,-7,13,-7,13,-64,0,0,-10,4,-2,2,6,7,13,7,13,-64,0,-7,13,7,13,-64,0,-2,2,3,2,-64,0,-1,-7,-1,-1,-64,0,-1,-7,2,-1,-64,0,-1,-3,1,-3,-64,0,0,4,-2,10,-64,0,1,4,3,9,-64,0,-1,7,2,7,-64,-64,,,,,,"
994,斤,65A4,in_simplified_set,unicode_encoded,jin,22,2,"22,-64,0,-6,-1,2,-7,3,2,-1,11,-1,18,-64,0,-5,-6,-6,-1,-1,0,-64,-64,,,,,,"
995,斧,65A7,in_simplified_set,unicode_encoded,fu,62,7,"62,-64,0,-3,-4,-2,4,-64,0,-3,-1,-6,4,-8,13,-64,0,-5,4,-3,8,-64,0,2,-4,1,1,4,-1,-64,0,1,1,7,-8,6,1,4,13,-64,0,-5,4,-6,1,-64,0,-6,1,-7,-2,-7,-4,-7,-5,-7,-7,-6,-10,-5,-12,-64,-64,,,,,,"
996,斫,65AB,in_simplified_set,unicode_encoded,zhuo,58,8,"58,-64,0,-5,-10,-5,-1,-64,0,-5,-10,1,-10,-64,0,-1,-10,-5,-4,-64,0,3,-9,9,-9,9,-6,3,-2,1,6,-64,0,5,0,7,4,3,10,-64,0,3,3,9,16,-64,0,3,-10,3,-8,-64,0,3,-9,3,-8,-64,-64,,,,,,"
997,新,65B0,in_simplified_set,unicode_encoded,xin,70,11,"70,-64,0,-6,-10,-3,-10,-64,0,-8,-7,-1,-7,-64,0,-7,-7,-4,0,-64,0,-3,-7,-4,-1,-64,0,-8,-2,-4,1,-64,0,-1,-2,-4,1,-64,0,-4,-1,-4,13,-64,0,-4,5,-8,10,-64,0,-4,5,-1,9,-64,0,-1,-4,4,-8,-64,0,4,-8,5,-2,3,12,-64,-64,,,,,,"
998,斝,659D,in_simplified_set,unicode_encoded,jia,82,13,"82,-64,0,-6,-10,-6,12,-64,0,5,-10,6,11,-64,0,-6,-10,-8,-4,-64,0,-6,-10,-4,-6,-64,0,5,-10,3,-5,-64,0,5,-10,9,-6,-64,0,-6,-1,5,-2,-64,0,-6,2,5,2,-64,0,-3,3,-6,10,-6,9,-64,0,-3,3,-1,8,-64,0,-1,8,-1,12,-64,0,-1,8,2,3,-64,0,2,3,5,7,-64,-64,,,,,,"
999,升,5347,in_simplified_set,unicode_encoded,sheng,48,6,"48,-64,0,-5,-7,3,-10,5,-6,-3,-2,-3,-1,-64,0,-4,-5,0,-7,-64,0,0,-3,-1,4,6,16,6,16,-64,0,-3,10,5,6,-64,0,-4,0,-4,5,-64,0,3,-2,3,1,-64,-64,,,,,,"
1000,車,8ECA,in_simplified_set,unicode_encoded,che,140,17,"140,-64,0,-11,34,-11,35,-10,35,-10,34,-11,34,-64,0,-5,-10,-3,-10,-2,-8,4,-8,4,-11,6,-11,6,-11,-64,0,1,-8,1,1,-64,0,-1,-7,-2,-5,-64,0,-1,-7,0,-5,0,-5,-64,0,3,-8,2,-5,-64,0,3,-8,4,-5,-64,0,-2,-3,-2,15,-64,0,-5,7,-5,11,-64,0,-4,7,1,7,-64,0,1,7,1,11,-64,0,-12,9,8,9,-64,0,-5,11,1,11,-64,0,-9,7,-10,9,-8,11,-6,9,-7,6,-9,7,-9,7,-64,0,-8,6,-8,11,-64,0,3,6,3,11,7,12,7,7,3,6,3,6,-64,0,5,6,5,11,-64,-64,,,,,,"
1001,輿,8F3F,in_simplified_set,unicode_encoded,yu,110,15,"110,-64,0,-1,-12,-1,7,-64,0,-1,-6,-4,0,2,7,-64,0,-1,-6,2,-1,-4,7,-64,0,-3,-2,2,-1,-64,0,-6,-13,-4,-9,-6,-3,-4,0,-64,0,4,-13,2,-9,3,-3,2,-1,-64,0,2,-7,1,-5,-64,0,-4,-9,-1,-6,-64,0,2,-10,-1,-6,-64,0,-4,-7,-3,-6,-64,0,-5,4,-6,8,-3,11,-64,0,-4,5,-5,8,-5,8,-64,0,-3,8,-6,15,-64,0,3,3,4,8,0,13,-64,0,1,8,6,16,-64,-64,,,,,,"
1002,堆,5806,traditional_or_variant,unicode_encoded,dui,22,2,"22,-64,0,5,-13,-2,1,8,9,-64,0,5,-13,6,-6,-1,1,7,3,8,9,-64,-64,,,,,,"
1003,官,5B98,in_simplified_set,unicode_encoded,guan,38,4,"38,-64,0,0,-11,-6,-4,-6,10,-64,0,0,-11,6,-2,6,11,-64,0,1,-4,-3,6,2,15,-64,0,1,-4,3,2,-1,5,2,10,2,15,-64,-64,,,,,,"
1004,丰,4E30,traditional_or_variant,unicode_encoded,feng,40,6,"40,-64,0,-7,-11,1,-12,1,16,-64,0,-5,-11,0,-6,-64,0,-7,-3,1,-3,-64,0,-5,-3,0,4,-64,0,-8,6,1,6,-64,0,-3,6,0,14,-64,-64,,,,,,"
1005,陵,9675,in_simplified_set,unicode_encoded,ling,72,11,"72,-64,0,-1,-8,4,-8,4,14,4,14,-64,0,-2,-2,3,-1,-64,0,-2,7,4,7,-64,0,0,-8,3,-3,-64,0,0,-1,4,5,-64,0,0,7,4,12,-64,0,-5,-6,-5,7,-64,0,-5,7,-7,13,-64,0,-5,7,-2,12,-64,0,-5,-2,-8,2,-64,0,-5,-2,-1,1,-64,-64,,,,,,"
1006,陽,967D,in_simplified_set,unicode_encoded,yang,82,11,"82,-64,0,-6,-8,-6,13,-64,0,-6,-8,0,-8,0,-8,-64,0,-6,-1,0,-2,-64,0,-6,5,-1,5,-64,0,-1,-7,-3,-4,-6,-3,-64,0,-1,-2,-3,2,-6,4,-64,0,-2,5,-6,11,-64,0,3,-8,1,-4,6,-2,7,-6,3,-8,3,-8,-64,0,3,-5,5,-5,-64,0,0,0,9,-1,-64,0,4,-1,4,13,-64,-64,,,,,,"
1007,陮,966E,in_simplified_set,unicode_encoded,dui,76,10,"76,-64,0,-6,-10,-6,13,-64,0,-6,-10,0,-10,-64,0,-6,-3,-1,-3,-64,0,-6,4,-1,5,-64,0,-1,-9,-6,-5,-64,0,-2,-3,-3,0,-6,2,-64,0,-2,4,-4,8,-6,8,-64,0,1,-3,6,-1,5,1,1,1,1,5,4,9,5,13,-64,0,4,2,7,6,-64,0,1,6,-1,14,-64,-64,,,,,,"
1008,陟,965F,in_simplified_set,unicode_encoded,zhi,86,13,"86,-64,0,6,-11,6,14,-64,0,2,-9,6,-9,-64,0,2,-9,5,-3,-64,0,1,-1,6,-2,6,-2,-64,0,2,-2,6,4,-64,0,1,5,6,5,-64,0,2,5,6,13,-64,0,0,-12,-1,-7,-5,-4,-5,-4,-64,0,-6,-7,-2,0,-64,0,-3,-8,-2,-1,-64,0,-5,3,1,8,-64,0,-3,4,-1,12,-64,0,0,6,-1,13,-64,-64,,,,,,"
1009,隊,968A,in_simplified_set,unicode_encoded,dui,84,13,"84,-64,0,4,-12,4,12,-64,0,1,-11,4,-11,-64,0,1,-11,4,-6,-64,0,1,-4,4,-3,-64,0,1,-4,2,0,4,0,-64,0,0,3,4,3,-64,0,1,1,1,5,4,7,-64,0,-2,-9,-3,0,-64,0,-6,-3,-1,-2,-64,0,-5,1,-5,5,-64,0,-5,1,-1,1,-64,0,-1,1,-1,4,-64,0,-5,5,-1,4,-64,-64,,,,,,"
1010,降,964D,in_simplified_set,unicode_encoded,jiang,96,14,"96,-64,0,6,-8,5,15,-64,0,2,-9,6,-8,-64,0,2,-9,2,-6,6,-5,-64,0,2,-2,5,0,-64,0,2,-2,2,1,5,3,-64,0,1,4,5,6,-64,0,1,4,1,9,-64,0,1,8,5,10,-64,0,-1,-9,-1,-2,-64,0,-1,-9,-5,-6,-4,-1,-64,0,-1,-6,-5,-2,-6,2,-64,0,-3,5,-5,11,-64,0,-3,5,-2,13,-64,0,-4,9,0,11,1,15,-64,-64,,,,,,"
1011,餐,9910,traditional_or_variant,unicode_encoded,can,104,9,"104,-64,0,-6,-10,-4,-6,-5,0,-4,4,-4,4,-64,0,-4,-6,-2,-4,-3,-4,-64,0,-4,-3,-2,0,-64,0,-4,9,2,12,3,16,3,16,-64,0,6,-10,5,-5,6,0,2,3,-64,0,5,-6,2,-4,2,-4,-64,0,5,-4,2,1,-64,0,0,-2,-2,0,-3,2,-4,4,-5,7,-5,8,-5,9,-4,11,-2,14,0,16,3,16,-64,0,0,-2,2,1,2,3,1,5,-1,6,-4,7,-5,7,-5,7,-64,-64,,,,,,"
1012,陴,9674,in_simplified_set,unicode_encoded,pi,156,25,"156,-64,0,1,-10,8,-10,-64,0,1,-8,7,-8,-64,0,1,-5,7,-6,-64,0,1,-11,1,-5,-64,0,7,-10,7,-6,-64,0,4,-10,4,6,-64,0,4,1,2,5,-64,0,4,0,7,6,3,11,-64,0,5,5,7,13,-64,0,3,8,6,5,-64,0,-3,-10,-8,-4,-64,0,-3,-9,-1,-5,-64,0,-6,-6,-2,-6,-64,0,-6,-4,-2,-4,-64,0,-5,-6,-5,-3,-64,0,-2,-6,-2,-3,-64,0,-5,-3,-6,0,-4,1,-64,0,-5,-3,-1,-2,-64,0,-1,-2,-1,0,-64,0,-1,0,-5,1,-64,0,-4,1,-4,5,-64,0,-2,1,-2,5,-64,0,-7,5,-1,5,-64,0,-1,5,-3,8,-64,0,-7,5,-3,8,-64,-64,,,,,,"
1013,四,56DB,in_simplified_set,unicode_encoded,si,26,4,"26,-64,0,-6,-7,6,-7,-64,0,-7,-2,8,-3,-64,0,-6,3,8,3,-64,0,-7,9,9,8,-64,-64,,,,,,"
1014,宁,5B81,in_simplified_set,unicode_encoded,ning,38,6,"38,-64,0,-7,-3,6,-4,-64,0,-7,4,4,4,-64,0,-6,-7,-6,8,-64,0,6,-6,5,8,-64,0,-1,-11,-1,-4,-64,0,-1,4,-1,17,-64,-64,,,,,,"
1015,亞,4E9E,in_simplified_set,unicode_encoded,ya,66,10,"66,-64,0,-5,-9,4,-10,-64,0,-3,-9,-2,-2,-64,0,-2,-2,-7,-2,-64,0,2,-10,2,-3,-64,0,2,-3,8,-3,-64,0,-7,1,-3,1,-3,8,-64,0,7,2,2,2,2,8,-64,0,-8,-4,-7,3,-64,0,8,-4,8,3,-64,0,-6,9,6,9,-64,-64,,,,,,"
1016,五,4E94,in_simplified_set,unicode_encoded,wu,26,4,"26,-64,0,-6,-9,6,-9,-64,0,-4,-9,3,9,-64,0,2,-9,-5,9,-64,0,-8,10,8,9,-64,-64,,,,,,"
1017,六,516D,in_simplified_set,unicode_encoded,liu,30,4,"30,-64,0,0,-6,-9,4,-64,0,0,-7,4,-1,11,2,-64,0,-5,1,-5,5,-7,8,-64,0,6,0,11,9,-64,-64,,,,,,"
1018,七,4E03,in_simplified_set,unicode_encoded,qi,14,2,"14,-64,0,-10,-1,11,-2,-64,0,-1,-8,-1,5,-64,-64,,,,,,"
1019,九,4E5D,in_simplified_set,unicode_encoded,jiu,20,2,"20,-64,0,-1,-10,-5,7,-64,0,-5,-6,2,1,-3,10,5,16,5,11,-64,-64,,,,,,"
1020,禽,79BD,in_simplified_set,unicode_encoded,qin,50,7,"50,-64,0,-4,-11,-2,3,0,6,4,0,3,-10,-64,0,3,-9,-3,-3,-64,0,3,-6,-2,1,-64,0,-4,-11,3,-2,-64,0,-3,-4,2,1,-64,0,-6,8,8,7,-64,0,0,6,0,17,-64,-64,,,,,,"
1021,萬,842C,in_simplified_set,unicode_encoded,wan,82,11,"82,-64,0,0,-7,-1,8,-64,0,-1,-6,-5,-1,-5,4,-1,8,-64,0,0,-6,3,-2,3,4,0,8,-64,0,-5,-1,2,-1,-64,0,-4,3,3,3,-64,0,-6,-11,-7,-4,-5,-1,-64,0,-4,-9,-7,-4,-64,0,1,-8,5,-5,-64,0,2,-12,5,-5,-64,0,5,-5,3,-2,-64,0,-1,8,0,11,3,13,3,9,-64,-64,,,,,,"
1022,獸,7378,in_simplified_set,unicode_encoded,shou,134,20,"134,-64,0,-5,0,3,-1,-64,0,-5,-1,0,-4,3,-2,-64,0,-5,0,-1,3,4,-1,-64,0,-1,-4,-1,3,-64,0,-6,-12,-6,-9,-6,-9,-64,0,-6,-12,-2,-12,-64,0,-2,-12,-2,-9,-64,0,-6,-9,-3,-10,-64,0,-4,-9,-1,-4,-64,0,1,-10,1,-8,1,-9,-64,0,1,-10,3,-10,-64,0,3,-10,3,-8,-64,0,1,-9,3,-8,-64,0,2,-8,0,-5,-64,0,-1,3,-1,6,-64,0,-1,6,4,5,-64,0,1,3,7,5,-64,0,3,5,3,9,-1,11,-1,12,-64,0,3,9,2,17,-64,0,3,10,5,15,-64,-64,,,,,,"
1023,甲,7532,in_simplified_set,unicode_encoded,jia,38,6,"38,-64,0,-6,-8,-5,8,-64,0,-6,-8,8,-8,-64,0,8,-8,8,7,-64,0,-5,8,7,7,-64,0,-4,1,3,1,-64,0,-1,-3,-1,5,-64,-64,,,,,,"
1024,乙,4E59,in_simplified_set,unicode_encoded,yi,14,1,"14,-64,0,6,-11,-1,-2,-1,3,1,9,-5,17,-64,-64,,,,,,"
1025,尤,5C24,in_simplified_set,unicode_encoded,you,24,3,"24,-64,0,3,-9,-5,0,-64,0,-3,-8,4,2,-4,14,-64,0,-3,2,3,9,4,18,-64,-64,,,,,,"
1026,丙,4E19,in_simplified_set,unicode_encoded,bing,32,5,"32,-64,0,-8,-7,-8,13,-64,0,-8,-7,5,-7,-64,0,5,-7,5,12,-64,0,-1,-6,-7,10,-64,0,-1,-5,4,6,-64,-64,,,,,,"
1027,丁,4E01,in_simplified_set,unicode_encoded,ding,8,1,"8,-64,0,-3,0,6,0,-64,-64,,,,,,"
1028,戊,620A,in_simplified_set,unicode_encoded,wu,30,4,"30,-64,0,8,-13,2,-12,3,14,-64,0,-5,-9,-2,-5,-6,0,-64,0,-2,-5,8,-6,-64,0,-1,14,8,14,-64,-64,,,,,,"
1029,成,6210,in_simplified_set,unicode_encoded,cheng,42,5,"42,-64,0,-4,-10,-3,-3,6,-7,10,-7,-64,0,6,-7,-4,-10,-64,0,6,-13,6,13,-64,0,2,13,9,13,-64,0,-3,2,1,2,1,6,-3,6,-3,2,-64,-64,,,,,,"
1030,己,5DF1,in_simplified_set,unicode_encoded,ji,16,1,"16,-64,0,-4,-10,11,-10,11,2,-4,1,-4,8,9,8,-64,-64,,,,,,"
1031,萁,8401,traditional_or_variant,unicode_encoded,qi,56,7,"56,-64,0,1,-13,8,-13,9,-9,1,-9,1,-5,8,-5,-64,0,-7,-1,-3,-1,-64,0,3,-1,9,-1,-64,0,-5,-1,-5,13,7,13,7,-1,-64,0,-5,5,7,5,-64,0,-4,5,6,12,-64,0,7,5,-3,13,-64,-64,,,,,,"
1032,庚,5E9A,in_simplified_set,unicode_encoded,geng,58,6,"58,-64,0,-4,-14,0,-8,0,-12,3,-15,-64,0,-7,-12,-4,-9,0,-8,4,-10,6,-13,-64,0,-9,13,-8,-2,0,-8,7,-1,7,13,-64,0,-8,1,0,-1,6,1,-64,0,-9,3,-1,6,7,2,-64,0,0,-8,-1,14,-64,-64,,,,,,"
1033,辛,8F9B,in_simplified_set,unicode_encoded,xin,44,7,"44,-64,0,-7,-15,5,-15,-64,0,-11,-9,8,-9,-64,0,-6,-9,-1,-3,-64,0,3,-9,-1,-3,-64,0,-1,-3,-1,13,-64,0,-8,0,-1,4,-64,0,7,-1,-1,4,-64,-64,,,,,,"
1034,辥,8FA5,traditional_or_variant,unicode_encoded,xue,70,7,"70,-64,0,-7,-14,4,-15,-64,0,-7,-10,-3,-11,5,-11,-64,0,-5,-14,-1,-7,2,-15,-64,0,-7,-6,7,-7,-64,0,-8,-6,-5,-1,-6,5,-6,10,-5,13,0,17,-64,0,-6,7,-1,11,-64,0,0,4,5,0,2,-3,0,2,-1,6,1,11,3,14,6,10,-1,5,-64,-64,,,,,,"
1035,壬,58EC,in_simplified_set,unicode_encoded,ren,20,3,"20,-64,0,-9,-12,7,-12,-64,0,-1,-12,-1,10,-64,0,-10,10,10,9,-64,-64,,,,,,"
1036,癸,7678,in_simplified_set,unicode_encoded,gui,38,6,"38,-64,0,-6,-14,-9,-8,-64,0,-7,-11,4,9,-64,0,2,11,7,6,-64,0,0,-14,6,-9,-64,0,3,-12,-7,9,-64,0,-10,7,-5,12,-64,-64,,,,,,"
1037,子,5B50,in_simplified_set,unicode_encoded,zi,78,11,"78,-64,0,-7,-4,1,-8,6,-3,-64,0,-7,-4,-7,5,-64,0,6,-3,5,4,-64,0,-6,-4,5,4,-64,0,3,-5,-6,5,-64,0,-6,5,4,4,-64,0,-3,5,-3,10,-6,12,-64,0,3,5,4,13,9,8,-64,0,-5,-14,-7,-10,-7,-5,-64,0,1,-17,-1,-12,-1,-7,-64,0,5,-14,2,-7,-64,-64,,,,,,"
1038,孕,5B55,in_simplified_set,unicode_encoded,yun,94,7,"94,-64,0,-1,-10,-3,-13,-1,-17,1,-14,1,-12,-1,-10,-64,0,-1,-10,-1,-4,-64,0,-1,-4,1,-4,3,-1,3,2,3,6,-1,8,-5,10,-5,13,1,10,1,12,-1,16,-64,0,-9,4,-7,-1,-2,-5,2,-6,3,-9,0,-9,-4,-7,-7,-4,-7,-1,-7,3,-64,0,-1,-4,-3,-1,-4,4,-3,6,-1,8,-64,0,-1,-1,0,2,0,5,-64,0,0,1,-2,3,-64,-64,,,,,,"
1039,季,5B63,in_simplified_set,unicode_encoded,ji,70,8,"70,-64,0,-1,-16,0,-3,-64,0,-5,-14,0,-11,-64,0,-5,-14,-7,-8,-3,-9,-5,-14,-64,0,6,-14,0,-9,-64,0,0,-8,7,-5,-64,0,-4,-3,4,-2,3,1,0,3,-3,1,-4,-3,-64,0,-6,10,-2,6,0,6,6,3,-64,0,0,3,0,7,-2,11,-5,16,-64,-64,,,,,,"
1040,育,80B2,in_simplified_set,unicode_encoded,yu,78,9,"78,-64,0,-4,-13,2,2,-4,7,-7,14,-64,0,-7,2,-5,-1,4,-7,0,-10,-6,-6,-4,1,-64,0,-6,-11,0,-13,-64,0,-2,5,2,10,-64,0,-1,12,0,7,6,6,-64,0,2,10,1,13,3,14,6,13,6,10,2,10,-64,0,1,14,1,16,-64,0,5,14,6,17,-64,0,8,12,9,14,-64,-64,,,,,,"
1041,丑,4E11,in_simplified_set,unicode_encoded,chou,32,2,"32,-64,0,-5,-3,-5,-8,3,-2,7,6,6,15,-64,0,-7,0,-6,6,-1,3,3,-2,4,-7,2,-11,-2,-14,-3,-11,-64,-64,,,,,,"
1042,羞,7F9E,in_simplified_set,unicode_encoded,xiu,60,7,"60,-64,0,-5,-10,-1,-5,3,-13,-64,0,-1,-5,-1,8,-64,0,-5,-2,-1,4,2,-2,-64,0,-6,-5,-8,-3,-10,-7,-6,-10,-64,0,3,-12,8,-8,5,-4,2,-6,-64,0,5,0,7,4,2,10,-64,0,1,3,5,7,7,16,-64,-64,,,,,,"
1043,寅,5BC5,in_simplified_set,unicode_encoded,yin,66,8,"66,-64,0,-4,-4,1,-9,5,-5,-64,0,0,-12,1,-4,-3,0,1,7,5,2,1,-4,-64,0,1,7,0,11,-5,16,-64,0,0,11,4,15,-64,0,-6,-5,-7,1,-5,6,-64,0,-7,-1,-5,0,-64,0,8,-6,6,-1,-64,0,7,-3,9,2,7,6,-64,-64,,,,,,"
1044,卯,536F,in_simplified_set,unicode_encoded,mao,30,4,"30,-64,0,-4,-15,-4,16,-64,0,1,-13,2,14,-64,0,-4,-5,-8,0,-4,5,-64,0,1,-5,7,0,2,4,-64,-64,,,,,,"
1045,辰,8FB0,in_simplified_set,unicode_encoded,chen,52,7,"52,-64,0,7,-11,-10,-10,-10,14,-64,0,2,-11,-10,-4,-64,0,-6,-6,-2,-1,4,0,-64,0,-9,-1,-4,3,4,4,-64,0,-2,-1,-4,3,-64,0,0,-5,6,-2,-64,0,5,-6,6,-2,5,14,-64,-64,,,,,,"
1046,巳,5DF3,in_simplified_set,unicode_encoded,si,58,7,"58,-64,0,-4,-7,-1,-8,3,-5,2,-2,-2,-2,-5,-4,-4,-7,-64,0,-8,7,-2,4,8,1,-64,0,1,-2,0,5,-3,15,-64,0,-8,-12,-4,-7,-64,0,-3,-15,-3,-8,-64,0,1,-13,0,-8,-64,0,5,-13,2,-6,-64,-64,,,,,,"
1047,已,5DF2,traditional_or_variant,unicode_encoded,yi,18,1,"18,-64,0,-7,-13,-1,-2,-5,4,-2,9,4,13,7,7,4,4,-64,-64,,,,,,"
1048,午,5348,in_simplified_set,unicode_encoded,wu,20,3,"20,-64,0,-1,-12,-1,13,-64,0,-3,14,2,13,-64,0,-4,3,1,1,-64,-64,,,,,,"
1049,未,672A,in_simplified_set,unicode_encoded,wei,38,5,"38,-64,0,-1,-14,-1,15,-64,0,-5,0,7,13,-64,0,-5,-14,-5,-6,-1,-3,5,-6,5,-15,-64,0,-1,4,5,-2,-64,0,-1,6,-6,12,-64,-64,,,,,,"
1050,申,7533,in_simplified_set,unicode_encoded,shen,46,3,"46,-64,0,-7,-11,-1,-8,0,-3,-1,2,-4,5,-2,10,2,11,9,9,-64,0,-2,9,0,6,3,1,6,3,5,6,-64,0,-8,-9,-9,-5,-8,-2,-5,-3,-3,-5,-2,-8,-64,-64,,,,,,"
1051,酉,9149,in_simplified_set,unicode_encoded,you,42,6,"42,-64,0,-7,-9,5,-10,-64,0,-9,-4,8,-4,-1,18,-9,-4,-64,0,-2,-9,-3,2,-64,0,1,-10,2,2,-64,0,-6,3,5,3,-64,0,-5,7,3,7,-64,-64,,,,,,"
1052,酒,9152,in_simplified_set,unicode_encoded,jiu,90,12,"90,-64,0,-9,-10,-6,-4,-7,1,-6,7,-1,10,-2,6,-64,0,-5,-8,-5,-6,-64,0,-4,-1,-4,1,-64,0,-10,-2,-10,0,-64,0,-10,3,-9,5,-64,0,-9,8,-7,11,-64,0,-1,-8,9,-8,-64,0,-1,-3,8,-3,7,5,4,11,0,5,-2,-3,-64,0,1,-9,3,0,-64,0,6,-9,4,1,-64,0,0,2,7,1,-64,0,1,4,6,5,-64,-64,,,,,,"
1053,配,914D,in_simplified_set,unicode_encoded,pei,86,13,"86,-64,0,-12,-7,-2,-7,-64,0,-13,-3,-3,-3,-64,0,-13,-3,-9,12,-64,0,-3,-3,-9,12,-64,0,-11,-7,-11,-3,-64,0,-5,-7,-5,-4,-64,0,-12,1,-6,1,-64,0,-10,5,-7,5,-64,0,-13,-11,-13,-9,-64,0,-8,-12,-8,-9,-64,0,-4,-13,-4,-9,-64,0,2,-8,9,2,2,8,10,6,5,13,-64,0,4,-5,0,3,-64,-64,,,,,,"
1054,尊,5C0A,in_simplified_set,unicode_encoded,zun,80,10,"80,-64,0,-4,-12,4,-12,-64,0,-8,-8,8,-8,-64,0,-8,-8,-3,-2,-3,5,1,8,4,4,4,-3,6,-7,-64,0,-4,-2,3,-3,-64,0,-3,-12,-3,-9,-64,0,2,-11,2,-9,-64,0,-7,0,-6,6,-3,9,-64,0,-3,2,-7,7,-8,14,-64,0,7,1,8,5,5,9,-64,0,4,3,7,7,8,16,-64,-64,,,,,,"
1055,戌,620C,in_simplified_set,unicode_encoded,xu,44,4,"44,-64,0,7,-4,0,-4,-4,-4,-8,-7,-11,-4,-9,1,-8,2,-5,1,-1,-1,6,0,6,-4,-64,0,-1,-12,4,-13,-64,0,2,-12,3,11,-64,0,-1,12,6,12,-64,-64,,,,,,"
1056,亥,4EA5,in_simplified_set,unicode_encoded,hai,40,5,"40,-64,0,-6,-11,6,-12,-64,0,0,-11,0,-5,0,2,1,9,-2,12,-6,15,-64,0,-1,0,-5,6,-64,0,-4,-8,-5,-1,-64,0,-4,-4,0,-5,-64,-64,,,,,,"
1057,莽,83BD,in_simplified_set,unicode_encoded,mang,94,13,"94,-64,0,-11,-10,-9,-6,-5,-9,-64,0,-8,-12,-9,13,-64,0,-12,8,-9,2,-5,4,-64,0,-5,-11,1,-11,-2,-8,-64,0,-3,-12,-1,8,3,10,1,14,-1,12,-64,0,-5,-6,5,-9,-64,0,2,-8,2,0,-1,6,-64,0,1,2,4,4,-64,0,4,-7,6,-3,-64,0,7,-12,7,15,-64,0,10,-9,7,-6,-64,0,5,1,7,-2,-64,0,8,3,11,7,-64,-64,,,,,,"
1058,害,5BB3,traditional_or_variant,unicode_encoded,hai,90,13,"90,-64,0,-1,-9,-1,5,-64,0,-5,3,-5,-5,-1,-10,4,-6,4,3,-64,0,-5,-5,4,-4,-64,0,-5,-1,3,-1,-64,0,-10,-9,-5,-9,-64,0,-7,-12,-8,-6,-64,0,3,-10,9,-10,-64,0,6,-13,6,-6,-64,0,-10,5,-6,5,-64,0,-8,3,-7,9,-64,0,3,4,10,4,-64,0,7,1,6,8,-64,0,-4,6,-4,11,2,11,2,6,-64,-64,,,,,,"
1059,噪,566A,traditional_or_variant,unicode_encoded,zao,46,6,"46,-64,0,0,-13,2,-4,2,15,-64,0,-2,-8,2,-2,-64,0,-2,0,7,13,-64,0,2,6,-2,12,-64,0,-9,2,-9,10,-7,10,-3,9,-3,2,-64,0,-9,5,-4,5,-64,-64,,,,,,"
1060,呈,5448,traditional_or_variant,unicode_encoded,cheng,36,4,"36,-64,0,-4,-10,-3,-5,5,-6,3,-12,-4,-10,-64,0,-3,-1,0,4,5,-1,-64,0,1,-5,0,11,-64,0,-6,5,0,11,5,6,-64,-64,,,,,,"
1061,唬,552C,in_simplified_set,unicode_encoded,hu,68,7,"68,-64,0,-5,-10,5,-10,6,-5,1,-5,-2,-3,-6,-4,-64,0,-6,-12,-6,-9,-64,0,-6,-6,-7,-4,-64,0,-1,-10,-1,-5,3,4,-2,10,2,13,4,10,-64,0,1,-10,1,-6,-64,0,-8,-1,-9,4,-7,6,-3,6,-2,2,-3,-1,-64,0,-8,1,-4,1,-64,-64,,,,,,"
1062,走,8D70,in_simplified_set,unicode_encoded,zou,26,3,"26,-64,0,-2,-13,-2,5,-9,14,-64,0,-1,5,5,13,-64,0,-9,-12,-9,-5,5,-2,7,4,-64,-64,,,,,,"
1063,挤,6324,traditional_or_variant,unicode_encoded,ji,54,6,"54,-64,0,-9,-11,-6,-2,-6,-14,-64,0,-8,-9,-3,-12,-2,-16,-64,0,-1,-14,0,-12,6,-10,-64,0,3,-13,3,-4,7,-12,-64,0,-1,-5,-3,6,3,9,3,12,-4,9,-2,16,-64,0,-1,-4,2,7,-64,-64,,,,,,"
1064,徒,5F92,in_simplified_set,unicode_encoded,tu,48,6,"48,-64,0,0,-11,-4,-4,1,1,5,-4,0,-11,-64,0,-1,3,0,15,3,3,-64,0,-5,-11,-6,-5,-64,0,6,-9,9,-3,-64,0,-5,0,-5,6,1,7,-64,0,5,4,6,10,-64,-64,,,,,,"
1065,徙,5F99,in_simplified_set,unicode_encoded,xi,48,6,"48,-64,0,-9,-13,1,-8,-64,0,-6,-13,-2,-1,1,-11,-64,0,-8,3,-2,15,-3,1,-64,0,-5,6,0,4,1,1,-64,0,3,-4,4,5,9,8,-64,0,6,10,2,7,1,15,-64,-64,,,,,,"
1066,後,5F8C,in_simplified_set,unicode_encoded,hou,56,6,"56,-64,0,0,-14,-1,-10,4,-2,1,2,-2,8,-64,0,1,-14,4,-9,-2,-2,1,2,4,5,-1,15,-64,0,0,5,4,8,8,15,-64,0,-5,-12,-5,-4,-8,0,-64,0,-10,9,-4,0,-64,0,-5,2,-5,14,-64,-64,,,,,,"
1067,迪,8FEA,traditional_or_variant,unicode_encoded,di,48,5,"48,-64,0,-4,-12,-4,-7,-6,-4,-4,1,-1,-3,-3,-7,-64,0,-10,-3,-7,7,0,7,1,-3,-64,0,-9,2,2,2,-64,0,4,-9,5,-1,10,2,-64,0,9,7,4,3,4,15,-64,-64,,,,,,"
1068,遠,9060,in_simplified_set,unicode_encoded,yuan,80,9,"80,-64,0,-10,-5,-6,-8,-4,-12,1,-9,-64,0,-10,-2,-6,-4,-64,0,-8,-2,-8,4,-6,7,-2,8,-64,0,-5,-3,-6,0,-5,2,-3,0,-4,-3,-64,0,4,-5,-1,-6,-1,2,-3,5,-64,0,4,-12,5,-5,11,-2,-64,0,10,2,4,-2,5,5,-64,0,1,5,2,8,-2,14,-64,0,0,7,3,14,-64,-64,,,,,,"
1069,疋,758B,in_simplified_set,unicode_encoded,pi,50,5,"50,-64,0,-6,-12,3,-12,-64,0,-5,-11,-5,-6,-3,-2,-2,4,-2,7,-64,0,3,-12,4,-5,2,-2,0,9,-64,0,-9,12,-2,10,1,8,1,11,0,12,-7,15,-64,0,-7,7,-4,12,-64,-64,,,,,,"
1070,洹,6D39,traditional_or_variant,unicode_encoded,huan,34,3,"34,-64,0,8,-13,-4,-10,-9,-5,6,-7,-64,0,-2,-11,-1,-2,7,-3,-64,0,6,2,-9,3,-8,12,6,12,6,6,-3,7,-64,-64,,,,,,"
1071,訢,8A22,in_simplified_set,unicode_encoded,xin,72,8,"72,-64,0,-8,-11,1,-11,-4,-3,-8,-10,-64,0,-3,-4,-4,6,-64,0,-9,-2,-4,3,1,-2,-64,0,-9,4,-9,11,1,11,0,3,-64,0,-9,6,0,6,-64,0,1,-7,3,-2,-64,0,3,-5,7,-8,7,-3,4,0,4,0,-64,0,4,0,6,2,7,5,6,9,2,14,-64,-64,,,,,,"
1072,尋,5C0B,traditional_or_variant,unicode_encoded,xun,92,12,"92,-64,0,-2,-10,-2,15,-64,0,-6,-11,-6,-4,-2,-2,-64,0,-3,-8,-7,-4,-7,1,-10,2,-64,0,-10,2,-6,4,-6,10,-6,12,-4,16,-64,0,-6,9,-3,11,-64,0,-10,-1,-9,6,-64,0,1,-8,9,-9,-64,0,2,-7,4,-2,7,-8,-64,0,0,-2,8,-2,-64,0,4,-1,4,3,-64,0,1,1,1,8,6,8,8,1,-64,0,1,3,6,3,-64,-64,,,,,,"
1073,童,7AE5,in_simplified_set,unicode_encoded,tong,74,9,"74,-64,0,-8,-14,4,-14,-64,0,-4,-13,-1,-7,2,-13,-64,0,-10,1,-9,-4,-4,-6,3,-7,8,-9,6,-6,2,-3,-64,0,1,-6,0,-2,-3,-2,-4,-5,-64,0,-4,-2,-10,0,-64,0,-1,-2,0,7,-4,13,-64,0,-1,-1,-5,5,-64,0,0,8,3,12,-64,0,-9,14,7,12,-64,-64,,,,,,"
1074,晝,665D,in_simplified_set,unicode_encoded,zhou,52,6,"52,-64,0,-4,-12,-4,6,-64,0,-11,4,-4,-2,3,3,-64,0,-2,-13,6,-3,-64,0,-8,8,0,8,0,14,-9,15,-7,8,-64,0,-6,12,-3,11,-64,0,0,-15,1,-13,2,-12,2,-11,-3,-8,-64,-64,,,,,,"
1075,卑,5351,in_simplified_set,unicode_encoded,bei,52,6,"52,-64,0,-6,-12,-5,-5,4,-5,4,-14,-5,-12,-64,0,-6,-9,3,-9,-64,0,-1,-12,-1,-5,-64,0,-6,0,3,0,-1,5,-7,9,-64,0,-1,-5,-1,-1,-64,0,-5,2,0,4,2,8,3,17,-64,-64,,,,,,"
1076,將,5C07,in_simplified_set,unicode_encoded,jiang,66,9,"66,-64,0,-1,-10,-2,12,-64,0,-1,-5,6,-5,-64,0,6,-9,5,-3,-64,0,0,3,4,3,-64,0,4,0,5,6,-64,0,-1,7,3,10,5,13,6,17,-64,0,2,4,2,9,0,12,-64,0,-8,-15,-4,-10,-3,-7,-64,0,-3,-14,-6,-7,-4,-4,-64,-64,,,,,,"
1077,庸,5EB8,in_simplified_set,unicode_encoded,yong,88,13,"88,-64,0,-5,-10,6,-10,-64,0,-5,-4,-5,-10,-64,0,6,-2,6,-10,-64,0,-3,-13,1,-10,3,-15,-64,0,0,-10,1,0,-64,0,-7,0,-6,4,-6,16,-64,0,-3,-1,-2,2,-2,15,-64,0,-6,3,-2,2,-64,0,-6,12,-3,11,-64,0,-1,7,1,7,5,7,-64,0,-1,10,5,10,-64,0,5,0,6,15,-64,0,-5,-7,6,-7,-64,-64,,,,,,"
1078,箪,7BAA,traditional_or_variant,unicode_encoded,dan,72,10,"72,-64,0,-8,-10,-8,11,-64,0,-2,-11,-2,13,-64,0,-8,-10,-2,-11,-64,0,-7,-4,-6,-8,-3,-4,-64,0,-8,1,-5,-2,-2,1,-64,0,-7,6,-5,3,-3,6,-64,0,-8,11,-2,11,-64,0,2,-12,2,-1,2,-1,-64,0,2,-4,6,-1,1,11,-64,0,2,1,9,13,-64,-64,,,,,,"
1079,督,7763,in_simplified_set,unicode_encoded,du,120,17,"120,-64,0,-5,-13,-5,-4,-64,0,-1,-15,-5,-11,-64,0,-9,-4,-2,-5,-64,0,-7,-4,-7,0,-64,0,-4,-4,-4,0,-64,0,-10,-3,-9,-1,-64,0,-2,-3,-2,-2,-64,0,-9,1,-2,1,-64,0,-2,-9,4,-5,4,0,-64,0,0,-13,4,-9,-1,-3,-64,0,-5,7,-2,5,3,6,3,9,2,11,-3,11,-6,9,-5,7,-64,0,-9,7,-9,10,-64,0,-4,7,-1,7,-64,0,1,2,3,3,-64,0,4,6,4,10,-64,0,-4,12,-4,15,-64,0,1,12,2,15,-64,-64,,,,,,"
1080,怨,6028,traditional_or_variant,unicode_encoded,yuan,104,14,"104,-64,0,-8,2,6,-4,-64,0,-8,2,-8,9,-64,0,-8,6,3,2,5,-3,-64,0,-2,3,-3,2,-3,0,-64,0,-2,0,1,1,0,2,-64,0,-8,-15,-3,-10,1,-15,-64,0,-3,-15,-2,0,-64,0,-9,-8,-6,-4,-5,-1,-64,0,-10,-5,-7,-4,-64,0,0,-2,1,-8,4,-12,6,-10,-64,0,1,-7,4,-9,5,-7,-64,0,-5,9,4,5,-64,0,-2,8,-2,13,-64,0,2,6,1,15,-2,18,-64,-64,,,,,,"
1081,鼻,9F3B,in_simplified_set,unicode_encoded,bi,76,7,"76,-64,0,-1,-15,0,-9,-6,-5,-4,-1,-3,-1,-2,-2,-64,0,1,-11,7,-6,6,-4,5,-1,4,-4,-64,0,-5,-12,-4,-6,5,-7,3,-15,-64,0,1,-2,-3,3,2,8,6,2,1,-1,-64,0,-1,1,1,3,4,1,-64,0,2,3,2,10,-1,13,5,18,-64,0,2,11,3,13,-1,17,-64,-64,,,,,,"
1082,翟,7FDF,in_simplified_set,unicode_encoded,di,76,9,"76,-64,0,-4,-15,-3,-12,-4,-1,-64,0,-6,-12,-4,-9,-64,0,-7,-7,-4,-6,-64,0,0,-14,2,-10,3,-4,-6,2,-64,0,-1,-11,2,-9,-64,0,-1,-8,3,-6,-64,0,-1,-1,3,3,4,6,4,11,-64,0,2,-3,2,1,-1,5,-4,8,-5,12,-3,16,-64,0,-2,6,1,9,1,13,-64,-64,,,,,,"
1083,豢,8C62,traditional_or_variant,unicode_encoded,huan,118,9,"118,-64,0,2,-10,0,-7,2,-6,3,-6,4,-10,2,-10,-64,0,-13,7,-10,-2,-7,-4,-6,-6,-6,-10,-1,-10,4,-10,7,-8,10,-5,8,-5,4,-6,3,-6,0,-6,-2,-6,-3,-4,-1,0,2,1,2,3,2,7,0,9,-4,12,-64,0,0,1,-2,3,-7,6,-9,9,-64,0,-6,-3,-5,1,-64,0,-6,-2,-8,1,-10,6,-64,0,5,6,4,1,3,-3,6,-1,10,2,-64,0,7,-1,4,1,-64,0,0,9,0,12,-3,14,-64,0,0,11,0,15,-1,16,-64,-64,,,,,,"
1084,鳶,9CF6,traditional_or_variant,unicode_encoded,yuan,62,7,"62,-64,0,-5,-14,0,-14,-1,-5,-64,0,-4,-4,4,-6,-64,0,-5,-10,9,-11,-64,0,0,-4,-2,1,0,3,4,5,4,11,3,15,-1,16,-64,0,0,-4,7,0,-64,0,3,-2,-1,1,-5,4,-7,8,-7,12,-64,0,2,4,-4,13,-64,-64,,,,,,"
1085,爭,722D,in_simplified_set,unicode_encoded,zheng,46,5,"46,-64,0,-7,-9,-7,-2,-4,0,3,-4,3,-10,-64,0,-2,-16,-1,-10,2,-7,-64,0,2,-13,0,-9,0,-6,-64,0,-2,-2,-2,5,-5,10,-64,0,-6,4,1,10,3,17,-64,-64,,,,,,"
1086,胄,80C4,in_simplified_set,unicode_encoded,zhou,50,5,"50,-64,0,-2,-16,-2,-5,-64,0,-7,-5,-7,1,-1,2,3,0,3,-6,-64,0,-6,-3,2,-4,-64,0,-6,18,-4,13,-5,7,-1,4,3,5,3,9,2,13,4,15,-64,0,-4,10,3,7,-64,-64,,,,,,"
1087,畵,7575,traditional_or_variant,unicode_encoded,hua,60,7,"60,-64,0,-1,-14,-1,-3,-64,0,0,-10,3,-7,3,-3,-64,0,0,-14,3,-11,-1,-6,-64,0,-2,-2,-2,2,-64,0,0,-2,0,1,-64,0,-3,0,-5,2,5,12,2,16,1,14,-64,0,1,0,4,3,-6,11,-2,16,-1,13,-64,-64,,,,,,"
1088,縲,7E32,traditional_or_variant,unicode_encoded,lei,70,10,"70,-64,0,-7,-7,0,-4,-64,0,-3,-14,-3,-6,-8,2,-64,0,-3,-4,-2,-2,-6,8,-64,0,-5,-2,-4,1,-64,0,-7,1,-5,3,-64,0,0,-2,6,2,-64,0,5,-10,3,0,-1,10,-64,0,3,0,4,8,1,17,-64,0,1,5,4,7,-64,0,0,8,3,10,-64,-64,,,,,,"
1089,虽,867D,traditional_or_variant,unicode_encoded,sui,66,8,"66,-64,0,-10,-9,-10,-3,-64,0,-10,-6,4,-7,-64,0,4,-10,4,-4,-64,0,-6,-12,-2,-7,0,-14,-64,0,-3,-5,-7,-1,0,4,0,7,-4,10,-7,5,-1,-1,-3,-5,-64,0,-4,10,-4,17,-64,0,7,-4,7,8,1,14,-64,0,7,1,2,4,-64,-64,,,,,,"
1090,爼,723C,traditional_or_variant,unicode_encoded,zu,66,7,"66,-64,0,-3,-11,-7,-7,-7,-2,-5,3,-5,8,-8,12,-64,0,-3,-12,2,-4,0,1,0,7,3,13,-64,0,-6,1,0,1,-64,0,-5,3,-1,4,-64,0,-11,13,3,13,-64,0,6,-14,5,-6,6,-1,8,4,8,10,6,12,-64,0,7,1,3,7,-64,-64,,,,,,"
1091,觳,89F3,traditional_or_variant,unicode_encoded,hu,80,10,"80,-64,0,-2,-13,-9,-6,-10,-2,-8,3,-64,0,-3,-13,-4,-3,-2,2,-3,5,-4,6,-64,0,-9,-3,-6,-7,-4,-2,-64,0,-9,1,-7,-2,-4,1,-64,0,-5,2,-4,6,-64,0,-7,1,-8,5,-64,0,1,-7,0,0,-64,0,1,-3,3,0,2,11,-64,0,3,7,7,11,9,17,-64,0,7,5,4,13,-64,-64,,,,,,"
1092,其,5176,in_simplified_set,unicode_encoded,qi,38,4,"38,-64,0,-12,-5,9,-6,-64,0,-9,-9,-9,2,-7,7,3,7,6,2,6,-9,-64,0,-8,-4,-1,2,4,4,-64,0,6,-4,0,2,-6,6,-64,-64,,,,,,"
1093,佐,4F50,in_simplified_set,unicode_encoded,zuo,22,2,"22,-64,0,-2,-14,-4,-8,-3,-1,0,3,7,5,-64,0,1,-8,-2,0,-3,16,-64,-64,,,,,,"
1094,廼,5EFC,in_simplified_set,unicode_encoded,nai,74,8,"74,-64,0,0,-13,-4,-6,-6,0,-5,6,0,10,5,4,4,-1,1,-6,-1,-9,-1,-10,-64,0,-5,-3,-1,-2,2,-3,-64,0,-5,0,4,0,-64,0,-6,3,4,4,-64,0,-2,-9,-1,9,-64,0,-8,-9,-9,-3,-64,0,3,-8,5,-4,-64,0,-10,5,-6,13,-1,15,3,13,7,6,-64,-64,,,,,,"
1095,沓,6C93,in_simplified_set,unicode_encoded,da,66,9,"66,-64,0,-6,-8,-7,-2,-10,2,-64,0,-6,3,-10,7,-64,0,-7,5,-7,13,-64,0,0,-11,3,-3,1,5,-64,0,-1,-8,-2,-3,-64,0,3,-10,5,-7,-64,0,5,-4,5,1,-64,0,-3,6,-3,11,0,12,5,12,5,6,-64,0,5,8,-3,8,-64,-64,,,,,,"
1096,虐,8650,in_simplified_set,unicode_encoded,nve,106,12,"106,-64,0,-4,-5,-6,0,-5,3,-7,12,-64,0,-4,-3,-3,1,-64,0,-3,-13,4,-12,4,-8,-2,-8,-64,0,4,-12,9,-11,5,-6,5,-8,-64,0,4,-7,2,-2,1,3,1,7,-64,0,5,-6,6,-2,4,3,6,7,7,11,5,13,3,15,5,17,8,15,-64,0,2,0,6,0,-64,0,1,3,4,3,-64,0,-3,7,-3,11,-64,0,-2,9,2,9,6,7,-64,0,3,-3,5,-3,-64,0,2,-2,-2,-3,-64,-64,,,,,,"
1097,鱼,9C7C,traditional_or_variant,unicode_encoded,yu,124,16,"124,-64,0,-5,-16,-5,-13,-64,0,-5,-14,1,-8,-64,0,0,-11,3,-13,3,-12,-3,-4,-64,0,-4,-6,-4,-1,-64,0,-1,-7,0,-2,-4,2,-7,4,-7,8,-6,13,-5,15,-64,0,0,-2,4,4,3,7,2,11,5,15,-64,0,-6,3,3,3,-64,0,-6,7,4,7,-64,0,-7,10,2,10,-64,0,-1,2,-2,11,-4,15,-64,0,-1,11,1,13,3,15,-64,0,-7,5,-10,7,-11,13,-64,0,-10,11,-7,9,-64,0,4,5,7,7,-64,0,8,6,7,11,-64,0,2,9,7,11,-64,-64,,,,,,"
1098,猟,731F,traditional_or_variant,unicode_encoded,lie,72,7,"72,-64,0,-6,-16,-5,-14,-2,-12,0,-12,2,-14,3,-9,-2,-8,-7,-6,-7,-5,-64,0,-2,-12,-2,-1,-64,0,0,-12,0,-9,-64,0,-4,8,-4,0,2,-1,2,8,-64,0,-4,4,1,2,-64,0,-7,10,-5,12,-4,14,0,15,2,14,3,10,5,7,-64,0,-4,12,2,11,-64,-64,,,,,,"
1099,祭,796D,traditional_or_variant,unicode_encoded,ji,58,7,"58,-64,0,-7,9,-5,2,-7,-2,1,-5,6,-4,8,-1,7,3,8,8,11,10,-64,0,-5,2,7,-1,-64,0,-12,-5,-8,-6,-64,0,-5,-7,-2,-8,-64,0,4,-11,8,-9,-64,0,-9,5,-11,11,-64,0,10,-4,11,-1,-64,-64,,,,,,"
1100,飤,98E4,traditional_or_variant,unicode_encoded,si,40,4,"40,-64,0,-6,-9,-8,-2,-4,4,-8,14,-1,14,0,2,1,-5,-5,-9,-64,0,-4,4,0,3,-64,0,6,-10,3,0,-64,0,5,-3,9,0,7,10,-64,-64,,,,,,"
1101,餐,9910,traditional_or_variant,unicode_encoded,can,92,11,"92,-64,0,-1,-15,-1,-7,-64,0,-2,-12,-8,-7,-64,0,-4,-14,-4,-11,-3,-8,-64,0,-5,4,-5,-5,-1,-7,3,-6,3,2,-64,0,-5,-2,3,-5,-64,0,-2,5,-4,6,-6,9,-6,13,-4,14,-3,15,-64,0,-2,13,-2,15,-64,0,0,5,4,7,4,10,3,12,3,14,1,15,-64,0,0,13,1,15,-64,0,-6,8,4,8,-64,0,-5,10,3,11,-64,-64,,,,,,"
1102,夌,590C,in_simplified_set,unicode_encoded,ling,42,5,"42,-64,0,-5,-15,-1,-10,4,-15,-64,0,-1,-15,0,-6,-64,0,-1,-8,-5,-5,0,1,-64,0,0,-9,5,-4,-1,1,-4,10,-64,0,-2,4,2,9,2,18,-64,-64,,,,,,"
1103,困,56F0,traditional_or_variant,unicode_encoded,kun,54,8,"54,-64,0,-6,-10,-6,-7,-64,0,-6,-4,-6,0,-64,0,-3,-13,-3,1,3,0,2,-14,-64,0,-2,-7,7,-10,-64,0,-3,2,-3,16,-64,0,-3,7,-8,14,-64,0,-3,6,3,12,-64,0,5,-6,6,-1,-64,-64,,,,,,"
1104,夆,5906,in_simplified_set,unicode_encoded,feng,72,5,"72,-64,0,-6,-8,-2,-15,1,-12,1,-9,-2,-4,-64,0,-4,-11,2,-8,6,-4,8,2,-64,0,-5,0,-2,4,2,1,-64,0,-6,5,-1,10,3,5,-64,0,-2,-1,-1,10,-2,12,-2,12,-1,13,-1,11,-2,12,-3,14,-1,14,0,13,-1,15,-1,16,-3,15,-3,14,-3,14,-64,-64,,,,,,"
1105,李,674E,in_simplified_set,unicode_encoded,li,48,6,"48,-64,0,-5,-13,0,-7,7,-13,-64,0,1,-13,0,0,-64,0,-6,-1,1,-8,7,-1,-64,0,-3,1,3,1,2,6,-4,5,-3,1,-64,0,0,6,-1,16,-64,0,-6,13,5,7,-64,-64,,,,,,"
1106,櫟,6ADF,in_simplified_set,unicode_encoded,li,82,9,"82,-64,0,-4,-13,-1,-8,-6,-3,-4,1,-1,-2,-6,-8,-4,-12,-64,0,-4,1,-4,15,-64,0,-6,5,0,13,-64,0,3,-14,1,-10,5,-4,3,-3,1,-6,5,-10,4,-14,-64,0,3,-2,2,1,-3,6,-64,0,-5,11,-8,13,-64,0,4,2,5,17,-64,0,1,4,4,7,9,2,-64,0,-1,15,4,10,11,13,-64,-64,,,,,,"
1107,條,689D,in_simplified_set,unicode_encoded,tiao,84,10,"84,-64,0,-3,-5,-3,-11,-1,-15,2,-13,2,-10,2,-5,-64,0,-3,-10,3,-9,8,-5,-64,0,-6,1,-7,7,-3,10,-64,0,-4,0,-4,5,-2,9,-64,0,-1,0,-1,3,0,5,-64,0,1,4,-3,10,-6,15,-64,0,-2,9,-2,17,-64,0,-2,9,1,14,-64,0,2,-2,2,5,7,8,-64,0,7,11,2,8,2,13,-64,-64,,,,,,"
1108,杕,6755,traditional_or_variant,unicode_encoded,di,54,7,"54,-64,0,-6,-8,-6,13,-64,0,-11,-7,-6,0,0,-6,-64,0,-12,10,-7,2,-2,7,-64,0,3,-11,4,-3,2,3,-2,11,-64,0,2,2,8,10,-64,0,-2,0,2,-4,4,-7,-64,0,4,-6,8,2,-64,-64,,,,,,"
1109,罍,7F4D,in_simplified_set,unicode_encoded,lei,114,10,"114,-64,0,-5,-11,0,-9,1,-5,0,-2,-2,1,-2,5,2,6,6,5,-64,0,0,-2,2,-2,6,1,-64,0,7,-2,5,10,2,10,-2,10,-5,8,-5,4,-6,-1,-9,-1,-64,0,-5,-1,-7,-4,-7,-7,-5,-6,-5,-3,-64,0,4,-7,3,-9,3,-11,3,-13,6,-11,6,-9,5,-6,-64,0,-5,-7,-1,-3,-64,0,2,0,4,1,3,4,1,3,1,0,2,0,-64,0,-2,10,-3,15,-64,0,2,10,4,15,-64,0,-4,15,1,16,5,15,-64,-64,,,,,,"
1110,椎,690E,in_simplified_set,unicode_encoded,chui,64,7,"64,-64,0,-7,-8,-7,10,-64,0,-11,-5,-7,0,-3,-5,-64,0,-11,7,-7,3,-4,5,-64,0,6,-9,0,-12,-1,-9,2,-6,5,-1,7,2,6,5,5,11,3,16,-64,0,6,7,8,13,-64,0,4,-11,-2,6,-64,0,5,-1,2,4,1,9,-64,-64,,,,,,"
1111,校,6821,in_simplified_set,unicode_encoded,xiao,62,6,"62,-64,0,-8,-6,-5,-11,1,-14,5,-11,6,-7,-64,0,0,-16,0,-10,-2,-7,-3,-3,0,0,6,3,-64,0,0,-11,2,-7,1,-3,-2,-1,-8,3,-64,0,-3,2,-2,17,-64,0,-6,5,-2,10,2,5,-64,0,-7,15,-3,10,4,14,-64,-64,,,,,,"
1112,鬱,9B31,in_simplified_set,unicode_encoded,yu,92,11,"92,-64,0,-8,-8,-8,7,-64,0,-11,-7,-9,-4,-4,-6,-64,0,-11,6,-7,2,-6,5,-64,0,0,-14,0,-7,-2,-5,-2,-1,-64,0,0,-7,3,-5,3,-2,-64,0,-4,-9,1,-12,6,-8,-64,0,-4,-1,-4,5,-64,0,-3,2,0,2,1,5,0,7,0,11,3,17,-64,0,6,-5,6,12,-64,0,3,-4,5,1,10,-3,-64,0,2,8,6,4,11,7,-64,-64,,,,,,"
1113,橐,6A50,traditional_or_variant,unicode_encoded,tuo,68,6,"68,-64,0,-1,-16,-1,-9,-5,-5,-5,6,1,12,4,8,4,-3,3,-7,-1,-9,-64,0,-6,-14,-1,-9,4,-14,-64,0,0,12,0,17,-64,0,-5,15,1,12,4,15,-64,0,0,1,1,-2,0,-5,-3,-3,-1,-1,0,1,0,6,-64,0,-3,6,0,1,2,4,-64,-64,,,,,,"
1114,漅,6F05,in_simplified_set,unicode_encoded,chao,70,8,"70,-64,0,-9,-9,-5,2,-7,6,-8,8,-6,13,-64,0,-6,-15,-5,-7,-2,-2,0,-2,5,-3,6,-7,5,-15,-64,0,-6,-12,5,-13,-64,0,-4,-8,6,-8,-64,0,-1,-12,0,14,-64,0,-4,1,0,7,2,7,7,15,-64,0,4,-1,0,2,-64,0,0,8,-5,13,-64,-64,,,,,,"
1115,籋,7C4B,traditional_or_variant,unicode_encoded,nie,40,6,"40,-64,0,-9,-10,-9,12,-64,0,5,-11,6,12,-64,0,-8,-11,5,-11,-64,0,-8,11,7,11,-64,0,-5,-6,1,-4,-3,5,-64,0,-4,-3,2,6,-64,-64,,,,,,"
1116,霸,9738,in_simplified_set,unicode_encoded,ba,100,9,"100,-64,0,-7,-12,-7,-7,-2,-6,-1,-7,-1,-14,-64,0,-6,-10,-2,-11,-64,0,-4,-6,-4,15,-64,0,-5,-4,-6,-3,-7,0,-5,1,-2,0,-1,-3,-3,-4,-64,0,-4,2,-7,3,-7,4,-6,7,-3,7,0,5,0,3,-4,2,-64,0,-9,11,-4,7,0,11,-64,0,3,-6,2,0,2,4,3,11,-64,0,1,-9,5,-5,6,-2,7,4,6,8,2,11,-1,14,-64,0,4,-1,4,3,-64,-64,,,,,,"
1117,齐,9F50,traditional_or_variant,unicode_encoded,qi,96,12,"96,-64,0,-2,-14,-2,-11,-8,-6,-64,0,-1,-11,5,-5,-64,0,-6,-8,-2,-3,3,-7,-64,0,-2,-3,-1,6,-64,0,-10,3,-6,-4,-4,1,-64,0,-8,1,-6,3,-4,-1,-64,0,-6,3,-6,6,-64,0,3,-4,1,-1,3,1,5,-1,4,-4,-64,0,3,1,2,4,-64,0,-8,7,5,5,4,13,-1,14,-6,12,-7,7,-64,0,-1,6,0,13,-64,0,-6,10,4,9,-64,-64,,,,,,"
1118,卣,5363,in_simplified_set,unicode_encoded,you,40,3,"40,-64,0,-1,-14,-2,-8,-7,-3,-7,4,-6,8,0,13,3,13,5,9,5,2,5,-3,0,-5,-1,-8,-64,0,-1,-14,6,-9,-64,0,-5,0,-3,5,-64,-64,,,,,,"
1119,穆,7A46,in_simplified_set,unicode_encoded,mu,92,9,"92,-64,0,-10,-11,-11,-10,-11,-9,-11,-4,-9,-3,-5,-3,-3,-5,-3,-7,-4,-9,-6,-11,-8,-11,-10,-11,-11,-11,-64,0,-11,-5,-14,0,-64,0,-8,-3,-8,2,-64,0,-4,-4,-3,2,-64,0,-5,-10,1,-15,2,-15,5,-14,7,-14,8,-11,8,-9,8,-5,7,16,-64,0,3,-4,8,0,-64,0,8,0,13,-3,-64,0,7,7,0,13,-64,0,8,6,13,14,-64,-64,,,,,,"
1120,穧,7A67,traditional_or_variant,unicode_encoded,ji,102,10,"102,-64,0,-4,-11,-1,-8,-1,-2,-1,15,-64,0,-5,1,0,6,-64,0,-1,0,7,-9,-64,0,-7,13,-1,9,4,13,-64,0,-4,-13,-4,-8,-64,0,-8,-16,-9,-13,-8,-11,-6,-11,-6,-15,-7,-16,-64,0,3,-13,2,-10,2,-8,4,-9,5,-11,3,-13,3,-13,-64,0,-5,-5,-5,-2,-3,-2,-4,-5,-64,0,3,1,4,6,5,5,7,3,4,1,-64,0,-7,3,-8,7,-6,9,-4,6,-6,4,-64,-64,,,,,,"
1121,覃,8983,traditional_or_variant,unicode_encoded,tan,94,14,"94,-64,0,-9,-10,8,-11,-64,0,-6,-14,-5,-13,-64,0,-2,-16,-2,-13,-64,0,3,-15,3,-14,-64,0,-5,-8,-7,-5,-64,0,-2,-8,-1,-6,-64,0,4,-9,6,-7,-64,0,-5,-4,-3,2,3,1,4,-4,-64,0,-5,-2,3,-3,-64,0,-2,2,-2,5,-64,0,1,2,1,6,-64,0,-6,6,4,6,0,16,-6,7,-64,0,-3,7,1,12,-64,0,-3,11,4,8,-64,-64,,,,,,"
1122,兇,5147,in_simplified_set,unicode_encoded,xiong,48,5,"48,-64,0,-4,-15,3,-8,-64,0,3,-13,-4,-8,-64,0,-5,-15,-5,-8,-2,-4,2,-4,4,-9,4,-15,-64,0,0,-3,2,6,-5,8,-6,12,2,10,-1,17,-64,0,0,-2,-3,7,-64,-64,,,,,,"
1123,宇,5B87,in_simplified_set,unicode_encoded,yu,48,7,"48,-64,0,-1,-12,-10,-3,-64,0,0,-12,9,-5,-64,0,-7,-5,-6,2,-9,16,-64,0,6,-7,6,15,-64,0,-2,-3,4,-4,-64,0,-4,2,6,0,-64,0,1,-3,2,8,0,14,-64,-64,,,,,,"
1124,宛,5B9B,in_simplified_set,unicode_encoded,wan,52,6,"52,-64,0,-2,-10,-9,-6,-11,9,-64,0,-1,-10,8,-4,8,11,-64,0,-7,5,-3,-6,-2,3,-4,10,-64,0,-6,2,-1,7,0,12,-64,0,0,-5,1,-1,0,4,-64,0,1,-1,4,3,4,12,-64,-64,,,,,,"
1125,袧,88A7,traditional_or_variant,unicode_encoded,gou,48,6,"48,-64,0,-4,-12,-4,0,6,1,-64,0,-2,-10,9,-9,9,7,-64,0,-1,-7,3,-6,3,-3,-1,-4,-1,-7,-64,0,-8,-2,2,14,-64,0,-9,5,-5,4,-64,0,-6,10,-1,8,-64,-64,,,,,,"
1126,细,7EC6,traditional_or_variant,unicode_encoded,xi,44,6,"44,-64,0,-5,-5,-4,6,4,5,4,-5,-5,-4,-64,0,-5,-11,-6,-7,-64,0,-1,-12,-1,-8,-64,0,3,-11,6,-8,-64,0,-3,9,-4,12,-64,0,1,8,1,14,-64,-64,,,,,,"
1127,纲,7EB2,traditional_or_variant,unicode_encoded,gang,58,7,"58,-64,0,-5,-14,-5,-1,-64,0,5,-15,5,6,-64,0,-5,-13,4,-4,-64,0,-4,-5,5,-13,-64,0,-1,-3,-2,0,-4,3,-3,6,-1,8,1,3,1,2,-1,0,-64,0,-1,9,-1,17,-64,0,-6,14,-2,10,4,14,-64,-64,,,,,,"
1128,僤,50E4,in_simplified_set,unicode_encoded,dan,66,6,"66,-64,0,-10,-6,-4,1,-7,12,-64,0,-8,-3,-9,5,-11,8,-64,0,-1,-10,-3,-13,-2,-15,-1,-14,0,-14,0,-11,-1,-11,3,-5,6,-10,6,-13,8,-12,-64,0,-1,-4,0,4,8,4,7,-4,-1,-3,-64,0,-1,0,7,0,-64,0,3,-3,4,14,-64,-64,,,,,,"
1129,免,514D,in_simplified_set,unicode_encoded,mian,58,4,"58,-64,0,-4,-9,-6,-10,-5,-13,-2,-16,2,-14,4,-12,3,-9,-64,0,-2,-10,0,-11,-64,0,-1,-11,2,-4,2,1,1,6,-5,10,-7,13,-5,14,-1,12,0,12,0,14,-2,17,-64,0,2,-5,-1,-2,-4,3,-5,8,-64,-64,,,,,,"
1130,係,4FC2,traditional_or_variant,unicode_encoded,xi,50,4,"50,-64,0,-2,-15,-2,-4,1,-2,7,2,-64,0,-2,-10,-6,-12,-12,-11,-9,-8,-4,-9,3,-11,7,-8,10,-6,-64,0,7,-8,3,-6,-2,-9,-64,0,-2,-5,-6,2,-3,5,-1,9,-1,18,-64,-64,,,,,,"
1131,量,91CF,in_simplified_set,unicode_encoded,liang,86,10,"86,-64,0,-5,-14,4,-14,-64,0,-5,-10,5,-11,-64,0,-5,-7,5,-7,-64,0,-5,-14,-5,-7,-64,0,5,-14,5,-8,-64,0,0,-13,0,16,-64,0,-7,-2,-1,0,-64,0,5,-5,0,-1,4,2,6,5,5,6,2,8,2,8,0,9,-2,8,-3,8,-4,6,-5,3,0,-1,-64,0,-4,5,5,4,-64,0,-5,14,0,8,8,14,-64,-64,,,,,,"
1132,身,8EAB,in_simplified_set,unicode_encoded,shen,28,3,"28,-64,0,-4,-14,-3,-5,-7,2,-2,7,3,0,-3,-5,-64,0,-3,6,-2,17,-64,0,-3,-11,4,-5,-64,-64,,,,,,"
1133,殷,6BB7,in_simplified_set,unicode_encoded,yin,62,7,"62,-64,0,-1,-13,-5,-7,-9,-3,-10,2,-8,7,-5,15,-64,0,-4,-7,-3,0,-3,4,-6,7,-64,0,-6,-3,-6,1,-64,0,-1,-12,1,-7,-64,0,0,-5,0,2,-1,7,-64,0,3,-2,6,5,1,10,-64,0,0,2,4,7,8,16,-64,-64,,,,,,"
1134,袁,8881,in_simplified_set,unicode_encoded,yuan,68,7,"68,-64,0,-6,-10,-5,-15,-2,-15,2,-13,2,-10,-2,-9,-5,-10,-64,0,-3,-9,-6,-5,-10,-4,-64,0,-1,-9,7,-3,-64,0,-9,0,-5,-3,-4,5,0,8,-64,0,-1,4,1,1,1,-3,6,-1,-64,0,4,3,4,5,0,11,-64,0,1,3,4,8,7,17,-64,-64,,,,,,"
1135,襄,8944,in_simplified_set,unicode_encoded,xiang,40,3,"40,-64,0,-8,-15,-5,-12,-5,-8,-6,-4,-4,-2,0,-2,3,-6,2,-10,1,-15,3,-16,-64,0,-1,-2,-5,6,-64,0,0,-3,0,5,0,8,-4,17,-64,-64,,,,,,"
1136,萦,8426,traditional_or_variant,unicode_encoded,ying,110,14,"110,-64,0,-1,-12,-2,-7,-10,-4,-64,0,-1,-7,3,-5,9,-5,-64,0,-7,-14,-7,-11,-8,-8,-64,0,-6,-12,-5,-10,-64,0,-10,-12,-9,-8,-5,-9,-4,-12,-64,0,3,-14,3,-12,2,-10,-64,0,3,-12,5,-10,-64,0,1,-12,2,-9,4,-8,5,-10,5,-12,-64,0,-3,-3,-5,-1,-6,12,-2,17,-64,0,-2,-1,-2,1,-64,0,-2,4,-2,10,-64,0,1,2,1,6,-64,0,1,-3,8,-1,-64,0,5,-1,5,10,0,14,-64,-64,,,,,,"
1137,伲,4F32,traditional_or_variant,unicode_encoded,ni,48,6,"48,-64,0,-5,-11,-10,-4,-64,0,-6,-10,-3,-3,-7,4,-9,12,-64,0,-2,8,-2,2,-6,9,-6,14,-64,0,2,-13,1,-4,9,0,-64,0,1,0,0,14,-64,0,2,2,7,6,-64,-64,,,,,,"
1138,伏,4F0F,in_simplified_set,unicode_encoded,fu,34,2,"34,-64,0,-1,-16,-1,-8,-2,-7,-6,-6,-8,-4,-8,-2,-7,0,-5,1,-3,2,0,5,1,12,0,17,-64,0,-3,-7,5,0,-64,-64,,,,,,"
1139,旡,65E1,in_simplified_set,unicode_encoded,ji,52,5,"52,-64,0,-6,-13,3,-16,-64,0,-5,-9,4,-11,-64,0,-5,-13,-4,-9,-64,0,-1,-15,2,-7,3,0,2,4,0,5,-7,9,-8,9,-7,12,0,9,-1,12,-3,17,-64,0,1,-9,-2,-1,-3,4,-64,-64,,,,,,"
1140,帆,5E06,traditional_or_variant,unicode_encoded,fan,98,12,"98,-64,0,-5,-12,-7,-5,-6,0,-5,4,-8,8,-8,13,-64,0,-2,-13,-2,-9,-4,-3,-64,0,2,-13,2,-7,0,-1,-64,0,-1,-10,2,-10,-64,0,-2,-6,2,-6,-64,0,-4,-4,0,-4,-64,0,1,0,-1,6,-4,9,-64,0,4,0,2,5,0,11,-64,0,0,2,3,3,-64,0,-1,6,1,8,-64,0,-2,8,1,9,-64,0,5,-12,4,-5,6,0,6,3,4,8,6,17,-64,-64,,,,,,"
1141,須,9808,in_simplified_set,unicode_encoded,xu,52,6,"52,-64,0,-7,-15,-7,-9,-4,-6,4,-7,3,-16,-64,0,-8,-12,4,-13,-64,0,-3,-6,-3,-1,-5,3,-4,6,-2,11,-1,16,-64,0,-3,-4,2,2,-64,0,1,-7,3,-2,-64,0,4,-7,6,-4,-64,-64,,,,,,"
1142,醜,919C,in_simplified_set,unicode_encoded,chou,108,11,"108,-64,0,-11,-11,1,-11,-64,0,-10,-10,-8,-5,-8,-2,-9,3,-8,7,-3,11,-1,6,-1,3,-3,-5,1,-11,-64,0,-8,-5,-4,-5,-64,0,-5,-9,-5,-7,-64,0,-6,-1,-6,1,-64,0,-4,-1,-4,1,-64,0,-5,3,-5,7,-64,0,2,-11,10,-12,10,-5,2,-5,2,-10,-64,0,2,-9,10,-9,-64,0,6,-11,6,-5,7,0,7,4,6,6,1,8,0,11,8,8,7,13,4,17,-64,0,6,-4,4,0,2,7,-64,-64,,,,,,"
1143,庻,5EBB,traditional_or_variant,unicode_encoded,shu,56,7,"56,-64,0,-9,-10,6,-10,7,7,-64,0,-4,-10,7,-2,-64,0,-7,-7,-7,-3,-64,0,-2,-4,-2,4,-6,8,-64,0,-2,4,2,7,-64,0,0,-3,0,1,-64,0,-9,-1,-8,9,-4,11,2,10,4,6,3,-3,-64,-64,,,,,,"
1144,危,5371,in_simplified_set,unicode_encoded,wei,38,3,"38,-64,0,3,-15,0,-7,2,5,5,11,-64,0,-6,-4,-4,4,0,11,5,12,8,11,7,5,6,0,5,-3,-64,0,-4,4,2,5,6,2,-64,-64,,,,,,"
1145,硪,786A,traditional_or_variant,unicode_encoded,wo,86,13,"86,-64,0,1,-13,-9,-12,-9,9,-64,0,-4,-12,-8,-4,-64,0,0,-10,-1,2,-64,0,-5,-7,-1,-7,-64,0,-5,-4,-1,-4,-64,0,-5,0,0,2,-64,0,-6,6,-2,6,-2,14,-64,0,-6,6,-2,10,-64,0,5,-11,9,-11,-64,0,5,-11,5,11,-64,0,0,-6,4,-3,0,-1,-64,0,4,-4,10,-4,-64,0,1,11,9,11,-64,-64,,,,,,"
1146,驟,9A5F,in_simplified_set,unicode_encoded,zhou,70,7,"70,-64,0,-2,-8,-5,-4,-6,1,-5,6,0,10,-64,0,0,-15,2,-11,2,-5,-64,0,4,-16,3,-11,0,-8,-64,0,-2,-7,-1,-2,2,0,6,0,-64,0,1,0,0,3,0,7,0,9,-64,0,3,4,4,7,4,10,1,13,-64,0,1,6,3,9,4,13,4,17,-64,-64,,,,,,"
1147,駛,99DB,in_simplified_set,unicode_encoded,shi,122,16,"122,-64,0,5,-15,2,-15,-6,-12,-64,0,-6,-11,-4,-8,4,-12,3,-14,-64,0,-3,-13,-2,-11,-64,0,0,-14,1,-12,-64,0,0,-10,8,7,-64,0,-3,-2,2,-7,4,-7,-64,0,4,-9,0,-8,-64,0,1,0,3,-3,-64,0,1,6,4,-1,8,0,-64,0,-6,-3,-3,10,-64,0,-9,1,-7,6,-4,6,-1,5,-3,0,-64,0,-8,3,-2,1,-64,0,-4,9,-7,13,-8,17,-64,0,-8,8,-7,11,-4,13,-64,0,-3,6,0,9,3,15,-64,0,1,6,0,9,-1,11,-64,-64,,,,,,"
1148,炘,7098,in_simplified_set,unicode_encoded,xin,66,7,"66,-64,0,-3,-11,-5,-6,1,-7,-64,0,-4,-7,5,-14,4,-10,2,-7,2,-4,0,1,-64,0,-8,4,-8,10,-6,14,1,15,6,13,7,10,7,3,-64,0,-1,4,-3,9,-7,11,-64,0,-8,5,-3,9,-64,0,-1,7,5,11,-64,0,2,8,6,5,-64,-64,,,,,,"
1149,祥,7965,traditional_or_variant,unicode_encoded,xiang,62,8,"62,-64,0,-4,-14,0,-9,2,-14,-64,0,-7,-7,-4,-13,-64,0,2,-14,5,-7,-64,0,-4,-8,-1,-4,3,-7,-64,0,0,-9,0,-1,-64,0,-5,-2,-5,5,0,8,4,5,4,-3,-64,0,-1,4,-1,18,-64,0,-5,9,-1,13,5,9,-64,-64,,,,,,"
1150,狐,72D0,in_simplified_set,unicode_encoded,hu,54,7,"54,-64,0,-3,-15,-3,-9,4,-6,-64,0,-7,-8,-4,-9,-64,0,-1,-8,-4,-4,-10,1,-64,0,-2,-6,3,7,8,10,-64,0,2,6,-6,15,-64,0,-4,-2,-2,3,-5,2,-64,0,-6,0,-4,6,-1,7,-64,-64,,,,,,"
1151,鼠,9F20,in_simplified_set,unicode_encoded,shu,66,9,"66,-64,0,-2,-11,-7,0,-2,-3,3,-9,-64,0,-6,-12,-6,-9,-64,0,2,-16,1,-11,-64,0,5,-9,5,-6,-64,0,-3,-8,1,-7,-64,0,-4,-6,6,0,-64,0,-1,-3,-5,6,-3,11,-3,17,-64,0,1,-3,1,2,-2,6,-64,0,-3,7,2,9,-64,-64,,,,,,"
1152,蒸,84B8,in_simplified_set,unicode_encoded,zheng,102,14,"102,-64,0,-7,-10,5,-12,-64,0,-5,-15,-5,-13,-64,0,-2,-14,-1,-13,-64,0,2,-15,2,-14,-64,0,-4,-9,-4,-8,-64,0,-1,-9,-1,-8,-64,0,3,-9,3,-7,-64,0,-4,-5,3,-6,3,0,-1,4,-4,1,-5,-5,-64,0,-5,-2,3,-2,-64,0,-2,3,-3,6,-6,10,-9,16,-64,0,1,2,2,7,-3,6,-64,0,3,6,6,17,-64,0,5,5,5,8,3,11,-64,0,-8,5,-4,11,-64,-64,,,,,,"
1153,烈,70C8,in_simplified_set,unicode_encoded,lie,50,7,"50,-64,0,4,-7,-1,-12,-1,0,-64,0,-9,-1,-9,5,-64,0,-6,10,-5,0,3,0,3,12,-64,0,-2,4,-1,12,-64,0,6,-13,6,-12,-64,0,6,-6,7,-4,-64,0,7,-2,7,5,-64,-64,,,,,,"
1154,黑,9ED1,in_simplified_set,unicode_encoded,hei,36,4,"36,-64,0,-1,-12,-1,9,-7,14,-64,0,-1,8,4,14,-64,0,-2,-11,-7,-3,-2,0,5,-6,-1,-11,-64,0,-8,8,-1,0,7,8,-64,-64,,,,,,"
1155,粦,7CA6,in_simplified_set,unicode_encoded,lin,48,7,"48,-64,0,-1,-12,0,7,-6,14,-64,0,0,6,8,16,-64,0,-7,1,-2,-4,7,0,-64,0,-5,-11,-5,-7,-64,0,1,-11,6,-7,-64,0,-5,3,-7,9,-64,0,3,3,6,8,-64,-64,,,,,,"
1156,奏,594F,in_simplified_set,unicode_encoded,zou,62,8,"62,-64,0,-1,-14,-1,16,-64,0,-4,-12,-1,-7,4,-13,-64,0,-2,-5,-6,-2,-9,7,-64,0,-6,-7,-4,3,-64,0,4,-9,5,-5,1,1,-64,0,2,-6,5,-2,7,6,-64,0,-6,12,-1,6,3,11,-64,0,-5,14,-1,11,5,15,-64,-64,,,,,,"
1157,惟,60DF,in_simplified_set,unicode_encoded,wei,44,4,"44,-64,0,-7,-10,4,-12,4,-6,-5,-5,-6,-3,-6,0,-1,3,1,11,0,15,-64,0,-4,1,-8,10,-8,14,-64,0,-6,6,-4,10,-64,0,-4,-11,4,0,5,14,-64,-64,,,,,,"
1158,懋,61CB,in_simplified_set,unicode_encoded,mao,104,11,"104,-64,0,-6,-7,-4,-11,2,-13,5,-9,-64,0,-1,-12,0,0,-64,0,-4,-4,-4,-6,-1,-7,2,-7,2,-5,2,-4,-64,0,-1,-4,-3,-1,-64,0,-3,-10,-3,-10,-64,0,1,-10,1,-10,-64,0,-2,5,-3,2,-5,3,-5,7,-5,10,-3,11,-64,0,-2,9,-3,12,-2,15,1,17,1,14,1,9,-64,0,0,5,2,1,4,4,4,7,2,9,-64,0,1,-10,2,-9,-64,0,-2,-9,-3,-9,-3,-8,-64,-64,,,,,,"
1159,熊,718A,in_simplified_set,unicode_encoded,xiong,132,16,"132,-64,0,-10,6,-9,2,-8,-1,-5,-1,-4,2,-6,4,-7,7,-7,8,-64,0,-10,2,-6,4,-64,0,-6,-12,-7,-9,-6,-5,-3,-2,-64,0,-5,-10,-7,-9,-64,0,-4,-8,-6,-6,-64,0,-2,-14,-3,-11,0,-4,-64,0,0,-12,-3,-11,-64,0,1,-11,-2,-9,-64,0,-4,-1,1,-4,10,0,-64,0,-3,-1,-2,3,-1,7,-3,11,-1,14,-64,0,-3,10,0,11,-64,0,-1,7,-1,9,-64,0,6,-2,6,2,7,3,5,8,-64,0,2,7,3,11,-64,0,2,9,5,8,7,9,2,12,-64,0,8,-2,10,-3,-64,-64,,,,,,"
1160,胶,80F6,in_simplified_set,unicode_encoded,jiao,56,5,"56,-64,0,0,-15,-1,-7,-4,-3,-5,2,0,7,5,10,6,15,-64,0,0,-8,4,-3,4,3,-1,6,-4,10,-5,15,-64,0,-6,-8,0,-12,7,-7,-64,0,-7,-4,-6,10,-64,0,-7,-4,-10,1,-10,6,-7,11,-64,-64,,,,,,"
1161,湌,6E4C,in_simplified_set,unicode_encoded,can,80,12,"80,-64,0,-1,-14,-5,-8,-7,-1,-64,0,0,-14,3,-2,-64,0,-4,-8,0,-7,-64,0,-6,-1,3,-2,-64,0,-4,0,-4,4,1,4,1,-2,-64,0,-7,5,-6,7,-64,0,-3,6,-1,7,-64,0,2,6,3,7,-64,0,-9,10,6,9,-64,0,-6,12,-6,14,-64,0,-2,12,-1,13,-64,0,3,12,4,14,-64,-64,,,,,,"
1162,泊,6CCA,in_simplified_set,unicode_encoded,po,38,3,"38,-64,0,2,-10,-3,-2,-2,3,3,5,6,3,7,-2,2,-8,-64,0,-2,-2,6,-2,-64,0,-8,-10,-6,-6,-5,-2,-6,2,-5,7,1,12,-64,-64,,,,,,"
1163,沛,6C9B,traditional_or_variant,unicode_encoded,pei,46,5,"46,-64,0,-1,-13,-3,-7,-2,-2,-1,1,-2,13,-64,0,-7,-10,-10,2,-64,0,-8,-5,-4,0,-6,5,-6,12,-64,0,5,-10,2,-1,4,4,3,14,-64,0,4,-5,10,-1,-64,-64,,,,,,"
1164,镍,954D,traditional_or_variant,unicode_encoded,nie,76,9,"76,-64,0,0,-14,-3,-8,-4,-1,0,-1,1,-3,-64,0,0,-13,4,-9,5,-4,4,-2,3,-4,-64,0,-5,-11,-4,-9,2,-10,5,-13,-64,0,-3,-7,4,-8,-64,0,-8,-2,-5,2,-6,10,-6,14,-64,0,1,5,1,14,-64,0,5,3,2,7,-64,0,-3,6,4,14,-64,0,1,11,-3,14,-64,-64,,,,,,"
1165,蔖,8516,traditional_or_variant,unicode_encoded,cuo,72,10,"72,-64,0,-3,-14,-5,-10,8,-4,-4,-2,-64,0,3,-12,-1,-8,-2,0,-64,0,-6,-10,-9,-4,-6,5,-9,14,-64,0,-10,2,-10,7,-64,0,-6,-6,-5,-2,-64,0,3,-2,-3,12,-64,0,3,-1,5,12,-64,0,0,3,4,4,-64,0,0,6,3,7,-64,0,-6,12,8,11,-64,-64,,,,,,"
1166,钳,94B3,traditional_or_variant,unicode_encoded,qian,62,8,"62,-64,0,-6,-3,3,-4,-64,0,-6,2,3,2,-64,0,-2,-3,-2,4,-5,13,-64,0,-7,-10,-8,-3,-64,0,-10,-8,-8,-3,-5,-8,-64,0,-1,-14,0,-6,-64,0,-4,-12,0,-6,3,-12,-64,0,4,-11,7,-5,6,2,4,5,7,14,-64,-64,,,,,,"
1167,凍,51CD,in_simplified_set,unicode_encoded,dong,72,8,"72,-64,0,-1,-13,0,15,-64,0,-4,-12,0,-4,4,1,1,8,-5,3,-1,-4,3,-11,-64,0,-3,0,2,3,-64,0,1,-1,-4,4,-64,0,0,8,-5,14,-64,0,0,8,4,12,-64,0,-9,-8,-6,-4,-8,0,-7,7,-8,15,-64,0,4,-7,7,-1,8,2,6,5,9,15,-64,-64,,,,,,"
1168,震,9707,in_simplified_set,unicode_encoded,zhen,84,12,"84,-64,0,5,-14,-7,-13,-8,1,-64,0,3,-11,3,-6,7,0,-64,0,-4,-11,1,-9,3,-9,-64,0,-7,-8,-2,-6,4,-6,-64,0,-4,-10,-6,-8,-64,0,-1,-10,-2,-7,-64,0,1,-9,1,-6,-64,0,-4,-1,0,16,3,-1,-64,0,-7,3,1,5,-64,0,-6,5,-6,10,-64,0,5,7,6,11,-64,0,1,-3,1,-2,-64,-64,,,,,,"
1169,踏,8E0F,traditional_or_variant,unicode_encoded,ta,92,9,"92,-64,0,-8,-12,-4,-4,-5,-1,-64,0,-4,-12,-6,-8,-9,-5,-9,-1,-64,0,-9,-3,-4,-4,-2,-1,-2,6,-3,9,-1,12,0,9,-64,0,1,-10,4,-8,6,-12,-64,0,4,-8,7,-9,8,-6,6,-3,4,-3,2,-6,3,-8,-64,0,3,-5,7,-6,-64,0,4,-8,6,-1,-64,0,8,-6,10,-4,-64,0,3,-4,2,0,4,3,8,10,5,15,3,10,-64,-64,,,,,,"
1170,沁,6C81,in_simplified_set,unicode_encoded,qin,60,7,"60,-64,0,-2,-6,-5,-8,-5,-4,-4,4,-1,12,3,6,5,-3,5,-5,3,-7,2,-5,-64,0,-4,-12,-3,-12,-64,0,2,-12,2,-10,-64,0,-2,0,-3,5,-64,0,1,0,3,5,-64,0,-9,-5,-9,-1,-64,0,-7,3,-6,8,-64,-64,,,,,,"
1171,乳,4E73,in_simplified_set,unicode_encoded,ru,80,6,"80,-64,0,-1,-4,5,-6,-64,0,2,-14,2,-4,5,7,-2,10,-2,14,6,10,5,16,-64,0,0,-1,-3,-3,-2,-6,-5,-4,-6,-2,-4,1,-1,-1,-64,0,-4,1,-5,8,-64,0,-8,3,-1,2,-64,0,-9,3,-8,-3,-6,-7,-1,-9,4,-9,7,-7,8,-3,6,-1,4,1,1,3,-1,6,-5,6,-9,7,-64,-64,,,,,,"
1172,聯,806F,in_simplified_set,unicode_encoded,lian,52,4,"52,-64,0,0,-12,-6,-8,-7,-1,-5,4,-2,6,-64,0,0,-12,-1,-5,1,-2,5,-1,-64,0,-1,-3,-3,0,-4,5,-64,0,1,-2,3,4,0,10,1,15,3,13,5,10,2,7,-1,4,2,0,-64,-64,,,,,,"
1173,馘,9998,in_simplified_set,unicode_encoded,guo,46,6,"46,-64,0,-10,-5,-2,-5,-2,5,-10,6,-64,0,-6,-5,-6,-2,-11,0,-64,0,-8,-1,-5,4,-64,0,8,-13,2,-13,2,11,-64,0,-4,-10,9,-9,-64,0,-3,13,7,10,-64,-64,,,,,,"
1174,振,632F,traditional_or_variant,unicode_encoded,zhen,162,22,"162,-64,0,2,-9,-5,-8,-5,8,-64,0,5,-5,7,6,-64,0,-1,-8,0,-4,1,-3,5,-4,-64,0,-5,-2,-1,1,3,2,6,0,-64,0,-5,-3,0,-5,-64,0,0,-2,-1,0,-64,0,2,-3,2,1,-64,0,-9,-14,-8,-11,-8,-7,-8,-3,-64,0,-6,-10,-6,-10,-64,0,-8,-7,-6,-6,-64,0,7,-14,6,-11,4,-8,-64,0,7,-11,9,-6,7,-3,-64,0,8,-8,6,-7,-64,0,-10,-6,-9,-2,-11,2,-64,0,-10,8,-7,1,-7,12,-64,0,1,7,5,15,1,12,-1,10,-64,0,4,4,3,7,1,10,-64,0,1,4,1,5,-64,0,-3,7,-3,7,-64,0,5,8,6,10,-64,0,-1,13,-1,15,-64,0,-6,-10,-8,-11,-64,-64,,,,,,"
1175,婐,5A50,in_simplified_set,unicode_encoded,wo,78,6,"78,-64,0,-6,-10,-8,6,-2,10,-2,13,-8,8,-7,16,-64,0,-11,-1,-11,-5,-4,-4,-2,5,-64,0,-1,1,-11,-1,-64,0,-1,-1,1,-3,-1,-5,-3,-3,2,2,3,2,7,-2,6,-5,7,-7,9,-4,7,-2,-64,0,2,-8,1,-11,2,-14,4,-11,2,-8,3,12,-64,0,-1,8,3,5,8,9,-64,-64,,,,,,"
1176,婭,5A6D,traditional_or_variant,unicode_encoded,ya,72,5,"72,-64,0,3,-14,3,-1,5,6,-2,9,-1,13,7,8,8,12,5,15,-64,0,3,-8,6,-7,5,-4,-4,3,-64,0,2,-8,-1,-5,0,3,-64,0,-9,-4,-9,-9,-6,-9,-6,-4,-4,-3,-4,1,-6,1,-6,5,-9,5,-9,1,-12,1,-12,-2,-11,-3,-64,0,-9,-4,-11,-3,-64,-64,,,,,,"
1177,娘,5A18,in_simplified_set,unicode_encoded,niang,70,7,"70,-64,0,-5,-15,-5,-8,-64,0,-2,-16,-3,-8,-64,0,-9,-8,-1,-8,-2,-2,-10,-3,-9,-8,-64,0,-7,-2,-7,5,-64,0,-5,-2,-4,5,-64,0,0,3,1,0,1,-3,9,-4,9,0,-2,1,-64,0,5,-7,6,0,4,6,-1,9,-1,13,5,9,5,13,4,17,-64,-64,,,,,,"
1178,嬉,5B09,in_simplified_set,unicode_encoded,xi,92,8,"92,-64,0,-9,-6,0,-5,-1,1,-10,1,-9,-6,-64,0,-9,-15,-9,-10,-5,-10,-3,-12,-4,-15,-64,0,-6,-14,-6,-7,-64,0,-6,1,-8,7,-3,7,-5,1,-64,0,-11,7,-10,12,-3,13,-1,9,-1,6,-64,0,-10,8,-2,9,-64,0,1,2,2,-4,7,-5,8,-1,2,0,-1,2,-64,0,5,-13,4,-5,6,5,2,6,2,9,7,7,5,12,1,16,-64,-64,,,,,,"
1179,妤,59A4,traditional_or_variant,unicode_encoded,yu,58,4,"58,-64,0,0,2,1,-5,-9,-9,-9,-5,2,1,-64,0,-5,-13,-6,1,-5,3,-3,7,0,9,1,13,-7,9,-7,13,-5,17,-64,0,5,-10,5,-2,3,-1,7,8,5,10,5,13,-64,0,5,-3,8,0,2,7,5,12,-64,-64,,,,,,"
1180,妞,599E,traditional_or_variant,unicode_encoded,niu,46,4,"46,-64,0,-1,2,-2,-3,-1,-8,-9,-9,-9,-4,2,0,-64,0,-5,-14,-6,3,0,6,0,11,-7,6,-6,10,-4,14,-64,0,4,-9,3,4,10,7,-64,0,7,1,5,9,-64,-64,,,,,,"
1181,冬,51AC,traditional_or_variant,unicode_encoded,dong,56,6,"56,-64,0,-8,4,-8,-5,-2,-8,0,-2,-9,3,-64,0,-5,-14,-3,5,-9,9,-6,14,0,7,1,11,0,14,-64,0,1,4,0,2,-64,0,1,2,2,-2,3,-10,-64,0,3,-3,6,1,-64,0,5,2,7,1,-64,-64,,,,,,"
1182,奏,594F,traditional_or_variant,unicode_encoded,zou,90,13,"90,-64,0,-5,-11,-7,3,-3,9,-3,11,-8,8,-6,15,-64,0,-2,-4,-10,-7,-64,0,-10,-7,-9,-3,-2,-1,-64,0,-4,-4,-3,2,-64,0,3,-11,3,14,-64,0,-1,-6,3,-11,-64,0,-1,-11,0,-4,-64,0,5,-11,9,-4,-64,0,8,-13,4,-7,-64,0,3,-2,-1,3,-64,0,3,-2,8,3,-64,0,3,3,-1,7,-64,0,3,4,7,6,-64,-64,,,,,,"
1183,弋,5F0B,in_simplified_set,unicode_encoded,yi,18,2,"18,-64,0,4,-8,0,-11,-3,-8,-2,12,-64,0,-8,13,3,12,-64,-64,,,,,,"
1184,戚,621A,in_simplified_set,unicode_encoded,qi,52,7,"52,-64,0,-7,-9,-6,-1,-64,0,-6,-6,-2,-9,1,-7,5,-6,-64,0,-6,-4,-2,-2,2,-5,-64,0,-3,-12,-2,-9,-64,0,-2,-2,-3,1,-64,0,6,-14,2,-14,1,15,-64,0,-3,16,4,14,-64,-64,,,,,,"
1185,囻,56FB,traditional_or_variant,unicode_encoded,guo,68,8,"68,-64,0,-11,-2,2,-2,2,6,-64,0,-6,-4,-6,-6,-1,-6,-1,-4,-64,0,-4,-5,-3,-1,-5,3,-4,7,-1,3,-3,-2,-64,0,-9,-1,-7,2,-4,4,-64,0,-1,3,1,4,-64,0,-8,-9,9,-10,-64,0,9,-14,5,-13,5,14,-64,0,1,14,8,14,-64,-64,,,,,,"
1186,曲,66F2,in_simplified_set,unicode_encoded,qu,48,6,"48,-64,0,-1,-10,-1,5,-64,0,-2,-11,-9,-10,-9,13,7,13,7,5,-1,5,-7,12,-64,0,-9,-2,-2,-2,-64,0,-5,-10,-5,10,-64,0,-2,8,7,9,-64,0,2,5,2,13,-64,-64,,,,,,"
1187,洱,6D31,in_simplified_set,unicode_encoded,er,112,10,"112,-64,0,-9,-12,-9,-9,-10,-3,-10,1,-8,4,-7,13,-64,0,-12,2,-11,9,-64,0,-5,-12,-5,-9,-64,0,-6,-6,-6,3,-64,0,-9,-2,-4,-3,-1,-5,0,-9,0,-10,-64,0,-3,-11,1,-11,5,-9,8,-7,8,-3,8,2,6,6,4,7,0,8,-3,9,-4,5,-64,0,-5,-1,-3,1,-2,6,-1,8,-64,0,-2,-2,0,-4,2,-6,4,-4,4,0,2,3,1,4,0,0,-2,-1,-64,0,1,-3,4,0,-64,0,-3,11,-1,14,-64,-64,,,,,,"
1188,爵,7235,traditional_or_variant,unicode_encoded,jue,68,10,"68,-64,0,-2,-8,-3,12,-64,0,7,-16,6,15,-64,0,4,-12,6,-15,10,-11,-64,0,-2,-7,6,-7,-64,0,-6,-2,-8,4,-4,7,-64,0,-3,1,-5,5,-9,15,-64,0,1,-4,4,-3,-64,0,-2,1,6,1,-64,0,2,1,-2,8,-64,0,3,1,6,8,-64,-64,,,,,,"
1189,轡,8F61,traditional_or_variant,unicode_encoded,pei,90,11,"90,-64,0,-2,-14,-2,15,-64,0,-6,-14,-2,-11,1,-10,4,-8,4,-2,2,0,-2,1,-6,0,-8,-3,-8,-7,-3,-10,1,-14,-64,0,-8,-5,5,-5,-64,0,-6,0,-9,13,-64,0,3,-1,7,12,-64,0,-9,4,-6,5,-64,0,-10,11,-9,12,-64,0,-2,6,-3,6,-64,0,3,4,5,2,6,3,-64,0,5,13,6,12,-64,0,-2,12,-3,12,-64,-64,,,,,,"
1190,臝,81DD,traditional_or_variant,unicode_encoded,luo,58,5,"58,-64,0,-6,-9,-5,-8,3,-8,6,-5,8,2,-64,0,-7,-3,-5,0,1,-3,7,-1,-64,0,2,-8,1,0,2,3,5,5,5,9,-2,9,-8,10,-10,9,-9,4,-11,-2,-64,0,-3,5,2,3,-64,0,-4,8,-3,11,-64,-64,,,,,,"
1191,塞,585E,in_simplified_set,unicode_encoded,sai,86,12,"86,-64,0,-1,-15,-9,-10,-9,2,-64,0,0,-15,9,-7,8,6,-64,0,-5,-9,-3,-9,-64,0,-4,-8,-4,0,-64,0,-6,0,-1,1,-64,0,1,-8,4,-9,-64,0,3,-8,3,1,-64,0,1,1,4,0,-64,0,-4,2,-6,7,-6,15,-64,0,-7,2,-6,5,-2,8,-64,0,2,4,5,9,6,15,-64,0,4,3,4,6,2,8,-64,-64,,,,,,"
1192,由,7531,in_simplified_set,unicode_encoded,you,34,3,"34,-64,0,-1,-11,-4,-5,-1,1,3,-4,-1,-10,-64,0,-8,-2,-8,8,-1,10,5,9,7,3,7,-2,-64,0,-8,3,6,3,-64,-64,,,,,,"
1193,畜,755C,in_simplified_set,unicode_encoded,chu,92,8,"92,-64,0,-2,-15,-4,-9,-2,-7,0,-5,1,-2,0,1,-3,1,-3,-5,-1,-6,1,-8,2,-11,1,-13,-2,-15,-64,0,-1,2,-4,4,-6,6,-7,10,-5,12,-2,14,2,14,5,12,6,7,5,5,2,2,-1,2,-64,0,-1,2,0,13,-64,0,-7,8,5,7,-64,0,-3,5,-3,5,-64,0,-3,9,-3,9,-64,0,2,5,2,5,-64,0,2,9,2,9,-64,-64,,,,,,"
1194,嘉,5609,traditional_or_variant,unicode_encoded,jia,48,5,"48,-64,0,-8,-8,-8,9,-4,12,-64,0,-4,5,-7,14,-64,0,1,-5,-3,-8,-2,-11,2,-12,5,-10,5,-7,2,-5,-64,0,2,-5,2,6,-1,15,-64,0,-2,-2,2,2,7,-4,-64,-64,,,,,,"
1195,鑿,947F,in_simplified_set,unicode_encoded,zao,60,6,"60,-64,0,-12,-9,0,-8,-64,0,-9,-8,-6,-2,-1,-9,-64,0,-6,-2,-6,15,-64,0,-2,-13,-4,-11,-6,-13,-4,-15,-2,-13,4,-10,5,-6,2,1,-1,7,-64,0,3,3,6,8,7,17,-64,0,5,0,6,4,5,7,2,9,-64,-64,,,,,,"
1196,載,8F09,in_simplified_set,unicode_encoded,zai,24,3,"24,-64,0,-3,-14,-2,13,-64,0,-9,6,7,5,-64,0,-10,-3,-8,13,7,12,7,-4,-64,-64,,,,,,"
1197,輦,8F26,traditional_or_variant,unicode_encoded,nian,158,20,"158,-64,0,-6,-14,-5,-10,4,-11,4,-14,-64,0,-1,-10,-1,9,-64,0,-4,-10,-5,-5,-6,-3,-64,0,-5,-5,-4,-3,-64,0,-9,-9,-3,-6,-64,0,-6,-10,-7,-9,-7,-6,-64,0,2,-10,2,-2,1,1,-64,0,2,-2,5,0,-64,0,0,-4,2,-7,4,-3,-64,0,4,-9,8,-4,-64,0,5,-11,6,-9,3,-7,-64,0,8,-8,6,-7,-64,0,-5,5,3,5,3,11,-4,11,-5,5,-64,0,-12,7,-12,10,-64,0,-11,9,10,8,-64,0,11,5,11,10,-64,0,-10,8,-8,6,-5,8,-7,12,-10,11,-10,9,-64,0,-8,7,-7,11,-64,0,7,4,9,7,9,9,7,11,4,8,6,5,-64,0,7,5,7,9,-64,-64,,,,,,"
1198,隂,9682,in_simplified_set,unicode_encoded,yin,92,9,"92,-64,0,-1,-15,-5,-11,-7,-5,-64,0,-1,-14,5,-11,8,-4,-64,0,-5,-11,3,-11,-64,0,0,-7,-1,-5,-2,-1,-1,0,3,2,5,4,5,8,5,11,6,13,7,16,-64,0,-1,-6,1,-2,1,0,-2,3,-4,4,-5,6,-6,12,-6,16,-64,0,5,4,2,6,-1,8,-2,14,-64,0,0,3,1,6,-64,0,5,9,2,11,-64,0,5,11,2,14,-64,-64,,,,,,"
1199,巴,5DF4,in_simplified_set,unicode_encoded,ba,56,6,"56,-64,0,-10,-13,-5,-12,-64,0,-6,-12,-5,7,2,8,3,14,0,14,-7,11,-5,16,-64,0,-6,-9,-1,-8,0,-3,2,0,5,1,6,5,-64,0,-2,-3,-1,-1,-64,0,1,0,1,2,-64,0,3,1,3,3,-64,-64,,,,,,"
1200,臾,81FE,traditional_or_variant,unicode_encoded,yu,54,6,"54,-64,0,1,-13,-1,-4,3,1,1,4,0,18,-64,0,-6,-11,-6,-6,-4,-1,-64,0,-1,-10,-6,-6,-9,2,-64,0,3,-12,3,-7,2,-4,-64,0,1,-9,6,-4,9,4,-64,0,-1,-3,-2,1,-5,9,-64,-64,,,,,,"
1201,罇,7F47,traditional_or_variant,unicode_encoded,zun,108,13,"108,-64,0,-11,-9,-9,14,-64,0,-11,-9,-6,-10,-5,-7,-10,-2,-64,0,-10,0,-6,-1,-9,5,-64,0,-9,7,-5,5,-8,11,-64,0,-4,-12,3,-13,-64,0,-4,-7,7,-8,5,-4,3,2,2,5,0,6,-1,4,-2,-1,-3,-7,-64,0,-2,-12,-2,-7,-64,0,1,-13,1,-8,-64,0,-2,-2,4,-2,-64,0,-2,5,-4,8,-4,13,-64,0,-4,4,-2,9,-64,0,3,5,5,9,5,13,-64,0,1,9,5,7,7,4,-64,-64,,,,,,"
1202,次,6B21,traditional_or_variant,unicode_encoded,ci,48,4,"48,-64,0,-5,-8,-10,4,-5,13,-5,7,-9,4,-4,-1,-5,-8,-64,0,-1,-8,2,-4,5,-9,-64,0,2,-10,2,4,-1,8,2,14,5,7,2,4,-64,0,-2,-2,2,2,7,-4,-64,-64,,,,,,"
1203,举,4E3E,traditional_or_variant,unicode_encoded,ju,80,10,"80,-64,0,-5,-9,-4,-13,2,-13,2,-9,-5,-8,-64,0,-2,-9,-1,-2,-64,0,-5,-5,2,-5,-64,0,-7,-7,-9,-2,-6,0,-1,2,-64,0,3,-7,6,0,3,2,-1,5,-64,0,-1,1,-1,8,-3,10,-5,16,-64,0,1,9,3,16,-64,0,-11,-6,-5,-2,-64,0,5,-8,1,-1,-64,0,-1,8,1,9,-64,-64,,,,,,"
