ファイル名,語義,対象語義,画像生成プロンプト,プロンプト準備状況,要確認理由,画風参照画像
San.png,サン,サン,"Subject: San, target meaning ""サン"".

Composition: Show one adult person named San in a natural waist-up portrait, wearing a plain collared shirt or simple jacket, relaxed neutral expression, shoulders fully visible, no props and no written name.

Style: Use the attached invidious.png for drawing style only. Match its thick rounded dark-brown contours, simplified rounded shapes, and restrained 2D cartoon shading. Do not copy the reference subject or composition.

Framing: One compact composition, with the complete subject using about 80-90% of the square. Keep everything inside the frame.

Output: 512x512 PNG, RGBA, genuine transparent background. No text, numerals, labels, logos or watermark.",作成済み,,references/invidious.png
crucial.png,極めて重要な,極めて重要な,"Subject: crucial, target meaning ""極めて重要な"".

Composition: Show a locked door that can only be opened by one distinctive key being inserted into its lock, while several other keys lie useless nearby; make the single necessary key the focus.

Style: Use the attached invidious.png for drawing style only. Match its thick rounded dark-brown contours, simplified rounded shapes, and restrained 2D cartoon shading. Do not copy the reference subject or composition.

Framing: One compact composition, with the complete subject using about 80-90% of the square. Keep everything inside the frame.

Output: 512x512 PNG, RGBA, genuine transparent background. No text, numerals, labels, logos or watermark.",作成済み,,references/invidious.png
ill.png,病気で、不健全な,病気で,"Subject: ill, target meaning ""病気で"".

Composition: Show an adult resting in bed with flushed cheeks, thermometer, tissues, and water, clearly unwell but non-graphic.

Style: Use the attached invidious.png for drawing style only. Match its thick rounded dark-brown contours, simplified rounded shapes, and restrained 2D cartoon shading. Do not copy the reference subject or composition.

Framing: One compact composition, with the complete subject using about 80-90% of the square. Keep everything inside the frame.

Output: 512x512 PNG, RGBA, genuine transparent background. No text, numerals, labels, logos or watermark.",作成済み,,references/invidious.png
reasonable.png,妥当な、手ごろな,妥当な,"Subject: reasonable, target meaning ""妥当な"".

Composition: Show a shopper calmly comparing a modest everyday item with a small affordable stack of coins, then nodding at the fair exchange.

Style: Use the attached invidious.png for drawing style only. Match its thick rounded dark-brown contours, simplified rounded shapes, and restrained 2D cartoon shading. Do not copy the reference subject or composition.

Framing: One compact composition, with the complete subject using about 80-90% of the square. Keep everything inside the frame.

Output: 512x512 PNG, RGBA, genuine transparent background. No text, numerals, labels, logos or watermark.",作成済み,,references/invidious.png
sick.png,病気の,病気の,"Subject: sick, target meaning ""病気の"".

Composition: Show an adult resting in bed with flushed cheeks, thermometer, tissues, and water, clearly unwell but non-graphic.

Style: Use the attached invidious.png for drawing style only. Match its thick rounded dark-brown contours, simplified rounded shapes, and restrained 2D cartoon shading. Do not copy the reference subject or composition.

Framing: One compact composition, with the complete subject using about 80-90% of the square. Keep everything inside the frame.

Output: 512x512 PNG, RGBA, genuine transparent background. No text, numerals, labels, logos or watermark.",作成済み,,references/invidious.png
harm.png,害,害,"Subject: harm, target meaning ""害"".

Composition: Show one hand recoiling from a hot metal pan with a small fresh red burn mark on the fingertip, making physical harm immediately visible.

Style: Use the attached invidious.png for drawing style only. Match its thick rounded dark-brown contours, simplified rounded shapes, and restrained 2D cartoon shading. Do not copy the reference subject or composition.

Framing: One compact composition, with the complete subject using about 80-90% of the square. Keep everything inside the frame.

Output: 512x512 PNG, RGBA, genuine transparent background. No text, numerals, labels, logos or watermark.",作成済み,,references/invidious.png
raise.png,上げる、育てる,上げる,"Subject: raise, target meaning ""上げる"".

Composition: Show one person lifting a box from waist height onto a clearly higher shelf, with the upward movement visible.

Style: Use the attached invidious.png for drawing style only. Match its thick rounded dark-brown contours, simplified rounded shapes, and restrained 2D cartoon shading. Do not copy the reference subject or composition.

Framing: One compact composition, with the complete subject using about 80-90% of the square. Keep everything inside the frame.

Output: 512x512 PNG, RGBA, genuine transparent background. No text, numerals, labels, logos or watermark.",作成済み,,references/invidious.png
tall.png,背の高い、大げさな,背の高い,"Subject: tall, target meaning ""背の高い"".

Composition: Show two adults standing side by side on the same floor, with one person's head and shoulders clearly much higher than the other's to make the tall stature unmistakable.

Style: Use the attached invidious.png for drawing style only. Match its thick rounded dark-brown contours, simplified rounded shapes, and restrained 2D cartoon shading. Do not copy the reference subject or composition.

Framing: One compact composition, with the complete subject using about 80-90% of the square. Keep everything inside the frame.

Output: 512x512 PNG, RGBA, genuine transparent background. No text, numerals, labels, logos or watermark.",作成済み,,references/invidious.png
tiny.png,とても小さい、ちっぽけな,とても小さい,"Subject: tiny, target meaning ""とても小さい"".

Composition: Show a tiny ladybug beside a large coin, with the insect only a small fraction of the coin's diameter so its very small size is immediately obvious.

Style: Use the attached invidious.png for drawing style only. Match its thick rounded dark-brown contours, simplified rounded shapes, and restrained 2D cartoon shading. Do not copy the reference subject or composition.

Framing: One compact composition, with the complete subject using about 80-90% of the square. Keep everything inside the frame.

Output: 512x512 PNG, RGBA, genuine transparent background. No text, numerals, labels, logos or watermark.",作成済み,,references/invidious.png
west.png,西,西,"Subject: west, target meaning ""西"".

Composition: Show a simple compass with its needle pointing left toward a setting sun on the horizon, clearly indicating the western direction without written labels.

Style: Use the attached invidious.png for drawing style only. Match its thick rounded dark-brown contours, simplified rounded shapes, and restrained 2D cartoon shading. Do not copy the reference subject or composition.

Framing: One compact composition, with the complete subject using about 80-90% of the square. Keep everything inside the frame.

Output: 512x512 PNG, RGBA, genuine transparent background. No text, numerals, labels, logos or watermark.",作成済み,,references/invidious.png
annual.png,毎年の、年鑑,毎年の,"Subject: annual, target meaning ""毎年の"".

Composition: Show the same event recurring on three consecutive yearly calendar pages at the same seasonal point.

Style: Use the attached invidious.png for drawing style only. Match its thick rounded dark-brown contours, simplified rounded shapes, and restrained 2D cartoon shading. Do not copy the reference subject or composition.

Framing: One compact composition, with the complete subject using about 80-90% of the square. Keep everything inside the frame.

Output: 512x512 PNG, RGBA, genuine transparent background. No text, numerals, labels, logos or watermark.",作成済み,,references/invidious.png
assets.png,資産,資産,"Subject: assets, target meaning ""資産"".

Composition: Show a compact group of owned valuables: coins, house key, savings document, and small property folder.

Style: Use the attached invidious.png for drawing style only. Match its thick rounded dark-brown contours, simplified rounded shapes, and restrained 2D cartoon shading. Do not copy the reference subject or composition.

Framing: One compact composition, with the complete subject using about 80-90% of the square. Keep everything inside the frame.

Output: 512x512 PNG, RGBA, genuine transparent background. No text, numerals, labels, logos or watermark.",作成済み,,references/invidious.png
creative.png,創造的な,創造的な,"Subject: creative, target meaning ""創造的な"".

Composition: Show one person turning plain clay and scrap materials into an unusual imaginative sculpture, with focused inventive expression.

Style: Use the attached invidious.png for drawing style only. Match its thick rounded dark-brown contours, simplified rounded shapes, and restrained 2D cartoon shading. Do not copy the reference subject or composition.

Framing: One compact composition, with the complete subject using about 80-90% of the square. Keep everything inside the frame.

Output: 512x512 PNG, RGBA, genuine transparent background. No text, numerals, labels, logos or watermark.",作成済み,,references/invidious.png
hotel.png,ホテル,ホテル,"Subject: hotel, target meaning ""ホテル"".

Composition: Show a multi-story hotel entrance with a covered drop-off canopy, glass doors, a luggage cart, and a reception desk visible just inside.

Style: Use the attached invidious.png for drawing style only. Match its thick rounded dark-brown contours, simplified rounded shapes, and restrained 2D cartoon shading. Do not copy the reference subject or composition.

Framing: One compact composition, with the complete subject using about 80-90% of the square. Keep everything inside the frame.

Output: 512x512 PNG, RGBA, genuine transparent background. No text, numerals, labels, logos or watermark.",作成済み,,references/invidious.png
ought@aiw.png,何か,何か,"Subject: ought, target meaning ""何か"".

Composition: Show one closed box among several ordinary objects, with a hand reaching toward that unspecified box to convey 'something' rather than a named item.

Style: Use the attached invidious.png for drawing style only. Match its thick rounded dark-brown contours, simplified rounded shapes, and restrained 2D cartoon shading. Do not copy the reference subject or composition.

Framing: One compact composition, with the complete subject using about 80-90% of the square. Keep everything inside the frame.

Output: 512x512 PNG, RGBA, genuine transparent background. No text, numerals, labels, logos or watermark.",作成済み,,references/invidious.png
theoretical.png,理論的な、理論に基づいた,理論的な,"Subject: theoretical, target meaning ""理論的な"".

Composition: Show a researcher studying an abstract geometric model and diagram on a board while no real machine or experiment is present, emphasizing ideas rather than practical use.

Style: Use the attached invidious.png for drawing style only. Match its thick rounded dark-brown contours, simplified rounded shapes, and restrained 2D cartoon shading. Do not copy the reference subject or composition.

Framing: One compact composition, with the complete subject using about 80-90% of the square. Keep everything inside the frame.

Output: 512x512 PNG, RGBA, genuine transparent background. No text, numerals, labels, logos or watermark.",作成済み,,references/invidious.png
tired.png,疲れた,疲れた,"Subject: tired, target meaning ""疲れた"".

Composition: Show an adult slumped into a chair after exertion, shoulders dropped, eyes half closed, and one hand wiping sweat.

Style: Use the attached invidious.png for drawing style only. Match its thick rounded dark-brown contours, simplified rounded shapes, and restrained 2D cartoon shading. Do not copy the reference subject or composition.

Framing: One compact composition, with the complete subject using about 80-90% of the square. Keep everything inside the frame.

Output: 512x512 PNG, RGBA, genuine transparent background. No text, numerals, labels, logos or watermark.",作成済み,,references/invidious.png
Rome.png,ローム,ローム,"Subject: Rome, target meaning ""ローム"".

Composition: Show one adult person named Rome in a natural waist-up portrait, wearing a plain collared shirt or simple jacket, relaxed neutral expression, shoulders fully visible, no props and no written name.

Style: Use the attached invidious.png for drawing style only. Match its thick rounded dark-brown contours, simplified rounded shapes, and restrained 2D cartoon shading. Do not copy the reference subject or composition.

Framing: One compact composition, with the complete subject using about 80-90% of the square. Keep everything inside the frame.

Output: 512x512 PNG, RGBA, genuine transparent background. No text, numerals, labels, logos or watermark.",作成済み,,references/invidious.png
prayer.png,祈り,祈り,"Subject: prayer, target meaning ""祈り"".

Composition: Show one person kneeling quietly with hands clasped and eyes closed in a simple place of worship.

Style: Use the attached invidious.png for drawing style only. Match its thick rounded dark-brown contours, simplified rounded shapes, and restrained 2D cartoon shading. Do not copy the reference subject or composition.

Framing: One compact composition, with the complete subject using about 80-90% of the square. Keep everything inside the frame.

Output: 512x512 PNG, RGBA, genuine transparent background. No text, numerals, labels, logos or watermark.",作成済み,,references/invidious.png
rapid.png,速い、急流,速い,"Subject: rapid, target meaning ""速い"".

Composition: Show a racing cyclist leaning low over the handlebars and speeding forward, with wheels blurred and clothing streaming backward to make the rapid motion unmistakable.

Style: Use the attached invidious.png for drawing style only. Match its thick rounded dark-brown contours, simplified rounded shapes, and restrained 2D cartoon shading. Do not copy the reference subject or composition.

Framing: One compact composition, with the complete subject using about 80-90% of the square. Keep everything inside the frame.

Output: 512x512 PNG, RGBA, genuine transparent background. No text, numerals, labels, logos or watermark.",作成済み,,references/invidious.png
Daniel.png,ダニエル,ダニエル,"Subject: Daniel, target meaning ""ダニエル"".

Composition: Show the biblical Daniel as an adult man in simple ancient Near Eastern robes, with a calm natural pose and one small period-appropriate scroll or landscape cue, no written name.

Style: Use the attached invidious.png for drawing style only. Match its thick rounded dark-brown contours, simplified rounded shapes, and restrained 2D cartoon shading. Do not copy the reference subject or composition.

Framing: One compact composition, with the complete subject using about 80-90% of the square. Keep everything inside the frame.

Output: 512x512 PNG, RGBA, genuine transparent background. No text, numerals, labels, logos or watermark.",作成済み,,references/invidious.png
bear@bher1.png,運ぶ、耐える、産む,運ぶ,"Subject: bear, target meaning ""運ぶ"".

Composition: Show one person carrying a heavy box securely in both arms while walking from one place to another.

Style: Use the attached invidious.png for drawing style only. Match its thick rounded dark-brown contours, simplified rounded shapes, and restrained 2D cartoon shading. Do not copy the reference subject or composition.

Framing: One compact composition, with the complete subject using about 80-90% of the square. Keep everything inside the frame.

Output: 512x512 PNG, RGBA, genuine transparent background. No text, numerals, labels, logos or watermark.",作成済み,,references/invidious.png
post@per1-sta.png,柱、投稿する,柱,"Subject: post, target meaning ""柱"".

Composition: Show one thick vertical wooden post firmly supporting a horizontal beam, with the post as the dominant structural element.

Style: Use the attached invidious.png for drawing style only. Match its thick rounded dark-brown contours, simplified rounded shapes, and restrained 2D cartoon shading. Do not copy the reference subject or composition.

Framing: One compact composition, with the complete subject using about 80-90% of the square. Keep everything inside the frame.

Output: 512x512 PNG, RGBA, genuine transparent background. No text, numerals, labels, logos or watermark.",作成済み,,references/invidious.png
Adam.png,アダム,アダム,"Subject: Adam, target meaning ""アダム"".

Composition: Show the biblical Adam as an adult man in simple ancient Near Eastern robes, with a calm natural pose and one small period-appropriate scroll or landscape cue, no written name.

Style: Use the attached invidious.png for drawing style only. Match its thick rounded dark-brown contours, simplified rounded shapes, and restrained 2D cartoon shading. Do not copy the reference subject or composition.

Framing: One compact composition, with the complete subject using about 80-90% of the square. Keep everything inside the frame.

Output: 512x512 PNG, RGBA, genuine transparent background. No text, numerals, labels, logos or watermark.",作成済み,,references/invidious.png
Italian.png,イタリアの,イタリアの,"Subject: Italian, target meaning ""イタリアの"".

Composition: Show the boot-shaped map of Italy with a small Roman stone arch and a Mediterranean cypress beside it, forming one compact scene that clearly signals something Italian without written labels.

Style: Use the attached invidious.png for drawing style only. Match its thick rounded dark-brown contours, simplified rounded shapes, and restrained 2D cartoon shading. Do not copy the reference subject or composition.

Framing: One compact composition, with the complete subject using about 80-90% of the square. Keep everything inside the frame.

Output: 512x512 PNG, RGBA, genuine transparent background. No text, numerals, labels, logos or watermark.",作成済み,,references/invidious.png
en.png,半角、二分,半角,"Subject: en, target meaning ""半角"".

Composition: Show two metal printing blocks side by side, one full-width square and one exactly half as wide, emphasizing the half-em typographic width.

Style: Use the attached invidious.png for drawing style only. Match its thick rounded dark-brown contours, simplified rounded shapes, and restrained 2D cartoon shading. Do not copy the reference subject or composition.

Framing: One compact composition, with the complete subject using about 80-90% of the square. Keep everything inside the frame.

Output: 512x512 PNG, RGBA, genuine transparent background. No text, numerals, labels, logos or watermark.",作成済み,,references/invidious.png
van.png,バン、先頭,バン,"Subject: van, target meaning ""バン"".

Composition: Show one compact delivery van in three-quarter view, with a tall enclosed cargo body, sliding side door, and clear wheels.

Style: Use the attached invidious.png for drawing style only. Match its thick rounded dark-brown contours, simplified rounded shapes, and restrained 2D cartoon shading. Do not copy the reference subject or composition.

Framing: One compact composition, with the complete subject using about 80-90% of the square. Keep everything inside the frame.

Output: 512x512 PNG, RGBA, genuine transparent background. No text, numerals, labels, logos or watermark.",作成済み,,references/invidious.png
border.png,縁,縁,"Subject: border, target meaning ""縁"".

Composition: Show two adjacent colored areas separated by one crisp boundary line, with the edge itself clearly emphasized.

Style: Use the attached invidious.png for drawing style only. Match its thick rounded dark-brown contours, simplified rounded shapes, and restrained 2D cartoon shading. Do not copy the reference subject or composition.

Framing: One compact composition, with the complete subject using about 80-90% of the square. Keep everything inside the frame.

Output: 512x512 PNG, RGBA, genuine transparent background. No text, numerals, labels, logos or watermark.",作成済み,,references/invidious.png
era.png,時代,時代,"Subject: era, target meaning ""時代"".

Composition: Show a compact timeline moving from an old oil lamp to a steam locomotive to a modern smartphone, indicating a distinct historical era through changing technology.

Style: Use the attached invidious.png for drawing style only. Match its thick rounded dark-brown contours, simplified rounded shapes, and restrained 2D cartoon shading. Do not copy the reference subject or composition.

Framing: One compact composition, with the complete subject using about 80-90% of the square. Keep everything inside the frame.

Output: 512x512 PNG, RGBA, genuine transparent background. No text, numerals, labels, logos or watermark.",作成済み,,references/invidious.png
leg.png,脚,脚,"Subject: leg, target meaning ""脚"".

Composition: Show one human leg from hip to foot, fully visible in a clean non-graphic anatomical style.

Style: Use the attached invidious.png for drawing style only. Match its thick rounded dark-brown contours, simplified rounded shapes, and restrained 2D cartoon shading. Do not copy the reference subject or composition.

Framing: One compact composition, with the complete subject using about 80-90% of the square. Keep everything inside the frame.

Output: 512x512 PNG, RGBA, genuine transparent background. No text, numerals, labels, logos or watermark.",作成済み,,references/invidious.png
lights.png,家畜の肺臓,家畜の肺臓,"Subject: lights, target meaning ""家畜の肺臓"".

Composition: Show clean anatomical pair of lungs with branching airways, fully visible in a clean non-graphic anatomical style.

Style: Use the attached invidious.png for drawing style only. Match its thick rounded dark-brown contours, simplified rounded shapes, and restrained 2D cartoon shading. Do not copy the reference subject or composition.

Framing: One compact composition, with the complete subject using about 80-90% of the square. Keep everything inside the frame.

Output: 512x512 PNG, RGBA, genuine transparent background. No text, numerals, labels, logos or watermark.",作成済み,,references/invidious.png
rising.png,上昇する、反乱,上昇する,"Subject: rising, target meaning ""上昇する"".

Composition: Show one person lifting a box from waist height onto a clearly higher shelf, with the upward movement visible.

Style: Use the attached invidious.png for drawing style only. Match its thick rounded dark-brown contours, simplified rounded shapes, and restrained 2D cartoon shading. Do not copy the reference subject or composition.

Framing: One compact composition, with the complete subject using about 80-90% of the square. Keep everything inside the frame.

Output: 512x512 PNG, RGBA, genuine transparent background. No text, numerals, labels, logos or watermark.",作成済み,,references/invidious.png
shock.png,衝撃,衝撃,"Subject: shock, target meaning ""衝撃"".

Composition: Show one person recoiling with wide eyes and raised shoulders after a sudden loud crash nearby.

Style: Use the attached invidious.png for drawing style only. Match its thick rounded dark-brown contours, simplified rounded shapes, and restrained 2D cartoon shading. Do not copy the reference subject or composition.

Framing: One compact composition, with the complete subject using about 80-90% of the square. Keep everything inside the frame.

Output: 512x512 PNG, RGBA, genuine transparent background. No text, numerals, labels, logos or watermark.",作成済み,,references/invidious.png
cry.png,泣く、涙を流す,泣く,"Subject: cry, target meaning ""泣く"".

Composition: Show one person with tears running down both cheeks, trembling mouth, and shoulders drawn inward.

Style: Use the attached invidious.png for drawing style only. Match its thick rounded dark-brown contours, simplified rounded shapes, and restrained 2D cartoon shading. Do not copy the reference subject or composition.

Framing: One compact composition, with the complete subject using about 80-90% of the square. Keep everything inside the frame.

Output: 512x512 PNG, RGBA, genuine transparent background. No text, numerals, labels, logos or watermark.",作成済み,,references/invidious.png
fourth.png,第4の,第4の,"Subject: fourth, target meaning ""第4の"".

Composition: Show a row of identical simple objects with the 4th position clearly emphasized, keeping the quantity easy to count.

Style: Use the attached invidious.png for drawing style only. Match its thick rounded dark-brown contours, simplified rounded shapes, and restrained 2D cartoon shading. Do not copy the reference subject or composition.

Framing: One compact composition, with the complete subject using about 80-90% of the square. Keep everything inside the frame.

Output: 512x512 PNG, RGBA, genuine transparent background. No incidental text, numerals, or labels beyond what is essential to the target meaning. No logos or watermark.",作成済み,,references/invidious.png
rapidly.png,急速に,急速に,"Subject: rapidly, target meaning ""急速に"".

Composition: Show a sprinter accelerating hard from the starting blocks, body pitched forward with legs in full stride and strong motion streaks showing that the action is happening very quickly.

Style: Use the attached invidious.png for drawing style only. Match its thick rounded dark-brown contours, simplified rounded shapes, and restrained 2D cartoon shading. Do not copy the reference subject or composition.

Framing: One compact composition, with the complete subject using about 80-90% of the square. Keep everything inside the frame.

Output: 512x512 PNG, RGBA, genuine transparent background. No text, numerals, labels, logos or watermark.",作成済み,,references/invidious.png
thee.png,汝を,汝を,"Subject: thee, target meaning ""汝を"".

Composition: Show one speaker directly pointing toward a single person standing opposite them, making the addressed person unmistakably the object of 'thee'.

Style: Use the attached invidious.png for drawing style only. Match its thick rounded dark-brown contours, simplified rounded shapes, and restrained 2D cartoon shading. Do not copy the reference subject or composition.

Framing: One compact composition, with the complete subject using about 80-90% of the square. Keep everything inside the frame.

Output: 512x512 PNG, RGBA, genuine transparent background. No text, numerals, labels, logos or watermark.",作成済み,,references/invidious.png
governance.png,統治,統治,"Subject: governance, target meaning ""統治"".

Composition: Show a civic council making a shared decision around a table with town service documents and a public building behind.

Style: Use the attached invidious.png for drawing style only. Match its thick rounded dark-brown contours, simplified rounded shapes, and restrained 2D cartoon shading. Do not copy the reference subject or composition.

Framing: One compact composition, with the complete subject using about 80-90% of the square. Keep everything inside the frame.

Output: 512x512 PNG, RGBA, genuine transparent background. No text, numerals, labels, logos or watermark.",作成済み,,references/invidious.png
happening.png,出来事,出来事,"Subject: happening, target meaning ""出来事"".

Composition: Show a cup tipping over at the exact moment water spills across a table, capturing a clear event in progress.

Style: Use the attached invidious.png for drawing style only. Match its thick rounded dark-brown contours, simplified rounded shapes, and restrained 2D cartoon shading. Do not copy the reference subject or composition.

Framing: One compact composition, with the complete subject using about 80-90% of the square. Keep everything inside the frame.

Output: 512x512 PNG, RGBA, genuine transparent background. No text, numerals, labels, logos or watermark.",作成済み,,references/invidious.png
match@mag.png,試合,試合,"Subject: match, target meaning ""試合"".

Composition: Show two athletes facing each other across a marked court with a ball between them, clearly engaged in a competitive match.

Style: Use the attached invidious.png for drawing style only. Match its thick rounded dark-brown contours, simplified rounded shapes, and restrained 2D cartoon shading. Do not copy the reference subject or composition.

Framing: One compact composition, with the complete subject using about 80-90% of the square. Keep everything inside the frame.

Output: 512x512 PNG, RGBA, genuine transparent background. No text, numerals, labels, logos or watermark.",作成済み,,references/invidious.png
Johnson.png,ジョンソン,ジョンソン,"Subject: Johnson, target meaning ""ジョンソン"".

Composition: Show one adult person named Johnson in a natural waist-up portrait, wearing a plain collared shirt or simple jacket, relaxed neutral expression, shoulders fully visible, no props and no written name.

Style: Use the attached invidious.png for drawing style only. Match its thick rounded dark-brown contours, simplified rounded shapes, and restrained 2D cartoon shading. Do not copy the reference subject or composition.

Framing: One compact composition, with the complete subject using about 80-90% of the square. Keep everything inside the frame.

Output: 512x512 PNG, RGBA, genuine transparent background. No text, numerals, labels, logos or watermark.",作成済み,,references/invidious.png
campaign.png,組織的運動、キャンペーン,組織的運動,"Subject: campaign, target meaning ""組織的運動"".

Composition: Show a coordinated volunteer campaign: several people wearing matching armbands hand out identical leaflets while another person points to a shared task board, making the organized collective effort the focus.

Style: Use the attached invidious.png for drawing style only. Match its thick rounded dark-brown contours, simplified rounded shapes, and restrained 2D cartoon shading. Do not copy the reference subject or composition.

Framing: One compact composition, with the complete subject using about 80-90% of the square. Keep everything inside the frame.

Output: 512x512 PNG, RGBA, genuine transparent background. No text, numerals, labels, logos or watermark.",作成済み,,references/invidious.png
zero.png,ゼロ、零,ゼロ,"Subject: zero, target meaning ""ゼロ"".

Composition: Show a large clean numeral 0 as the sole dominant subject, centered and fully visible.

Style: Use the attached invidious.png for drawing style only. Match its thick rounded dark-brown contours, simplified rounded shapes, and restrained 2D cartoon shading. Do not copy the reference subject or composition.

Framing: One compact composition, with the complete subject using about 80-90% of the square. Keep everything inside the frame.

Output: 512x512 PNG, RGBA, genuine transparent background. No text, numerals, labels, logos or watermark.",作成済み,,references/invidious.png
bought.png,店(会社が従業員向けに開く売店),店(会社が従業員向けに開く売店),"Subject: bought, target meaning ""店(会社が従業員向けに開く売店)"".

Composition: Show a small employee shop inside a workplace, with shelves of snacks and daily necessities behind a counter while an employee makes a purchase; keep the compact company-store setting clearly visible.

Style: Use the attached invidious.png for drawing style only. Match its thick rounded dark-brown contours, simplified rounded shapes, and restrained 2D cartoon shading. Do not copy the reference subject or composition.

Framing: One compact composition, with the complete subject using about 80-90% of the square. Keep everything inside the frame.

Output: 512x512 PNG, RGBA, genuine transparent background. No text, numerals, labels, logos or watermark.",作成済み,,references/invidious.png
underlying.png,下部の、下層の,下部の,"Subject: underlying, target meaning ""下部の"".

Composition: Show a floor tile lifted at one corner to reveal the support beams directly underneath it, with the hidden lower layer clearly visible beneath the surface.

Style: Use the attached invidious.png for drawing style only. Match its thick rounded dark-brown contours, simplified rounded shapes, and restrained 2D cartoon shading. Do not copy the reference subject or composition.

Framing: One compact composition, with the complete subject using about 80-90% of the square. Keep everything inside the frame.

Output: 512x512 PNG, RGBA, genuine transparent background. No text, numerals, labels, logos or watermark.",作成済み,,references/invidious.png
childhood.png,子ども時代,子ども時代,"Subject: childhood, target meaning ""子ども時代"".

Composition: Show an elementary-school-aged child sitting on the floor beside toy blocks and a small school backpack, clearly depicting the period of life when someone is a child.

Style: Use the attached invidious.png for drawing style only. Match its thick rounded dark-brown contours, simplified rounded shapes, and restrained 2D cartoon shading. Do not copy the reference subject or composition.

Framing: One compact composition, with the complete subject using about 80-90% of the square. Keep everything inside the frame.

Output: 512x512 PNG, RGBA, genuine transparent background. No text, numerals, labels, logos or watermark.",作成済み,,references/invidious.png
link@leuk.png,たいまつ,たいまつ,"Subject: link, target meaning ""たいまつ"".

Composition: Show one handheld wooden torch with a cloth-wrapped top burning in a bright flame, fully visible from handle to flame.

Style: Use the attached invidious.png for drawing style only. Match its thick rounded dark-brown contours, simplified rounded shapes, and restrained 2D cartoon shading. Do not copy the reference subject or composition.

Framing: One compact composition, with the complete subject using about 80-90% of the square. Keep everything inside the frame.

Output: 512x512 PNG, RGBA, genuine transparent background. No text, numerals, labels, logos or watermark.",作成済み,,references/invidious.png
yield.png,収穫高、譲る,収穫高,"Subject: yield, target meaning ""収穫高"".

Composition: Show several baskets filled with freshly harvested wheat and vegetables beside a small field, emphasizing the amount produced by the harvest.

Style: Use the attached invidious.png for drawing style only. Match its thick rounded dark-brown contours, simplified rounded shapes, and restrained 2D cartoon shading. Do not copy the reference subject or composition.

Framing: One compact composition, with the complete subject using about 80-90% of the square. Keep everything inside the frame.

Output: 512x512 PNG, RGBA, genuine transparent background. No text, numerals, labels, logos or watermark.",作成済み,,references/invidious.png
Taylor.png,テイラ,テイラ,"Subject: Taylor, target meaning ""テイラ"".

Composition: Show one adult person named Taylor in a natural waist-up portrait, wearing a plain collared shirt or simple jacket, relaxed neutral expression, shoulders fully visible, no props and no written name.

Style: Use the attached invidious.png for drawing style only. Match its thick rounded dark-brown contours, simplified rounded shapes, and restrained 2D cartoon shading. Do not copy the reference subject or composition.

Framing: One compact composition, with the complete subject using about 80-90% of the square. Keep everything inside the frame.

Output: 512x512 PNG, RGBA, genuine transparent background. No text, numerals, labels, logos or watermark.",作成済み,,references/invidious.png
farm.png,農場,農場,"Subject: farm, target meaning ""農場"".

Composition: Show a red barn, fenced crop rows, a small tractor, and one silo grouped into a compact working farm scene.

Style: Use the attached invidious.png for drawing style only. Match its thick rounded dark-brown contours, simplified rounded shapes, and restrained 2D cartoon shading. Do not copy the reference subject or composition.

Framing: One compact composition, with the complete subject using about 80-90% of the square. Keep everything inside the frame.

Output: 512x512 PNG, RGBA, genuine transparent background. No text, numerals, labels, logos or watermark.",作成済み,,references/invidious.png
nervous.png,神経質な,神経質な,"Subject: nervous, target meaning ""神経質な"".

Composition: Show one person fidgeting with clasped hands, tense shoulders, worried eyes, and a small sweat bead at the temple.

Style: Use the attached invidious.png for drawing style only. Match its thick rounded dark-brown contours, simplified rounded shapes, and restrained 2D cartoon shading. Do not copy the reference subject or composition.

Framing: One compact composition, with the complete subject using about 80-90% of the square. Keep everything inside the frame.

Output: 512x512 PNG, RGBA, genuine transparent background. No text, numerals, labels, logos or watermark.",作成済み,,references/invidious.png
saved.png,蓄えられた、取っておいた,蓄えられた,"Subject: saved, target meaning ""蓄えられた"".

Composition: Show neatly stored coins being placed into a labeled-free glass jar and then kept safely on a shelf, emphasizing money deliberately set aside.

Style: Use the attached invidious.png for drawing style only. Match its thick rounded dark-brown contours, simplified rounded shapes, and restrained 2D cartoon shading. Do not copy the reference subject or composition.

Framing: One compact composition, with the complete subject using about 80-90% of the square. Keep everything inside the frame.

Output: 512x512 PNG, RGBA, genuine transparent background. No text, numerals, labels, logos or watermark.",作成済み,,references/invidious.png
AI.png,人工知能,人工知能,"Subject: AI, target meaning ""人工知能"".

Composition: Show a compact computer or robot head with a glowing network-like brain made of connected nodes, clearly suggesting artificial intelligence.

Style: Use the attached invidious.png for drawing style only. Match its thick rounded dark-brown contours, simplified rounded shapes, and restrained 2D cartoon shading. Do not copy the reference subject or composition.

Framing: One compact composition, with the complete subject using about 80-90% of the square. Keep everything inside the frame.

Output: 512x512 PNG, RGBA, genuine transparent background. No text, numerals, labels, logos or watermark.",作成済み,,references/invidious.png
drove.png,家畜の群れ、追い立てた,家畜の群れ,"Subject: drove, target meaning ""家畜の群れ"".

Composition: Show a compact herd of cattle moving together along a dirt track, guided from behind, with the herd as the main subject.

Style: Use the attached invidious.png for drawing style only. Match its thick rounded dark-brown contours, simplified rounded shapes, and restrained 2D cartoon shading. Do not copy the reference subject or composition.

Framing: One compact composition, with the complete subject using about 80-90% of the square. Keep everything inside the frame.

Output: 512x512 PNG, RGBA, genuine transparent background. No text, numerals, labels, logos or watermark.",作成済み,,references/invidious.png
flesh.png,肉,肉,"Subject: flesh, target meaning ""肉"".

Composition: Show a clean anatomical cutaway of an arm with skin lifted slightly to reveal the soft red muscle and flesh beneath, non-graphic and educational.

Style: Use the attached invidious.png for drawing style only. Match its thick rounded dark-brown contours, simplified rounded shapes, and restrained 2D cartoon shading. Do not copy the reference subject or composition.

Framing: One compact composition, with the complete subject using about 80-90% of the square. Keep everything inside the frame.

Output: 512x512 PNG, RGBA, genuine transparent background. No text, numerals, labels, logos or watermark.",作成済み,,references/invidious.png
hate.png,憎む,憎む,"Subject: hate, target meaning ""憎む"".

Composition: Show one adult with narrowed eyes, clenched jaw, tense shoulders, and a strong rejecting gesture, without physical violence.

Style: Use the attached invidious.png for drawing style only. Match its thick rounded dark-brown contours, simplified rounded shapes, and restrained 2D cartoon shading. Do not copy the reference subject or composition.

Framing: One compact composition, with the complete subject using about 80-90% of the square. Keep everything inside the frame.

Output: 512x512 PNG, RGBA, genuine transparent background. No text, numerals, labels, logos or watermark.",作成済み,,references/invidious.png
organized.png,組織された,組織された,"Subject: organized, target meaning ""組織された"".

Composition: Show previously scattered objects arranged neatly into aligned rows and clearly separated groups.

Style: Use the attached invidious.png for drawing style only. Match its thick rounded dark-brown contours, simplified rounded shapes, and restrained 2D cartoon shading. Do not copy the reference subject or composition.

Framing: One compact composition, with the complete subject using about 80-90% of the square. Keep everything inside the frame.

Output: 512x512 PNG, RGBA, genuine transparent background. No text, numerals, labels, logos or watermark.",作成済み,,references/invidious.png
ride.png,乗る,乗る,"Subject: ride, target meaning ""乗る"".

Composition: Show one rider seated securely on a bicycle or horse moving forward, hands controlling the ride.

Style: Use the attached invidious.png for drawing style only. Match its thick rounded dark-brown contours, simplified rounded shapes, and restrained 2D cartoon shading. Do not copy the reference subject or composition.

Framing: One compact composition, with the complete subject using about 80-90% of the square. Keep everything inside the frame.

Output: 512x512 PNG, RGBA, genuine transparent background. No text, numerals, labels, logos or watermark.",作成済み,,references/invidious.png
spoken@spreg1.png,話した(speak の過去分詞),話した(speak の過去分詞),"Subject: spoken, target meaning ""話した(speak の過去分詞)"".

Composition: Show one person who has just finished speaking, mouth closing while a few fading speech-wave marks remain in front of them.

Style: Use the attached invidious.png for drawing style only. Match its thick rounded dark-brown contours, simplified rounded shapes, and restrained 2D cartoon shading. Do not copy the reference subject or composition.

Framing: One compact composition, with the complete subject using about 80-90% of the square. Keep everything inside the frame.

Output: 512x512 PNG, RGBA, genuine transparent background. No text, numerals, labels, logos or watermark.",作成済み,,references/invidious.png
steel.png,鋼,鋼,"Subject: steel, target meaning ""鋼"".

Composition: Show one shiny steel I-beam and a flat steel plate together, with cool gray metallic surfaces and crisp industrial edges.

Style: Use the attached invidious.png for drawing style only. Match its thick rounded dark-brown contours, simplified rounded shapes, and restrained 2D cartoon shading. Do not copy the reference subject or composition.

Framing: One compact composition, with the complete subject using about 80-90% of the square. Keep everything inside the frame.

Output: 512x512 PNG, RGBA, genuine transparent background. No text, numerals, labels, logos or watermark.",作成済み,,references/invidious.png
meat.png,肉、要点,肉,"Subject: meat, target meaning ""肉"".

Composition: Show one uncooked red steak on a simple cutting board, with clear muscle texture and no packaging or labels.

Style: Use the attached invidious.png for drawing style only. Match its thick rounded dark-brown contours, simplified rounded shapes, and restrained 2D cartoon shading. Do not copy the reference subject or composition.

Framing: One compact composition, with the complete subject using about 80-90% of the square. Keep everything inside the frame.

Output: 512x512 PNG, RGBA, genuine transparent background. No text, numerals, labels, logos or watermark.",作成済み,,references/invidious.png
hide@skeu.png,隠す、獣の皮,隠す,"Subject: hide, target meaning ""隠す"".

Composition: Show one small object partly concealed behind a larger box so only a small edge remains visible.

Style: Use the attached invidious.png for drawing style only. Match its thick rounded dark-brown contours, simplified rounded shapes, and restrained 2D cartoon shading. Do not copy the reference subject or composition.

Framing: One compact composition, with the complete subject using about 80-90% of the square. Keep everything inside the frame.

Output: 512x512 PNG, RGBA, genuine transparent background. No text, numerals, labels, logos or watermark.",作成済み,,references/invidious.png
marketing.png,マーケティング,マーケティング,"Subject: marketing, target meaning ""マーケティング"".

Composition: Show a product on a small display stand while one marketer points to a simple chart and a second person examines the product, conveying promotion and market planning.

Style: Use the attached invidious.png for drawing style only. Match its thick rounded dark-brown contours, simplified rounded shapes, and restrained 2D cartoon shading. Do not copy the reference subject or composition.

Framing: One compact composition, with the complete subject using about 80-90% of the square. Keep everything inside the frame.

Output: 512x512 PNG, RGBA, genuine transparent background. No text, numerals, labels, logos or watermark.",作成済み,,references/invidious.png
IEEE.png,米国電気電子学会,米国電気電子学会,"Subject: IEEE, target meaning ""米国電気電子学会"".

Composition: Show a small group of electrical and electronics engineers gathered around a circuit board and oscilloscope, one pointing to a waveform while the others examine the equipment, representing a professional engineering institute.

Style: Use the attached invidious.png for drawing style only. Match its thick rounded dark-brown contours, simplified rounded shapes, and restrained 2D cartoon shading. Do not copy the reference subject or composition.

Framing: One compact composition, with the complete subject using about 80-90% of the square. Keep everything inside the frame.

Output: 512x512 PNG, RGBA, genuine transparent background. No text, numerals, labels, logos or watermark.",作成済み,,references/invidious.png
hung@konk.png,吊るした(hang の過去・過去分詞),吊るした(hang の過去・過去分詞),"Subject: hung, target meaning ""吊るした(hang の過去・過去分詞)"".

Composition: Show a coat already suspended from a wall hook, with the hanger and coat hanging freely downward.

Style: Use the attached invidious.png for drawing style only. Match its thick rounded dark-brown contours, simplified rounded shapes, and restrained 2D cartoon shading. Do not copy the reference subject or composition.

Framing: One compact composition, with the complete subject using about 80-90% of the square. Keep everything inside the frame.

Output: 512x512 PNG, RGBA, genuine transparent background. No text, numerals, labels, logos or watermark.",作成済み,,references/invidious.png
Asian.png,アジアの、アジア的な,アジアの,"Subject: Asian, target meaning ""アジアの"".

Composition: Show a simplified map silhouette of Asia with a compact mix of recognizable landscape cues—high mountains, a pagoda roof, and tropical coastline—kept secondary to the continent shape and without labels.

Style: Use the attached invidious.png for drawing style only. Match its thick rounded dark-brown contours, simplified rounded shapes, and restrained 2D cartoon shading. Do not copy the reference subject or composition.

Framing: One compact composition, with the complete subject using about 80-90% of the square. Keep everything inside the frame.

Output: 512x512 PNG, RGBA, genuine transparent background. No text, numerals, labels, logos or watermark.",作成済み,,references/invidious.png
Ireland.png,アイルランド,アイルランド,"Subject: Ireland, target meaning ""アイルランド"".

Composition: Show a simplified map silhouette of Ireland behind a compact local landscape or city scene, with one recognizable landmark-like structure or terrain feature in front; no written place name.

Style: Use the attached invidious.png for drawing style only. Match its thick rounded dark-brown contours, simplified rounded shapes, and restrained 2D cartoon shading. Do not copy the reference subject or composition.

Framing: One compact composition, with the complete subject using about 80-90% of the square. Keep everything inside the frame.

Output: 512x512 PNG, RGBA, genuine transparent background. No text, numerals, labels, logos or watermark.",作成済み,,references/invidious.png
breast.png,胸,胸,"Subject: breast, target meaning ""胸"".

Composition: Show human upper torso with the chest area clearly emphasized, fully visible in a clean non-graphic anatomical style.

Style: Use the attached invidious.png for drawing style only. Match its thick rounded dark-brown contours, simplified rounded shapes, and restrained 2D cartoon shading. Do not copy the reference subject or composition.

Framing: One compact composition, with the complete subject using about 80-90% of the square. Keep everything inside the frame.

Output: 512x512 PNG, RGBA, genuine transparent background. No text, numerals, labels, logos or watermark.",作成済み,,references/invidious.png
feedback.png,フィードバック、帰還,フィードバック,"Subject: feedback, target meaning ""フィードバック"".

Composition: Show one person presenting a simple design sheet while another points to a specific area and gives a clear approving/corrective gesture, conveying feedback on the work.

Style: Use the attached invidious.png for drawing style only. Match its thick rounded dark-brown contours, simplified rounded shapes, and restrained 2D cartoon shading. Do not copy the reference subject or composition.

Framing: One compact composition, with the complete subject using about 80-90% of the square. Keep everything inside the frame.

Output: 512x512 PNG, RGBA, genuine transparent background. No text, numerals, labels, logos or watermark.",作成済み,,references/invidious.png
grace.png,優雅さ、恩恵,優雅さ,"Subject: grace, target meaning ""優雅さ"".

Composition: Show a ballet dancer holding a poised arabesque with relaxed shoulders, extended arms, pointed foot, and calm expression, making the controlled elegance and grace of the movement the focus.

Style: Use the attached invidious.png for drawing style only. Match its thick rounded dark-brown contours, simplified rounded shapes, and restrained 2D cartoon shading. Do not copy the reference subject or composition.

Framing: One compact composition, with the complete subject using about 80-90% of the square. Keep everything inside the frame.

Output: 512x512 PNG, RGBA, genuine transparent background. No text, numerals, labels, logos or watermark.",作成済み,,references/invidious.png
healing.png,癒しの,癒しの,"Subject: healing, target meaning ""癒しの"".

Composition: Show a patient improving after simple treatment, sitting upright with healthier color while a small bandage or medicine rests nearby.

Style: Use the attached invidious.png for drawing style only. Match its thick rounded dark-brown contours, simplified rounded shapes, and restrained 2D cartoon shading. Do not copy the reference subject or composition.

Framing: One compact composition, with the complete subject using about 80-90% of the square. Keep everything inside the frame.

Output: 512x512 PNG, RGBA, genuine transparent background. No text, numerals, labels, logos or watermark.",作成済み,,references/invidious.png
integrated.png,統合された、合成した,統合された,"Subject: integrated, target meaning ""統合された"".

Composition: Show several different pieces joining seamlessly into one complete functioning whole.

Style: Use the attached invidious.png for drawing style only. Match its thick rounded dark-brown contours, simplified rounded shapes, and restrained 2D cartoon shading. Do not copy the reference subject or composition.

Framing: One compact composition, with the complete subject using about 80-90% of the square. Keep everything inside the frame.

Output: 512x512 PNG, RGBA, genuine transparent background. No text, numerals, labels, logos or watermark.",作成済み,,references/invidious.png
membrane.png,膜,膜,"Subject: membrane, target meaning ""膜"".

Composition: Show a simplified cell cross-section with one thin flexible outer membrane enclosing the cell contents, the boundary clearly emphasized.

Style: Use the attached invidious.png for drawing style only. Match its thick rounded dark-brown contours, simplified rounded shapes, and restrained 2D cartoon shading. Do not copy the reference subject or composition.

Framing: One compact composition, with the complete subject using about 80-90% of the square. Keep everything inside the frame.

Output: 512x512 PNG, RGBA, genuine transparent background. No text, numerals, labels, logos or watermark.",作成済み,,references/invidious.png
Jones.png,ジョウンズ,ジョウンズ,"Subject: Jones, target meaning ""ジョウンズ"".

Composition: Show one adult person named Jones in a natural waist-up portrait, wearing a plain collared shirt or simple jacket, relaxed neutral expression, shoulders fully visible, no props and no written name.

Style: Use the attached invidious.png for drawing style only. Match its thick rounded dark-brown contours, simplified rounded shapes, and restrained 2D cartoon shading. Do not copy the reference subject or composition.

Framing: One compact composition, with the complete subject using about 80-90% of the square. Keep everything inside the frame.

Output: 512x512 PNG, RGBA, genuine transparent background. No text, numerals, labels, logos or watermark.",作成済み,,references/invidious.png
fallen.png,落ちた,落ちた,"Subject: fallen, target meaning ""落ちた"".

Composition: Show a ripe apple lying on the ground directly beneath its tree, with one empty stem above indicating that it has fallen.

Style: Use the attached invidious.png for drawing style only. Match its thick rounded dark-brown contours, simplified rounded shapes, and restrained 2D cartoon shading. Do not copy the reference subject or composition.

Framing: One compact composition, with the complete subject using about 80-90% of the square. Keep everything inside the frame.

Output: 512x512 PNG, RGBA, genuine transparent background. No text, numerals, labels, logos or watermark.",作成済み,,references/invidious.png
gate.png,門、入場者数,門,"Subject: gate, target meaning ""門"".

Composition: Show one sturdy hinged entrance gate between two fence posts, partly open so its function as an entry barrier is obvious.

Style: Use the attached invidious.png for drawing style only. Match its thick rounded dark-brown contours, simplified rounded shapes, and restrained 2D cartoon shading. Do not copy the reference subject or composition.

Framing: One compact composition, with the complete subject using about 80-90% of the square. Keep everything inside the frame.

Output: 512x512 PNG, RGBA, genuine transparent background. No text, numerals, labels, logos or watermark.",作成済み,,references/invidious.png
snow.png,雪,雪,"Subject: snow, target meaning ""雪"".

Composition: Show one compact mound of fresh white snow with several distinct snowflakes falling above it.

Style: Use the attached invidious.png for drawing style only. Match its thick rounded dark-brown contours, simplified rounded shapes, and restrained 2D cartoon shading. Do not copy the reference subject or composition.

Framing: One compact composition, with the complete subject using about 80-90% of the square. Keep everything inside the frame.

Output: 512x512 PNG, RGBA, genuine transparent background. No text, numerals, labels, logos or watermark.",作成済み,,references/invidious.png
column.png,柱、コラム,柱,"Subject: column, target meaning ""柱"".

Composition: Show one tall classical stone column with base, shaft, and capital fully visible from bottom to top.

Style: Use the attached invidious.png for drawing style only. Match its thick rounded dark-brown contours, simplified rounded shapes, and restrained 2D cartoon shading. Do not copy the reference subject or composition.

Framing: One compact composition, with the complete subject using about 80-90% of the square. Keep everything inside the frame.

Output: 512x512 PNG, RGBA, genuine transparent background. No text, numerals, labels, logos or watermark.",作成済み,,references/invidious.png
Egypt.png,エジプト,エジプト,"Subject: Egypt, target meaning ""エジプト"".

Composition: Show a simplified map silhouette of Egypt behind a compact local landscape or city scene, with one recognizable landmark-like structure or terrain feature in front; no written place name.

Style: Use the attached invidious.png for drawing style only. Match its thick rounded dark-brown contours, simplified rounded shapes, and restrained 2D cartoon shading. Do not copy the reference subject or composition.

Framing: One compact composition, with the complete subject using about 80-90% of the square. Keep everything inside the frame.

Output: 512x512 PNG, RGBA, genuine transparent background. No text, numerals, labels, logos or watermark.",作成済み,,references/invidious.png
Elizabeth.png,エリザベス,エリザベス,"Subject: Elizabeth, target meaning ""エリザベス"".

Composition: Show one adult person named Elizabeth in a natural waist-up portrait, wearing a plain collared shirt or simple jacket, relaxed neutral expression, shoulders fully visible, no props and no written name.

Style: Use the attached invidious.png for drawing style only. Match its thick rounded dark-brown contours, simplified rounded shapes, and restrained 2D cartoon shading. Do not copy the reference subject or composition.

Framing: One compact composition, with the complete subject using about 80-90% of the square. Keep everything inside the frame.

Output: 512x512 PNG, RGBA, genuine transparent background. No text, numerals, labels, logos or watermark.",作成済み,,references/invidious.png
bond.png,絆、債券,絆,"Subject: bond, target meaning ""絆"".

Composition: Show two people clasping forearms while standing close together, with a strong linked chain motif behind their joined hands to convey a personal bond.

Style: Use the attached invidious.png for drawing style only. Match its thick rounded dark-brown contours, simplified rounded shapes, and restrained 2D cartoon shading. Do not copy the reference subject or composition.

Framing: One compact composition, with the complete subject using about 80-90% of the square. Keep everything inside the frame.

Output: 512x512 PNG, RGBA, genuine transparent background. No text, numerals, labels, logos or watermark.",作成済み,,references/invidious.png
anymore.png,これ以上、もはや,これ以上,"Subject: anymore, target meaning ""これ以上"".

Composition: Show an empty shelf where a familiar object used to sit, with one person looking at the vacant space to convey that it is no longer there.

Style: Use the attached invidious.png for drawing style only. Match its thick rounded dark-brown contours, simplified rounded shapes, and restrained 2D cartoon shading. Do not copy the reference subject or composition.

Framing: One compact composition, with the complete subject using about 80-90% of the square. Keep everything inside the frame.

Output: 512x512 PNG, RGBA, genuine transparent background. No text, numerals, labels, logos or watermark.",作成済み,,references/invidious.png
burning.png,燃えている,燃えている,"Subject: burning, target meaning ""燃えている"".

Composition: Show one log or pile of kindling actively catching fire with visible flames and glowing embers.

Style: Use the attached invidious.png for drawing style only. Match its thick rounded dark-brown contours, simplified rounded shapes, and restrained 2D cartoon shading. Do not copy the reference subject or composition.

Framing: One compact composition, with the complete subject using about 80-90% of the square. Keep everything inside the frame.

Output: 512x512 PNG, RGBA, genuine transparent background. No text, numerals, labels, logos or watermark.",作成済み,,references/invidious.png
employee.png,従業員、社員,従業員,"Subject: employee, target meaning ""従業員"".

Composition: Show one office employee wearing a simple ID badge, seated at a desk working on a computer with documents nearby.

Style: Use the attached invidious.png for drawing style only. Match its thick rounded dark-brown contours, simplified rounded shapes, and restrained 2D cartoon shading. Do not copy the reference subject or composition.

Framing: One compact composition, with the complete subject using about 80-90% of the square. Keep everything inside the frame.

Output: 512x512 PNG, RGBA, genuine transparent background. No text, numerals, labels, logos or watermark.",作成済み,,references/invidious.png
forty.png,40,40,"Subject: forty, target meaning ""40"".

Composition: Show a row of identical simple objects with the 40th position clearly emphasized, keeping the quantity easy to count.

Style: Use the attached invidious.png for drawing style only. Match its thick rounded dark-brown contours, simplified rounded shapes, and restrained 2D cartoon shading. Do not copy the reference subject or composition.

Framing: One compact composition, with the complete subject using about 80-90% of the square. Keep everything inside the frame.

Output: 512x512 PNG, RGBA, genuine transparent background. No incidental text, numerals, or labels beyond what is essential to the target meaning. No logos or watermark.",作成済み,,references/invidious.png
smooth.png,平らにする、ざらつきを減らす,平らにする,"Subject: smooth, target meaning ""平らにする"".

Composition: Show a hand sliding over a perfectly smooth polished board, contrasted with a small rough unfinished edge.

Style: Use the attached invidious.png for drawing style only. Match its thick rounded dark-brown contours, simplified rounded shapes, and restrained 2D cartoon shading. Do not copy the reference subject or composition.

Framing: One compact composition, with the complete subject using about 80-90% of the square. Keep everything inside the frame.

Output: 512x512 PNG, RGBA, genuine transparent background. No text, numerals, labels, logos or watermark.",作成済み,,references/invidious.png
Sarah.png,サラ、セイラ,サラ,"Subject: Sarah, target meaning ""サラ"".

Composition: Show one adult person named Sarah in a natural waist-up portrait, wearing a plain collared shirt or simple jacket, relaxed neutral expression, shoulders fully visible, no props and no written name.

Style: Use the attached invidious.png for drawing style only. Match its thick rounded dark-brown contours, simplified rounded shapes, and restrained 2D cartoon shading. Do not copy the reference subject or composition.

Framing: One compact composition, with the complete subject using about 80-90% of the square. Keep everything inside the frame.

Output: 512x512 PNG, RGBA, genuine transparent background. No text, numerals, labels, logos or watermark.",作成済み,,references/invidious.png
counter@kom-pau2.png,カウンター,カウンター,"Subject: counter, target meaning ""カウンター"".

Composition: Show one shop checkout counter with a cash register on top and a customer-facing surface clearly separating clerk and customer sides.

Style: Use the attached invidious.png for drawing style only. Match its thick rounded dark-brown contours, simplified rounded shapes, and restrained 2D cartoon shading. Do not copy the reference subject or composition.

Framing: One compact composition, with the complete subject using about 80-90% of the square. Keep everything inside the frame.

Output: 512x512 PNG, RGBA, genuine transparent background. No text, numerals, labels, logos or watermark.",作成済み,,references/invidious.png
drinking.png,飲むこと,飲むこと,"Subject: drinking, target meaning ""飲むこと"".

Composition: Show one adult lifting a glass of water to the mouth and taking a sip.

Style: Use the attached invidious.png for drawing style only. Match its thick rounded dark-brown contours, simplified rounded shapes, and restrained 2D cartoon shading. Do not copy the reference subject or composition.

Framing: One compact composition, with the complete subject using about 80-90% of the square. Keep everything inside the frame.

Output: 512x512 PNG, RGBA, genuine transparent background. No text, numerals, labels, logos or watermark.",作成済み,,references/invidious.png
fail.png,失敗する、しくじる,失敗する,"Subject: fail, target meaning ""失敗する"".

Composition: Show a simple structure collapsing during a test while the builder reacts with disappointment.

Style: Use the attached invidious.png for drawing style only. Match its thick rounded dark-brown contours, simplified rounded shapes, and restrained 2D cartoon shading. Do not copy the reference subject or composition.

Framing: One compact composition, with the complete subject using about 80-90% of the square. Keep everything inside the frame.

Output: 512x512 PNG, RGBA, genuine transparent background. No text, numerals, labels, logos or watermark.",作成済み,,references/invidious.png
variation.png,変化、変奏曲,変化,"Subject: variation, target meaning ""変化"".

Composition: Show a single collection containing visibly different shapes, sizes, and colors rather than repeated identical items.

Style: Use the attached invidious.png for drawing style only. Match its thick rounded dark-brown contours, simplified rounded shapes, and restrained 2D cartoon shading. Do not copy the reference subject or composition.

Framing: One compact composition, with the complete subject using about 80-90% of the square. Keep everything inside the frame.

Output: 512x512 PNG, RGBA, genuine transparent background. No text, numerals, labels, logos or watermark.",作成済み,,references/invidious.png
Joe.png,ジョー,ジョー,"Subject: Joe, target meaning ""ジョー"".

Composition: Show one adult person named Joe in a natural waist-up portrait, wearing a plain collared shirt or simple jacket, relaxed neutral expression, shoulders fully visible, no props and no written name.

Style: Use the attached invidious.png for drawing style only. Match its thick rounded dark-brown contours, simplified rounded shapes, and restrained 2D cartoon shading. Do not copy the reference subject or composition.

Framing: One compact composition, with the complete subject using about 80-90% of the square. Keep everything inside the frame.

Output: 512x512 PNG, RGBA, genuine transparent background. No text, numerals, labels, logos or watermark.",作成済み,,references/invidious.png
stream.png,小川,小川,"Subject: stream, target meaning ""小川"".

Composition: Show a narrow clear freshwater stream winding between stones and grassy banks, with visible flowing water.

Style: Use the attached invidious.png for drawing style only. Match its thick rounded dark-brown contours, simplified rounded shapes, and restrained 2D cartoon shading. Do not copy the reference subject or composition.

Framing: One compact composition, with the complete subject using about 80-90% of the square. Keep everything inside the frame.

Output: 512x512 PNG, RGBA, genuine transparent background. No text, numerals, labels, logos or watermark.",作成済み,,references/invidious.png
glance@gel2.png,ちらりと見る、かすめる,ちらりと見る,"Subject: glance, target meaning ""ちらりと見る"".

Composition: Show one person keeping the head mostly forward while the eyes flick briefly sideways toward a wristwatch, capturing a quick momentary glance rather than a sustained look.

Style: Use the attached invidious.png for drawing style only. Match its thick rounded dark-brown contours, simplified rounded shapes, and restrained 2D cartoon shading. Do not copy the reference subject or composition.

Framing: One compact composition, with the complete subject using about 80-90% of the square. Keep everything inside the frame.

Output: 512x512 PNG, RGBA, genuine transparent background. No text, numerals, labels, logos or watermark.",作成済み,,references/invidious.png
radio.png,ラジオ、無線通信,ラジオ,"Subject: radio, target meaning ""ラジオ"".

Composition: Show one portable tabletop radio with a speaker grille, tuning dial, antenna, and small knobs fully visible.

Style: Use the attached invidious.png for drawing style only. Match its thick rounded dark-brown contours, simplified rounded shapes, and restrained 2D cartoon shading. Do not copy the reference subject or composition.

Framing: One compact composition, with the complete subject using about 80-90% of the square. Keep everything inside the frame.

Output: 512x512 PNG, RGBA, genuine transparent background. No text, numerals, labels, logos or watermark.",作成済み,,references/invidious.png
reveal@re-weg1.png,明らかにする,明らかにする,"Subject: reveal, target meaning ""明らかにする"".

Composition: Show two hands pulling away a cloth cover to expose a previously hidden object underneath.

Style: Use the attached invidious.png for drawing style only. Match its thick rounded dark-brown contours, simplified rounded shapes, and restrained 2D cartoon shading. Do not copy the reference subject or composition.

Framing: One compact composition, with the complete subject using about 80-90% of the square. Keep everything inside the frame.

Output: 512x512 PNG, RGBA, genuine transparent background. No text, numerals, labels, logos or watermark.",作成済み,,references/invidious.png
stronger.png,より強い,より強い,"Subject: stronger, target meaning ""より強い"".

Composition: Show one person stretching a heavy resistance band farther than another person, with the stronger effort clearly controlled.

Style: Use the attached invidious.png for drawing style only. Match its thick rounded dark-brown contours, simplified rounded shapes, and restrained 2D cartoon shading. Do not copy the reference subject or composition.

Framing: One compact composition, with the complete subject using about 80-90% of the square. Keep everything inside the frame.

Output: 512x512 PNG, RGBA, genuine transparent background. No text, numerals, labels, logos or watermark.",作成済み,,references/invidious.png
Mexico.png,メキシコ,メキシコ,"Subject: Mexico, target meaning ""メキシコ"".

Composition: Show a simplified map silhouette of Mexico behind a compact local landscape or city scene, with one recognizable landmark-like structure or terrain feature in front; no written place name.

Style: Use the attached invidious.png for drawing style only. Match its thick rounded dark-brown contours, simplified rounded shapes, and restrained 2D cartoon shading. Do not copy the reference subject or composition.

Framing: One compact composition, with the complete subject using about 80-90% of the square. Keep everything inside the frame.

Output: 512x512 PNG, RGBA, genuine transparent background. No text, numerals, labels, logos or watermark.",作成済み,,references/invidious.png
Spain.png,スペイン、西班牙,スペイン,"Subject: Spain, target meaning ""スペイン"".

Composition: Show a simplified map silhouette of Spain behind a compact local landscape or city scene, with one recognizable landmark-like structure or terrain feature in front; no written place name.

Style: Use the attached invidious.png for drawing style only. Match its thick rounded dark-brown contours, simplified rounded shapes, and restrained 2D cartoon shading. Do not copy the reference subject or composition.

Framing: One compact composition, with the complete subject using about 80-90% of the square. Keep everything inside the frame.

Output: 512x512 PNG, RGBA, genuine transparent background. No text, numerals, labels, logos or watermark.",作成済み,,references/invidious.png
chose.png,選ぶ、選択する,選ぶ,"Subject: chose, target meaning ""選ぶ"".

Composition: Show one hand selecting a single object from three clearly different options and pulling it away from the others.

Style: Use the attached invidious.png for drawing style only. Match its thick rounded dark-brown contours, simplified rounded shapes, and restrained 2D cartoon shading. Do not copy the reference subject or composition.

Framing: One compact composition, with the complete subject using about 80-90% of the square. Keep everything inside the frame.

Output: 512x512 PNG, RGBA, genuine transparent background. No text, numerals, labels, logos or watermark.",作成済み,,references/invidious.png
household.png,家族、家庭,家族,"Subject: household, target meaning ""家族"".

Composition: Show a compact family household gathered around one dining table inside a home, with everyday dishes and chairs indicating shared domestic life.

Style: Use the attached invidious.png for drawing style only. Match its thick rounded dark-brown contours, simplified rounded shapes, and restrained 2D cartoon shading. Do not copy the reference subject or composition.

Framing: One compact composition, with the complete subject using about 80-90% of the square. Keep everything inside the frame.

Output: 512x512 PNG, RGBA, genuine transparent background. No text, numerals, labels, logos or watermark.",作成済み,,references/invidious.png
massive.png,巨大な,巨大な,"Subject: massive, target meaning ""巨大な"".

Composition: Show an enormous boulder towering over a small standing adult beside it, with the boulder occupying most of the frame to make its massive scale unmistakable.

Style: Use the attached invidious.png for drawing style only. Match its thick rounded dark-brown contours, simplified rounded shapes, and restrained 2D cartoon shading. Do not copy the reference subject or composition.

Framing: One compact composition, with the complete subject using about 80-90% of the square. Keep everything inside the frame.

Output: 512x512 PNG, RGBA, genuine transparent background. No text, numerals, labels, logos or watermark.",作成済み,,references/invidious.png
strain@streig.png,引っ張る、痛める,引っ張る,"Subject: strain, target meaning ""引っ張る"".

Composition: Show one person pulling a small loaded cart toward themselves with a taut rope.

Style: Use the attached invidious.png for drawing style only. Match its thick rounded dark-brown contours, simplified rounded shapes, and restrained 2D cartoon shading. Do not copy the reference subject or composition.

Framing: One compact composition, with the complete subject using about 80-90% of the square. Keep everything inside the frame.

Output: 512x512 PNG, RGBA, genuine transparent background. No text, numerals, labels, logos or watermark.",作成済み,,references/invidious.png
sub-.png,代理人,代理人,"Subject: sub-, target meaning ""代理人"".

Composition: Show one main supervisor figure with a smaller deputy standing slightly behind and below them, clearly acting in a subordinate representative role.

Style: Use the attached invidious.png for drawing style only. Match its thick rounded dark-brown contours, simplified rounded shapes, and restrained 2D cartoon shading. Do not copy the reference subject or composition.

Framing: One compact composition, with the complete subject using about 80-90% of the square. Keep everything inside the frame.

Output: 512x512 PNG, RGBA, genuine transparent background. No text, numerals, labels, logos or watermark.",作成済み,,references/invidious.png
Frank_cap.png,率直な,率直な,"Subject: Frank, target meaning ""率直な"".

Composition: Show one adult speaking directly to another with steady eye contact, open hands, and a plain serious expression, while the listener pays close attention; emphasize candid, straightforward communication without concealment.

Style: Use the attached invidious.png for drawing style only. Match its thick rounded dark-brown contours, simplified rounded shapes, and restrained 2D cartoon shading. Do not copy the reference subject or composition.

Framing: One compact composition, with the complete subject using about 80-90% of the square. Keep everything inside the frame.

Output: 512x512 PNG, RGBA, genuine transparent background. No text, numerals, labels, logos or watermark.",作成済み,,references/invidious.png
Irish.png,アイルランドの,アイルランドの,"Subject: Irish, target meaning ""アイルランドの"".

Composition: Show the island silhouette of Ireland with a small stone cottage and green rolling hills in front, creating one compact scene that clearly conveys something Irish without written labels.

Style: Use the attached invidious.png for drawing style only. Match its thick rounded dark-brown contours, simplified rounded shapes, and restrained 2D cartoon shading. Do not copy the reference subject or composition.

Framing: One compact composition, with the complete subject using about 80-90% of the square. Keep everything inside the frame.

Output: 512x512 PNG, RGBA, genuine transparent background. No text, numerals, labels, logos or watermark.",作成済み,,references/invidious.png
wound.png,傷,傷,"Subject: wound, target meaning ""傷"".

Composition: Show a small clean bandaged injury on an adult forearm while the person gently supports the sore area, non-graphic.

Style: Use the attached invidious.png for drawing style only. Match its thick rounded dark-brown contours, simplified rounded shapes, and restrained 2D cartoon shading. Do not copy the reference subject or composition.

Framing: One compact composition, with the complete subject using about 80-90% of the square. Keep everything inside the frame.

Output: 512x512 PNG, RGBA, genuine transparent background. No text, numerals, labels, logos or watermark.",作成済み,,references/invidious.png
brand.png,銘柄、焼き印,銘柄,"Subject: brand, target meaning ""銘柄"".

Composition: Show three similar products with one repeatedly marked by the same distinctive emblem shape and package design, making the shared brand identity obvious without text.

Style: Use the attached invidious.png for drawing style only. Match its thick rounded dark-brown contours, simplified rounded shapes, and restrained 2D cartoon shading. Do not copy the reference subject or composition.

Framing: One compact composition, with the complete subject using about 80-90% of the square. Keep everything inside the frame.

Output: 512x512 PNG, RGBA, genuine transparent background. No text, numerals, labels, logos or watermark.",作成済み,,references/invidious.png
colour.png,色,色,"Subject: colour, target meaning ""色"".

Composition: Show three large paint swatches in clearly different hues—red, blue, and green—arranged as the dominant subject.

Style: Use the attached invidious.png for drawing style only. Match its thick rounded dark-brown contours, simplified rounded shapes, and restrained 2D cartoon shading. Do not copy the reference subject or composition.

Framing: One compact composition, with the complete subject using about 80-90% of the square. Keep everything inside the frame.

Output: 512x512 PNG, RGBA, genuine transparent background. No text, numerals, labels, logos or watermark.",作成済み,,references/invidious.png
meal@me2.png,食事,食事,"Subject: meal, target meaning ""食事"".

Composition: Show one complete everyday meal on a tray: a bowl, a main dish, and a small side dish arranged ready to eat.

Style: Use the attached invidious.png for drawing style only. Match its thick rounded dark-brown contours, simplified rounded shapes, and restrained 2D cartoon shading. Do not copy the reference subject or composition.

Framing: One compact composition, with the complete subject using about 80-90% of the square. Keep everything inside the frame.

Output: 512x512 PNG, RGBA, genuine transparent background. No text, numerals, labels, logos or watermark.",作成済み,,references/invidious.png
excited.png,興奮した,興奮した,"Subject: excited, target meaning ""興奮した"".

Composition: Show one person leaning forward with wide eyes, raised hands, and energetic posture, surrounded by clear movement cues.

Style: Use the attached invidious.png for drawing style only. Match its thick rounded dark-brown contours, simplified rounded shapes, and restrained 2D cartoon shading. Do not copy the reference subject or composition.

Framing: One compact composition, with the complete subject using about 80-90% of the square. Keep everything inside the frame.

Output: 512x512 PNG, RGBA, genuine transparent background. No text, numerals, labels, logos or watermark.",作成済み,,references/invidious.png
illness.png,病気、不健康,病気,"Subject: illness, target meaning ""病気"".

Composition: Show an adult resting in bed with flushed cheeks, thermometer, tissues, and water, clearly unwell but non-graphic.

Style: Use the attached invidious.png for drawing style only. Match its thick rounded dark-brown contours, simplified rounded shapes, and restrained 2D cartoon shading. Do not copy the reference subject or composition.

Framing: One compact composition, with the complete subject using about 80-90% of the square. Keep everything inside the frame.

Output: 512x512 PNG, RGBA, genuine transparent background. No text, numerals, labels, logos or watermark.",作成済み,,references/invidious.png
sheet.png,シーツ、用紙,シーツ,"Subject: sheet, target meaning ""シーツ"".

Composition: Show one large white bed sheet spread across a mattress with its corners tucked neatly around the bed.

Style: Use the attached invidious.png for drawing style only. Match its thick rounded dark-brown contours, simplified rounded shapes, and restrained 2D cartoon shading. Do not copy the reference subject or composition.

Framing: One compact composition, with the complete subject using about 80-90% of the square. Keep everything inside the frame.

Output: 512x512 PNG, RGBA, genuine transparent background. No text, numerals, labels, logos or watermark.",作成済み,,references/invidious.png
Sunday.png,日曜日,日曜日,"Subject: Sunday, target meaning ""日曜日"".

Composition: Show a seven-page weekly calendar fanned in order with the final page emphasized beside a relaxed family breakfast and no work items, conveying Sunday as the closing day of the week without written labels.

Style: Use the attached invidious.png for drawing style only. Match its thick rounded dark-brown contours, simplified rounded shapes, and restrained 2D cartoon shading. Do not copy the reference subject or composition.

Framing: One compact composition, with the complete subject using about 80-90% of the square. Keep everything inside the frame.

Output: 512x512 PNG, RGBA, genuine transparent background. No text, numerals, labels, logos or watermark.",作成済み,,references/invidious.png
atmosphere.png,大気、雰囲気,大気,"Subject: atmosphere, target meaning ""大気"".

Composition: Show Earth as a globe encircled by a thin glowing blue atmospheric layer, with the layer clearly separated from outer space.

Style: Use the attached invidious.png for drawing style only. Match its thick rounded dark-brown contours, simplified rounded shapes, and restrained 2D cartoon shading. Do not copy the reference subject or composition.

Framing: One compact composition, with the complete subject using about 80-90% of the square. Keep everything inside the frame.

Output: 512x512 PNG, RGBA, genuine transparent background. No text, numerals, labels, logos or watermark.",作成済み,,references/invidious.png
opposition.png,反対、敵対,反対,"Subject: opposition, target meaning ""反対"".

Composition: Show two people or arrows pulling in opposite directions from the same central point.

Style: Use the attached invidious.png for drawing style only. Match its thick rounded dark-brown contours, simplified rounded shapes, and restrained 2D cartoon shading. Do not copy the reference subject or composition.

Framing: One compact composition, with the complete subject using about 80-90% of the square. Keep everything inside the frame.

Output: 512x512 PNG, RGBA, genuine transparent background. No text, numerals, labels, logos or watermark.",作成済み,,references/invidious.png
victim.png,犠牲者,犠牲者,"Subject: victim, target meaning ""犠牲者"".

Composition: Show one person seated with a bandaged arm and damaged belongings nearby while another person offers help, conveying that the seated person suffered the harm.

Style: Use the attached invidious.png for drawing style only. Match its thick rounded dark-brown contours, simplified rounded shapes, and restrained 2D cartoon shading. Do not copy the reference subject or composition.

Framing: One compact composition, with the complete subject using about 80-90% of the square. Keep everything inside the frame.

Output: 512x512 PNG, RGBA, genuine transparent background. No text, numerals, labels, logos or watermark.",作成済み,,references/invidious.png
Matthew.png,マタイ,マタイ,"Subject: Matthew, target meaning ""マタイ"".

Composition: Show the biblical Matthew as an adult man in simple ancient Near Eastern robes, with a calm natural pose and one small period-appropriate scroll or landscape cue, no written name.

Style: Use the attached invidious.png for drawing style only. Match its thick rounded dark-brown contours, simplified rounded shapes, and restrained 2D cartoon shading. Do not copy the reference subject or composition.

Framing: One compact composition, with the complete subject using about 80-90% of the square. Keep everything inside the frame.

Output: 512x512 PNG, RGBA, genuine transparent background. No text, numerals, labels, logos or watermark.",作成済み,,references/invidious.png
TV.png,テレビ,テレビ,"Subject: TV, target meaning ""テレビ"".

Composition: Show one complete television set with screen, stand, remote control, and a simple moving-picture scene displayed.

Style: Use the attached invidious.png for drawing style only. Match its thick rounded dark-brown contours, simplified rounded shapes, and restrained 2D cartoon shading. Do not copy the reference subject or composition.

Framing: One compact composition, with the complete subject using about 80-90% of the square. Keep everything inside the frame.

Output: 512x512 PNG, RGBA, genuine transparent background. No text, numerals, labels, logos or watermark.",作成済み,,references/invidious.png
cheek.png,頬、ほっぺた,頬,"Subject: cheek, target meaning ""頬"".

Composition: Show a close-up side view of a face with one cheek emphasized, fully visible in a clean non-graphic anatomical style.

Style: Use the attached invidious.png for drawing style only. Match its thick rounded dark-brown contours, simplified rounded shapes, and restrained 2D cartoon shading. Do not copy the reference subject or composition.

Framing: One compact composition, with the complete subject using about 80-90% of the square. Keep everything inside the frame.

Output: 512x512 PNG, RGBA, genuine transparent background. No text, numerals, labels, logos or watermark.",作成済み,,references/invidious.png
housing@skeu.png,住宅,住宅,"Subject: housing, target meaning ""住宅"".

Composition: Show a compact row of ordinary apartment buildings and small houses grouped together as residential housing.

Style: Use the attached invidious.png for drawing style only. Match its thick rounded dark-brown contours, simplified rounded shapes, and restrained 2D cartoon shading. Do not copy the reference subject or composition.

Framing: One compact composition, with the complete subject using about 80-90% of the square. Keep everything inside the frame.

Output: 512x512 PNG, RGBA, genuine transparent background. No text, numerals, labels, logos or watermark.",作成済み,,references/invidious.png
molecular.png,分子の,分子の,"Subject: molecular, target meaning ""分子の"".

Composition: Show one clean ball-and-stick molecule with several atoms connected by bonds.

Style: Use the attached invidious.png for drawing style only. Match its thick rounded dark-brown contours, simplified rounded shapes, and restrained 2D cartoon shading. Do not copy the reference subject or composition.

Framing: One compact composition, with the complete subject using about 80-90% of the square. Keep everything inside the frame.

Output: 512x512 PNG, RGBA, genuine transparent background. No text, numerals, labels, logos or watermark.",作成済み,,references/invidious.png
mood@me1.png,気分,気分,"Subject: mood, target meaning ""気分"".

Composition: Show one person's face and posture shifting into a clearly gloomy mood: lowered gaze, slumped shoulders, and subdued expression.

Style: Use the attached invidious.png for drawing style only. Match its thick rounded dark-brown contours, simplified rounded shapes, and restrained 2D cartoon shading. Do not copy the reference subject or composition.

Framing: One compact composition, with the complete subject using about 80-90% of the square. Keep everything inside the frame.

Output: 512x512 PNG, RGBA, genuine transparent background. No text, numerals, labels, logos or watermark.",作成済み,,references/invidious.png
truck.png,トラック,トラック,"Subject: truck, target meaning ""トラック"".

Composition: Show one large cargo truck in side view with a cab, long rectangular cargo body, and six visible wheels.

Style: Use the attached invidious.png for drawing style only. Match its thick rounded dark-brown contours, simplified rounded shapes, and restrained 2D cartoon shading. Do not copy the reference subject or composition.

Framing: One compact composition, with the complete subject using about 80-90% of the square. Keep everything inside the frame.

Output: 512x512 PNG, RGBA, genuine transparent background. No text, numerals, labels, logos or watermark.",作成済み,,references/invidious.png
favor.png,好意,好意,"Subject: favor, target meaning ""好意"".

Composition: Show one person kindly carrying a heavy box for another person who has both hands full, clearly performing a helpful favor.

Style: Use the attached invidious.png for drawing style only. Match its thick rounded dark-brown contours, simplified rounded shapes, and restrained 2D cartoon shading. Do not copy the reference subject or composition.

Framing: One compact composition, with the complete subject using about 80-90% of the square. Keep everything inside the frame.

Output: 512x512 PNG, RGBA, genuine transparent background. No text, numerals, labels, logos or watermark.",作成済み,,references/invidious.png
thermal.png,熱の,熱の,"Subject: thermal, target meaning ""熱の"".

Composition: Show a metal pan or cup visibly hot with rising steam and clear heat-wave distortion above it.

Style: Use the attached invidious.png for drawing style only. Match its thick rounded dark-brown contours, simplified rounded shapes, and restrained 2D cartoon shading. Do not copy the reference subject or composition.

Framing: One compact composition, with the complete subject using about 80-90% of the square. Keep everything inside the frame.

Output: 512x512 PNG, RGBA, genuine transparent background. No text, numerals, labels, logos or watermark.",作成済み,,references/invidious.png
wake@weg2.png,目覚める、通夜,目覚める,"Subject: wake, target meaning ""目覚める"".

Composition: Show one person sitting upright in bed just after waking while an alarm clock rings nearby.

Style: Use the attached invidious.png for drawing style only. Match its thick rounded dark-brown contours, simplified rounded shapes, and restrained 2D cartoon shading. Do not copy the reference subject or composition.

Framing: One compact composition, with the complete subject using about 80-90% of the square. Keep everything inside the frame.

Output: 512x512 PNG, RGBA, genuine transparent background. No text, numerals, labels, logos or watermark.",作成済み,,references/invidious.png
a@an.png,〜につき,〜につき,"Subject: a, target meaning ""〜につき"".

Composition: Show a small row of identical items with one coin placed beside each individual item, indicating a price or amount 'per' item without written labels.

Style: Use the attached invidious.png for drawing style only. Match its thick rounded dark-brown contours, simplified rounded shapes, and restrained 2D cartoon shading. Do not copy the reference subject or composition.

Framing: One compact composition, with the complete subject using about 80-90% of the square. Keep everything inside the frame.

Output: 512x512 PNG, RGBA, genuine transparent background. No text, numerals, labels, logos or watermark.",作成済み,,references/invidious.png
discovery.png,発見,発見,"Subject: discovery, target meaning ""発見"".

Composition: Show one explorer brushing soil away from a newly uncovered ancient artifact, eyes widened at the moment of discovery.

Style: Use the attached invidious.png for drawing style only. Match its thick rounded dark-brown contours, simplified rounded shapes, and restrained 2D cartoon shading. Do not copy the reference subject or composition.

Framing: One compact composition, with the complete subject using about 80-90% of the square. Keep everything inside the frame.

Output: 512x512 PNG, RGBA, genuine transparent background. No text, numerals, labels, logos or watermark.",作成済み,,references/invidious.png
Alex.png,アレックス,アレックス,"Subject: Alex, target meaning ""アレックス"".

Composition: Show one adult person named Alex in a natural waist-up portrait, wearing a plain collared shirt or simple jacket, relaxed neutral expression, shoulders fully visible, no props and no written name.

Style: Use the attached invidious.png for drawing style only. Match its thick rounded dark-brown contours, simplified rounded shapes, and restrained 2D cartoon shading. Do not copy the reference subject or composition.

Framing: One compact composition, with the complete subject using about 80-90% of the square. Keep everything inside the frame.

Output: 512x512 PNG, RGBA, genuine transparent background. No text, numerals, labels, logos or watermark.",作成済み,,references/invidious.png
club.png,こん棒、同好会,こん棒,"Subject: club, target meaning ""こん棒"".

Composition: Show one heavy wooden club with a thick striking end and narrower handle, lying alone as the main object.

Style: Use the attached invidious.png for drawing style only. Match its thick rounded dark-brown contours, simplified rounded shapes, and restrained 2D cartoon shading. Do not copy the reference subject or composition.

Framing: One compact composition, with the complete subject using about 80-90% of the square. Keep everything inside the frame.

Output: 512x512 PNG, RGBA, genuine transparent background. No text, numerals, labels, logos or watermark.",作成済み,,references/invidious.png
everywhere.png,どこでも、どこにも,どこでも,"Subject: everywhere, target meaning ""どこでも"".

Composition: Show the same small flower appearing all across a field from foreground to distant background, making the widespread distribution obvious.

Style: Use the attached invidious.png for drawing style only. Match its thick rounded dark-brown contours, simplified rounded shapes, and restrained 2D cartoon shading. Do not copy the reference subject or composition.

Framing: One compact composition, with the complete subject using about 80-90% of the square. Keep everything inside the frame.

Output: 512x512 PNG, RGBA, genuine transparent background. No text, numerals, labels, logos or watermark.",作成済み,,references/invidious.png
Boston.png,ボストン,ボストン,"Subject: Boston, target meaning ""ボストン"".

Composition: Show a simplified map silhouette of Boston behind a compact local landscape or city scene, with one recognizable landmark-like structure or terrain feature in front; no written place name.

Style: Use the attached invidious.png for drawing style only. Match its thick rounded dark-brown contours, simplified rounded shapes, and restrained 2D cartoon shading. Do not copy the reference subject or composition.

Framing: One compact composition, with the complete subject using about 80-90% of the square. Keep everything inside the frame.

Output: 512x512 PNG, RGBA, genuine transparent background. No text, numerals, labels, logos or watermark.",作成済み,,references/invidious.png
Scott.png,スコット、スカット,スコット,"Subject: Scott, target meaning ""スコット"".

Composition: Show one adult person named Scott in a natural waist-up portrait, wearing a plain collared shirt or simple jacket, relaxed neutral expression, shoulders fully visible, no props and no written name.

Style: Use the attached invidious.png for drawing style only. Match its thick rounded dark-brown contours, simplified rounded shapes, and restrained 2D cartoon shading. Do not copy the reference subject or composition.

Framing: One compact composition, with the complete subject using about 80-90% of the square. Keep everything inside the frame.

Output: 512x512 PNG, RGBA, genuine transparent background. No text, numerals, labels, logos or watermark.",作成済み,,references/invidious.png
axis.png,軸,軸,"Subject: axis, target meaning ""軸"".

Composition: Show a globe pierced by one straight central rod from top to bottom, with the globe tilted around that axis.

Style: Use the attached invidious.png for drawing style only. Match its thick rounded dark-brown contours, simplified rounded shapes, and restrained 2D cartoon shading. Do not copy the reference subject or composition.

Framing: One compact composition, with the complete subject using about 80-90% of the square. Keep everything inside the frame.

Output: 512x512 PNG, RGBA, genuine transparent background. No text, numerals, labels, logos or watermark.",作成済み,,references/invidious.png
gray.png,灰色,灰色,"Subject: gray, target meaning ""灰色"".

Composition: Show one large neutral gray paint swatch beside a small gray stone, with the color itself dominating the image.

Style: Use the attached invidious.png for drawing style only. Match its thick rounded dark-brown contours, simplified rounded shapes, and restrained 2D cartoon shading. Do not copy the reference subject or composition.

Framing: One compact composition, with the complete subject using about 80-90% of the square. Keep everything inside the frame.

Output: 512x512 PNG, RGBA, genuine transparent background. No text, numerals, labels, logos or watermark.",作成済み,,references/invidious.png
laughing.png,笑っている,笑っている,"Subject: laughing, target meaning ""笑っている"".

Composition: Show one person laughing openly with narrowed smiling eyes, open mouth, and lifted shoulders.

Style: Use the attached invidious.png for drawing style only. Match its thick rounded dark-brown contours, simplified rounded shapes, and restrained 2D cartoon shading. Do not copy the reference subject or composition.

Framing: One compact composition, with the complete subject using about 80-90% of the square. Keep everything inside the frame.

Output: 512x512 PNG, RGBA, genuine transparent background. No text, numerals, labels, logos or watermark.",作成済み,,references/invidious.png
liver.png,肝臓,肝臓,"Subject: liver, target meaning ""肝臓"".

Composition: Show one clean anatomical liver with its lobed shape, fully visible in a clean non-graphic anatomical style.

Style: Use the attached invidious.png for drawing style only. Match its thick rounded dark-brown contours, simplified rounded shapes, and restrained 2D cartoon shading. Do not copy the reference subject or composition.

Framing: One compact composition, with the complete subject using about 80-90% of the square. Keep everything inside the frame.

Output: 512x512 PNG, RGBA, genuine transparent background. No text, numerals, labels, logos or watermark.",作成済み,,references/invidious.png
modified.png,修正された,修正された,"Subject: modified, target meaning ""修正された"".

Composition: Show a mechanic modifying a bicycle by fitting a new curved handlebar while the removed straight handlebar lies beside the bike, making the deliberate alteration clearly visible.

Style: Use the attached invidious.png for drawing style only. Match its thick rounded dark-brown contours, simplified rounded shapes, and restrained 2D cartoon shading. Do not copy the reference subject or composition.

Framing: One compact composition, with the complete subject using about 80-90% of the square. Keep everything inside the frame.

Output: 512x512 PNG, RGBA, genuine transparent background. No text, numerals, labels, logos or watermark.",作成済み,,references/invidious.png
radical.png,根本的な、急進的な,根本的な,"Subject: radical, target meaning ""根本的な"".

Composition: Show a heavy stone foundation or one essential key component supporting an entire larger structure above it.

Style: Use the attached invidious.png for drawing style only. Match its thick rounded dark-brown contours, simplified rounded shapes, and restrained 2D cartoon shading. Do not copy the reference subject or composition.

Framing: One compact composition, with the complete subject using about 80-90% of the square. Keep everything inside the frame.

Output: 512x512 PNG, RGBA, genuine transparent background. No text, numerals, labels, logos or watermark.",作成済み,,references/invidious.png
glory.png,栄光、名誉,栄光,"Subject: glory, target meaning ""栄光"".

Composition: Show an athlete receiving a laurel wreath and medal on a podium after a major achievement.

Style: Use the attached invidious.png for drawing style only. Match its thick rounded dark-brown contours, simplified rounded shapes, and restrained 2D cartoon shading. Do not copy the reference subject or composition.

Framing: One compact composition, with the complete subject using about 80-90% of the square. Keep everything inside the frame.

Output: 512x512 PNG, RGBA, genuine transparent background. No text, numerals, labels, logos or watermark.",作成済み,,references/invidious.png
hold@kel2.png,船倉,船倉,"Subject: hold, target meaning ""船倉"".

Composition: Show a cutaway of a cargo ship revealing the large enclosed hold below deck packed with crates.

Style: Use the attached invidious.png for drawing style only. Match its thick rounded dark-brown contours, simplified rounded shapes, and restrained 2D cartoon shading. Do not copy the reference subject or composition.

Framing: One compact composition, with the complete subject using about 80-90% of the square. Keep everything inside the frame.

Output: 512x512 PNG, RGBA, genuine transparent background. No text, numerals, labels, logos or watermark.",作成済み,,references/invidious.png
kid.png,子供、子ヤギ、からかう,子供,"Subject: kid, target meaning ""子供"".

Composition: Show one elementary-school-aged child with a small backpack and youthful proportions, standing naturally as the clear subject.

Style: Use the attached invidious.png for drawing style only. Match its thick rounded dark-brown contours, simplified rounded shapes, and restrained 2D cartoon shading. Do not copy the reference subject or composition.

Framing: One compact composition, with the complete subject using about 80-90% of the square. Keep everything inside the frame.

Output: 512x512 PNG, RGBA, genuine transparent background. No text, numerals, labels, logos or watermark.",作成済み,,references/invidious.png
mix.png,混ぜる,混ぜる,"Subject: mix, target meaning ""混ぜる"".

Composition: Show a spoon swirling two differently colored ingredients together in one bowl.

Style: Use the attached invidious.png for drawing style only. Match its thick rounded dark-brown contours, simplified rounded shapes, and restrained 2D cartoon shading. Do not copy the reference subject or composition.

Framing: One compact composition, with the complete subject using about 80-90% of the square. Keep everything inside the frame.

Output: 512x512 PNG, RGBA, genuine transparent background. No text, numerals, labels, logos or watermark.",作成済み,,references/invidious.png
ocean.png,大洋、海,大洋,"Subject: ocean, target meaning ""大洋"".

Composition: Show a vast open blue ocean stretching to the horizon with broad rolling waves and no land visible.

Style: Use the attached invidious.png for drawing style only. Match its thick rounded dark-brown contours, simplified rounded shapes, and restrained 2D cartoon shading. Do not copy the reference subject or composition.

Framing: One compact composition, with the complete subject using about 80-90% of the square. Keep everything inside the frame.

Output: 512x512 PNG, RGBA, genuine transparent background. No text, numerals, labels, logos or watermark.",作成済み,,references/invidious.png
organizational.png,組織に関する、組織的な,組織に関する,"Subject: organizational, target meaning ""組織に関する"".

Composition: Show previously scattered objects arranged neatly into aligned rows and clearly separated groups.

Style: Use the attached invidious.png for drawing style only. Match its thick rounded dark-brown contours, simplified rounded shapes, and restrained 2D cartoon shading. Do not copy the reference subject or composition.

Framing: One compact composition, with the complete subject using about 80-90% of the square. Keep everything inside the frame.

Output: 512x512 PNG, RGBA, genuine transparent background. No text, numerals, labels, logos or watermark.",作成済み,,references/invidious.png
passion.png,情熱、受難,情熱,"Subject: passion, target meaning ""情熱"".

Composition: Show an artist painting intensely with energetic brushwork, leaning forward with bright focused eyes and full engagement.

Style: Use the attached invidious.png for drawing style only. Match its thick rounded dark-brown contours, simplified rounded shapes, and restrained 2D cartoon shading. Do not copy the reference subject or composition.

Framing: One compact composition, with the complete subject using about 80-90% of the square. Keep everything inside the frame.

Output: 512x512 PNG, RGBA, genuine transparent background. No text, numerals, labels, logos or watermark.",作成済み,,references/invidious.png
seed.png,種、シード選手,種,"Subject: seed, target meaning ""種"".

Composition: Show one large plant seed split partly open with a tiny green sprout emerging from it.

Style: Use the attached invidious.png for drawing style only. Match its thick rounded dark-brown contours, simplified rounded shapes, and restrained 2D cartoon shading. Do not copy the reference subject or composition.

Framing: One compact composition, with the complete subject using about 80-90% of the square. Keep everything inside the frame.

Output: 512x512 PNG, RGBA, genuine transparent background. No text, numerals, labels, logos or watermark.",作成済み,,references/invidious.png
sleeping.png,眠っている,眠っている,"Subject: sleeping, target meaning ""眠っている"".

Composition: Show one person asleep in bed with relaxed face, closed eyes, and head resting on a pillow.

Style: Use the attached invidious.png for drawing style only. Match its thick rounded dark-brown contours, simplified rounded shapes, and restrained 2D cartoon shading. Do not copy the reference subject or composition.

Framing: One compact composition, with the complete subject using about 80-90% of the square. Keep everything inside the frame.

Output: 512x512 PNG, RGBA, genuine transparent background. No text, numerals, labels, logos or watermark.",作成済み,,references/invidious.png
wanting.png,欠乏していて,欠乏していて,"Subject: wanting, target meaning ""欠乏していて"".

Composition: Show an almost empty pantry or container with only one small item left while a person searches for what is missing.

Style: Use the attached invidious.png for drawing style only. Match its thick rounded dark-brown contours, simplified rounded shapes, and restrained 2D cartoon shading. Do not copy the reference subject or composition.

Framing: One compact composition, with the complete subject using about 80-90% of the square. Keep everything inside the frame.

Output: 512x512 PNG, RGBA, genuine transparent background. No text, numerals, labels, logos or watermark.",作成済み,,references/invidious.png
Alexander.png,アレクサンダー,アレクサンダー,"Subject: Alexander, target meaning ""アレクサンダー"".

Composition: Show one adult person named Alexander in a natural waist-up portrait, wearing a plain collared shirt or simple jacket, relaxed neutral expression, shoulders fully visible, no props and no written name.

Style: Use the attached invidious.png for drawing style only. Match its thick rounded dark-brown contours, simplified rounded shapes, and restrained 2D cartoon shading. Do not copy the reference subject or composition.

Framing: One compact composition, with the complete subject using about 80-90% of the square. Keep everything inside the frame.

Output: 512x512 PNG, RGBA, genuine transparent background. No text, numerals, labels, logos or watermark.",作成済み,,references/invidious.png
phrase.png,句,句,"Subject: phrase, target meaning ""句"".

Composition: Show a short line made of several separate word-like blocks grouped together as one compact phrase, without readable text.

Style: Use the attached invidious.png for drawing style only. Match its thick rounded dark-brown contours, simplified rounded shapes, and restrained 2D cartoon shading. Do not copy the reference subject or composition.

Framing: One compact composition, with the complete subject using about 80-90% of the square. Keep everything inside the frame.

Output: 512x512 PNG, RGBA, genuine transparent background. No text, numerals, labels, logos or watermark.",作成済み,,references/invidious.png
poetry.png,詩,詩,"Subject: poetry, target meaning ""詩"".

Composition: Show an open handwritten poetry notebook beside a quill and a small flower, with several short uneven verse lines visible but unreadable.

Style: Use the attached invidious.png for drawing style only. Match its thick rounded dark-brown contours, simplified rounded shapes, and restrained 2D cartoon shading. Do not copy the reference subject or composition.

Framing: One compact composition, with the complete subject using about 80-90% of the square. Keep everything inside the frame.

Output: 512x512 PNG, RGBA, genuine transparent background. No text, numerals, labels, logos or watermark.",作成済み,,references/invidious.png
split.png,分割,分割,"Subject: split, target meaning ""分割"".

Composition: Show one ripe apple freshly split into two clean halves, the halves separated slightly so the act and result of division are immediately clear.

Style: Use the attached invidious.png for drawing style only. Match its thick rounded dark-brown contours, simplified rounded shapes, and restrained 2D cartoon shading. Do not copy the reference subject or composition.

Framing: One compact composition, with the complete subject using about 80-90% of the square. Keep everything inside the frame.

Output: 512x512 PNG, RGBA, genuine transparent background. No text, numerals, labels, logos or watermark.",作成済み,,references/invidious.png
ass@asinus.png,ロバ、ばか,ロバ,"Subject: ass, target meaning ""ロバ"".

Composition: Show one gray donkey standing in side view with long ears, sturdy legs, and a dark mane, fully visible.

Style: Use the attached invidious.png for drawing style only. Match its thick rounded dark-brown contours, simplified rounded shapes, and restrained 2D cartoon shading. Do not copy the reference subject or composition.

Framing: One compact composition, with the complete subject using about 80-90% of the square. Keep everything inside the frame.

Output: 512x512 PNG, RGBA, genuine transparent background. No text, numerals, labels, logos or watermark.",作成済み,,references/invidious.png
ass@ors.png,尻,尻,"Subject: ass, target meaning ""尻"".

Composition: Show the lower back and buttocks area of a clothed adult from behind in a neutral anatomical pose, non-sexual and fully covered.

Style: Use the attached invidious.png for drawing style only. Match its thick rounded dark-brown contours, simplified rounded shapes, and restrained 2D cartoon shading. Do not copy the reference subject or composition.

Framing: One compact composition, with the complete subject using about 80-90% of the square. Keep everything inside the frame.

Output: 512x512 PNG, RGBA, genuine transparent background. No text, numerals, labels, logos or watermark.",作成済み,,references/invidious.png
confused.png,混乱した,混乱した,"Subject: confused, target meaning ""混乱した"".

Composition: Show an overturned chair, scattered papers, tangled cables, and people moving in conflicting directions, with no visible order.

Style: Use the attached invidious.png for drawing style only. Match its thick rounded dark-brown contours, simplified rounded shapes, and restrained 2D cartoon shading. Do not copy the reference subject or composition.

Framing: One compact composition, with the complete subject using about 80-90% of the square. Keep everything inside the frame.

Output: 512x512 PNG, RGBA, genuine transparent background. No text, numerals, labels, logos or watermark.",作成済み,,references/invidious.png
row@rei1.png,列,列,"Subject: row, target meaning ""列"".

Composition: Show five identical chairs arranged in one perfectly straight horizontal row.

Style: Use the attached invidious.png for drawing style only. Match its thick rounded dark-brown contours, simplified rounded shapes, and restrained 2D cartoon shading. Do not copy the reference subject or composition.

Framing: One compact composition, with the complete subject using about 80-90% of the square. Keep everything inside the frame.

Output: 512x512 PNG, RGBA, genuine transparent background. No text, numerals, labels, logos or watermark.",作成済み,,references/invidious.png
Jane.png,ジェイン,ジェイン,"Subject: Jane, target meaning ""ジェイン"".

Composition: Show one adult person named Jane in a natural waist-up portrait, wearing a plain collared shirt or simple jacket, relaxed neutral expression, shoulders fully visible, no props and no written name.

Style: Use the attached invidious.png for drawing style only. Match its thick rounded dark-brown contours, simplified rounded shapes, and restrained 2D cartoon shading. Do not copy the reference subject or composition.

Framing: One compact composition, with the complete subject using about 80-90% of the square. Keep everything inside the frame.

Output: 512x512 PNG, RGBA, genuine transparent background. No text, numerals, labels, logos or watermark.",作成済み,,references/invidious.png
Max.png,マックス、マクス,マックス,"Subject: Max, target meaning ""マックス"".

Composition: Show one adult person named Max in a natural waist-up portrait, wearing a plain collared shirt or simple jacket, relaxed neutral expression, shoulders fully visible, no props and no written name.

Style: Use the attached invidious.png for drawing style only. Match its thick rounded dark-brown contours, simplified rounded shapes, and restrained 2D cartoon shading. Do not copy the reference subject or composition.

Framing: One compact composition, with the complete subject using about 80-90% of the square. Keep everything inside the frame.

Output: 512x512 PNG, RGBA, genuine transparent background. No text, numerals, labels, logos or watermark.",作成済み,,references/invidious.png
Muslim.png,イスラム教の、ムスリム人の,イスラム教の,"Subject: Muslim, target meaning ""イスラム教の"".

Composition: Show a peaceful mosque exterior with a dome and minaret beside a neatly laid prayer rug and prayer beads, forming one respectful compact scene that clearly indicates an Islamic context without written labels.

Style: Use the attached invidious.png for drawing style only. Match its thick rounded dark-brown contours, simplified rounded shapes, and restrained 2D cartoon shading. Do not copy the reference subject or composition.

Framing: One compact composition, with the complete subject using about 80-90% of the square. Keep everything inside the frame.

Output: 512x512 PNG, RGBA, genuine transparent background. No text, numerals, labels, logos or watermark.",作成済み,,references/invidious.png
coast.png,海岸、惰性で進む,海岸,"Subject: coast, target meaning ""海岸"".

Composition: Show a rocky shoreline where land meets the sea, with waves breaking against the coast and a narrow strip of beach.

Style: Use the attached invidious.png for drawing style only. Match its thick rounded dark-brown contours, simplified rounded shapes, and restrained 2D cartoon shading. Do not copy the reference subject or composition.

Framing: One compact composition, with the complete subject using about 80-90% of the square. Keep everything inside the frame.

Output: 512x512 PNG, RGBA, genuine transparent background. No text, numerals, labels, logos or watermark.",作成済み,,references/invidious.png
Jerusalem.png,イェルザレム,イェルザレム,"Subject: Jerusalem, target meaning ""イェルザレム"".

Composition: Show Jerusalem's old stone cityscape with pale limestone walls, a prominent domed skyline element, and tightly packed historic buildings, keeping the city itself as the dominant subject without written labels.

Style: Use the attached invidious.png for drawing style only. Match its thick rounded dark-brown contours, simplified rounded shapes, and restrained 2D cartoon shading. Do not copy the reference subject or composition.

Framing: One compact composition, with the complete subject using about 80-90% of the square. Keep everything inside the frame.

Output: 512x512 PNG, RGBA, genuine transparent background. No text, numerals, labels, logos or watermark.",作成済み,,references/invidious.png
Louis.png,ルイ,ルイ,"Subject: Louis, target meaning ""ルイ"".

Composition: Show one adult person named Louis in a natural waist-up portrait, wearing a plain collared shirt or simple jacket, relaxed neutral expression, shoulders fully visible, no props and no written name.

Style: Use the attached invidious.png for drawing style only. Match its thick rounded dark-brown contours, simplified rounded shapes, and restrained 2D cartoon shading. Do not copy the reference subject or composition.

Framing: One compact composition, with the complete subject using about 80-90% of the square. Keep everything inside the frame.

Output: 512x512 PNG, RGBA, genuine transparent background. No text, numerals, labels, logos or watermark.",作成済み,,references/invidious.png
god.png,神,神,"Subject: god, target meaning ""神"".

Composition: Show a dignified generic deity figure above soft clouds, with a radiant halo-like glow and raised hand, avoiding any specific modern religion.

Style: Use the attached invidious.png for drawing style only. Match its thick rounded dark-brown contours, simplified rounded shapes, and restrained 2D cartoon shading. Do not copy the reference subject or composition.

Framing: One compact composition, with the complete subject using about 80-90% of the square. Keep everything inside the frame.

Output: 512x512 PNG, RGBA, genuine transparent background. No text, numerals, labels, logos or watermark.",作成済み,,references/invidious.png
peak.png,山頂,山頂,"Subject: peak, target meaning ""山頂"".

Composition: Show the sharp summit of a steep mountain rising above lower ridges, with the highest point clearly emphasized.

Style: Use the attached invidious.png for drawing style only. Match its thick rounded dark-brown contours, simplified rounded shapes, and restrained 2D cartoon shading. Do not copy the reference subject or composition.

Framing: One compact composition, with the complete subject using about 80-90% of the square. Keep everything inside the frame.

Output: 512x512 PNG, RGBA, genuine transparent background. No text, numerals, labels, logos or watermark.",作成済み,,references/invidious.png
roof.png,屋根、上あご,屋根,"Subject: roof, target meaning ""屋根"".

Composition: Show the complete sloped roof of a small house from a high angle, with ridge, shingles, and eaves clearly visible.

Style: Use the attached invidious.png for drawing style only. Match its thick rounded dark-brown contours, simplified rounded shapes, and restrained 2D cartoon shading. Do not copy the reference subject or composition.

Framing: One compact composition, with the complete subject using about 80-90% of the square. Keep everything inside the frame.

Output: 512x512 PNG, RGBA, genuine transparent background. No text, numerals, labels, logos or watermark.",作成済み,,references/invidious.png
Australian.png,オーストラリアの,オーストラリアの,"Subject: Australian, target meaning ""オーストラリアの"".

Composition: Show the map silhouette of Australia with a red outback rock formation and a kangaroo nearby, forming one compact scene that clearly signals something Australian without written labels.

Style: Use the attached invidious.png for drawing style only. Match its thick rounded dark-brown contours, simplified rounded shapes, and restrained 2D cartoon shading. Do not copy the reference subject or composition.

Framing: One compact composition, with the complete subject using about 80-90% of the square. Keep everything inside the frame.

Output: 512x512 PNG, RGBA, genuine transparent background. No text, numerals, labels, logos or watermark.",作成済み,,references/invidious.png
Islamic.png,イスラムの、イスラム教の,イスラムの,"Subject: Islamic, target meaning ""イスラムの"".

Composition: Show a mosque arch filled with restrained geometric tile patterns beside a prayer rug, using the architecture and decorative tradition as the clear focus of an Islamic context without written labels.

Style: Use the attached invidious.png for drawing style only. Match its thick rounded dark-brown contours, simplified rounded shapes, and restrained 2D cartoon shading. Do not copy the reference subject or composition.

Framing: One compact composition, with the complete subject using about 80-90% of the square. Keep everything inside the frame.

Output: 512x512 PNG, RGBA, genuine transparent background. No text, numerals, labels, logos or watermark.",作成済み,,references/invidious.png
bird.png,鳥,鳥,"Subject: bird, target meaning ""鳥"".

Composition: Show one small songbird in side view perched on a simple branch, with beak, wings, tail, and feet clearly visible.

Style: Use the attached invidious.png for drawing style only. Match its thick rounded dark-brown contours, simplified rounded shapes, and restrained 2D cartoon shading. Do not copy the reference subject or composition.

Framing: One compact composition, with the complete subject using about 80-90% of the square. Keep everything inside the frame.

Output: 512x512 PNG, RGBA, genuine transparent background. No text, numerals, labels, logos or watermark.",作成済み,,references/invidious.png
knife.png,ナイフ,ナイフ,"Subject: knife, target meaning ""ナイフ"".

Composition: Show one ordinary kitchen knife with a broad steel blade and dark handle lying flat on a cutting board.

Style: Use the attached invidious.png for drawing style only. Match its thick rounded dark-brown contours, simplified rounded shapes, and restrained 2D cartoon shading. Do not copy the reference subject or composition.

Framing: One compact composition, with the complete subject using about 80-90% of the square. Keep everything inside the frame.

Output: 512x512 PNG, RGBA, genuine transparent background. No text, numerals, labels, logos or watermark.",作成済み,,references/invidious.png
pH.png,ピーエイチ、ピーエッチ,ピーエイチ,"Subject: pH, target meaning ""ピーエイチ"".

Composition: Show a simple pH test strip beside a row of colored liquid samples ranging from acidic to basic, with no written labels.

Style: Use the attached invidious.png for drawing style only. Match its thick rounded dark-brown contours, simplified rounded shapes, and restrained 2D cartoon shading. Do not copy the reference subject or composition.

Framing: One compact composition, with the complete subject using about 80-90% of the square. Keep everything inside the frame.

Output: 512x512 PNG, RGBA, genuine transparent background. No text, numerals, labels, logos or watermark.",作成済み,,references/invidious.png
senior.png,年上の,年上の,"Subject: senior, target meaning ""年上の"".

Composition: Show two or three people together with the target person visibly older through gray hair, facial lines, and mature posture.

Style: Use the attached invidious.png for drawing style only. Match its thick rounded dark-brown contours, simplified rounded shapes, and restrained 2D cartoon shading. Do not copy the reference subject or composition.

Framing: One compact composition, with the complete subject using about 80-90% of the square. Keep everything inside the frame.

Output: 512x512 PNG, RGBA, genuine transparent background. No text, numerals, labels, logos or watermark.",作成済み,,references/invidious.png
Anna.png,アナ、アンナ,アナ,"Subject: Anna, target meaning ""アナ"".

Composition: Show one adult person named Anna in a natural waist-up portrait, wearing a plain collared shirt or simple jacket, relaxed neutral expression, shoulders fully visible, no props and no written name.

Style: Use the attached invidious.png for drawing style only. Match its thick rounded dark-brown contours, simplified rounded shapes, and restrained 2D cartoon shading. Do not copy the reference subject or composition.

Framing: One compact composition, with the complete subject using about 80-90% of the square. Keep everything inside the frame.

Output: 512x512 PNG, RGBA, genuine transparent background. No text, numerals, labels, logos or watermark.",作成済み,,references/invidious.png
Christianity.png,キリスト教,キリスト教,"Subject: Christianity, target meaning ""キリスト教"".

Composition: Show a simple Christian church interior with a cross above the altar and a small congregation seated in pews, keeping the worship setting respectful and clearly recognizable without written labels.

Style: Use the attached invidious.png for drawing style only. Match its thick rounded dark-brown contours, simplified rounded shapes, and restrained 2D cartoon shading. Do not copy the reference subject or composition.

Framing: One compact composition, with the complete subject using about 80-90% of the square. Keep everything inside the frame.

Output: 512x512 PNG, RGBA, genuine transparent background. No text, numerals, labels, logos or watermark.",作成済み,,references/invidious.png
asleep.png,眠って、しびれて,眠って,"Subject: asleep, target meaning ""眠って"".

Composition: Show one person asleep in bed with relaxed face, closed eyes, and head resting on a pillow.

Style: Use the attached invidious.png for drawing style only. Match its thick rounded dark-brown contours, simplified rounded shapes, and restrained 2D cartoon shading. Do not copy the reference subject or composition.

Framing: One compact composition, with the complete subject using about 80-90% of the square. Keep everything inside the frame.

Output: 512x512 PNG, RGBA, genuine transparent background. No text, numerals, labels, logos or watermark.",作成済み,,references/invidious.png
Andrew.png,アンドリュー,アンドリュー,"Subject: Andrew, target meaning ""アンドリュー"".

Composition: Show one adult person named Andrew in a natural waist-up portrait, wearing a plain collared shirt or simple jacket, relaxed neutral expression, shoulders fully visible, no props and no written name.

Style: Use the attached invidious.png for drawing style only. Match its thick rounded dark-brown contours, simplified rounded shapes, and restrained 2D cartoon shading. Do not copy the reference subject or composition.

Framing: One compact composition, with the complete subject using about 80-90% of the square. Keep everything inside the frame.

Output: 512x512 PNG, RGBA, genuine transparent background. No text, numerals, labels, logos or watermark.",作成済み,,references/invidious.png
Texas.png,テキサス州,テキサス州,"Subject: Texas, target meaning ""テキサス州"".

Composition: Show a simplified map silhouette of Texas behind a compact local landscape or city scene, with one recognizable landmark-like structure or terrain feature in front; no written place name.

Style: Use the attached invidious.png for drawing style only. Match its thick rounded dark-brown contours, simplified rounded shapes, and restrained 2D cartoon shading. Do not copy the reference subject or composition.

Framing: One compact composition, with the complete subject using about 80-90% of the square. Keep everything inside the frame.

Output: 512x512 PNG, RGBA, genuine transparent background. No text, numerals, labels, logos or watermark.",作成済み,,references/invidious.png
beach.png,浜、海辺,浜,"Subject: beach, target meaning ""浜"".

Composition: Show a sandy beach meeting calm blue water, with one small seashell and gentle wave at the shoreline.

Style: Use the attached invidious.png for drawing style only. Match its thick rounded dark-brown contours, simplified rounded shapes, and restrained 2D cartoon shading. Do not copy the reference subject or composition.

Framing: One compact composition, with the complete subject using about 80-90% of the square. Keep everything inside the frame.

Output: 512x512 PNG, RGBA, genuine transparent background. No text, numerals, labels, logos or watermark.",作成済み,,references/invidious.png
defendant.png,被告,被告,"Subject: defendant, target meaning ""被告"".

Composition: Show one person standing beside a defense table in a courtroom, facing a judge's bench with a serious attentive posture.

Style: Use the attached invidious.png for drawing style only. Match its thick rounded dark-brown contours, simplified rounded shapes, and restrained 2D cartoon shading. Do not copy the reference subject or composition.

Framing: One compact composition, with the complete subject using about 80-90% of the square. Keep everything inside the frame.

Output: 512x512 PNG, RGBA, genuine transparent background. No text, numerals, labels, logos or watermark.",作成済み,,references/invidious.png
diet.png,食事、国会,食事,"Subject: diet, target meaning ""食事"".

Composition: Show a balanced meal plate with vegetables, grains, and protein arranged in clear portions, representing a person's regular diet.

Style: Use the attached invidious.png for drawing style only. Match its thick rounded dark-brown contours, simplified rounded shapes, and restrained 2D cartoon shading. Do not copy the reference subject or composition.

Framing: One compact composition, with the complete subject using about 80-90% of the square. Keep everything inside the frame.

Output: 512x512 PNG, RGBA, genuine transparent background. No text, numerals, labels, logos or watermark.",作成済み,,references/invidious.png
glance@ghel2.png,輝鉱,輝鉱,"Subject: glance, target meaning ""輝鉱"".

Composition: Show one polished object or lamp producing strong bright highlights and visible glow, with the brightness dominating the scene.

Style: Use the attached invidious.png for drawing style only. Match its thick rounded dark-brown contours, simplified rounded shapes, and restrained 2D cartoon shading. Do not copy the reference subject or composition.

Framing: One compact composition, with the complete subject using about 80-90% of the square. Keep everything inside the frame.

Output: 512x512 PNG, RGBA, genuine transparent background. No text, numerals, labels, logos or watermark.",作成済み,,references/invidious.png
honor.png,尊敬の念を持つ、高く評価する,尊敬の念を持つ,"Subject: honor, target meaning ""尊敬の念を持つ"".

Composition: Show one adult bowing respectfully toward an honored elder while presenting a medal with both hands, with attentive posture and lowered head clearly expressing respect and honor.

Style: Use the attached invidious.png for drawing style only. Match its thick rounded dark-brown contours, simplified rounded shapes, and restrained 2D cartoon shading. Do not copy the reference subject or composition.

Framing: One compact composition, with the complete subject using about 80-90% of the square. Keep everything inside the frame.

Output: 512x512 PNG, RGBA, genuine transparent background. No text, numerals, labels, logos or watermark.",作成済み,,references/invidious.png
rough.png,粗い、大まかな,粗い,"Subject: rough, target meaning ""粗い"".

Composition: Show a close-up rough stone or coarse fabric with visibly uneven texture and raised grain.

Style: Use the attached invidious.png for drawing style only. Match its thick rounded dark-brown contours, simplified rounded shapes, and restrained 2D cartoon shading. Do not copy the reference subject or composition.

Framing: One compact composition, with the complete subject using about 80-90% of the square. Keep everything inside the frame.

Output: 512x512 PNG, RGBA, genuine transparent background. No text, numerals, labels, logos or watermark.",作成済み,,references/invidious.png
virtue.png,美徳,美徳,"Subject: virtue, target meaning ""美徳"".

Composition: Show one person returning a dropped wallet full of money to its owner, with the honest act as the focus.

Style: Use the attached invidious.png for drawing style only. Match its thick rounded dark-brown contours, simplified rounded shapes, and restrained 2D cartoon shading. Do not copy the reference subject or composition.

Framing: One compact composition, with the complete subject using about 80-90% of the square. Keep everything inside the frame.

Output: 512x512 PNG, RGBA, genuine transparent background. No text, numerals, labels, logos or watermark.",作成済み,,references/invidious.png
voltage.png,電圧、ボルト数,電圧,"Subject: voltage, target meaning ""電圧"".

Composition: Show a battery connected by wires to a small voltmeter whose needle is clearly deflected, illustrating electrical voltage without readable numbers.

Style: Use the attached invidious.png for drawing style only. Match its thick rounded dark-brown contours, simplified rounded shapes, and restrained 2D cartoon shading. Do not copy the reference subject or composition.

Framing: One compact composition, with the complete subject using about 80-90% of the square. Keep everything inside the frame.

Output: 512x512 PNG, RGBA, genuine transparent background. No text, numerals, labels, logos or watermark.",作成済み,,references/invidious.png
Wilson.png,ウィルソン,ウィルソン,"Subject: Wilson, target meaning ""ウィルソン"".

Composition: Show one adult person named Wilson in a natural waist-up portrait, wearing a plain collared shirt or simple jacket, relaxed neutral expression, shoulders fully visible, no props and no written name.

Style: Use the attached invidious.png for drawing style only. Match its thick rounded dark-brown contours, simplified rounded shapes, and restrained 2D cartoon shading. Do not copy the reference subject or composition.

Framing: One compact composition, with the complete subject using about 80-90% of the square. Keep everything inside the frame.

Output: 512x512 PNG, RGBA, genuine transparent background. No text, numerals, labels, logos or watermark.",作成済み,,references/invidious.png
amazing.png,驚くべき,驚くべき,"Subject: amazing, target meaning ""驚くべき"".

Composition: Show one person frozen with wide eyes, open mouth, and raised hands immediately after an unexpected harmless event.

Style: Use the attached invidious.png for drawing style only. Match its thick rounded dark-brown contours, simplified rounded shapes, and restrained 2D cartoon shading. Do not copy the reference subject or composition.

Framing: One compact composition, with the complete subject using about 80-90% of the square. Keep everything inside the frame.

Output: 512x512 PNG, RGBA, genuine transparent background. No text, numerals, labels, logos or watermark.",作成済み,,references/invidious.png
bacteria.png,バクテリア、細菌,バクテリア,"Subject: bacteria, target meaning ""バクテリア"".

Composition: Show several enlarged rod-shaped and spherical bacteria under a circular microscope-view framing, with simple flagella and cell shapes.

Style: Use the attached invidious.png for drawing style only. Match its thick rounded dark-brown contours, simplified rounded shapes, and restrained 2D cartoon shading. Do not copy the reference subject or composition.

Framing: One compact composition, with the complete subject using about 80-90% of the square. Keep everything inside the frame.

Output: 512x512 PNG, RGBA, genuine transparent background. No text, numerals, labels, logos or watermark.",作成済み,,references/invidious.png
nineteenth.png,第19の、19番目の,第19の,"Subject: nineteenth, target meaning ""第19の"".

Composition: Show a row of identical simple objects with the 19th position clearly emphasized, keeping the quantity easy to count.

Style: Use the attached invidious.png for drawing style only. Match its thick rounded dark-brown contours, simplified rounded shapes, and restrained 2D cartoon shading. Do not copy the reference subject or composition.

Framing: One compact composition, with the complete subject using about 80-90% of the square. Keep everything inside the frame.

Output: 512x512 PNG, RGBA, genuine transparent background. No incidental text, numerals, or labels beyond what is essential to the target meaning. No logos or watermark.",作成済み,,references/invidious.png
rice.png,米、ご飯,米,"Subject: rice, target meaning ""米"".

Composition: Show a small bowl of cooked white rice beside a few uncooked rice grains and one rice stalk.

Style: Use the attached invidious.png for drawing style only. Match its thick rounded dark-brown contours, simplified rounded shapes, and restrained 2D cartoon shading. Do not copy the reference subject or composition.

Framing: One compact composition, with the complete subject using about 80-90% of the square. Keep everything inside the frame.

Output: 512x512 PNG, RGBA, genuine transparent background. No text, numerals, labels, logos or watermark.",作成済み,,references/invidious.png
tip.png,先,先,"Subject: tip, target meaning ""先"".

Composition: Show the sharply pointed tip of a pencil in close-up, with the point clearly separated from the rest of the pencil.

Style: Use the attached invidious.png for drawing style only. Match its thick rounded dark-brown contours, simplified rounded shapes, and restrained 2D cartoon shading. Do not copy the reference subject or composition.

Framing: One compact composition, with the complete subject using about 80-90% of the square. Keep everything inside the frame.

Output: 512x512 PNG, RGBA, genuine transparent background. No text, numerals, labels, logos or watermark.",作成済み,,references/invidious.png
Jackson.png,ジャクソン,ジャクソン,"Subject: Jackson, target meaning ""ジャクソン"".

Composition: Show one adult person named Jackson in a natural waist-up portrait, wearing a plain collared shirt or simple jacket, relaxed neutral expression, shoulders fully visible, no props and no written name.

Style: Use the attached invidious.png for drawing style only. Match its thick rounded dark-brown contours, simplified rounded shapes, and restrained 2D cartoon shading. Do not copy the reference subject or composition.

Framing: One compact composition, with the complete subject using about 80-90% of the square. Keep everything inside the frame.

Output: 512x512 PNG, RGBA, genuine transparent background. No text, numerals, labels, logos or watermark.",作成済み,,references/invidious.png
curious.png,好奇心の強い、奇妙な,好奇心の強い,"Subject: curious, target meaning ""好奇心の強い"".

Composition: Show one person leaning forward to peer inside a mysterious open box, eyes wide and brows raised, with one hand carefully lifting the lid farther to investigate what is inside.

Style: Use the attached invidious.png for drawing style only. Match its thick rounded dark-brown contours, simplified rounded shapes, and restrained 2D cartoon shading. Do not copy the reference subject or composition.

Framing: One compact composition, with the complete subject using about 80-90% of the square. Keep everything inside the frame.

Output: 512x512 PNG, RGBA, genuine transparent background. No text, numerals, labels, logos or watermark.",作成済み,,references/invidious.png
Francis.png,フランシス、フランソア,フランシス,"Subject: Francis, target meaning ""フランシス"".

Composition: Show one adult person named Francis in a natural waist-up portrait, wearing a plain collared shirt or simple jacket, relaxed neutral expression, shoulders fully visible, no props and no written name.

Style: Use the attached invidious.png for drawing style only. Match its thick rounded dark-brown contours, simplified rounded shapes, and restrained 2D cartoon shading. Do not copy the reference subject or composition.

Framing: One compact composition, with the complete subject using about 80-90% of the square. Keep everything inside the frame.

Output: 512x512 PNG, RGBA, genuine transparent background. No text, numerals, labels, logos or watermark.",作成済み,,references/invidious.png
boundary.png,境界,境界,"Subject: boundary, target meaning ""境界"".

Composition: Show two neighboring plots of land separated by a clear fence line running from foreground to background.

Style: Use the attached invidious.png for drawing style only. Match its thick rounded dark-brown contours, simplified rounded shapes, and restrained 2D cartoon shading. Do not copy the reference subject or composition.

Framing: One compact composition, with the complete subject using about 80-90% of the square. Keep everything inside the frame.

Output: 512x512 PNG, RGBA, genuine transparent background. No text, numerals, labels, logos or watermark.",作成済み,,references/invidious.png
planet.png,惑星,惑星,"Subject: planet, target meaning ""惑星"".

Composition: Show one spherical planet floating in space with a curved lit side, shaded night side, and small stars around it.

Style: Use the attached invidious.png for drawing style only. Match its thick rounded dark-brown contours, simplified rounded shapes, and restrained 2D cartoon shading. Do not copy the reference subject or composition.

Framing: One compact composition, with the complete subject using about 80-90% of the square. Keep everything inside the frame.

Output: 512x512 PNG, RGBA, genuine transparent background. No text, numerals, labels, logos or watermark.",作成済み,,references/invidious.png
plot.png,策略、陰謀,策略,"Subject: plot, target meaning ""策略"".

Composition: Show two conspirators leaning over a table with a building sketch and a hidden key, one pointing to the planned target while the other listens closely, conveying a secret scheme.

Style: Use the attached invidious.png for drawing style only. Match its thick rounded dark-brown contours, simplified rounded shapes, and restrained 2D cartoon shading. Do not copy the reference subject or composition.

Framing: One compact composition, with the complete subject using about 80-90% of the square. Keep everything inside the frame.

Output: 512x512 PNG, RGBA, genuine transparent background. No text, numerals, labels, logos or watermark.",作成済み,,references/invidious.png
scenario.png,シナリオ、脚本,シナリオ,"Subject: scenario, target meaning ""シナリオ"".

Composition: Show a stack of screenplay pages beside a film clapperboard and two small storyboard frames, clearly representing a scripted scenario.

Style: Use the attached invidious.png for drawing style only. Match its thick rounded dark-brown contours, simplified rounded shapes, and restrained 2D cartoon shading. Do not copy the reference subject or composition.

Framing: One compact composition, with the complete subject using about 80-90% of the square. Keep everything inside the frame.

Output: 512x512 PNG, RGBA, genuine transparent background. No text, numerals, labels, logos or watermark.",作成済み,,references/invidious.png
button.png,ボタン,ボタン,"Subject: button, target meaning ""ボタン"".

Composition: Show one round four-hole shirt button in close-up beside a short loop of thread and a needle.

Style: Use the attached invidious.png for drawing style only. Match its thick rounded dark-brown contours, simplified rounded shapes, and restrained 2D cartoon shading. Do not copy the reference subject or composition.

Framing: One compact composition, with the complete subject using about 80-90% of the square. Keep everything inside the frame.

Output: 512x512 PNG, RGBA, genuine transparent background. No text, numerals, labels, logos or watermark.",作成済み,,references/invidious.png
essentially.png,本質的に、基本的に,本質的に,"Subject: essentially, target meaning ""本質的に"".

Composition: Show a heavy stone foundation or one essential key component supporting an entire larger structure above it.

Style: Use the attached invidious.png for drawing style only. Match its thick rounded dark-brown contours, simplified rounded shapes, and restrained 2D cartoon shading. Do not copy the reference subject or composition.

Framing: One compact composition, with the complete subject using about 80-90% of the square. Keep everything inside the frame.

Output: 512x512 PNG, RGBA, genuine transparent background. No text, numerals, labels, logos or watermark.",作成済み,,references/invidious.png
fairly.png,公平に、かなり,公平に,"Subject: fairly, target meaning ""公平に"".

Composition: Show a balance scale perfectly level with equal weights on both pans, or two equal groups placed symmetrically.

Style: Use the attached invidious.png for drawing style only. Match its thick rounded dark-brown contours, simplified rounded shapes, and restrained 2D cartoon shading. Do not copy the reference subject or composition.

Framing: One compact composition, with the complete subject using about 80-90% of the square. Keep everything inside the frame.

Output: 512x512 PNG, RGBA, genuine transparent background. No text, numerals, labels, logos or watermark.",作成済み,,references/invidious.png
hat.png,帽子,帽子,"Subject: hat, target meaning ""帽子"".

Composition: Show one classic brimmed hat with a shaped crown and curved brim, fully visible at a slight angle.

Style: Use the attached invidious.png for drawing style only. Match its thick rounded dark-brown contours, simplified rounded shapes, and restrained 2D cartoon shading. Do not copy the reference subject or composition.

Framing: One compact composition, with the complete subject using about 80-90% of the square. Keep everything inside the frame.

Output: 512x512 PNG, RGBA, genuine transparent background. No text, numerals, labels, logos or watermark.",作成済み,,references/invidious.png
scared.png,おびえた,おびえた,"Subject: scared, target meaning ""おびえた"".

Composition: Show one person recoiling with wide eyes, raised shoulders, open mouth, and hands held defensively near the chest after a harmless sudden surprise.

Style: Use the attached invidious.png for drawing style only. Match its thick rounded dark-brown contours, simplified rounded shapes, and restrained 2D cartoon shading. Do not copy the reference subject or composition.

Framing: One compact composition, with the complete subject using about 80-90% of the square. Keep everything inside the frame.

Output: 512x512 PNG, RGBA, genuine transparent background. No text, numerals, labels, logos or watermark.",作成済み,,references/invidious.png
minister.png,大臣、牧師,大臣,"Subject: minister, target meaning ""大臣"".

Composition: Show one government minister in formal business attire standing at a podium beside a national-government building cue, with an official folder in hand.

Style: Use the attached invidious.png for drawing style only. Match its thick rounded dark-brown contours, simplified rounded shapes, and restrained 2D cartoon shading. Do not copy the reference subject or composition.

Framing: One compact composition, with the complete subject using about 80-90% of the square. Keep everything inside the frame.

Output: 512x512 PNG, RGBA, genuine transparent background. No text, numerals, labels, logos or watermark.",作成済み,,references/invidious.png
originally.png,最初は、生まれは,最初は,"Subject: originally, target meaning ""最初は"".

Composition: Show a simple sequence with an old first version of an object on the left and a newer changed version on the right, with the original version clearly emphasized.

Style: Use the attached invidious.png for drawing style only. Match its thick rounded dark-brown contours, simplified rounded shapes, and restrained 2D cartoon shading. Do not copy the reference subject or composition.

Framing: One compact composition, with the complete subject using about 80-90% of the square. Keep everything inside the frame.

Output: 512x512 PNG, RGBA, genuine transparent background. No text, numerals, labels, logos or watermark.",作成済み,,references/invidious.png
Berlin.png,バーリン,バーリン,"Subject: Berlin, target meaning ""バーリン"".

Composition: Show one adult person named Berlin in a natural waist-up portrait, wearing a plain collared shirt or simple jacket, relaxed neutral expression, shoulders fully visible, no props and no written name.

Style: Use the attached invidious.png for drawing style only. Match its thick rounded dark-brown contours, simplified rounded shapes, and restrained 2D cartoon shading. Do not copy the reference subject or composition.

Framing: One compact composition, with the complete subject using about 80-90% of the square. Keep everything inside the frame.

Output: 512x512 PNG, RGBA, genuine transparent background. No text, numerals, labels, logos or watermark.",作成済み,,references/invidious.png
vessel.png,船舶、大型船,船舶,"Subject: vessel, target meaning ""船舶"".

Composition: Show one large oceangoing cargo ship in three-quarter view with hull, deck, bridge, and bow fully visible on calm water.

Style: Use the attached invidious.png for drawing style only. Match its thick rounded dark-brown contours, simplified rounded shapes, and restrained 2D cartoon shading. Do not copy the reference subject or composition.

Framing: One compact composition, with the complete subject using about 80-90% of the square. Keep everything inside the frame.

Output: 512x512 PNG, RGBA, genuine transparent background. No text, numerals, labels, logos or watermark.",作成済み,,references/invidious.png
victory.png,勝利,勝利,"Subject: victory, target meaning ""勝利"".

Composition: Show one person on the highest podium step holding a trophy with both arms raised.

Style: Use the attached invidious.png for drawing style only. Match its thick rounded dark-brown contours, simplified rounded shapes, and restrained 2D cartoon shading. Do not copy the reference subject or composition.

Framing: One compact composition, with the complete subject using about 80-90% of the square. Keep everything inside the frame.

Output: 512x512 PNG, RGBA, genuine transparent background. No text, numerals, labels, logos or watermark.",作成済み,,references/invidious.png
cook.png,料理する,料理する,"Subject: cook, target meaning ""料理する"".

Composition: Show one person cooking a simple dish in a pan while stirring ingredients over a stove.

Style: Use the attached invidious.png for drawing style only. Match its thick rounded dark-brown contours, simplified rounded shapes, and restrained 2D cartoon shading. Do not copy the reference subject or composition.

Framing: One compact composition, with the complete subject using about 80-90% of the square. Keep everything inside the frame.

Output: 512x512 PNG, RGBA, genuine transparent background. No text, numerals, labels, logos or watermark.",作成済み,,references/invidious.png
node.png,結び目、中心点,結び目,"Subject: node, target meaning ""結び目"".

Composition: Show two rope ends tied together in one compact secure knot.

Style: Use the attached invidious.png for drawing style only. Match its thick rounded dark-brown contours, simplified rounded shapes, and restrained 2D cartoon shading. Do not copy the reference subject or composition.

Framing: One compact composition, with the complete subject using about 80-90% of the square. Keep everything inside the frame.

Output: 512x512 PNG, RGBA, genuine transparent background. No text, numerals, labels, logos or watermark.",作成済み,,references/invidious.png
photo.png,フォト、写真,フォト,"Subject: photo, target meaning ""フォト"".

Composition: Show one printed photograph with a white border depicting a simple family scene, held at the corners by two hands.

Style: Use the attached invidious.png for drawing style only. Match its thick rounded dark-brown contours, simplified rounded shapes, and restrained 2D cartoon shading. Do not copy the reference subject or composition.

Framing: One compact composition, with the complete subject using about 80-90% of the square. Keep everything inside the frame.

Output: 512x512 PNG, RGBA, genuine transparent background. No text, numerals, labels, logos or watermark.",作成済み,,references/invidious.png
temple@teme1.png,寺院,寺院,"Subject: temple, target meaning ""寺院"".

Composition: Show one traditional temple building with broad steps, columns, and a prominent entrance, centered as the main architectural subject.

Style: Use the attached invidious.png for drawing style only. Match its thick rounded dark-brown contours, simplified rounded shapes, and restrained 2D cartoon shading. Do not copy the reference subject or composition.

Framing: One compact composition, with the complete subject using about 80-90% of the square. Keep everything inside the frame.

Output: 512x512 PNG, RGBA, genuine transparent background. No text, numerals, labels, logos or watermark.",作成済み,,references/invidious.png
trend.png,傾向、動向,傾向,"Subject: trend, target meaning ""傾向"".

Composition: Show a line graph made of simple dots and a line steadily rising from lower left to upper right, with no numbers or labels.

Style: Use the attached invidious.png for drawing style only. Match its thick rounded dark-brown contours, simplified rounded shapes, and restrained 2D cartoon shading. Do not copy the reference subject or composition.

Framing: One compact composition, with the complete subject using about 80-90% of the square. Keep everything inside the frame.

Output: 512x512 PNG, RGBA, genuine transparent background. No text, numerals, labels, logos or watermark.",作成済み,,references/invidious.png
bigger.png,より大きい,より大きい,"Subject: bigger, target meaning ""より大きい"".

Composition: Show two red apples side by side on the same surface, with one apple clearly about twice the diameter of the other so the comparative larger size is unmistakable.

Style: Use the attached invidious.png for drawing style only. Match its thick rounded dark-brown contours, simplified rounded shapes, and restrained 2D cartoon shading. Do not copy the reference subject or composition.

Framing: One compact composition, with the complete subject using about 80-90% of the square. Keep everything inside the frame.

Output: 512x512 PNG, RGBA, genuine transparent background. No text, numerals, labels, logos or watermark.",作成済み,,references/invidious.png
budget.png,予算,予算,"Subject: budget, target meaning ""予算"".

Composition: Show a calculator, a small stack of coins, and several expense envelopes divided into portions on a desk, representing a planned budget.

Style: Use the attached invidious.png for drawing style only. Match its thick rounded dark-brown contours, simplified rounded shapes, and restrained 2D cartoon shading. Do not copy the reference subject or composition.

Framing: One compact composition, with the complete subject using about 80-90% of the square. Keep everything inside the frame.

Output: 512x512 PNG, RGBA, genuine transparent background. No text, numerals, labels, logos or watermark.",作成済み,,references/invidious.png
equity.png,公平、公明正大,公平,"Subject: equity, target meaning ""公平"".

Composition: Show a balance scale perfectly level with equal weights on both pans, or two equal groups placed symmetrically.

Style: Use the attached invidious.png for drawing style only. Match its thick rounded dark-brown contours, simplified rounded shapes, and restrained 2D cartoon shading. Do not copy the reference subject or composition.

Framing: One compact composition, with the complete subject using about 80-90% of the square. Keep everything inside the frame.

Output: 512x512 PNG, RGBA, genuine transparent background. No text, numerals, labels, logos or watermark.",作成済み,,references/invidious.png
lake@laku.png,湖,湖,"Subject: lake, target meaning ""湖"".

Composition: Show a calm inland lake surrounded by low hills and trees, with a still reflective water surface and no ocean horizon.

Style: Use the attached invidious.png for drawing style only. Match its thick rounded dark-brown contours, simplified rounded shapes, and restrained 2D cartoon shading. Do not copy the reference subject or composition.

Framing: One compact composition, with the complete subject using about 80-90% of the square. Keep everything inside the frame.

Output: 512x512 PNG, RGBA, genuine transparent background. No text, numerals, labels, logos or watermark.",作成済み,,references/invidious.png
outer.png,外側の,外側の,"Subject: outer, target meaning ""外側の"".

Composition: Show a round fruit cut open to reveal a thick peel surrounding the inner flesh, with the outer peel clearly emphasized as the exterior layer.

Style: Use the attached invidious.png for drawing style only. Match its thick rounded dark-brown contours, simplified rounded shapes, and restrained 2D cartoon shading. Do not copy the reference subject or composition.

Framing: One compact composition, with the complete subject using about 80-90% of the square. Keep everything inside the frame.

Output: 512x512 PNG, RGBA, genuine transparent background. No text, numerals, labels, logos or watermark.",作成済み,,references/invidious.png
quarter.png,4分の1、地区,4分の1,"Subject: quarter, target meaning ""4分の1"".

Composition: Show one round pie divided cleanly into four equal wedges with exactly one wedge separated slightly from the rest.

Style: Use the attached invidious.png for drawing style only. Match its thick rounded dark-brown contours, simplified rounded shapes, and restrained 2D cartoon shading. Do not copy the reference subject or composition.

Framing: One compact composition, with the complete subject using about 80-90% of the square. Keep everything inside the frame.

Output: 512x512 PNG, RGBA, genuine transparent background. No incidental text, numerals, or labels beyond what is essential to the target meaning. No logos or watermark.",作成済み,,references/invidious.png
threshold.png,敷居、閾値,敷居,"Subject: threshold, target meaning ""敷居"".

Composition: Show the raised wooden threshold at the bottom of an open doorway in close view, with one foot stepping over it.

Style: Use the attached invidious.png for drawing style only. Match its thick rounded dark-brown contours, simplified rounded shapes, and restrained 2D cartoon shading. Do not copy the reference subject or composition.

Framing: One compact composition, with the complete subject using about 80-90% of the square. Keep everything inside the frame.

Output: 512x512 PNG, RGBA, genuine transparent background. No text, numerals, labels, logos or watermark.",作成済み,,references/invidious.png
Virginia.png,バージニア、バジニア,バージニア,"Subject: Virginia, target meaning ""バージニア"".

Composition: Show one adult person named Virginia in a natural waist-up portrait, wearing a plain collared shirt or simple jacket, relaxed neutral expression, shoulders fully visible, no props and no written name.

Style: Use the attached invidious.png for drawing style only. Match its thick rounded dark-brown contours, simplified rounded shapes, and restrained 2D cartoon shading. Do not copy the reference subject or composition.

Framing: One compact composition, with the complete subject using about 80-90% of the square. Keep everything inside the frame.

Output: 512x512 PNG, RGBA, genuine transparent background. No text, numerals, labels, logos or watermark.",作成済み,,references/invidious.png
liberal.png,自由主義の、気前のよい,自由主義の,"Subject: liberal, target meaning ""自由主義の"".

Composition: Show a bird flying freely out of an open cage into wide open sky.

Style: Use the attached invidious.png for drawing style only. Match its thick rounded dark-brown contours, simplified rounded shapes, and restrained 2D cartoon shading. Do not copy the reference subject or composition.

Framing: One compact composition, with the complete subject using about 80-90% of the square. Keep everything inside the frame.

Output: 512x512 PNG, RGBA, genuine transparent background. No text, numerals, labels, logos or watermark.",作成済み,,references/invidious.png
lip.png,唇,唇,"Subject: lip, target meaning ""唇"".

Composition: Show a neutral close-up of a human mouth with the upper and lower lips clearly defined, centered and non-sexual.

Style: Use the attached invidious.png for drawing style only. Match its thick rounded dark-brown contours, simplified rounded shapes, and restrained 2D cartoon shading. Do not copy the reference subject or composition.

Framing: One compact composition, with the complete subject using about 80-90% of the square. Keep everything inside the frame.

Output: 512x512 PNG, RGBA, genuine transparent background. No text, numerals, labels, logos or watermark.",作成済み,,references/invidious.png
wondering.png,不思議に思う,不思議に思う,"Subject: wondering, target meaning ""不思議に思う"".

Composition: Show one person with a hand on the chin, brows slightly raised, and eyes looking upward toward a small thought bubble containing two possible objects.

Style: Use the attached invidious.png for drawing style only. Match its thick rounded dark-brown contours, simplified rounded shapes, and restrained 2D cartoon shading. Do not copy the reference subject or composition.

Framing: One compact composition, with the complete subject using about 80-90% of the square. Keep everything inside the frame.

Output: 512x512 PNG, RGBA, genuine transparent background. No text, numerals, labels, logos or watermark.",作成済み,,references/invidious.png
Jim.png,ジム,ジム,"Subject: Jim, target meaning ""ジム"".

Composition: Show one adult person named Jim in a natural waist-up portrait, wearing a plain collared shirt or simple jacket, relaxed neutral expression, shoulders fully visible, no props and no written name.

Style: Use the attached invidious.png for drawing style only. Match its thick rounded dark-brown contours, simplified rounded shapes, and restrained 2D cartoon shading. Do not copy the reference subject or composition.

Framing: One compact composition, with the complete subject using about 80-90% of the square. Keep everything inside the frame.

Output: 512x512 PNG, RGBA, genuine transparent background. No text, numerals, labels, logos or watermark.",作成済み,,references/invidious.png
bathroom.png,浴室、トイレ,浴室,"Subject: bathroom, target meaning ""浴室"".

Composition: Show a compact bathroom with a bathtub, sink, mirror, and folded towel, with the bathing fixtures as the focus.

Style: Use the attached invidious.png for drawing style only. Match its thick rounded dark-brown contours, simplified rounded shapes, and restrained 2D cartoon shading. Do not copy the reference subject or composition.

Framing: One compact composition, with the complete subject using about 80-90% of the square. Keep everything inside the frame.

Output: 512x512 PNG, RGBA, genuine transparent background. No text, numerals, labels, logos or watermark.",作成済み,,references/invidious.png
courage.png,勇気,勇気,"Subject: courage, target meaning ""勇気"".

Composition: Show one nervous but determined person stepping forward to help someone stranded across a narrow safe gap, despite visible fear in their expression.

Style: Use the attached invidious.png for drawing style only. Match its thick rounded dark-brown contours, simplified rounded shapes, and restrained 2D cartoon shading. Do not copy the reference subject or composition.

Framing: One compact composition, with the complete subject using about 80-90% of the square. Keep everything inside the frame.

Output: 512x512 PNG, RGBA, genuine transparent background. No text, numerals, labels, logos or watermark.",作成済み,,references/invidious.png
poet.png,詩人,詩人,"Subject: poet, target meaning ""詩人"".

Composition: Show one poet seated at a desk writing short verse lines in a notebook, with a quill or pen and a small stack of poetry books nearby.

Style: Use the attached invidious.png for drawing style only. Match its thick rounded dark-brown contours, simplified rounded shapes, and restrained 2D cartoon shading. Do not copy the reference subject or composition.

Framing: One compact composition, with the complete subject using about 80-90% of the square. Keep everything inside the frame.

Output: 512x512 PNG, RGBA, genuine transparent background. No text, numerals, labels, logos or watermark.",作成済み,,references/invidious.png
Canadian.png,カナダ人の、カナダの,カナダ人の,"Subject: Canadian, target meaning ""カナダ人の"".

Composition: Show one adult person named Canadian in a natural waist-up portrait, wearing a plain collared shirt or simple jacket, relaxed neutral expression, shoulders fully visible, no props and no written name.

Style: Use the attached invidious.png for drawing style only. Match its thick rounded dark-brown contours, simplified rounded shapes, and restrained 2D cartoon shading. Do not copy the reference subject or composition.

Framing: One compact composition, with the complete subject using about 80-90% of the square. Keep everything inside the frame.

Output: 512x512 PNG, RGBA, genuine transparent background. No text, numerals, labels, logos or watermark.",作成済み,,references/invidious.png
chin.png,あご,あご,"Subject: chin, target meaning ""あご"".

Composition: Show a human face in side profile with the chin clearly emphasized below the lower lip and jawline.

Style: Use the attached invidious.png for drawing style only. Match its thick rounded dark-brown contours, simplified rounded shapes, and restrained 2D cartoon shading. Do not copy the reference subject or composition.

Framing: One compact composition, with the complete subject using about 80-90% of the square. Keep everything inside the frame.

Output: 512x512 PNG, RGBA, genuine transparent background. No text, numerals, labels, logos or watermark.",作成済み,,references/invidious.png
coverage.png,報道、取材,報道,"Subject: coverage, target meaning ""報道"".

Composition: Show a field reporter with a microphone and camera crew documenting an event scene, clearly conveying news coverage.

Style: Use the attached invidious.png for drawing style only. Match its thick rounded dark-brown contours, simplified rounded shapes, and restrained 2D cartoon shading. Do not copy the reference subject or composition.

Framing: One compact composition, with the complete subject using about 80-90% of the square. Keep everything inside the frame.

Output: 512x512 PNG, RGBA, genuine transparent background. No text, numerals, labels, logos or watermark.",作成済み,,references/invidious.png
license.png,認可、許諾,認可,"Subject: license, target meaning ""認可"".

Composition: Show an official permit card being stamped with an approval seal beside a signed application sheet, with the authorization process as the focus.

Style: Use the attached invidious.png for drawing style only. Match its thick rounded dark-brown contours, simplified rounded shapes, and restrained 2D cartoon shading. Do not copy the reference subject or composition.

Framing: One compact composition, with the complete subject using about 80-90% of the square. Keep everything inside the frame.

Output: 512x512 PNG, RGBA, genuine transparent background. No text, numerals, labels, logos or watermark.",作成済み,,references/invidious.png
mail@molko.png,郵便,郵便,"Subject: mail, target meaning ""郵便"".

Composition: Show a sealed envelope with a postage stamp being placed into a public mailbox.

Style: Use the attached invidious.png for drawing style only. Match its thick rounded dark-brown contours, simplified rounded shapes, and restrained 2D cartoon shading. Do not copy the reference subject or composition.

Framing: One compact composition, with the complete subject using about 80-90% of the square. Keep everything inside the frame.

Output: 512x512 PNG, RGBA, genuine transparent background. No text, numerals, labels, logos or watermark.",作成済み,,references/invidious.png
reasoning.png,推論,推論,"Subject: reasoning, target meaning ""推論"".

Composition: Show one person arranging three picture cards in a logical sequence from cause to intermediate step to conclusion, with a thoughtful expression.

Style: Use the attached invidious.png for drawing style only. Match its thick rounded dark-brown contours, simplified rounded shapes, and restrained 2D cartoon shading. Do not copy the reference subject or composition.

Framing: One compact composition, with the complete subject using about 80-90% of the square. Keep everything inside the frame.

Output: 512x512 PNG, RGBA, genuine transparent background. No text, numerals, labels, logos or watermark.",作成済み,,references/invidious.png
ending.png,終局,終局,"Subject: ending, target meaning ""終局"".

Composition: Show a long path reaching a clear final gate or finish point, with no path continuing beyond it.

Style: Use the attached invidious.png for drawing style only. Match its thick rounded dark-brown contours, simplified rounded shapes, and restrained 2D cartoon shading. Do not copy the reference subject or composition.

Framing: One compact composition, with the complete subject using about 80-90% of the square. Keep everything inside the frame.

Output: 512x512 PNG, RGBA, genuine transparent background. No text, numerals, labels, logos or watermark.",作成済み,,references/invidious.png
links.png,ゴルフ場、海辺の砂丘,ゴルフ場,"Subject: links, target meaning ""ゴルフ場"".

Composition: Show a coastal golf course built among sandy dunes, with a putting green, flagstick, and sea visible beyond the dunes.

Style: Use the attached invidious.png for drawing style only. Match its thick rounded dark-brown contours, simplified rounded shapes, and restrained 2D cartoon shading. Do not copy the reference subject or composition.

Framing: One compact composition, with the complete subject using about 80-90% of the square. Keep everything inside the frame.

Output: 512x512 PNG, RGBA, genuine transparent background. No text, numerals, labels, logos or watermark.",作成済み,,references/invidious.png
routine.png,決まった手順,決まった手順,"Subject: routine, target meaning ""決まった手順"".

Composition: Show the same person repeating a simple morning sequence—alarm clock, toothbrush, and breakfast items—arranged in a clear recurring order.

Style: Use the attached invidious.png for drawing style only. Match its thick rounded dark-brown contours, simplified rounded shapes, and restrained 2D cartoon shading. Do not copy the reference subject or composition.

Framing: One compact composition, with the complete subject using about 80-90% of the square. Keep everything inside the frame.

Output: 512x512 PNG, RGBA, genuine transparent background. No text, numerals, labels, logos or watermark.",作成済み,,references/invidious.png
lift.png,持ち上げる、解除する、エレベーター,持ち上げる,"Subject: lift, target meaning ""持ち上げる"".

Composition: Show one person lifting a box from waist height onto a clearly higher shelf, with the upward movement visible.

Style: Use the attached invidious.png for drawing style only. Match its thick rounded dark-brown contours, simplified rounded shapes, and restrained 2D cartoon shading. Do not copy the reference subject or composition.

Framing: One compact composition, with the complete subject using about 80-90% of the square. Keep everything inside the frame.

Output: 512x512 PNG, RGBA, genuine transparent background. No text, numerals, labels, logos or watermark.",作成済み,,references/invidious.png
mining.png,採鉱,採鉱,"Subject: mining, target meaning ""採鉱"".

Composition: Show a miner in a helmet using a pick beside an exposed rock face, with an ore cart and small pile of extracted rock nearby.

Style: Use the attached invidious.png for drawing style only. Match its thick rounded dark-brown contours, simplified rounded shapes, and restrained 2D cartoon shading. Do not copy the reference subject or composition.

Framing: One compact composition, with the complete subject using about 80-90% of the square. Keep everything inside the frame.

Output: 512x512 PNG, RGBA, genuine transparent background. No text, numerals, labels, logos or watermark.",作成済み,,references/invidious.png
modeling.png,模型製作,模型製作,"Subject: modeling, target meaning ""模型製作"".

Composition: Show one craftsperson actively assembling a simple object from visible parts at a workbench.

Style: Use the attached invidious.png for drawing style only. Match its thick rounded dark-brown contours, simplified rounded shapes, and restrained 2D cartoon shading. Do not copy the reference subject or composition.

Framing: One compact composition, with the complete subject using about 80-90% of the square. Keep everything inside the frame.

Output: 512x512 PNG, RGBA, genuine transparent background. No text, numerals, labels, logos or watermark.",作成済み,,references/invidious.png
pace@pete.png,歩調,歩調,"Subject: pace, target meaning ""歩調"".

Composition: Show two walkers moving side by side with matching stride length and synchronized steps, emphasizing their shared walking pace.

Style: Use the attached invidious.png for drawing style only. Match its thick rounded dark-brown contours, simplified rounded shapes, and restrained 2D cartoon shading. Do not copy the reference subject or composition.

Framing: One compact composition, with the complete subject using about 80-90% of the square. Keep everything inside the frame.

Output: 512x512 PNG, RGBA, genuine transparent background. No text, numerals, labels, logos or watermark.",作成済み,,references/invidious.png
abandoned.png,捨てられた,捨てられた,"Subject: abandoned, target meaning ""捨てられた"".

Composition: Show an empty weathered house with a broken window, overgrown weeds, and a discarded chair, clearly long left unused.

Style: Use the attached invidious.png for drawing style only. Match its thick rounded dark-brown contours, simplified rounded shapes, and restrained 2D cartoon shading. Do not copy the reference subject or composition.

Framing: One compact composition, with the complete subject using about 80-90% of the square. Keep everything inside the frame.

Output: 512x512 PNG, RGBA, genuine transparent background. No text, numerals, labels, logos or watermark.",作成済み,,references/invidious.png
programme.png,プログラム,プログラム,"Subject: programme, target meaning ""プログラム"".

Composition: Show a television-style schedule sheet with several rectangular time blocks and a small screen icon, with lines unreadable but visibly organized as a program.

Style: Use the attached invidious.png for drawing style only. Match its thick rounded dark-brown contours, simplified rounded shapes, and restrained 2D cartoon shading. Do not copy the reference subject or composition.

Framing: One compact composition, with the complete subject using about 80-90% of the square. Keep everything inside the frame.

Output: 512x512 PNG, RGBA, genuine transparent background. No text, numerals, labels, logos or watermark.",作成済み,,references/invidious.png
Acts.png,使徒行伝(新約聖書の一書),使徒行伝(新約聖書の一書),"Subject: Acts, target meaning ""使徒行伝(新約聖書の一書)"".

Composition: Show one adult person named Acts in a natural waist-up portrait, wearing a plain collared shirt or simple jacket, relaxed neutral expression, shoulders fully visible, no props and no written name.

Style: Use the attached invidious.png for drawing style only. Match its thick rounded dark-brown contours, simplified rounded shapes, and restrained 2D cartoon shading. Do not copy the reference subject or composition.

Framing: One compact composition, with the complete subject using about 80-90% of the square. Keep everything inside the frame.

Output: 512x512 PNG, RGBA, genuine transparent background. No text, numerals, labels, logos or watermark.",作成済み,,references/invidious.png
Jacob.png,ヤコブ、ジェイコブ,ヤコブ,"Subject: Jacob, target meaning ""ヤコブ"".

Composition: Show one adult person named Jacob in a natural waist-up portrait, wearing a plain collared shirt or simple jacket, relaxed neutral expression, shoulders fully visible, no props and no written name.

Style: Use the attached invidious.png for drawing style only. Match its thick rounded dark-brown contours, simplified rounded shapes, and restrained 2D cartoon shading. Do not copy the reference subject or composition.

Framing: One compact composition, with the complete subject using about 80-90% of the square. Keep everything inside the frame.

Output: 512x512 PNG, RGBA, genuine transparent background. No text, numerals, labels, logos or watermark.",作成済み,,references/invidious.png
closing.png,閉鎖,閉鎖,"Subject: closing, target meaning ""閉鎖"".

Composition: Show a shopkeeper pulling down a metal shutter over a storefront at the end of the day, with the entrance nearly sealed.

Style: Use the attached invidious.png for drawing style only. Match its thick rounded dark-brown contours, simplified rounded shapes, and restrained 2D cartoon shading. Do not copy the reference subject or composition.

Framing: One compact composition, with the complete subject using about 80-90% of the square. Keep everything inside the frame.

Output: 512x512 PNG, RGBA, genuine transparent background. No text, numerals, labels, logos or watermark.",作成済み,,references/invidious.png
friendship.png,友情,友情,"Subject: friendship, target meaning ""友情"".

Composition: Show two close friends supporting each other while carrying one heavy box together, with warm relaxed expressions.

Style: Use the attached invidious.png for drawing style only. Match its thick rounded dark-brown contours, simplified rounded shapes, and restrained 2D cartoon shading. Do not copy the reference subject or composition.

Framing: One compact composition, with the complete subject using about 80-90% of the square. Keep everything inside the frame.

Output: 512x512 PNG, RGBA, genuine transparent background. No text, numerals, labels, logos or watermark.",作成済み,,references/invidious.png
laboratory.png,実験室,実験室,"Subject: laboratory, target meaning ""実験室"".

Composition: Show a clean science laboratory bench with glass flasks, test tubes in a rack, a microscope, and safety goggles.

Style: Use the attached invidious.png for drawing style only. Match its thick rounded dark-brown contours, simplified rounded shapes, and restrained 2D cartoon shading. Do not copy the reference subject or composition.

Framing: One compact composition, with the complete subject using about 80-90% of the square. Keep everything inside the frame.

Output: 512x512 PNG, RGBA, genuine transparent background. No text, numerals, labels, logos or watermark.",作成済み,,references/invidious.png
pace@pag.png,〜には失礼ながら,〜には失礼ながら,"Subject: pace, target meaning ""〜には失礼ながら"".

Composition: Show one person politely raising a hand before disagreeing with an older respected speaker, using an apologetic expression and slight bow to convey respectful reservation.

Style: Use the attached invidious.png for drawing style only. Match its thick rounded dark-brown contours, simplified rounded shapes, and restrained 2D cartoon shading. Do not copy the reference subject or composition.

Framing: One compact composition, with the complete subject using about 80-90% of the square. Keep everything inside the frame.

Output: 512x512 PNG, RGBA, genuine transparent background. No text, numerals, labels, logos or watermark.",作成済み,,references/invidious.png
Hong.png,ホン,ホン,"Subject: Hong, target meaning ""ホン"".

Composition: Show one adult person named Hong in a natural waist-up portrait, wearing a plain collared shirt or simple jacket, relaxed neutral expression, shoulders fully visible, no props and no written name.

Style: Use the attached invidious.png for drawing style only. Match its thick rounded dark-brown contours, simplified rounded shapes, and restrained 2D cartoon shading. Do not copy the reference subject or composition.

Framing: One compact composition, with the complete subject using about 80-90% of the square. Keep everything inside the frame.

Output: 512x512 PNG, RGBA, genuine transparent background. No text, numerals, labels, logos or watermark.",作成済み,,references/invidious.png
journal.png,日誌、雑誌,日誌,"Subject: journal, target meaning ""日誌"".

Composition: Show a dated personal journal open on a desk with several handwritten-looking lines, a pen, and a ribbon bookmark; keep all writing unreadable.

Style: Use the attached invidious.png for drawing style only. Match its thick rounded dark-brown contours, simplified rounded shapes, and restrained 2D cartoon shading. Do not copy the reference subject or composition.

Framing: One compact composition, with the complete subject using about 80-90% of the square. Keep everything inside the frame.

Output: 512x512 PNG, RGBA, genuine transparent background. No text, numerals, labels, logos or watermark.",作成済み,,references/invidious.png
Lewis.png,ルイス、ルーイス,ルイス,"Subject: Lewis, target meaning ""ルイス"".

Composition: Show one adult person named Lewis in a natural waist-up portrait, wearing a plain collared shirt or simple jacket, relaxed neutral expression, shoulders fully visible, no props and no written name.

Style: Use the attached invidious.png for drawing style only. Match its thick rounded dark-brown contours, simplified rounded shapes, and restrained 2D cartoon shading. Do not copy the reference subject or composition.

Framing: One compact composition, with the complete subject using about 80-90% of the square. Keep everything inside the frame.

Output: 512x512 PNG, RGBA, genuine transparent background. No text, numerals, labels, logos or watermark.",作成済み,,references/invidious.png
Samuel.png,サミュエル、サム,サミュエル,"Subject: Samuel, target meaning ""サミュエル"".

Composition: Show one adult person named Samuel in a natural waist-up portrait, wearing a plain collared shirt or simple jacket, relaxed neutral expression, shoulders fully visible, no props and no written name.

Style: Use the attached invidious.png for drawing style only. Match its thick rounded dark-brown contours, simplified rounded shapes, and restrained 2D cartoon shading. Do not copy the reference subject or composition.

Framing: One compact composition, with the complete subject using about 80-90% of the square. Keep everything inside the frame.

Output: 512x512 PNG, RGBA, genuine transparent background. No text, numerals, labels, logos or watermark.",作成済み,,references/invidious.png
chamber.png,部屋、議場,部屋,"Subject: chamber, target meaning ""部屋"".

Composition: Show one enclosed formal room with heavy doors, a central table, several chairs, and tall walls, emphasizing the private chamber space.

Style: Use the attached invidious.png for drawing style only. Match its thick rounded dark-brown contours, simplified rounded shapes, and restrained 2D cartoon shading. Do not copy the reference subject or composition.

Framing: One compact composition, with the complete subject using about 80-90% of the square. Keep everything inside the frame.

Output: 512x512 PNG, RGBA, genuine transparent background. No text, numerals, labels, logos or watermark.",作成済み,,references/invidious.png
trail.png,跡、小道,跡,"Subject: trail, target meaning ""跡"".

Composition: Show a narrow dirt trail winding through grass and trees, with visible footprints continuing along the path.

Style: Use the attached invidious.png for drawing style only. Match its thick rounded dark-brown contours, simplified rounded shapes, and restrained 2D cartoon shading. Do not copy the reference subject or composition.

Framing: One compact composition, with the complete subject using about 80-90% of the square. Keep everything inside the frame.

Output: 512x512 PNG, RGBA, genuine transparent background. No text, numerals, labels, logos or watermark.",作成済み,,references/invidious.png
Alice.png,アリス,アリス,"Subject: Alice, target meaning ""アリス"".

Composition: Show one adult person named Alice in a natural waist-up portrait, wearing a plain collared shirt or simple jacket, relaxed neutral expression, shoulders fully visible, no props and no written name.

Style: Use the attached invidious.png for drawing style only. Match its thick rounded dark-brown contours, simplified rounded shapes, and restrained 2D cartoon shading. Do not copy the reference subject or composition.

Framing: One compact composition, with the complete subject using about 80-90% of the square. Keep everything inside the frame.

Output: 512x512 PNG, RGBA, genuine transparent background. No text, numerals, labels, logos or watermark.",作成済み,,references/invidious.png
Charlie.png,チャーリー,チャーリー,"Subject: Charlie, target meaning ""チャーリー"".

Composition: Show one adult person named Charlie in a natural waist-up portrait, wearing a plain collared shirt or simple jacket, relaxed neutral expression, shoulders fully visible, no props and no written name.

Style: Use the attached invidious.png for drawing style only. Match its thick rounded dark-brown contours, simplified rounded shapes, and restrained 2D cartoon shading. Do not copy the reference subject or composition.

Framing: One compact composition, with the complete subject using about 80-90% of the square. Keep everything inside the frame.

Output: 512x512 PNG, RGBA, genuine transparent background. No text, numerals, labels, logos or watermark.",作成済み,,references/invidious.png
Dutch.png,オランダの,オランダの,"Subject: Dutch, target meaning ""オランダの"".

Composition: Show one adult person named Dutch in a natural waist-up portrait, wearing a plain collared shirt or simple jacket, relaxed neutral expression, shoulders fully visible, no props and no written name.

Style: Use the attached invidious.png for drawing style only. Match its thick rounded dark-brown contours, simplified rounded shapes, and restrained 2D cartoon shading. Do not copy the reference subject or composition.

Framing: One compact composition, with the complete subject using about 80-90% of the square. Keep everything inside the frame.

Output: 512x512 PNG, RGBA, genuine transparent background. No text, numerals, labels, logos or watermark.",作成済み,,references/invidious.png
Harvard.png,ハーバード,ハーバード,"Subject: Harvard, target meaning ""ハーバード"".

Composition: Show one adult person named Harvard in a natural waist-up portrait, wearing a plain collared shirt or simple jacket, relaxed neutral expression, shoulders fully visible, no props and no written name.

Style: Use the attached invidious.png for drawing style only. Match its thick rounded dark-brown contours, simplified rounded shapes, and restrained 2D cartoon shading. Do not copy the reference subject or composition.

Framing: One compact composition, with the complete subject using about 80-90% of the square. Keep everything inside the frame.

Output: 512x512 PNG, RGBA, genuine transparent background. No text, numerals, labels, logos or watermark.",作成済み,,references/invidious.png
Jean.png,ジーン、ジャン,ジーン,"Subject: Jean, target meaning ""ジーン"".

Composition: Show one adult person named Jean in a natural waist-up portrait, wearing a plain collared shirt or simple jacket, relaxed neutral expression, shoulders fully visible, no props and no written name.

Style: Use the attached invidious.png for drawing style only. Match its thick rounded dark-brown contours, simplified rounded shapes, and restrained 2D cartoon shading. Do not copy the reference subject or composition.

Framing: One compact composition, with the complete subject using about 80-90% of the square. Keep everything inside the frame.

Output: 512x512 PNG, RGBA, genuine transparent background. No text, numerals, labels, logos or watermark.",作成済み,,references/invidious.png
aircraft.png,航空機,航空機,"Subject: aircraft, target meaning ""航空機"".

Composition: Show one passenger airplane in side view with wings, engines, tail, and landing gear clearly visible.

Style: Use the attached invidious.png for drawing style only. Match its thick rounded dark-brown contours, simplified rounded shapes, and restrained 2D cartoon shading. Do not copy the reference subject or composition.

Framing: One compact composition, with the complete subject using about 80-90% of the square. Keep everything inside the frame.

Output: 512x512 PNG, RGBA, genuine transparent background. No text, numerals, labels, logos or watermark.",作成済み,,references/invidious.png
arts.png,生殖補助医療,生殖補助医療,"Subject: arts, target meaning ""生殖補助医療"".

Composition: Show a clean fertility-clinic scene with a microscope, embryo culture dish, and simplified uterus icon on a medical screen, representing assisted reproductive technology without graphic detail.

Style: Use the attached invidious.png for drawing style only. Match its thick rounded dark-brown contours, simplified rounded shapes, and restrained 2D cartoon shading. Do not copy the reference subject or composition.

Framing: One compact composition, with the complete subject using about 80-90% of the square. Keep everything inside the frame.

Output: 512x512 PNG, RGBA, genuine transparent background. No text, numerals, labels, logos or watermark.",作成済み,,references/invidious.png
hiding.png,隠すこと,隠すこと,"Subject: hiding, target meaning ""隠すこと"".

Composition: Show one small object partly concealed behind a larger box so only a small edge remains visible.

Style: Use the attached invidious.png for drawing style only. Match its thick rounded dark-brown contours, simplified rounded shapes, and restrained 2D cartoon shading. Do not copy the reference subject or composition.

Framing: One compact composition, with the complete subject using about 80-90% of the square. Keep everything inside the frame.

Output: 512x512 PNG, RGBA, genuine transparent background. No text, numerals, labels, logos or watermark.",作成済み,,references/invidious.png
lit.png,文学(literature の略),文学(literature の略),"Subject: lit, target meaning ""文学(literature の略)"".

Composition: Show an open book of literature beside a second closed novel and a fountain pen, with dense unreadable prose lines visible on the open pages.

Style: Use the attached invidious.png for drawing style only. Match its thick rounded dark-brown contours, simplified rounded shapes, and restrained 2D cartoon shading. Do not copy the reference subject or composition.

Framing: One compact composition, with the complete subject using about 80-90% of the square. Keep everything inside the frame.

Output: 512x512 PNG, RGBA, genuine transparent background. No text, numerals, labels, logos or watermark.",作成済み,,references/invidious.png
Arthur.png,アーサー,アーサー,"Subject: Arthur, target meaning ""アーサー"".

Composition: Show one adult person named Arthur in a natural waist-up portrait, wearing a plain collared shirt or simple jacket, relaxed neutral expression, shoulders fully visible, no props and no written name.

Style: Use the attached invidious.png for drawing style only. Match its thick rounded dark-brown contours, simplified rounded shapes, and restrained 2D cartoon shading. Do not copy the reference subject or composition.

Framing: One compact composition, with the complete subject using about 80-90% of the square. Keep everything inside the frame.

Output: 512x512 PNG, RGBA, genuine transparent background. No text, numerals, labels, logos or watermark.",作成済み,,references/invidious.png
Moses.png,モーゼ、モーセ,モーゼ,"Subject: Moses, target meaning ""モーゼ"".

Composition: Show one adult person named Moses in a natural waist-up portrait, wearing a plain collared shirt or simple jacket, relaxed neutral expression, shoulders fully visible, no props and no written name.

Style: Use the attached invidious.png for drawing style only. Match its thick rounded dark-brown contours, simplified rounded shapes, and restrained 2D cartoon shading. Do not copy the reference subject or composition.

Framing: One compact composition, with the complete subject using about 80-90% of the square. Keep everything inside the frame.

Output: 512x512 PNG, RGBA, genuine transparent background. No text, numerals, labels, logos or watermark.",作成済み,,references/invidious.png
Simon.png,シモン,シモン,"Subject: Simon, target meaning ""シモン"".

Composition: Show one adult person named Simon in a natural waist-up portrait, wearing a plain collared shirt or simple jacket, relaxed neutral expression, shoulders fully visible, no props and no written name.

Style: Use the attached invidious.png for drawing style only. Match its thick rounded dark-brown contours, simplified rounded shapes, and restrained 2D cartoon shading. Do not copy the reference subject or composition.

Framing: One compact composition, with the complete subject using about 80-90% of the square. Keep everything inside the frame.

Output: 512x512 PNG, RGBA, genuine transparent background. No text, numerals, labels, logos or watermark.",作成済み,,references/invidious.png
Stephen.png,スティーブン,スティーブン,"Subject: Stephen, target meaning ""スティーブン"".

Composition: Show one adult person named Stephen in a natural waist-up portrait, wearing a plain collared shirt or simple jacket, relaxed neutral expression, shoulders fully visible, no props and no written name.

Style: Use the attached invidious.png for drawing style only. Match its thick rounded dark-brown contours, simplified rounded shapes, and restrained 2D cartoon shading. Do not copy the reference subject or composition.

Framing: One compact composition, with the complete subject using about 80-90% of the square. Keep everything inside the frame.

Output: 512x512 PNG, RGBA, genuine transparent background. No text, numerals, labels, logos or watermark.",作成済み,,references/invidious.png
luck.png,幸運、繁栄,幸運,"Subject: luck, target meaning ""幸運"".

Composition: Show a four-leaf clover beside a pair of dice landing on matching high faces, with one person reacting happily to the fortunate outcome.

Style: Use the attached invidious.png for drawing style only. Match its thick rounded dark-brown contours, simplified rounded shapes, and restrained 2D cartoon shading. Do not copy the reference subject or composition.

Framing: One compact composition, with the complete subject using about 80-90% of the square. Keep everything inside the frame.

Output: 512x512 PNG, RGBA, genuine transparent background. No text, numerals, labels, logos or watermark.",作成済み,,references/invidious.png
palm.png,手のひら、ヤシ,手のひら,"Subject: palm, target meaning ""手のひら"".

Composition: Show one open human hand facing the viewer, fingers relaxed and the palm lines clearly visible.

Style: Use the attached invidious.png for drawing style only. Match its thick rounded dark-brown contours, simplified rounded shapes, and restrained 2D cartoon shading. Do not copy the reference subject or composition.

Framing: One compact composition, with the complete subject using about 80-90% of the square. Keep everything inside the frame.

Output: 512x512 PNG, RGBA, genuine transparent background. No text, numerals, labels, logos or watermark.",作成済み,,references/invidious.png
rank@sker3.png,階級、列,階級,"Subject: rank, target meaning ""階級"".

Composition: Show four uniformed figures standing in order from lowest to highest insignia level, with the highest-ranked figure positioned at the front.

Style: Use the attached invidious.png for drawing style only. Match its thick rounded dark-brown contours, simplified rounded shapes, and restrained 2D cartoon shading. Do not copy the reference subject or composition.

Framing: One compact composition, with the complete subject using about 80-90% of the square. Keep everything inside the frame.

Output: 512x512 PNG, RGBA, genuine transparent background. No text, numerals, labels, logos or watermark.",作成済み,,references/invidious.png
sigh.png,ため息をつく,ため息をつく,"Subject: sigh, target meaning ""ため息をつく"".

Composition: Show one person taking a visible deep breath, chest rising while cool breath puffs leave the mouth.

Style: Use the attached invidious.png for drawing style only. Match its thick rounded dark-brown contours, simplified rounded shapes, and restrained 2D cartoon shading. Do not copy the reference subject or composition.

Framing: One compact composition, with the complete subject using about 80-90% of the square. Keep everything inside the frame.

Output: 512x512 PNG, RGBA, genuine transparent background. No text, numerals, labels, logos or watermark.",作成済み,,references/invidious.png
twentieth.png,20分の1,20分の1,"Subject: twentieth, target meaning ""20分の1"".

Composition: Show a circle divided into twenty equal narrow sectors with exactly one sector separated slightly from the rest, representing one twentieth.

Style: Use the attached invidious.png for drawing style only. Match its thick rounded dark-brown contours, simplified rounded shapes, and restrained 2D cartoon shading. Do not copy the reference subject or composition.

Framing: One compact composition, with the complete subject using about 80-90% of the square. Keep everything inside the frame.

Output: 512x512 PNG, RGBA, genuine transparent background. No incidental text, numerals, or labels beyond what is essential to the target meaning. No logos or watermark.",作成済み,,references/invidious.png
weapon.png,武器、兵器,武器,"Subject: weapon, target meaning ""武器"".

Composition: Show a simple historical sword resting beside a round shield, presented as museum-like objects with no combat scene.

Style: Use the attached invidious.png for drawing style only. Match its thick rounded dark-brown contours, simplified rounded shapes, and restrained 2D cartoon shading. Do not copy the reference subject or composition.

Framing: One compact composition, with the complete subject using about 80-90% of the square. Keep everything inside the frame.

Output: 512x512 PNG, RGBA, genuine transparent background. No text, numerals, labels, logos or watermark.",作成済み,,references/invidious.png
Maria.png,マリア,マリア,"Subject: Maria, target meaning ""マリア"".

Composition: Show one adult person named Maria in a natural waist-up portrait, wearing a plain collared shirt or simple jacket, relaxed neutral expression, shoulders fully visible, no props and no written name.

Style: Use the attached invidious.png for drawing style only. Match its thick rounded dark-brown contours, simplified rounded shapes, and restrained 2D cartoon shading. Do not copy the reference subject or composition.

Framing: One compact composition, with the complete subject using about 80-90% of the square. Keep everything inside the frame.

Output: 512x512 PNG, RGBA, genuine transparent background. No text, numerals, labels, logos or watermark.",作成済み,,references/invidious.png
ate@x.png,アテ(無分別と破滅を司るギリシャの女神),アテ(無分別と破滅を司るギリシャの女神),"Subject: ate, target meaning ""アテ(無分別と破滅を司るギリシャの女神)"".

Composition: Show the Greek goddess Ate as a solemn ancient woman in flowing robes, standing over scattered broken objects that suggest rash folly and ruin.

Style: Use the attached invidious.png for drawing style only. Match its thick rounded dark-brown contours, simplified rounded shapes, and restrained 2D cartoon shading. Do not copy the reference subject or composition.

Framing: One compact composition, with the complete subject using about 80-90% of the square. Keep everything inside the frame.

Output: 512x512 PNG, RGBA, genuine transparent background. No text, numerals, labels, logos or watermark.",作成済み,,references/invidious.png
ate@ed.png,食べた(eat の過去),食べた(eat の過去),"Subject: ate, target meaning ""食べた(eat の過去)"".

Composition: Show one person taking a bite from a clearly visible simple meal on a plate.

Style: Use the attached invidious.png for drawing style only. Match its thick rounded dark-brown contours, simplified rounded shapes, and restrained 2D cartoon shading. Do not copy the reference subject or composition.

Framing: One compact composition, with the complete subject using about 80-90% of the square. Keep everything inside the frame.

Output: 512x512 PNG, RGBA, genuine transparent background. No text, numerals, labels, logos or watermark.",作成済み,,references/invidious.png
filling.png,中身,中身,"Subject: filling, target meaning ""中身"".

Composition: Show a pastry cut open to reveal thick cream filling inside, with the interior contents clearly exposed.

Style: Use the attached invidious.png for drawing style only. Match its thick rounded dark-brown contours, simplified rounded shapes, and restrained 2D cartoon shading. Do not copy the reference subject or composition.

Framing: One compact composition, with the complete subject using about 80-90% of the square. Keep everything inside the frame.

Output: 512x512 PNG, RGBA, genuine transparent background. No text, numerals, labels, logos or watermark.",作成済み,,references/invidious.png
Anne.png,アン,アン,"Subject: Anne, target meaning ""アン"".

Composition: Show one adult person named Anne in a natural waist-up portrait, wearing a plain collared shirt or simple jacket, relaxed neutral expression, shoulders fully visible, no props and no written name.

Style: Use the attached invidious.png for drawing style only. Match its thick rounded dark-brown contours, simplified rounded shapes, and restrained 2D cartoon shading. Do not copy the reference subject or composition.

Framing: One compact composition, with the complete subject using about 80-90% of the square. Keep everything inside the frame.

Output: 512x512 PNG, RGBA, genuine transparent background. No text, numerals, labels, logos or watermark.",作成済み,,references/invidious.png
Brazil.png,ブラジル,ブラジル,"Subject: Brazil, target meaning ""ブラジル"".

Composition: Show one adult person named Brazil in a natural waist-up portrait, wearing a plain collared shirt or simple jacket, relaxed neutral expression, shoulders fully visible, no props and no written name.

Style: Use the attached invidious.png for drawing style only. Match its thick rounded dark-brown contours, simplified rounded shapes, and restrained 2D cartoon shading. Do not copy the reference subject or composition.

Framing: One compact composition, with the complete subject using about 80-90% of the square. Keep everything inside the frame.

Output: 512x512 PNG, RGBA, genuine transparent background. No text, numerals, labels, logos or watermark.",作成済み,,references/invidious.png
Singh.png,シン、ゴビンド・シン,シン,"Subject: Singh, target meaning ""シン"".

Composition: Show one adult person named Singh in a natural waist-up portrait, wearing a plain collared shirt or simple jacket, relaxed neutral expression, shoulders fully visible, no props and no written name.

Style: Use the attached invidious.png for drawing style only. Match its thick rounded dark-brown contours, simplified rounded shapes, and restrained 2D cartoon shading. Do not copy the reference subject or composition.

Framing: One compact composition, with the complete subject using about 80-90% of the square. Keep everything inside the frame.

Output: 512x512 PNG, RGBA, genuine transparent background. No text, numerals, labels, logos or watermark.",作成済み,,references/invidious.png
Switzerland.png,スイス,スイス,"Subject: Switzerland, target meaning ""スイス"".

Composition: Show one adult person named Switzerland in a natural waist-up portrait, wearing a plain collared shirt or simple jacket, relaxed neutral expression, shoulders fully visible, no props and no written name.

Style: Use the attached invidious.png for drawing style only. Match its thick rounded dark-brown contours, simplified rounded shapes, and restrained 2D cartoon shading. Do not copy the reference subject or composition.

Framing: One compact composition, with the complete subject using about 80-90% of the square. Keep everything inside the frame.

Output: 512x512 PNG, RGBA, genuine transparent background. No text, numerals, labels, logos or watermark.",作成済み,,references/invidious.png
grief.png,深い悲しみ,深い悲しみ,"Subject: grief, target meaning ""深い悲しみ"".

Composition: Show a deep well viewed from the rim with its bottom far below, using a hanging bucket to emphasize depth.

Style: Use the attached invidious.png for drawing style only. Match its thick rounded dark-brown contours, simplified rounded shapes, and restrained 2D cartoon shading. Do not copy the reference subject or composition.

Framing: One compact composition, with the complete subject using about 80-90% of the square. Keep everything inside the frame.

Output: 512x512 PNG, RGBA, genuine transparent background. No text, numerals, labels, logos or watermark.",作成済み,,references/invidious.png
ladies.png,婦人用トイレ,婦人用トイレ,"Subject: ladies, target meaning ""婦人用トイレ"".

Composition: Show a restroom entrance marked only by a simple female pictogram symbol, with a sink and mirror faintly visible inside; no written text.

Style: Use the attached invidious.png for drawing style only. Match its thick rounded dark-brown contours, simplified rounded shapes, and restrained 2D cartoon shading. Do not copy the reference subject or composition.

Framing: One compact composition, with the complete subject using about 80-90% of the square. Keep everything inside the frame.

Output: 512x512 PNG, RGBA, genuine transparent background. No text, numerals, labels, logos or watermark.",作成済み,,references/invidious.png
loop.png,輪、円形構造,輪,"Subject: loop, target meaning ""輪"".

Composition: Show one thick rope bent into a clear closed loop, with both sides curving smoothly into an oval shape.

Style: Use the attached invidious.png for drawing style only. Match its thick rounded dark-brown contours, simplified rounded shapes, and restrained 2D cartoon shading. Do not copy the reference subject or composition.

Framing: One compact composition, with the complete subject using about 80-90% of the square. Keep everything inside the frame.

Output: 512x512 PNG, RGBA, genuine transparent background. No text, numerals, labels, logos or watermark.",作成済み,,references/invidious.png
pulse@pel1.png,豆類,豆類,"Subject: pulse, target meaning ""豆類"".

Composition: Show a small bowl containing mixed dried lentils, peas, and beans as representative pulse crops.

Style: Use the attached invidious.png for drawing style only. Match its thick rounded dark-brown contours, simplified rounded shapes, and restrained 2D cartoon shading. Do not copy the reference subject or composition.

Framing: One compact composition, with the complete subject using about 80-90% of the square. Keep everything inside the frame.

Output: 512x512 PNG, RGBA, genuine transparent background. No text, numerals, labels, logos or watermark.",作成済み,,references/invidious.png
shant.png,〜しないだろう(shall not の短縮),〜しないだろう(shall not の短縮),"Subject: shan't, target meaning ""〜しないだろう(shall not の短縮)"".

Composition: Show one person facing an upcoming task with a firm stop gesture and shaking their head, clearly indicating they will not do it.

Style: Use the attached invidious.png for drawing style only. Match its thick rounded dark-brown contours, simplified rounded shapes, and restrained 2D cartoon shading. Do not copy the reference subject or composition.

Framing: One compact composition, with the complete subject using about 80-90% of the square. Keep everything inside the frame.

Output: 512x512 PNG, RGBA, genuine transparent background. No text, numerals, labels, logos or watermark.",作成済み,,references/invidious.png
stroke.png,一撃、脳卒中,一撃,"Subject: stroke, target meaning ""一撃"".

Composition: Show a hammer striking a metal plate once, with a single strong impact mark at the point of contact.

Style: Use the attached invidious.png for drawing style only. Match its thick rounded dark-brown contours, simplified rounded shapes, and restrained 2D cartoon shading. Do not copy the reference subject or composition.

Framing: One compact composition, with the complete subject using about 80-90% of the square. Keep everything inside the frame.

Output: 512x512 PNG, RGBA, genuine transparent background. No text, numerals, labels, logos or watermark.",作成済み,,references/invidious.png
uncle.png,おじ,おじ,"Subject: uncle, target meaning ""おじ"".

Composition: Show one adult man warmly greeting his sibling's young child, with the family relationship conveyed by the child standing beside their parent.

Style: Use the attached invidious.png for drawing style only. Match its thick rounded dark-brown contours, simplified rounded shapes, and restrained 2D cartoon shading. Do not copy the reference subject or composition.

Framing: One compact composition, with the complete subject using about 80-90% of the square. Keep everything inside the frame.

Output: 512x512 PNG, RGBA, genuine transparent background. No text, numerals, labels, logos or watermark.",作成済み,,references/invidious.png
usage.png,使用、慣用法,使用,"Subject: usage, target meaning ""使用"".

Composition: Show one familiar tool being actively used for its normal purpose, with the hand placement and result of use clearly visible.

Style: Use the attached invidious.png for drawing style only. Match its thick rounded dark-brown contours, simplified rounded shapes, and restrained 2D cartoon shading. Do not copy the reference subject or composition.

Framing: One compact composition, with the complete subject using about 80-90% of the square. Keep everything inside the frame.

Output: 512x512 PNG, RGBA, genuine transparent background. No text, numerals, labels, logos or watermark.",作成済み,,references/invidious.png
Ann.png,アン,アン,"Subject: Ann, target meaning ""アン"".

Composition: Show one adult person named Ann in a natural waist-up portrait, wearing a plain collared shirt or simple jacket, relaxed neutral expression, shoulders fully visible, no props and no written name.

Style: Use the attached invidious.png for drawing style only. Match its thick rounded dark-brown contours, simplified rounded shapes, and restrained 2D cartoon shading. Do not copy the reference subject or composition.

Framing: One compact composition, with the complete subject using about 80-90% of the square. Keep everything inside the frame.

Output: 512x512 PNG, RGBA, genuine transparent background. No text, numerals, labels, logos or watermark.",作成済み,,references/invidious.png
anxious.png,心配して、切望して,心配して,"Subject: anxious, target meaning ""心配して"".

Composition: Show one person fidgeting with clasped hands, tense shoulders, worried eyes, and a small sweat bead at the temple.

Style: Use the attached invidious.png for drawing style only. Match its thick rounded dark-brown contours, simplified rounded shapes, and restrained 2D cartoon shading. Do not copy the reference subject or composition.

Framing: One compact composition, with the complete subject using about 80-90% of the square. Keep everything inside the frame.

Output: 512x512 PNG, RGBA, genuine transparent background. No text, numerals, labels, logos or watermark.",作成済み,,references/invidious.png
hybrid.png,雑種,雑種,"Subject: hybrid, target meaning ""雑種"".

Composition: Show one plant with two distinctly different parent flowers behind it, while the central offspring combines visible traits from both.

Style: Use the attached invidious.png for drawing style only. Match its thick rounded dark-brown contours, simplified rounded shapes, and restrained 2D cartoon shading. Do not copy the reference subject or composition.

Framing: One compact composition, with the complete subject using about 80-90% of the square. Keep everything inside the frame.

Output: 512x512 PNG, RGBA, genuine transparent background. No text, numerals, labels, logos or watermark.",作成済み,,references/invidious.png
pulse@pel6.png,脈拍,脈拍,"Subject: pulse, target meaning ""脈拍"".

Composition: Show two fingers resting on the inside of a wrist while a small heartbeat wave symbol rises nearby, clearly indicating pulse measurement.

Style: Use the attached invidious.png for drawing style only. Match its thick rounded dark-brown contours, simplified rounded shapes, and restrained 2D cartoon shading. Do not copy the reference subject or composition.

Framing: One compact composition, with the complete subject using about 80-90% of the square. Keep everything inside the frame.

Output: 512x512 PNG, RGBA, genuine transparent background. No text, numerals, labels, logos or watermark.",作成済み,,references/invidious.png
cock.png,おんどり,おんどり,"Subject: cock, target meaning ""おんどり"".

Composition: Show one adult rooster in side view with a bright comb, wattles, tail feathers, and sturdy legs.

Style: Use the attached invidious.png for drawing style only. Match its thick rounded dark-brown contours, simplified rounded shapes, and restrained 2D cartoon shading. Do not copy the reference subject or composition.

Framing: One compact composition, with the complete subject using about 80-90% of the square. Keep everything inside the frame.

Output: 512x512 PNG, RGBA, genuine transparent background. No text, numerals, labels, logos or watermark.",作成済み,,references/invidious.png
pathway.png,小道、歩道,小道,"Subject: pathway, target meaning ""小道"".

Composition: Show a narrow paved footpath winding between low grass and shrubs toward a small gate.

Style: Use the attached invidious.png for drawing style only. Match its thick rounded dark-brown contours, simplified rounded shapes, and restrained 2D cartoon shading. Do not copy the reference subject or composition.

Framing: One compact composition, with the complete subject using about 80-90% of the square. Keep everything inside the frame.

Output: 512x512 PNG, RGBA, genuine transparent background. No text, numerals, labels, logos or watermark.",作成済み,,references/invidious.png
slavery.png,奴隷制,奴隷制,"Subject: slavery, target meaning ""奴隷制"".

Composition: Show an enslaved worker in plain historical clothing carrying a heavy load under the watch of an overseer at a distance, depicted soberly without graphic abuse.

Style: Use the attached invidious.png for drawing style only. Match its thick rounded dark-brown contours, simplified rounded shapes, and restrained 2D cartoon shading. Do not copy the reference subject or composition.

Framing: One compact composition, with the complete subject using about 80-90% of the square. Keep everything inside the frame.

Output: 512x512 PNG, RGBA, genuine transparent background. No text, numerals, labels, logos or watermark.",作成済み,,references/invidious.png
soldier.png,兵士,兵士,"Subject: soldier, target meaning ""兵士"".

Composition: Show one uniformed military adult standing at attention with rank or service cues, no combat action.

Style: Use the attached invidious.png for drawing style only. Match its thick rounded dark-brown contours, simplified rounded shapes, and restrained 2D cartoon shading. Do not copy the reference subject or composition.

Framing: One compact composition, with the complete subject using about 80-90% of the square. Keep everything inside the frame.

Output: 512x512 PNG, RGBA, genuine transparent background. No text, numerals, labels, logos or watermark.",作成済み,,references/invidious.png
Mike.png,マイク,マイク,"Subject: Mike, target meaning ""マイク"".

Composition: Show one adult person named Mike in a natural waist-up portrait, wearing a plain collared shirt or simple jacket, relaxed neutral expression, shoulders fully visible, no props and no written name.

Style: Use the attached invidious.png for drawing style only. Match its thick rounded dark-brown contours, simplified rounded shapes, and restrained 2D cartoon shading. Do not copy the reference subject or composition.

Framing: One compact composition, with the complete subject using about 80-90% of the square. Keep everything inside the frame.

Output: 512x512 PNG, RGBA, genuine transparent background. No text, numerals, labels, logos or watermark.",作成済み,,references/invidious.png
Mrs.png,夫人,夫人,"Subject: Mrs, target meaning ""夫人"".

Composition: Show one adult person named Mrs in a natural waist-up portrait, wearing a plain collared shirt or simple jacket, relaxed neutral expression, shoulders fully visible, no props and no written name.

Style: Use the attached invidious.png for drawing style only. Match its thick rounded dark-brown contours, simplified rounded shapes, and restrained 2D cartoon shading. Do not copy the reference subject or composition.

Framing: One compact composition, with the complete subject using about 80-90% of the square. Keep everything inside the frame.

Output: 512x512 PNG, RGBA, genuine transparent background. No text, numerals, labels, logos or watermark.",作成済み,,references/invidious.png
RNA.png,リボ核酸,リボ核酸,"Subject: RNA, target meaning ""リボ核酸"".

Composition: Show one adult person named RNA in a natural waist-up portrait, wearing a plain collared shirt or simple jacket, relaxed neutral expression, shoulders fully visible, no props and no written name.

Style: Use the attached invidious.png for drawing style only. Match its thick rounded dark-brown contours, simplified rounded shapes, and restrained 2D cartoon shading. Do not copy the reference subject or composition.

Framing: One compact composition, with the complete subject using about 80-90% of the square. Keep everything inside the frame.

Output: 512x512 PNG, RGBA, genuine transparent background. No text, numerals, labels, logos or watermark.",作成済み,,references/invidious.png
grin.png,歯を見せてにっこりと笑う,歯を見せてにっこりと笑う,"Subject: grin, target meaning ""歯を見せてにっこりと笑う"".

Composition: Show one person laughing openly with narrowed smiling eyes, open mouth, and lifted shoulders.

Style: Use the attached invidious.png for drawing style only. Match its thick rounded dark-brown contours, simplified rounded shapes, and restrained 2D cartoon shading. Do not copy the reference subject or composition.

Framing: One compact composition, with the complete subject using about 80-90% of the square. Keep everything inside the frame.

Output: 512x512 PNG, RGBA, genuine transparent background. No text, numerals, labels, logos or watermark.",作成済み,,references/invidious.png
guilt.png,罪の意識、罪悪感,罪の意識,"Subject: guilt, target meaning ""罪の意識"".

Composition: Show one person clutching a returned stolen wallet to their chest with lowered eyes and a remorseful expression after realizing wrongdoing.

Style: Use the attached invidious.png for drawing style only. Match its thick rounded dark-brown contours, simplified rounded shapes, and restrained 2D cartoon shading. Do not copy the reference subject or composition.

Framing: One compact composition, with the complete subject using about 80-90% of the square. Keep everything inside the frame.

Output: 512x512 PNG, RGBA, genuine transparent background. No text, numerals, labels, logos or watermark.",作成済み,,references/invidious.png
pleasant.png,楽しい,楽しい,"Subject: pleasant, target meaning ""楽しい"".

Composition: Show one person with a broad genuine smile, lifted posture, and open relaxed hands, clearly pleased by a positive result.

Style: Use the attached invidious.png for drawing style only. Match its thick rounded dark-brown contours, simplified rounded shapes, and restrained 2D cartoon shading. Do not copy the reference subject or composition.

Framing: One compact composition, with the complete subject using about 80-90% of the square. Keep everything inside the frame.

Output: 512x512 PNG, RGBA, genuine transparent background. No text, numerals, labels, logos or watermark.",作成済み,,references/invidious.png
wire.png,針金、電報,針金,"Subject: wire, target meaning ""針金"".

Composition: Show one coil of thin metal wire with a cut end extended outward, clearly showing its flexible metallic form.

Style: Use the attached invidious.png for drawing style only. Match its thick rounded dark-brown contours, simplified rounded shapes, and restrained 2D cartoon shading. Do not copy the reference subject or composition.

Framing: One compact composition, with the complete subject using about 80-90% of the square. Keep everything inside the frame.

Output: 512x512 PNG, RGBA, genuine transparent background. No text, numerals, labels, logos or watermark.",作成済み,,references/invidious.png
Emma.png,エマ,エマ,"Subject: Emma, target meaning ""エマ"".

Composition: Show one adult person named Emma in a natural waist-up portrait, wearing a plain collared shirt or simple jacket, relaxed neutral expression, shoulders fully visible, no props and no written name.

Style: Use the attached invidious.png for drawing style only. Match its thick rounded dark-brown contours, simplified rounded shapes, and restrained 2D cartoon shading. Do not copy the reference subject or composition.

Framing: One compact composition, with the complete subject using about 80-90% of the square. Keep everything inside the frame.

Output: 512x512 PNG, RGBA, genuine transparent background. No text, numerals, labels, logos or watermark.",作成済み,,references/invidious.png
Philip.png,フィリップ,フィリップ,"Subject: Philip, target meaning ""フィリップ"".

Composition: Show one adult person named Philip in a natural waist-up portrait, wearing a plain collared shirt or simple jacket, relaxed neutral expression, shoulders fully visible, no props and no written name.

Style: Use the attached invidious.png for drawing style only. Match its thick rounded dark-brown contours, simplified rounded shapes, and restrained 2D cartoon shading. Do not copy the reference subject or composition.

Framing: One compact composition, with the complete subject using about 80-90% of the square. Keep everything inside the frame.

Output: 512x512 PNG, RGBA, genuine transparent background. No text, numerals, labels, logos or watermark.",作成済み,,references/invidious.png
boss.png,上司、親方,上司,"Subject: boss, target meaning ""上司"".

Composition: Show one workplace supervisor standing beside a desk and giving instructions to two employees, with confident posture and a clipboard.

Style: Use the attached invidious.png for drawing style only. Match its thick rounded dark-brown contours, simplified rounded shapes, and restrained 2D cartoon shading. Do not copy the reference subject or composition.

Framing: One compact composition, with the complete subject using about 80-90% of the square. Keep everything inside the frame.

Output: 512x512 PNG, RGBA, genuine transparent background. No text, numerals, labels, logos or watermark.",作成済み,,references/invidious.png
cluster.png,房、塊,房,"Subject: cluster, target meaning ""房"".

Composition: Show a tight cluster of purple grapes hanging together from one stem, with many individual grapes forming one compact bunch.

Style: Use the attached invidious.png for drawing style only. Match its thick rounded dark-brown contours, simplified rounded shapes, and restrained 2D cartoon shading. Do not copy the reference subject or composition.

Framing: One compact composition, with the complete subject using about 80-90% of the square. Keep everything inside the frame.

Output: 512x512 PNG, RGBA, genuine transparent background. No text, numerals, labels, logos or watermark.",作成済み,,references/invidious.png
coal.png,石炭,石炭,"Subject: coal, target meaning ""石炭"".

Composition: Show several irregular black coal chunks with matte fractured surfaces piled together.

Style: Use the attached invidious.png for drawing style only. Match its thick rounded dark-brown contours, simplified rounded shapes, and restrained 2D cartoon shading. Do not copy the reference subject or composition.

Framing: One compact composition, with the complete subject using about 80-90% of the square. Keep everything inside the frame.

Output: 512x512 PNG, RGBA, genuine transparent background. No text, numerals, labels, logos or watermark.",作成済み,,references/invidious.png
feeding.png,給餌、食べさせること,給餌,"Subject: feeding, target meaning ""給餌"".

Composition: Show one caregiver spoon-feeding a small child from a bowl, with the spoon halfway between bowl and mouth.

Style: Use the attached invidious.png for drawing style only. Match its thick rounded dark-brown contours, simplified rounded shapes, and restrained 2D cartoon shading. Do not copy the reference subject or composition.

Framing: One compact composition, with the complete subject using about 80-90% of the square. Keep everything inside the frame.

Output: 512x512 PNG, RGBA, genuine transparent background. No text, numerals, labels, logos or watermark.",作成済み,,references/invidious.png
lawyer.png,弁護士,弁護士,"Subject: lawyer, target meaning ""弁護士"".

Composition: Show one lawyer in formal attire reviewing a legal document beside a courthouse file and briefcase.

Style: Use the attached invidious.png for drawing style only. Match its thick rounded dark-brown contours, simplified rounded shapes, and restrained 2D cartoon shading. Do not copy the reference subject or composition.

Framing: One compact composition, with the complete subject using about 80-90% of the square. Keep everything inside the frame.

Output: 512x512 PNG, RGBA, genuine transparent background. No text, numerals, labels, logos or watermark.",作成済み,,references/invidious.png
minority.png,少数派、未成年,少数派,"Subject: minority, target meaning ""少数派"".

Composition: Show a small group of only a few objects beside a much larger comparison group.

Style: Use the attached invidious.png for drawing style only. Match its thick rounded dark-brown contours, simplified rounded shapes, and restrained 2D cartoon shading. Do not copy the reference subject or composition.

Framing: One compact composition, with the complete subject using about 80-90% of the square. Keep everything inside the frame.

Output: 512x512 PNG, RGBA, genuine transparent background. No text, numerals, labels, logos or watermark.",作成済み,,references/invidious.png
praise.png,賞賛,賞賛,"Subject: praise, target meaning ""賞賛"".

Composition: Show one person receiving enthusiastic applause and a thumbs-up from two others after completing a task well.

Style: Use the attached invidious.png for drawing style only. Match its thick rounded dark-brown contours, simplified rounded shapes, and restrained 2D cartoon shading. Do not copy the reference subject or composition.

Framing: One compact composition, with the complete subject using about 80-90% of the square. Keep everything inside the frame.

Output: 512x512 PNG, RGBA, genuine transparent background. No text, numerals, labels, logos or watermark.",作成済み,,references/invidious.png
wing.png,翼,翼,"Subject: wing, target meaning ""翼"".

Composition: Show one bird wing fully spread from shoulder joint to outer feathers, with the feather layers clearly visible.

Style: Use the attached invidious.png for drawing style only. Match its thick rounded dark-brown contours, simplified rounded shapes, and restrained 2D cartoon shading. Do not copy the reference subject or composition.

Framing: One compact composition, with the complete subject using about 80-90% of the square. Keep everything inside the frame.

Output: 512x512 PNG, RGBA, genuine transparent background. No text, numerals, labels, logos or watermark.",作成済み,,references/invidious.png
Korea.png,韓国,韓国,"Subject: Korea, target meaning ""韓国"".

Composition: Show a simplified map silhouette of Korea behind a compact local landscape or city scene, with one recognizable landmark-like structure or terrain feature in front; no written place name.

Style: Use the attached invidious.png for drawing style only. Match its thick rounded dark-brown contours, simplified rounded shapes, and restrained 2D cartoon shading. Do not copy the reference subject or composition.

Framing: One compact composition, with the complete subject using about 80-90% of the square. Keep everything inside the frame.

Output: 512x512 PNG, RGBA, genuine transparent background. No text, numerals, labels, logos or watermark.",作成済み,,references/invidious.png
damn.png,のろう,のろう,"Subject: damn, target meaning ""のろう"".

Composition: Show one angry person pointing at a troublesome object while speaking a harsh curse, with clenched jaw and frustrated posture but no written words.

Style: Use the attached invidious.png for drawing style only. Match its thick rounded dark-brown contours, simplified rounded shapes, and restrained 2D cartoon shading. Do not copy the reference subject or composition.

Framing: One compact composition, with the complete subject using about 80-90% of the square. Keep everything inside the frame.

Output: 512x512 PNG, RGBA, genuine transparent background. No text, numerals, labels, logos or watermark.",作成済み,,references/invidious.png
fewer.png,より少ない,より少ない,"Subject: fewer, target meaning ""より少ない"".

Composition: Show a small group of only a few objects beside a much larger comparison group.

Style: Use the attached invidious.png for drawing style only. Match its thick rounded dark-brown contours, simplified rounded shapes, and restrained 2D cartoon shading. Do not copy the reference subject or composition.

Framing: One compact composition, with the complete subject using about 80-90% of the square. Keep everything inside the frame.

Output: 512x512 PNG, RGBA, genuine transparent background. No text, numerals, labels, logos or watermark.",作成済み,,references/invidious.png
mess.png,乱雑、会食,乱雑,"Subject: mess, target meaning ""乱雑"".

Composition: Show a desk covered chaotically with spilled papers, overturned stationery, tangled cables, and an open drawer.

Style: Use the attached invidious.png for drawing style only. Match its thick rounded dark-brown contours, simplified rounded shapes, and restrained 2D cartoon shading. Do not copy the reference subject or composition.

Framing: One compact composition, with the complete subject using about 80-90% of the square. Keep everything inside the frame.

Output: 512x512 PNG, RGBA, genuine transparent background. No text, numerals, labels, logos or watermark.",作成済み,,references/invidious.png
Scotland.png,スコットランド,スコットランド,"Subject: Scotland, target meaning ""スコットランド"".

Composition: Show one adult person named Scotland in a natural waist-up portrait, wearing a plain collared shirt or simple jacket, relaxed neutral expression, shoulders fully visible, no props and no written name.

Style: Use the attached invidious.png for drawing style only. Match its thick rounded dark-brown contours, simplified rounded shapes, and restrained 2D cartoon shading. Do not copy the reference subject or composition.

Framing: One compact composition, with the complete subject using about 80-90% of the square. Keep everything inside the frame.

Output: 512x512 PNG, RGBA, genuine transparent background. No text, numerals, labels, logos or watermark.",作成済み,,references/invidious.png
amongst.png,間で,間で,"Subject: amongst, target meaning ""間で"".

Composition: Show one small red ball positioned in the middle of many surrounding blue balls, clearly placed among them.

Style: Use the attached invidious.png for drawing style only. Match its thick rounded dark-brown contours, simplified rounded shapes, and restrained 2D cartoon shading. Do not copy the reference subject or composition.

Framing: One compact composition, with the complete subject using about 80-90% of the square. Keep everything inside the frame.

Output: 512x512 PNG, RGBA, genuine transparent background. No text, numerals, labels, logos or watermark.",作成済み,,references/invidious.png
classic.png,名作、典型的な,名作,"Subject: classic, target meaning ""名作"".

Composition: Show an old hardcover novel with ornate binding displayed prominently on a small pedestal beside a laurel motif, suggesting a celebrated classic work.

Style: Use the attached invidious.png for drawing style only. Match its thick rounded dark-brown contours, simplified rounded shapes, and restrained 2D cartoon shading. Do not copy the reference subject or composition.

Framing: One compact composition, with the complete subject using about 80-90% of the square. Keep everything inside the frame.

Output: 512x512 PNG, RGBA, genuine transparent background. No text, numerals, labels, logos or watermark.",作成済み,,references/invidious.png
match@meug.png,マッチ,マッチ,"Subject: match, target meaning ""マッチ"".

Composition: Show one wooden matchstick with a red match head lying beside a small matchbox, fully visible and unlit.

Style: Use the attached invidious.png for drawing style only. Match its thick rounded dark-brown contours, simplified rounded shapes, and restrained 2D cartoon shading. Do not copy the reference subject or composition.

Framing: One compact composition, with the complete subject using about 80-90% of the square. Keep everything inside the frame.

Output: 512x512 PNG, RGBA, genuine transparent background. No text, numerals, labels, logos or watermark.",作成済み,,references/invidious.png
mile.png,マイル,マイル,"Subject: mile, target meaning ""マイル"".

Composition: Show a long country road stretching toward the horizon with evenly spaced roadside distance posts, emphasizing a substantial travel distance without readable numbers.

Style: Use the attached invidious.png for drawing style only. Match its thick rounded dark-brown contours, simplified rounded shapes, and restrained 2D cartoon shading. Do not copy the reference subject or composition.

Framing: One compact composition, with the complete subject using about 80-90% of the square. Keep everything inside the frame.

Output: 512x512 PNG, RGBA, genuine transparent background. No text, numerals, labels, logos or watermark.",作成済み,,references/invidious.png
plasma.png,血漿、プラズマ,血漿,"Subject: plasma, target meaning ""血漿"".

Composition: Show a clean medical blood sample tube separated into layers, with the pale yellow plasma layer clearly occupying the top portion.

Style: Use the attached invidious.png for drawing style only. Match its thick rounded dark-brown contours, simplified rounded shapes, and restrained 2D cartoon shading. Do not copy the reference subject or composition.

Framing: One compact composition, with the complete subject using about 80-90% of the square. Keep everything inside the frame.

Output: 512x512 PNG, RGBA, genuine transparent background. No text, numerals, labels, logos or watermark.",作成済み,,references/invidious.png
Arab.png,アラブ人、アラビア人,アラブ人,"Subject: Arab, target meaning ""アラブ人"".

Composition: Show one adult person named Arab in a natural waist-up portrait, wearing a plain collared shirt or simple jacket, relaxed neutral expression, shoulders fully visible, no props and no written name.

Style: Use the attached invidious.png for drawing style only. Match its thick rounded dark-brown contours, simplified rounded shapes, and restrained 2D cartoon shading. Do not copy the reference subject or composition.

Framing: One compact composition, with the complete subject using about 80-90% of the square. Keep everything inside the frame.

Output: 512x512 PNG, RGBA, genuine transparent background. No text, numerals, labels, logos or watermark.",作成済み,,references/invidious.png
Islam.png,イスラーム、イスラム,イスラーム,"Subject: Islam, target meaning ""イスラーム"".

Composition: Show one adult person named Islam in a natural waist-up portrait, wearing a plain collared shirt or simple jacket, relaxed neutral expression, shoulders fully visible, no props and no written name.

Style: Use the attached invidious.png for drawing style only. Match its thick rounded dark-brown contours, simplified rounded shapes, and restrained 2D cartoon shading. Do not copy the reference subject or composition.

Framing: One compact composition, with the complete subject using about 80-90% of the square. Keep everything inside the frame.

Output: 512x512 PNG, RGBA, genuine transparent background. No text, numerals, labels, logos or watermark.",作成済み,,references/invidious.png
Reading.png,読むこと,読むこと,"Subject: Reading, target meaning ""読むこと"".

Composition: Show one adult person named Reading in a natural waist-up portrait, wearing a plain collared shirt or simple jacket, relaxed neutral expression, shoulders fully visible, no props and no written name.

Style: Use the attached invidious.png for drawing style only. Match its thick rounded dark-brown contours, simplified rounded shapes, and restrained 2D cartoon shading. Do not copy the reference subject or composition.

Framing: One compact composition, with the complete subject using about 80-90% of the square. Keep everything inside the frame.

Output: 512x512 PNG, RGBA, genuine transparent background. No text, numerals, labels, logos or watermark.",作成済み,,references/invidious.png
fifth.png,第5の,第5の,"Subject: fifth, target meaning ""第5の"".

Composition: Show a row of identical simple objects with the 5th position clearly emphasized, keeping the quantity easy to count.

Style: Use the attached invidious.png for drawing style only. Match its thick rounded dark-brown contours, simplified rounded shapes, and restrained 2D cartoon shading. Do not copy the reference subject or composition.

Framing: One compact composition, with the complete subject using about 80-90% of the square. Keep everything inside the frame.

Output: 512x512 PNG, RGBA, genuine transparent background. No incidental text, numerals, or labels beyond what is essential to the target meaning. No logos or watermark.",作成済み,,references/invidious.png
label.png,ラベル,ラベル,"Subject: label, target meaning ""ラベル"".

Composition: Show a plain glass jar with one rectangular paper label attached to its front, with the label blank and clearly visible.

Style: Use the attached invidious.png for drawing style only. Match its thick rounded dark-brown contours, simplified rounded shapes, and restrained 2D cartoon shading. Do not copy the reference subject or composition.

Framing: One compact composition, with the complete subject using about 80-90% of the square. Keep everything inside the frame.

Output: 512x512 PNG, RGBA, genuine transparent background. No text, numerals, labels, logos or watermark.",作成済み,,references/invidious.png
lord.png,領主,領主,"Subject: lord, target meaning ""領主"".

Composition: Show a medieval noble lord in a rich cloak standing inside a manor hall, with a signet ring and household steward nearby.

Style: Use the attached invidious.png for drawing style only. Match its thick rounded dark-brown contours, simplified rounded shapes, and restrained 2D cartoon shading. Do not copy the reference subject or composition.

Framing: One compact composition, with the complete subject using about 80-90% of the square. Keep everything inside the frame.

Output: 512x512 PNG, RGBA, genuine transparent background. No text, numerals, labels, logos or watermark.",作成済み,,references/invidious.png
Singapore.png,シンガポール,シンガポール,"Subject: Singapore, target meaning ""シンガポール"".

Composition: Show one adult person named Singapore in a natural waist-up portrait, wearing a plain collared shirt or simple jacket, relaxed neutral expression, shoulders fully visible, no props and no written name.

Style: Use the attached invidious.png for drawing style only. Match its thick rounded dark-brown contours, simplified rounded shapes, and restrained 2D cartoon shading. Do not copy the reference subject or composition.

Framing: One compact composition, with the complete subject using about 80-90% of the square. Keep everything inside the frame.

Output: 512x512 PNG, RGBA, genuine transparent background. No text, numerals, labels, logos or watermark.",作成済み,,references/invidious.png
Turkey.png,トルコ,トルコ,"Subject: Turkey, target meaning ""トルコ"".

Composition: Show one adult person named Turkey in a natural waist-up portrait, wearing a plain collared shirt or simple jacket, relaxed neutral expression, shoulders fully visible, no props and no written name.

Style: Use the attached invidious.png for drawing style only. Match its thick rounded dark-brown contours, simplified rounded shapes, and restrained 2D cartoon shading. Do not copy the reference subject or composition.

Framing: One compact composition, with the complete subject using about 80-90% of the square. Keep everything inside the frame.

Output: 512x512 PNG, RGBA, genuine transparent background. No text, numerals, labels, logos or watermark.",作成済み,,references/invidious.png
barrier.png,柵、フェンス,柵,"Subject: barrier, target meaning ""柵"".

Composition: Show a sturdy waist-high fence blocking a path from side to side, with no gap for passage.

Style: Use the attached invidious.png for drawing style only. Match its thick rounded dark-brown contours, simplified rounded shapes, and restrained 2D cartoon shading. Do not copy the reference subject or composition.

Framing: One compact composition, with the complete subject using about 80-90% of the square. Keep everything inside the frame.

Output: 512x512 PNG, RGBA, genuine transparent background. No text, numerals, labels, logos or watermark.",作成済み,,references/invidious.png
grip.png,握ること,握ること,"Subject: grip, target meaning ""握ること"".

Composition: Show one hand firmly grasping a small ball or handle with fingers wrapped completely around it.

Style: Use the attached invidious.png for drawing style only. Match its thick rounded dark-brown contours, simplified rounded shapes, and restrained 2D cartoon shading. Do not copy the reference subject or composition.

Framing: One compact composition, with the complete subject using about 80-90% of the square. Keep everything inside the frame.

Output: 512x512 PNG, RGBA, genuine transparent background. No text, numerals, labels, logos or watermark.",作成済み,,references/invidious.png
precious.png,貴重な、気取った,貴重な,"Subject: precious, target meaning ""貴重な"".

Composition: Show a small gemstone or family heirloom being held carefully in two cupped hands over a protective cloth.

Style: Use the attached invidious.png for drawing style only. Match its thick rounded dark-brown contours, simplified rounded shapes, and restrained 2D cartoon shading. Do not copy the reference subject or composition.

Framing: One compact composition, with the complete subject using about 80-90% of the square. Keep everything inside the frame.

Output: 512x512 PNG, RGBA, genuine transparent background. No text, numerals, labels, logos or watermark.",作成済み,,references/invidious.png
queen.png,女王,女王,"Subject: queen, target meaning ""女王"".

Composition: Show a dignified queen wearing a crown and formal royal gown, seated upright on a throne with a scepter resting in one hand.

Style: Use the attached invidious.png for drawing style only. Match its thick rounded dark-brown contours, simplified rounded shapes, and restrained 2D cartoon shading. Do not copy the reference subject or composition.

Framing: One compact composition, with the complete subject using about 80-90% of the square. Keep everything inside the frame.

Output: 512x512 PNG, RGBA, genuine transparent background. No text, numerals, labels, logos or watermark.",作成済み,,references/invidious.png
saving.png,節約,節約,"Subject: saving, target meaning ""節約"".

Composition: Show one person comparing two grocery items, choosing the cheaper one, then placing the saved coins into a small jar, making deliberate economy clear.

Style: Use the attached invidious.png for drawing style only. Match its thick rounded dark-brown contours, simplified rounded shapes, and restrained 2D cartoon shading. Do not copy the reference subject or composition.

Framing: One compact composition, with the complete subject using about 80-90% of the square. Keep everything inside the frame.

Output: 512x512 PNG, RGBA, genuine transparent background. No text, numerals, labels, logos or watermark.",作成済み,,references/invidious.png
email.png,電子メール,電子メール,"Subject: email, target meaning ""電子メール"".

Composition: Show an open laptop with a clean inbox-like interface and one message envelope icon moving toward another computer, with all text unreadable.

Style: Use the attached invidious.png for drawing style only. Match its thick rounded dark-brown contours, simplified rounded shapes, and restrained 2D cartoon shading. Do not copy the reference subject or composition.

Framing: One compact composition, with the complete subject using about 80-90% of the square. Keep everything inside the frame.

Output: 512x512 PNG, RGBA, genuine transparent background. No text, numerals, labels, logos or watermark.",作成済み,,references/invidious.png
equilibrium.png,均衡、心の平静,均衡,"Subject: equilibrium, target meaning ""均衡"".

Composition: Show a balance scale perfectly level with equal weights on both pans and no movement.

Style: Use the attached invidious.png for drawing style only. Match its thick rounded dark-brown contours, simplified rounded shapes, and restrained 2D cartoon shading. Do not copy the reference subject or composition.

Framing: One compact composition, with the complete subject using about 80-90% of the square. Keep everything inside the frame.

Output: 512x512 PNG, RGBA, genuine transparent background. No text, numerals, labels, logos or watermark.",作成済み,,references/invidious.png
favour.png,親切,親切,"Subject: favour, target meaning ""親切"".

Composition: Show one person holding an umbrella over another person caught in rain, clearly doing a kind favor without expecting anything in return.

Style: Use the attached invidious.png for drawing style only. Match its thick rounded dark-brown contours, simplified rounded shapes, and restrained 2D cartoon shading. Do not copy the reference subject or composition.

Framing: One compact composition, with the complete subject using about 80-90% of the square. Keep everything inside the frame.

Output: 512x512 PNG, RGBA, genuine transparent background. No text, numerals, labels, logos or watermark.",作成済み,,references/invidious.png
fix.png,固定する、修理する,固定する,"Subject: fix, target meaning ""固定する"".

Composition: Show one object firmly bolted to a surface so it cannot move, with bolts and rigid contact visible.

Style: Use the attached invidious.png for drawing style only. Match its thick rounded dark-brown contours, simplified rounded shapes, and restrained 2D cartoon shading. Do not copy the reference subject or composition.

Framing: One compact composition, with the complete subject using about 80-90% of the square. Keep everything inside the frame.

Output: 512x512 PNG, RGBA, genuine transparent background. No text, numerals, labels, logos or watermark.",作成済み,,references/invidious.png
semi-.png,「半…,「半…,"Subject: semi-, target meaning ""「半…"".

Composition: Show one complete circle divided into two equal halves with only one half emphasized, visually expressing the meaning 'half'.

Style: Use the attached invidious.png for drawing style only. Match its thick rounded dark-brown contours, simplified rounded shapes, and restrained 2D cartoon shading. Do not copy the reference subject or composition.

Framing: One compact composition, with the complete subject using about 80-90% of the square. Keep everything inside the frame.

Output: 512x512 PNG, RGBA, genuine transparent background. No text, numerals, labels, logos or watermark.",作成済み,,references/invidious.png
abstract.png,抽象的な、要約,抽象的な,"Subject: abstract, target meaning ""抽象的な"".

Composition: Show a realistic tree gradually simplified into a few geometric shapes and lines, moving from concrete object to abstract form within one composition.

Style: Use the attached invidious.png for drawing style only. Match its thick rounded dark-brown contours, simplified rounded shapes, and restrained 2D cartoon shading. Do not copy the reference subject or composition.

Framing: One compact composition, with the complete subject using about 80-90% of the square. Keep everything inside the frame.

Output: 512x512 PNG, RGBA, genuine transparent background. No text, numerals, labels, logos or watermark.",作成済み,,references/invidious.png
restricted.png,制限された,制限された,"Subject: restricted, target meaning ""制限された"".

Composition: Show a person or object confined inside a narrow barrier with only a small allowed range of movement.

Style: Use the attached invidious.png for drawing style only. Match its thick rounded dark-brown contours, simplified rounded shapes, and restrained 2D cartoon shading. Do not copy the reference subject or composition.

Framing: One compact composition, with the complete subject using about 80-90% of the square. Keep everything inside the frame.

Output: 512x512 PNG, RGBA, genuine transparent background. No text, numerals, labels, logos or watermark.",作成済み,,references/invidious.png
yard@gher1.png,庭,庭,"Subject: yard, target meaning ""庭"".

Composition: Show a small fenced home yard with short grass, one tree, a garden chair, and the side of a house visible.

Style: Use the attached invidious.png for drawing style only. Match its thick rounded dark-brown contours, simplified rounded shapes, and restrained 2D cartoon shading. Do not copy the reference subject or composition.

Framing: One compact composition, with the complete subject using about 80-90% of the square. Keep everything inside the frame.

Output: 512x512 PNG, RGBA, genuine transparent background. No text, numerals, labels, logos or watermark.",作成済み,,references/invidious.png
AC.png,ad‐ の異形,ad‐ の異形,"Subject: AC, target meaning ""ad‐ の異形"".

Composition: Show a prefix-like visual where one object moves directly toward and joins another object, representing the ad- variant without written letters.

Style: Use the attached invidious.png for drawing style only. Match its thick rounded dark-brown contours, simplified rounded shapes, and restrained 2D cartoon shading. Do not copy the reference subject or composition.

Framing: One compact composition, with the complete subject using about 80-90% of the square. Keep everything inside the frame.

Output: 512x512 PNG, RGBA, genuine transparent background. No text, numerals, labels, logos or watermark.",作成済み,,references/invidious.png
Kate.png,カテ、ケート,カテ,"Subject: Kate, target meaning ""カテ"".

Composition: Show one adult person named Kate in a natural waist-up portrait, wearing a plain collared shirt or simple jacket, relaxed neutral expression, shoulders fully visible, no props and no written name.

Style: Use the attached invidious.png for drawing style only. Match its thick rounded dark-brown contours, simplified rounded shapes, and restrained 2D cartoon shading. Do not copy the reference subject or composition.

Framing: One compact composition, with the complete subject using about 80-90% of the square. Keep everything inside the frame.

Output: 512x512 PNG, RGBA, genuine transparent background. No text, numerals, labels, logos or watermark.",作成済み,,references/invidious.png
deck.png,甲板、ひと組,甲板,"Subject: deck, target meaning ""甲板"".

Composition: Show the open wooden deck of a ship with railings, coiled rope, and the sea visible beyond the side.

Style: Use the attached invidious.png for drawing style only. Match its thick rounded dark-brown contours, simplified rounded shapes, and restrained 2D cartoon shading. Do not copy the reference subject or composition.

Framing: One compact composition, with the complete subject using about 80-90% of the square. Keep everything inside the frame.

Output: 512x512 PNG, RGBA, genuine transparent background. No text, numerals, labels, logos or watermark.",作成済み,,references/invidious.png
grab.png,つかむ,つかむ,"Subject: grab, target meaning ""つかむ"".

Composition: Show one hand firmly grasping a small ball or handle with fingers wrapped completely around it.

Style: Use the attached invidious.png for drawing style only. Match its thick rounded dark-brown contours, simplified rounded shapes, and restrained 2D cartoon shading. Do not copy the reference subject or composition.

Framing: One compact composition, with the complete subject using about 80-90% of the square. Keep everything inside the frame.

Output: 512x512 PNG, RGBA, genuine transparent background. No text, numerals, labels, logos or watermark.",作成済み,,references/invidious.png
heritage.png,遺産,遺産,"Subject: heritage, target meaning ""遺産"".

Composition: Show a family passing an old heirloom chest and framed ancestral photograph from an older generation to a younger one.

Style: Use the attached invidious.png for drawing style only. Match its thick rounded dark-brown contours, simplified rounded shapes, and restrained 2D cartoon shading. Do not copy the reference subject or composition.

Framing: One compact composition, with the complete subject using about 80-90% of the square. Keep everything inside the frame.

Output: 512x512 PNG, RGBA, genuine transparent background. No text, numerals, labels, logos or watermark.",作成済み,,references/invidious.png
oclock.png,～時、時計では,～時,"Subject: o'clock, target meaning ""～時"".

Composition: Show an analog clock with the minute hand exactly at the top and the hour hand pointing to a single hour mark, emphasizing an exact o'clock time.

Style: Use the attached invidious.png for drawing style only. Match its thick rounded dark-brown contours, simplified rounded shapes, and restrained 2D cartoon shading. Do not copy the reference subject or composition.

Framing: One compact composition, with the complete subject using about 80-90% of the square. Keep everything inside the frame.

Output: 512x512 PNG, RGBA, genuine transparent background. No text, numerals, labels, logos or watermark.",作成済み,,references/invidious.png
ch.png,接触過敏症,接触過敏症,"Subject: ch, target meaning ""接触過敏症"".

Composition: Show a clean medical scene of a small skin patch becoming red and irritated exactly where a test strip touches it, indicating contact hypersensitivity.

Style: Use the attached invidious.png for drawing style only. Match its thick rounded dark-brown contours, simplified rounded shapes, and restrained 2D cartoon shading. Do not copy the reference subject or composition.

Framing: One compact composition, with the complete subject using about 80-90% of the square. Keep everything inside the frame.

Output: 512x512 PNG, RGBA, genuine transparent background. No text, numerals, labels, logos or watermark.",作成済み,,references/invidious.png
flexible.png,曲がりやすい、曲げやすい,曲がりやすい,"Subject: flexible, target meaning ""曲がりやすい"".

Composition: Show a flexible strip bending smoothly into a clear curve without breaking.

Style: Use the attached invidious.png for drawing style only. Match its thick rounded dark-brown contours, simplified rounded shapes, and restrained 2D cartoon shading. Do not copy the reference subject or composition.

Framing: One compact composition, with the complete subject using about 80-90% of the square. Keep everything inside the frame.

Output: 512x512 PNG, RGBA, genuine transparent background. No text, numerals, labels, logos or watermark.",作成済み,,references/invidious.png
fund.png,資金,資金,"Subject: fund, target meaning ""資金"".

Composition: Show a compact group of owned valuables: coins, house key, savings document, and small property folder.

Style: Use the attached invidious.png for drawing style only. Match its thick rounded dark-brown contours, simplified rounded shapes, and restrained 2D cartoon shading. Do not copy the reference subject or composition.

Framing: One compact composition, with the complete subject using about 80-90% of the square. Keep everything inside the frame.

Output: 512x512 PNG, RGBA, genuine transparent background. No text, numerals, labels, logos or watermark.",作成済み,,references/invidious.png
ritual.png,儀式,儀式,"Subject: ritual, target meaning ""儀式"".

Composition: Show one person performing the same formal sequence with a candle, bowl, and bowed posture in a carefully arranged ceremonial setting.

Style: Use the attached invidious.png for drawing style only. Match its thick rounded dark-brown contours, simplified rounded shapes, and restrained 2D cartoon shading. Do not copy the reference subject or composition.

Framing: One compact composition, with the complete subject using about 80-90% of the square. Keep everything inside the frame.

Output: 512x512 PNG, RGBA, genuine transparent background. No text, numerals, labels, logos or watermark.",作成済み,,references/invidious.png
Los.png,ロス,ロス,"Subject: Los, target meaning ""ロス"".

Composition: Show one adult person named Los in a natural waist-up portrait, wearing a plain collared shirt or simple jacket, relaxed neutral expression, shoulders fully visible, no props and no written name.

Style: Use the attached invidious.png for drawing style only. Match its thick rounded dark-brown contours, simplified rounded shapes, and restrained 2D cartoon shading. Do not copy the reference subject or composition.

Framing: One compact composition, with the complete subject using about 80-90% of the square. Keep everything inside the frame.

Output: 512x512 PNG, RGBA, genuine transparent background. No text, numerals, labels, logos or watermark.",作成済み,,references/invidious.png
Matt.png,マット,マット,"Subject: Matt, target meaning ""マット"".

Composition: Show one adult person named Matt in a natural waist-up portrait, wearing a plain collared shirt or simple jacket, relaxed neutral expression, shoulders fully visible, no props and no written name.

Style: Use the attached invidious.png for drawing style only. Match its thick rounded dark-brown contours, simplified rounded shapes, and restrained 2D cartoon shading. Do not copy the reference subject or composition.

Framing: One compact composition, with the complete subject using about 80-90% of the square. Keep everything inside the frame.

Output: 512x512 PNG, RGBA, genuine transparent background. No text, numerals, labels, logos or watermark.",作成済み,,references/invidious.png
Walter.png,ウォルター,ウォルター,"Subject: Walter, target meaning ""ウォルター"".

Composition: Show one adult person named Walter in a natural waist-up portrait, wearing a plain collared shirt or simple jacket, relaxed neutral expression, shoulders fully visible, no props and no written name.

Style: Use the attached invidious.png for drawing style only. Match its thick rounded dark-brown contours, simplified rounded shapes, and restrained 2D cartoon shading. Do not copy the reference subject or composition.

Framing: One compact composition, with the complete subject using about 80-90% of the square. Keep everything inside the frame.

Output: 512x512 PNG, RGBA, genuine transparent background. No text, numerals, labels, logos or watermark.",作成済み,,references/invidious.png
count@kom-ei.png,伯爵,伯爵,"Subject: count, target meaning ""伯爵"".

Composition: Show a European count in historical noble clothing with a decorated cloak, signet ring, and small heraldic shield beside him.

Style: Use the attached invidious.png for drawing style only. Match its thick rounded dark-brown contours, simplified rounded shapes, and restrained 2D cartoon shading. Do not copy the reference subject or composition.

Framing: One compact composition, with the complete subject using about 80-90% of the square. Keep everything inside the frame.

Output: 512x512 PNG, RGBA, genuine transparent background. No text, numerals, labels, logos or watermark.",作成済み,,references/invidious.png
format.png,書式,書式,"Subject: format, target meaning ""書式"".

Composition: Show a document page organized into a clear title area, two aligned text blocks, margins, and spacing guides, with all text unreadable.

Style: Use the attached invidious.png for drawing style only. Match its thick rounded dark-brown contours, simplified rounded shapes, and restrained 2D cartoon shading. Do not copy the reference subject or composition.

Framing: One compact composition, with the complete subject using about 80-90% of the square. Keep everything inside the frame.

Output: 512x512 PNG, RGBA, genuine transparent background. No text, numerals, labels, logos or watermark.",作成済み,,references/invidious.png
leather.png,革,革,"Subject: leather, target meaning ""革"".

Composition: Show one folded sheet of brown leather beside a cut leather strap, with visible grain and stitched edge.

Style: Use the attached invidious.png for drawing style only. Match its thick rounded dark-brown contours, simplified rounded shapes, and restrained 2D cartoon shading. Do not copy the reference subject or composition.

Framing: One compact composition, with the complete subject using about 80-90% of the square. Keep everything inside the frame.

Output: 512x512 PNG, RGBA, genuine transparent background. No text, numerals, labels, logos or watermark.",作成済み,,references/invidious.png
mathematical.png,数学の、正確な,数学の,"Subject: mathematical, target meaning ""数学の"".

Composition: Show a calculator, ruler, geometric shapes, and a hand working through a precise numerical problem.

Style: Use the attached invidious.png for drawing style only. Match its thick rounded dark-brown contours, simplified rounded shapes, and restrained 2D cartoon shading. Do not copy the reference subject or composition.

Framing: One compact composition, with the complete subject using about 80-90% of the square. Keep everything inside the frame.

Output: 512x512 PNG, RGBA, genuine transparent background. No text, numerals, labels, logos or watermark.",作成済み,,references/invidious.png
mercy.png,慈悲、幸運,慈悲,"Subject: mercy, target meaning ""慈悲"".

Composition: Show one person who could punish another instead lowering the raised hand and offering help, while the relieved person remains unharmed.

Style: Use the attached invidious.png for drawing style only. Match its thick rounded dark-brown contours, simplified rounded shapes, and restrained 2D cartoon shading. Do not copy the reference subject or composition.

Framing: One compact composition, with the complete subject using about 80-90% of the square. Keep everything inside the frame.

Output: 512x512 PNG, RGBA, genuine transparent background. No text, numerals, labels, logos or watermark.",作成済み,,references/invidious.png
rolling.png,回転、起伏,回転,"Subject: rolling, target meaning ""回転"".

Composition: Show one barrel actively rolling down a gentle slope, with curved motion lines following the rotation.

Style: Use the attached invidious.png for drawing style only. Match its thick rounded dark-brown contours, simplified rounded shapes, and restrained 2D cartoon shading. Do not copy the reference subject or composition.

Framing: One compact composition, with the complete subject using about 80-90% of the square. Keep everything inside the frame.

Output: 512x512 PNG, RGBA, genuine transparent background. No text, numerals, labels, logos or watermark.",作成済み,,references/invidious.png
varied.png,さまざまな,さまざまな,"Subject: varied, target meaning ""さまざまな"".

Composition: Show a single collection containing visibly different shapes, sizes, and colors rather than repeated identical items.

Style: Use the attached invidious.png for drawing style only. Match its thick rounded dark-brown contours, simplified rounded shapes, and restrained 2D cartoon shading. Do not copy the reference subject or composition.

Framing: One compact composition, with the complete subject using about 80-90% of the square. Keep everything inside the frame.

Output: 512x512 PNG, RGBA, genuine transparent background. No text, numerals, labels, logos or watermark.",作成済み,,references/invidious.png
Bob.png,ボブ,ボブ,"Subject: Bob, target meaning ""ボブ"".

Composition: Show one adult person named Bob in a natural waist-up portrait, wearing a plain collared shirt or simple jacket, relaxed neutral expression, shoulders fully visible, no props and no written name.

Style: Use the attached invidious.png for drawing style only. Match its thick rounded dark-brown contours, simplified rounded shapes, and restrained 2D cartoon shading. Do not copy the reference subject or composition.

Framing: One compact composition, with the complete subject using about 80-90% of the square. Keep everything inside the frame.

Output: 512x512 PNG, RGBA, genuine transparent background. No text, numerals, labels, logos or watermark.",作成済み,,references/invidious.png
Kong.png,コング,コング,"Subject: Kong, target meaning ""コング"".

Composition: Show one adult person named Kong in a natural waist-up portrait, wearing a plain collared shirt or simple jacket, relaxed neutral expression, shoulders fully visible, no props and no written name.

Style: Use the attached invidious.png for drawing style only. Match its thick rounded dark-brown contours, simplified rounded shapes, and restrained 2D cartoon shading. Do not copy the reference subject or composition.

Framing: One compact composition, with the complete subject using about 80-90% of the square. Keep everything inside the frame.

Output: 512x512 PNG, RGBA, genuine transparent background. No text, numerals, labels, logos or watermark.",作成済み,,references/invidious.png
Princeton.png,プリンストン,プリンストン,"Subject: Princeton, target meaning ""プリンストン"".

Composition: Show one adult person named Princeton in a natural waist-up portrait, wearing a plain collared shirt or simple jacket, relaxed neutral expression, shoulders fully visible, no props and no written name.

Style: Use the attached invidious.png for drawing style only. Match its thick rounded dark-brown contours, simplified rounded shapes, and restrained 2D cartoon shading. Do not copy the reference subject or composition.

Framing: One compact composition, with the complete subject using about 80-90% of the square. Keep everything inside the frame.

Output: 512x512 PNG, RGBA, genuine transparent background. No text, numerals, labels, logos or watermark.",作成済み,,references/invidious.png
assured.png,自信をもった,自信をもった,"Subject: assured, target meaning ""自信をもった"".

Composition: Show one person standing upright with steady eye contact, relaxed shoulders, and a firm confident expression before a task.

Style: Use the attached invidious.png for drawing style only. Match its thick rounded dark-brown contours, simplified rounded shapes, and restrained 2D cartoon shading. Do not copy the reference subject or composition.

Framing: One compact composition, with the complete subject using about 80-90% of the square. Keep everything inside the frame.

Output: 512x512 PNG, RGBA, genuine transparent background. No text, numerals, labels, logos or watermark.",作成済み,,references/invidious.png
cardiac.png,心臓の、強心薬,心臓の,"Subject: cardiac, target meaning ""心臓の"".

Composition: Show clean anatomical heart with chambers and vessels, fully visible in a clean non-graphic anatomical style.

Style: Use the attached invidious.png for drawing style only. Match its thick rounded dark-brown contours, simplified rounded shapes, and restrained 2D cartoon shading. Do not copy the reference subject or composition.

Framing: One compact composition, with the complete subject using about 80-90% of the square. Keep everything inside the frame.

Output: 512x512 PNG, RGBA, genuine transparent background. No text, numerals, labels, logos or watermark.",作成済み,,references/invidious.png
ceiling.png,天井,天井,"Subject: ceiling, target meaning ""天井"".

Composition: Show the interior upper surface of a room from below, with a central ceiling light and the ceiling clearly spanning wall to wall.

Style: Use the attached invidious.png for drawing style only. Match its thick rounded dark-brown contours, simplified rounded shapes, and restrained 2D cartoon shading. Do not copy the reference subject or composition.

Framing: One compact composition, with the complete subject using about 80-90% of the square. Keep everything inside the frame.

Output: 512x512 PNG, RGBA, genuine transparent background. No text, numerals, labels, logos or watermark.",作成済み,,references/invidious.png
grid.png,格子、送電網,格子,"Subject: grid, target meaning ""格子"".

Composition: Show a clean square grid made of evenly spaced horizontal and vertical lines, filling most of the image.

Style: Use the attached invidious.png for drawing style only. Match its thick rounded dark-brown contours, simplified rounded shapes, and restrained 2D cartoon shading. Do not copy the reference subject or composition.

Framing: One compact composition, with the complete subject using about 80-90% of the square. Keep everything inside the frame.

Output: 512x512 PNG, RGBA, genuine transparent background. No text, numerals, labels, logos or watermark.",作成済み,,references/invidious.png
lock.png,錠,錠,"Subject: lock, target meaning ""錠"".

Composition: Show one sturdy metal padlock with a closed shackle and keyhole, centered and fully visible.

Style: Use the attached invidious.png for drawing style only. Match its thick rounded dark-brown contours, simplified rounded shapes, and restrained 2D cartoon shading. Do not copy the reference subject or composition.

Framing: One compact composition, with the complete subject using about 80-90% of the square. Keep everything inside the frame.

Output: 512x512 PNG, RGBA, genuine transparent background. No text, numerals, labels, logos or watermark.",作成済み,,references/invidious.png
receptor.png,受容器官、レセプター,受容器官,"Subject: receptor, target meaning ""受容器官"".

Composition: Show a simplified cell membrane with several matching receptor shapes on its surface, one small signal molecule fitting into a receptor like a key.

Style: Use the attached invidious.png for drawing style only. Match its thick rounded dark-brown contours, simplified rounded shapes, and restrained 2D cartoon shading. Do not copy the reference subject or composition.

Framing: One compact composition, with the complete subject using about 80-90% of the square. Keep everything inside the frame.

Output: 512x512 PNG, RGBA, genuine transparent background. No text, numerals, labels, logos or watermark.",作成済み,,references/invidious.png
Atlantic.png,大西洋の,大西洋の,"Subject: Atlantic, target meaning ""大西洋の"".

Composition: Show a simplified map silhouette of Atlantic behind a compact local landscape or city scene, with one recognizable landmark-like structure or terrain feature in front; no written place name.

Style: Use the attached invidious.png for drawing style only. Match its thick rounded dark-brown contours, simplified rounded shapes, and restrained 2D cartoon shading. Do not copy the reference subject or composition.

Framing: One compact composition, with the complete subject using about 80-90% of the square. Keep everything inside the frame.

Output: 512x512 PNG, RGBA, genuine transparent background. No text, numerals, labels, logos or watermark.",作成済み,,references/invidious.png
Ryan.png,ライアン,ライアン,"Subject: Ryan, target meaning ""ライアン"".

Composition: Show one adult person named Ryan in a natural waist-up portrait, wearing a plain collared shirt or simple jacket, relaxed neutral expression, shoulders fully visible, no props and no written name.

Style: Use the attached invidious.png for drawing style only. Match its thick rounded dark-brown contours, simplified rounded shapes, and restrained 2D cartoon shading. Do not copy the reference subject or composition.

Framing: One compact composition, with the complete subject using about 80-90% of the square. Keep everything inside the frame.

Output: 512x512 PNG, RGBA, genuine transparent background. No text, numerals, labels, logos or watermark.",作成済み,,references/invidious.png
autonomy.png,自治,自治,"Subject: autonomy, target meaning ""自治"".

Composition: Show a small town council independently managing local services at a meeting table without an outside authority directing them.

Style: Use the attached invidious.png for drawing style only. Match its thick rounded dark-brown contours, simplified rounded shapes, and restrained 2D cartoon shading. Do not copy the reference subject or composition.

Framing: One compact composition, with the complete subject using about 80-90% of the square. Keep everything inside the frame.

Output: 512x512 PNG, RGBA, genuine transparent background. No text, numerals, labels, logos or watermark.",作成済み,,references/invidious.png
liberty.png,自由,自由,"Subject: liberty, target meaning ""自由"".

Composition: Show a bird flying freely out of an open cage into wide open sky.

Style: Use the attached invidious.png for drawing style only. Match its thick rounded dark-brown contours, simplified rounded shapes, and restrained 2D cartoon shading. Do not copy the reference subject or composition.

Framing: One compact composition, with the complete subject using about 80-90% of the square. Keep everything inside the frame.

Output: 512x512 PNG, RGBA, genuine transparent background. No text, numerals, labels, logos or watermark.",作成済み,,references/invidious.png
log.png,丸太,丸太,"Subject: log, target meaning ""丸太"".

Composition: Show one cut tree log lying horizontally with bark outside and circular growth rings clearly visible on the cut end.

Style: Use the attached invidious.png for drawing style only. Match its thick rounded dark-brown contours, simplified rounded shapes, and restrained 2D cartoon shading. Do not copy the reference subject or composition.

Framing: One compact composition, with the complete subject using about 80-90% of the square. Keep everything inside the frame.

Output: 512x512 PNG, RGBA, genuine transparent background. No text, numerals, labels, logos or watermark.",作成済み,,references/invidious.png
panic.png,パニック,パニック,"Subject: panic, target meaning ""パニック"".

Composition: Show one person wide-eyed amid suddenly scattered belongings, hands raised and movements disorganized from panic.

Style: Use the attached invidious.png for drawing style only. Match its thick rounded dark-brown contours, simplified rounded shapes, and restrained 2D cartoon shading. Do not copy the reference subject or composition.

Framing: One compact composition, with the complete subject using about 80-90% of the square. Keep everything inside the frame.

Output: 512x512 PNG, RGBA, genuine transparent background. No text, numerals, labels, logos or watermark.",作成済み,,references/invidious.png
woke@weg2.png,目覚めた(wake の過去),目覚めた(wake の過去),"Subject: woke, target meaning ""目覚めた(wake の過去)"".

Composition: Show one person sitting upright in bed just after waking while an alarm clock rings nearby.

Style: Use the attached invidious.png for drawing style only. Match its thick rounded dark-brown contours, simplified rounded shapes, and restrained 2D cartoon shading. Do not copy the reference subject or composition.

Framing: One compact composition, with the complete subject using about 80-90% of the square. Keep everything inside the frame.

Output: 512x512 PNG, RGBA, genuine transparent background. No text, numerals, labels, logos or watermark.",作成済み,,references/invidious.png
Hebrew.png,ヘブライ人,ヘブライ人,"Subject: Hebrew, target meaning ""ヘブライ人"".

Composition: Show one adult person named Hebrew in a natural waist-up portrait, wearing a plain collared shirt or simple jacket, relaxed neutral expression, shoulders fully visible, no props and no written name.

Style: Use the attached invidious.png for drawing style only. Match its thick rounded dark-brown contours, simplified rounded shapes, and restrained 2D cartoon shading. Do not copy the reference subject or composition.

Framing: One compact composition, with the complete subject using about 80-90% of the square. Keep everything inside the frame.

Output: 512x512 PNG, RGBA, genuine transparent background. No text, numerals, labels, logos or watermark.",作成済み,,references/invidious.png
accused.png,罪に問われた,罪に問われた,"Subject: accused, target meaning ""罪に問われた"".

Composition: Show one defendant standing beside a lawyer in a courtroom while an official points toward the case file, conveying that the person has been formally accused.

Style: Use the attached invidious.png for drawing style only. Match its thick rounded dark-brown contours, simplified rounded shapes, and restrained 2D cartoon shading. Do not copy the reference subject or composition.

Framing: One compact composition, with the complete subject using about 80-90% of the square. Keep everything inside the frame.

Output: 512x512 PNG, RGBA, genuine transparent background. No text, numerals, labels, logos or watermark.",作成済み,,references/invidious.png
egg@awi.png,卵,卵,"Subject: egg, target meaning ""卵"".

Composition: Show one whole chicken egg beside a cracked half-shell revealing the yolk and white, clean and non-messy.

Style: Use the attached invidious.png for drawing style only. Match its thick rounded dark-brown contours, simplified rounded shapes, and restrained 2D cartoon shading. Do not copy the reference subject or composition.

Framing: One compact composition, with the complete subject using about 80-90% of the square. Keep everything inside the frame.

Output: 512x512 PNG, RGBA, genuine transparent background. No text, numerals, labels, logos or watermark.",作成済み,,references/invidious.png
mystery@meue3.png,謎、推理小説,謎,"Subject: mystery, target meaning ""謎"".

Composition: Show a locked small box, one unusual key, and a magnifying glass examining a single unexplained clue, creating a clear mystery scene.

Style: Use the attached invidious.png for drawing style only. Match its thick rounded dark-brown contours, simplified rounded shapes, and restrained 2D cartoon shading. Do not copy the reference subject or composition.

Framing: One compact composition, with the complete subject using about 80-90% of the square. Keep everything inside the frame.

Output: 512x512 PNG, RGBA, genuine transparent background. No text, numerals, labels, logos or watermark.",作成済み,,references/invidious.png
Carolina.png,カロライナ,カロライナ,"Subject: Carolina, target meaning ""カロライナ"".

Composition: Show one adult person named Carolina in a natural waist-up portrait, wearing a plain collared shirt or simple jacket, relaxed neutral expression, shoulders fully visible, no props and no written name.

Style: Use the attached invidious.png for drawing style only. Match its thick rounded dark-brown contours, simplified rounded shapes, and restrained 2D cartoon shading. Do not copy the reference subject or composition.

Framing: One compact composition, with the complete subject using about 80-90% of the square. Keep everything inside the frame.

Output: 512x512 PNG, RGBA, genuine transparent background. No text, numerals, labels, logos or watermark.",作成済み,,references/invidious.png
Davis.png,デイビス,デイビス,"Subject: Davis, target meaning ""デイビス"".

Composition: Show one adult person named Davis in a natural waist-up portrait, wearing a plain collared shirt or simple jacket, relaxed neutral expression, shoulders fully visible, no props and no written name.

Style: Use the attached invidious.png for drawing style only. Match its thick rounded dark-brown contours, simplified rounded shapes, and restrained 2D cartoon shading. Do not copy the reference subject or composition.

Framing: One compact composition, with the complete subject using about 80-90% of the square. Keep everything inside the frame.

Output: 512x512 PNG, RGBA, genuine transparent background. No text, numerals, labels, logos or watermark.",作成済み,,references/invidious.png
Delhi.png,デリー,デリー,"Subject: Delhi, target meaning ""デリー"".

Composition: Show one adult person named Delhi in a natural waist-up portrait, wearing a plain collared shirt or simple jacket, relaxed neutral expression, shoulders fully visible, no props and no written name.

Style: Use the attached invidious.png for drawing style only. Match its thick rounded dark-brown contours, simplified rounded shapes, and restrained 2D cartoon shading. Do not copy the reference subject or composition.

Framing: One compact composition, with the complete subject using about 80-90% of the square. Keep everything inside the frame.

Output: 512x512 PNG, RGBA, genuine transparent background. No text, numerals, labels, logos or watermark.",作成済み,,references/invidious.png
glucose.png,ブドウ糖,ブドウ糖,"Subject: glucose, target meaning ""ブドウ糖"".

Composition: Show a simple glucose molecule model beside a small sugar crystal and a drop of blood sample, clean and educational.

Style: Use the attached invidious.png for drawing style only. Match its thick rounded dark-brown contours, simplified rounded shapes, and restrained 2D cartoon shading. Do not copy the reference subject or composition.

Framing: One compact composition, with the complete subject using about 80-90% of the square. Keep everything inside the frame.

Output: 512x512 PNG, RGBA, genuine transparent background. No text, numerals, labels, logos or watermark.",作成済み,,references/invidious.png
Google.png,グーグル,グーグル,"Subject: Google, target meaning ""グーグル"".

Composition: Show a generic web-search page on a laptop with a search field, colorful abstract icon, and several result lines, without reproducing a real logo.

Style: Use the attached invidious.png for drawing style only. Match its thick rounded dark-brown contours, simplified rounded shapes, and restrained 2D cartoon shading. Do not copy the reference subject or composition.

Framing: One compact composition, with the complete subject using about 80-90% of the square. Keep everything inside the frame.

Output: 512x512 PNG, RGBA, genuine transparent background. No text, numerals, labels, logos or watermark.",作成済み,,references/invidious.png
Saturday.png,土曜日,土曜日,"Subject: Saturday, target meaning ""土曜日"".

Composition: Show one adult person named Saturday in a natural waist-up portrait, wearing a plain collared shirt or simple jacket, relaxed neutral expression, shoulders fully visible, no props and no written name.

Style: Use the attached invidious.png for drawing style only. Match its thick rounded dark-brown contours, simplified rounded shapes, and restrained 2D cartoon shading. Do not copy the reference subject or composition.

Framing: One compact composition, with the complete subject using about 80-90% of the square. Keep everything inside the frame.

Output: 512x512 PNG, RGBA, genuine transparent background. No text, numerals, labels, logos or watermark.",作成済み,,references/invidious.png
filter.png,フィルタ,フィルタ,"Subject: filter, target meaning ""フィルタ"".

Composition: Show dirty water entering the top of a transparent filter and visibly clearer water exiting below after passing through a layered filter medium.

Style: Use the attached invidious.png for drawing style only. Match its thick rounded dark-brown contours, simplified rounded shapes, and restrained 2D cartoon shading. Do not copy the reference subject or composition.

Framing: One compact composition, with the complete subject using about 80-90% of the square. Keep everything inside the frame.

Output: 512x512 PNG, RGBA, genuine transparent background. No text, numerals, labels, logos or watermark.",作成済み,,references/invidious.png
horror.png,恐怖,恐怖,"Subject: horror, target meaning ""恐怖"".

Composition: Show one person recoiling from a dark doorway with widened eyes, rigid posture, and hands drawn close in intense fear.

Style: Use the attached invidious.png for drawing style only. Match its thick rounded dark-brown contours, simplified rounded shapes, and restrained 2D cartoon shading. Do not copy the reference subject or composition.

Framing: One compact composition, with the complete subject using about 80-90% of the square. Keep everything inside the frame.

Output: 512x512 PNG, RGBA, genuine transparent background. No text, numerals, labels, logos or watermark.",作成済み,,references/invidious.png
mask.png,マスク,マスク,"Subject: mask, target meaning ""マスク"".

Composition: Show one plain protective face mask with ear loops, pleats, and nose strip fully visible.

Style: Use the attached invidious.png for drawing style only. Match its thick rounded dark-brown contours, simplified rounded shapes, and restrained 2D cartoon shading. Do not copy the reference subject or composition.

Framing: One compact composition, with the complete subject using about 80-90% of the square. Keep everything inside the frame.

Output: 512x512 PNG, RGBA, genuine transparent background. No text, numerals, labels, logos or watermark.",作成済み,,references/invidious.png
stare.png,じっと見つめる,じっと見つめる,"Subject: stare, target meaning ""じっと見つめる"".

Composition: Show one fingertip with the fingernail clearly visible, fully visible in a clean non-graphic anatomical style.

Style: Use the attached invidious.png for drawing style only. Match its thick rounded dark-brown contours, simplified rounded shapes, and restrained 2D cartoon shading. Do not copy the reference subject or composition.

Framing: One compact composition, with the complete subject using about 80-90% of the square. Keep everything inside the frame.

Output: 512x512 PNG, RGBA, genuine transparent background. No text, numerals, labels, logos or watermark.",作成済み,,references/invidious.png
weakness.png,弱さ,弱さ,"Subject: weakness, target meaning ""弱さ"".

Composition: Show a thin branch bending under a small weight that a thicker branch nearby supports easily.

Style: Use the attached invidious.png for drawing style only. Match its thick rounded dark-brown contours, simplified rounded shapes, and restrained 2D cartoon shading. Do not copy the reference subject or composition.

Framing: One compact composition, with the complete subject using about 80-90% of the square. Keep everything inside the frame.

Output: 512x512 PNG, RGBA, genuine transparent background. No text, numerals, labels, logos or watermark.",作成済み,,references/invidious.png
HIV.png,ヒト免疫不全ウイルス,ヒト免疫不全ウイルス,"Subject: HIV, target meaning ""ヒト免疫不全ウイルス"".

Composition: Show a clean medical illustration of an HIV-like virus particle approaching an immune cell, with no text and no graphic disease imagery.

Style: Use the attached invidious.png for drawing style only. Match its thick rounded dark-brown contours, simplified rounded shapes, and restrained 2D cartoon shading. Do not copy the reference subject or composition.

Framing: One compact composition, with the complete subject using about 80-90% of the square. Keep everything inside the frame.

Output: 512x512 PNG, RGBA, genuine transparent background. No text, numerals, labels, logos or watermark.",作成済み,,references/invidious.png
Jake.png,ジェイク,ジェイク,"Subject: Jake, target meaning ""ジェイク"".

Composition: Show one adult person named Jake in a natural waist-up portrait, wearing a plain collared shirt or simple jacket, relaxed neutral expression, shoulders fully visible, no props and no written name.

Style: Use the attached invidious.png for drawing style only. Match its thick rounded dark-brown contours, simplified rounded shapes, and restrained 2D cartoon shading. Do not copy the reference subject or composition.

Framing: One compact composition, with the complete subject using about 80-90% of the square. Keep everything inside the frame.

Output: 512x512 PNG, RGBA, genuine transparent background. No text, numerals, labels, logos or watermark.",作成済み,,references/invidious.png
calculation.png,計算、演算,計算,"Subject: calculation, target meaning ""計算"".

Composition: Show a calculator, ruler, geometric shapes, and a hand working through a precise numerical problem.

Style: Use the attached invidious.png for drawing style only. Match its thick rounded dark-brown contours, simplified rounded shapes, and restrained 2D cartoon shading. Do not copy the reference subject or composition.

Framing: One compact composition, with the complete subject using about 80-90% of the square. Keep everything inside the frame.

Output: 512x512 PNG, RGBA, genuine transparent background. No text, numerals, labels, logos or watermark.",作成済み,,references/invidious.png
palace.png,宮殿,宮殿,"Subject: palace, target meaning ""宮殿"".

Composition: Show a grand royal palace facade with tall windows, central ceremonial stairs, and ornate gates.

Style: Use the attached invidious.png for drawing style only. Match its thick rounded dark-brown contours, simplified rounded shapes, and restrained 2D cartoon shading. Do not copy the reference subject or composition.

Framing: One compact composition, with the complete subject using about 80-90% of the square. Keep everything inside the frame.

Output: 512x512 PNG, RGBA, genuine transparent background. No text, numerals, labels, logos or watermark.",作成済み,,references/invidious.png
pause.png,休止,休止,"Subject: pause, target meaning ""休止"".

Composition: Show a runner stopped mid-course with one foot planted and body held still beside a paused stopwatch, emphasizing a temporary stop.

Style: Use the attached invidious.png for drawing style only. Match its thick rounded dark-brown contours, simplified rounded shapes, and restrained 2D cartoon shading. Do not copy the reference subject or composition.

Framing: One compact composition, with the complete subject using about 80-90% of the square. Keep everything inside the frame.

Output: 512x512 PNG, RGBA, genuine transparent background. No text, numerals, labels, logos or watermark.",作成済み,,references/invidious.png
rear@re.png,後部,後部,"Subject: rear, target meaning ""後部"".

Composition: Show a timeline beginning at a present marker and extending forward through several future points.

Style: Use the attached invidious.png for drawing style only. Match its thick rounded dark-brown contours, simplified rounded shapes, and restrained 2D cartoon shading. Do not copy the reference subject or composition.

Framing: One compact composition, with the complete subject using about 80-90% of the square. Keep everything inside the frame.

Output: 512x512 PNG, RGBA, genuine transparent background. No text, numerals, labels, logos or watermark.",作成済み,,references/invidious.png
surprising.png,驚くべき,驚くべき,"Subject: surprising, target meaning ""驚くべき"".

Composition: Show one person frozen with wide eyes, open mouth, and raised hands immediately after an unexpected harmless event.

Style: Use the attached invidious.png for drawing style only. Match its thick rounded dark-brown contours, simplified rounded shapes, and restrained 2D cartoon shading. Do not copy the reference subject or composition.

Framing: One compact composition, with the complete subject using about 80-90% of the square. Keep everything inside the frame.

Output: 512x512 PNG, RGBA, genuine transparent background. No text, numerals, labels, logos or watermark.",作成済み,,references/invidious.png
Emily.png,エミリー,エミリー,"Subject: Emily, target meaning ""エミリー"".

Composition: Show one adult person named Emily in a natural waist-up portrait, wearing a plain collared shirt or simple jacket, relaxed neutral expression, shoulders fully visible, no props and no written name.

Style: Use the attached invidious.png for drawing style only. Match its thick rounded dark-brown contours, simplified rounded shapes, and restrained 2D cartoon shading. Do not copy the reference subject or composition.

Framing: One compact composition, with the complete subject using about 80-90% of the square. Keep everything inside the frame.

Output: 512x512 PNG, RGBA, genuine transparent background. No text, numerals, labels, logos or watermark.",作成済み,,references/invidious.png
breathe.png,呼吸する,呼吸する,"Subject: breathe, target meaning ""呼吸する"".

Composition: Show one person taking a visible deep breath, chest rising while cool breath puffs leave the mouth.

Style: Use the attached invidious.png for drawing style only. Match its thick rounded dark-brown contours, simplified rounded shapes, and restrained 2D cartoon shading. Do not copy the reference subject or composition.

Framing: One compact composition, with the complete subject using about 80-90% of the square. Keep everything inside the frame.

Output: 512x512 PNG, RGBA, genuine transparent background. No text, numerals, labels, logos or watermark.",作成済み,,references/invidious.png
cabin.png,山小屋,山小屋,"Subject: cabin, target meaning ""山小屋"".

Composition: Show a small wooden mountain cabin with a pitched roof, chimney, front porch, and pine trees close around it.

Style: Use the attached invidious.png for drawing style only. Match its thick rounded dark-brown contours, simplified rounded shapes, and restrained 2D cartoon shading. Do not copy the reference subject or composition.

Framing: One compact composition, with the complete subject using about 80-90% of the square. Keep everything inside the frame.

Output: 512x512 PNG, RGBA, genuine transparent background. No text, numerals, labels, logos or watermark.",作成済み,,references/invidious.png
everybody.png,だれも,だれも,"Subject: everybody, target meaning ""だれも"".

Composition: Show a varied group of people—child, adult, older person—standing together with every person raising one hand, representing everyone in the group.

Style: Use the attached invidious.png for drawing style only. Match its thick rounded dark-brown contours, simplified rounded shapes, and restrained 2D cartoon shading. Do not copy the reference subject or composition.

Framing: One compact composition, with the complete subject using about 80-90% of the square. Keep everything inside the frame.

Output: 512x512 PNG, RGBA, genuine transparent background. No text, numerals, labels, logos or watermark.",作成済み,,references/invidious.png
freely.png,自由に,自由に,"Subject: freely, target meaning ""自由に"".

Composition: Show a bird flying freely out of an open cage into wide open sky.

Style: Use the attached invidious.png for drawing style only. Match its thick rounded dark-brown contours, simplified rounded shapes, and restrained 2D cartoon shading. Do not copy the reference subject or composition.

Framing: One compact composition, with the complete subject using about 80-90% of the square. Keep everything inside the frame.

Output: 512x512 PNG, RGBA, genuine transparent background. No text, numerals, labels, logos or watermark.",作成済み,,references/invidious.png
le.png,レ、レー,レ,"Subject: le, target meaning ""レ"".

Composition: Show one musical note on a simple solfège staff position with a singer pointing to that note while practicing, with no written syllable labels.

Style: Use the attached invidious.png for drawing style only. Match its thick rounded dark-brown contours, simplified rounded shapes, and restrained 2D cartoon shading. Do not copy the reference subject or composition.

Framing: One compact composition, with the complete subject using about 80-90% of the square. Keep everything inside the frame.

Output: 512x512 PNG, RGBA, genuine transparent background. No text, numerals, labels, logos or watermark.",作成済み,,references/invidious.png
lens.png,レンズ,レンズ,"Subject: lens, target meaning ""レンズ"".

Composition: Show one convex glass lens in side view bending two incoming light rays toward a single focal point.

Style: Use the attached invidious.png for drawing style only. Match its thick rounded dark-brown contours, simplified rounded shapes, and restrained 2D cartoon shading. Do not copy the reference subject or composition.

Framing: One compact composition, with the complete subject using about 80-90% of the square. Keep everything inside the frame.

Output: 512x512 PNG, RGBA, genuine transparent background. No text, numerals, labels, logos or watermark.",作成済み,,references/invidious.png
loan.png,貸付金,貸付金,"Subject: loan, target meaning ""貸付金"".

Composition: Show one person receiving a stack of money from a bank clerk while signing a repayment document, with coins and a calendar nearby.

Style: Use the attached invidious.png for drawing style only. Match its thick rounded dark-brown contours, simplified rounded shapes, and restrained 2D cartoon shading. Do not copy the reference subject or composition.

Framing: One compact composition, with the complete subject using about 80-90% of the square. Keep everything inside the frame.

Output: 512x512 PNG, RGBA, genuine transparent background. No text, numerals, labels, logos or watermark.",作成済み,,references/invidious.png
pan@pete.png,平なべ,平なべ,"Subject: pan, target meaning ""平なべ"".

Composition: Show one shallow flat frying pan with a wide circular base, low sides, and one long handle, viewed from a slight angle.

Style: Use the attached invidious.png for drawing style only. Match its thick rounded dark-brown contours, simplified rounded shapes, and restrained 2D cartoon shading. Do not copy the reference subject or composition.

Framing: One compact composition, with the complete subject using about 80-90% of the square. Keep everything inside the frame.

Output: 512x512 PNG, RGBA, genuine transparent background. No text, numerals, labels, logos or watermark.",作成済み,,references/invidious.png
ray.png,光線,光線,"Subject: ray, target meaning ""光線"".

Composition: Show one narrow beam of light traveling from a lamp through a small opening in a straight line.

Style: Use the attached invidious.png for drawing style only. Match its thick rounded dark-brown contours, simplified rounded shapes, and restrained 2D cartoon shading. Do not copy the reference subject or composition.

Framing: One compact composition, with the complete subject using about 80-90% of the square. Keep everything inside the frame.

Output: 512x512 PNG, RGBA, genuine transparent background. No text, numerals, labels, logos or watermark.",作成済み,,references/invidious.png
Margaret.png,マーガレット、マーガリット,マーガレット,"Subject: Margaret, target meaning ""マーガレット"".

Composition: Show one adult person named Margaret in a natural waist-up portrait, wearing a plain collared shirt or simple jacket, relaxed neutral expression, shoulders fully visible, no props and no written name.

Style: Use the attached invidious.png for drawing style only. Match its thick rounded dark-brown contours, simplified rounded shapes, and restrained 2D cartoon shading. Do not copy the reference subject or composition.

Framing: One compact composition, with the complete subject using about 80-90% of the square. Keep everything inside the frame.

Output: 512x512 PNG, RGBA, genuine transparent background. No text, numerals, labels, logos or watermark.",作成済み,,references/invidious.png
elderly.png,年配の,年配の,"Subject: elderly, target meaning ""年配の"".

Composition: Show two or three people together with the target person visibly older through gray hair, facial lines, and mature posture.

Style: Use the attached invidious.png for drawing style only. Match its thick rounded dark-brown contours, simplified rounded shapes, and restrained 2D cartoon shading. Do not copy the reference subject or composition.

Framing: One compact composition, with the complete subject using about 80-90% of the square. Keep everything inside the frame.

Output: 512x512 PNG, RGBA, genuine transparent background. No text, numerals, labels, logos or watermark.",作成済み,,references/invidious.png
guarantee.png,保証,保証,"Subject: guarantee, target meaning ""保証"".

Composition: Show a product box beside a stamped warranty certificate and a protective shield symbol, with no readable text.

Style: Use the attached invidious.png for drawing style only. Match its thick rounded dark-brown contours, simplified rounded shapes, and restrained 2D cartoon shading. Do not copy the reference subject or composition.

Framing: One compact composition, with the complete subject using about 80-90% of the square. Keep everything inside the frame.

Output: 512x512 PNG, RGBA, genuine transparent background. No text, numerals, labels, logos or watermark.",作成済み,,references/invidious.png
gut.png,腸,腸,"Subject: gut, target meaning ""腸"".

Composition: Show clean anatomical intestines coiled inside the abdomen, fully visible in a clean non-graphic anatomical style.

Style: Use the attached invidious.png for drawing style only. Match its thick rounded dark-brown contours, simplified rounded shapes, and restrained 2D cartoon shading. Do not copy the reference subject or composition.

Framing: One compact composition, with the complete subject using about 80-90% of the square. Keep everything inside the frame.

Output: 512x512 PNG, RGBA, genuine transparent background. No text, numerals, labels, logos or watermark.",作成済み,,references/invidious.png
pen@pet.png,ペン,ペン,"Subject: pen, target meaning ""ペン"".

Composition: Show one ballpoint pen lying diagonally beside a small handwritten note with unreadable lines.

Style: Use the attached invidious.png for drawing style only. Match its thick rounded dark-brown contours, simplified rounded shapes, and restrained 2D cartoon shading. Do not copy the reference subject or composition.

Framing: One compact composition, with the complete subject using about 80-90% of the square. Keep everything inside the frame.

Output: 512x512 PNG, RGBA, genuine transparent background. No text, numerals, labels, logos or watermark.",作成済み,,references/invidious.png
possessed.png,取りつかれた,取りつかれた,"Subject: possessed, target meaning ""取りつかれた"".

Composition: Show one person standing rigidly with an unnaturally vacant stare while a faint ghostly shadow looms behind them, clearly suggesting supernatural possession without horror gore.

Style: Use the attached invidious.png for drawing style only. Match its thick rounded dark-brown contours, simplified rounded shapes, and restrained 2D cartoon shading. Do not copy the reference subject or composition.

Framing: One compact composition, with the complete subject using about 80-90% of the square. Keep everything inside the frame.

Output: 512x512 PNG, RGBA, genuine transparent background. No text, numerals, labels, logos or watermark.",作成済み,,references/invidious.png
practically.png,ほとんど,ほとんど,"Subject: practically, target meaning ""ほとんど"".

Composition: Show a container filled almost completely to the top with only a tiny empty gap remaining, conveying 'nearly' or 'practically'.

Style: Use the attached invidious.png for drawing style only. Match its thick rounded dark-brown contours, simplified rounded shapes, and restrained 2D cartoon shading. Do not copy the reference subject or composition.

Framing: One compact composition, with the complete subject using about 80-90% of the square. Keep everything inside the frame.

Output: 512x512 PNG, RGBA, genuine transparent background. No text, numerals, labels, logos or watermark.",作成済み,,references/invidious.png
artery.png,動脈,動脈,"Subject: artery, target meaning ""動脈"".

Composition: Show a clean anatomical cross-section of a thick-walled red artery carrying blood away from the heart, with the vessel wall clearly visible.

Style: Use the attached invidious.png for drawing style only. Match its thick rounded dark-brown contours, simplified rounded shapes, and restrained 2D cartoon shading. Do not copy the reference subject or composition.

Framing: One compact composition, with the complete subject using about 80-90% of the square. Keep everything inside the frame.

Output: 512x512 PNG, RGBA, genuine transparent background. No text, numerals, labels, logos or watermark.",作成済み,,references/invidious.png
cotton.png,綿花、ワタ,綿花,"Subject: cotton, target meaning ""綿花"".

Composition: Show an open cotton boll on a stem with fluffy white fibers bursting from the brown pod.

Style: Use the attached invidious.png for drawing style only. Match its thick rounded dark-brown contours, simplified rounded shapes, and restrained 2D cartoon shading. Do not copy the reference subject or composition.

Framing: One compact composition, with the complete subject using about 80-90% of the square. Keep everything inside the frame.

Output: 512x512 PNG, RGBA, genuine transparent background. No text, numerals, labels, logos or watermark.",作成済み,,references/invidious.png
crystal.png,水晶,水晶,"Subject: crystal, target meaning ""水晶"".

Composition: Show one transparent quartz crystal cluster with sharp faceted points and clear internal highlights.

Style: Use the attached invidious.png for drawing style only. Match its thick rounded dark-brown contours, simplified rounded shapes, and restrained 2D cartoon shading. Do not copy the reference subject or composition.

Framing: One compact composition, with the complete subject using about 80-90% of the square. Keep everything inside the frame.

Output: 512x512 PNG, RGBA, genuine transparent background. No text, numerals, labels, logos or watermark.",作成済み,,references/invidious.png
personally.png,個人的には、私としては,個人的には,"Subject: personally, target meaning ""個人的には"".

Composition: Show one person touching their own chest while giving a clear personal opinion gesture, with the focus on 'for me personally'.

Style: Use the attached invidious.png for drawing style only. Match its thick rounded dark-brown contours, simplified rounded shapes, and restrained 2D cartoon shading. Do not copy the reference subject or composition.

Framing: One compact composition, with the complete subject using about 80-90% of the square. Keep everything inside the frame.

Output: 512x512 PNG, RGBA, genuine transparent background. No text, numerals, labels, logos or watermark.",作成済み,,references/invidious.png
publisher.png,出版者,出版者,"Subject: publisher, target meaning ""出版者"".

Composition: Show a publisher reviewing a book proof at a desk with printed pages, a bound book, and a printing schedule sheet nearby.

Style: Use the attached invidious.png for drawing style only. Match its thick rounded dark-brown contours, simplified rounded shapes, and restrained 2D cartoon shading. Do not copy the reference subject or composition.

Framing: One compact composition, with the complete subject using about 80-90% of the square. Keep everything inside the frame.

Output: 512x512 PNG, RGBA, genuine transparent background. No text, numerals, labels, logos or watermark.",作成済み,,references/invidious.png
scattered.png,散り散りになった,散り散りになった,"Subject: scattered, target meaning ""散り散りになった"".

Composition: Show many small papers or leaves spread irregularly across a wide floor area.

Style: Use the attached invidious.png for drawing style only. Match its thick rounded dark-brown contours, simplified rounded shapes, and restrained 2D cartoon shading. Do not copy the reference subject or composition.

Framing: One compact composition, with the complete subject using about 80-90% of the square. Keep everything inside the frame.

Output: 512x512 PNG, RGBA, genuine transparent background. No text, numerals, labels, logos or watermark.",作成済み,,references/invidious.png
treaty.png,条約,条約,"Subject: treaty, target meaning ""条約"".

Composition: Show two officials from different sides signing the same formal agreement document across a table, with both hands visible near the shared paper.

Style: Use the attached invidious.png for drawing style only. Match its thick rounded dark-brown contours, simplified rounded shapes, and restrained 2D cartoon shading. Do not copy the reference subject or composition.

Framing: One compact composition, with the complete subject using about 80-90% of the square. Keep everything inside the frame.

Output: 512x512 PNG, RGBA, genuine transparent background. No text, numerals, labels, logos or watermark.",作成済み,,references/invidious.png
Anderson.png,アンダーソン,アンダーソン,"Subject: Anderson, target meaning ""アンダーソン"".

Composition: Show one adult person named Anderson in a natural waist-up portrait, wearing a plain collared shirt or simple jacket, relaxed neutral expression, shoulders fully visible, no props and no written name.

Style: Use the attached invidious.png for drawing style only. Match its thick rounded dark-brown contours, simplified rounded shapes, and restrained 2D cartoon shading. Do not copy the reference subject or composition.

Framing: One compact composition, with the complete subject using about 80-90% of the square. Keep everything inside the frame.

Output: 512x512 PNG, RGBA, genuine transparent background. No text, numerals, labels, logos or watermark.",作成済み,,references/invidious.png
Chris.png,クリス,クリス,"Subject: Chris, target meaning ""クリス"".

Composition: Show one adult person named Chris in a natural waist-up portrait, wearing a plain collared shirt or simple jacket, relaxed neutral expression, shoulders fully visible, no props and no written name.

Style: Use the attached invidious.png for drawing style only. Match its thick rounded dark-brown contours, simplified rounded shapes, and restrained 2D cartoon shading. Do not copy the reference subject or composition.

Framing: One compact composition, with the complete subject using about 80-90% of the square. Keep everything inside the frame.

Output: 512x512 PNG, RGBA, genuine transparent background. No text, numerals, labels, logos or watermark.",作成済み,,references/invidious.png
Florida.png,フロリダ州,フロリダ州,"Subject: Florida, target meaning ""フロリダ州"".

Composition: Show a simplified map silhouette of Florida behind a compact local landscape or city scene, with one recognizable landmark-like structure or terrain feature in front; no written place name.

Style: Use the attached invidious.png for drawing style only. Match its thick rounded dark-brown contours, simplified rounded shapes, and restrained 2D cartoon shading. Do not copy the reference subject or composition.

Framing: One compact composition, with the complete subject using about 80-90% of the square. Keep everything inside the frame.

Output: 512x512 PNG, RGBA, genuine transparent background. No text, numerals, labels, logos or watermark.",作成済み,,references/invidious.png
hunting.png,狩猟,狩猟,"Subject: hunting, target meaning ""狩猟"".

Composition: Show a hunter tracking animal footprints through a forest while carrying binoculars, with no weapon use or animal harm depicted.

Style: Use the attached invidious.png for drawing style only. Match its thick rounded dark-brown contours, simplified rounded shapes, and restrained 2D cartoon shading. Do not copy the reference subject or composition.

Framing: One compact composition, with the complete subject using about 80-90% of the square. Keep everything inside the frame.

Output: 512x512 PNG, RGBA, genuine transparent background. No text, numerals, labels, logos or watermark.",作成済み,,references/invidious.png
bow.png,船首,船首,"Subject: bow, target meaning ""船首"".

Composition: Show the pointed front bow of a ship cutting through water, viewed from a low three-quarter angle.

Style: Use the attached invidious.png for drawing style only. Match its thick rounded dark-brown contours, simplified rounded shapes, and restrained 2D cartoon shading. Do not copy the reference subject or composition.

Framing: One compact composition, with the complete subject using about 80-90% of the square. Keep everything inside the frame.

Output: 512x512 PNG, RGBA, genuine transparent background. No text, numerals, labels, logos or watermark.",作成済み,,references/invidious.png
clause.png,条項,条項,"Subject: clause, target meaning ""条項"".

Composition: Show one contract page with a single short paragraph visually boxed and emphasized among other unreadable text lines.

Style: Use the attached invidious.png for drawing style only. Match its thick rounded dark-brown contours, simplified rounded shapes, and restrained 2D cartoon shading. Do not copy the reference subject or composition.

Framing: One compact composition, with the complete subject using about 80-90% of the square. Keep everything inside the frame.

Output: 512x512 PNG, RGBA, genuine transparent background. No text, numerals, labels, logos or watermark.",作成済み,,references/invidious.png
inflammation.png,点火、燃焼,点火,"Subject: inflammation, target meaning ""点火"".

Composition: Show one log or pile of kindling actively catching fire with visible flames and glowing embers.

Style: Use the attached invidious.png for drawing style only. Match its thick rounded dark-brown contours, simplified rounded shapes, and restrained 2D cartoon shading. Do not copy the reference subject or composition.

Framing: One compact composition, with the complete subject using about 80-90% of the square. Keep everything inside the frame.

Output: 512x512 PNG, RGBA, genuine transparent background. No text, numerals, labels, logos or watermark.",作成済み,,references/invidious.png
lap@leb2.png,ひざ,ひざ,"Subject: lap, target meaning ""ひざ"".

Composition: Show a seated person from waist to knees with both hands resting naturally on the lap, clearly emphasizing the lap area.

Style: Use the attached invidious.png for drawing style only. Match its thick rounded dark-brown contours, simplified rounded shapes, and restrained 2D cartoon shading. Do not copy the reference subject or composition.

Framing: One compact composition, with the complete subject using about 80-90% of the square. Keep everything inside the frame.

Output: 512x512 PNG, RGBA, genuine transparent background. No text, numerals, labels, logos or watermark.",作成済み,,references/invidious.png
peer@pere2.png,貴族、同等の人,貴族,"Subject: peer, target meaning ""貴族"".

Composition: Show a medieval noble peer in formal cloak and heraldic attire standing beside another noble of equal status.

Style: Use the attached invidious.png for drawing style only. Match its thick rounded dark-brown contours, simplified rounded shapes, and restrained 2D cartoon shading. Do not copy the reference subject or composition.

Framing: One compact composition, with the complete subject using about 80-90% of the square. Keep everything inside the frame.

Output: 512x512 PNG, RGBA, genuine transparent background. No text, numerals, labels, logos or watermark.",作成済み,,references/invidious.png
swept@x.png,後方に傾いた、後退角のついた,後方に傾いた,"Subject: swept, target meaning ""後方に傾いた"".

Composition: Show a timeline beginning at a present marker and extending forward through several future points.

Style: Use the attached invidious.png for drawing style only. Match its thick rounded dark-brown contours, simplified rounded shapes, and restrained 2D cartoon shading. Do not copy the reference subject or composition.

Framing: One compact composition, with the complete subject using about 80-90% of the square. Keep everything inside the frame.

Output: 512x512 PNG, RGBA, genuine transparent background. No text, numerals, labels, logos or watermark.",作成済み,,references/invidious.png
vice.png,悪徳,悪徳,"Subject: vice, target meaning ""悪徳"".

Composition: Show one person secretly pocketing money that is not theirs while glancing around guiltily, representing moral vice without violence.

Style: Use the attached invidious.png for drawing style only. Match its thick rounded dark-brown contours, simplified rounded shapes, and restrained 2D cartoon shading. Do not copy the reference subject or composition.

Framing: One compact composition, with the complete subject using about 80-90% of the square. Keep everything inside the frame.

Output: 512x512 PNG, RGBA, genuine transparent background. No text, numerals, labels, logos or watermark.",作成済み,,references/invidious.png
Greece.png,ギリシャ,ギリシャ,"Subject: Greece, target meaning ""ギリシャ"".

Composition: Show a simplified map silhouette of Greece behind a compact local landscape or city scene, with one recognizable landmark-like structure or terrain feature in front; no written place name.

Style: Use the attached invidious.png for drawing style only. Match its thick rounded dark-brown contours, simplified rounded shapes, and restrained 2D cartoon shading. Do not copy the reference subject or composition.

Framing: One compact composition, with the complete subject using about 80-90% of the square. Keep everything inside the frame.

Output: 512x512 PNG, RGBA, genuine transparent background. No text, numerals, labels, logos or watermark.",作成済み,,references/invidious.png
Iran.png,イラン,イラン,"Subject: Iran, target meaning ""イラン"".

Composition: Show a simplified map silhouette of Iran behind a compact local landscape or city scene, with one recognizable landmark-like structure or terrain feature in front; no written place name.

Style: Use the attached invidious.png for drawing style only. Match its thick rounded dark-brown contours, simplified rounded shapes, and restrained 2D cartoon shading. Do not copy the reference subject or composition.

Framing: One compact composition, with the complete subject using about 80-90% of the square. Keep everything inside the frame.

Output: 512x512 PNG, RGBA, genuine transparent background. No text, numerals, labels, logos or watermark.",作成済み,,references/invidious.png
combat.png,と戦う,と戦う,"Subject: combat, target meaning ""と戦う"".

Composition: Show two armored training partners facing each other with padded practice weapons in a controlled sparring stance, no injuries.

Style: Use the attached invidious.png for drawing style only. Match its thick rounded dark-brown contours, simplified rounded shapes, and restrained 2D cartoon shading. Do not copy the reference subject or composition.

Framing: One compact composition, with the complete subject using about 80-90% of the square. Keep everything inside the frame.

Output: 512x512 PNG, RGBA, genuine transparent background. No text, numerals, labels, logos or watermark.",作成済み,,references/invidious.png
dignity.png,威厳,威厳,"Subject: dignity, target meaning ""威厳"".

Composition: Show an older adult standing calmly upright in simple formal clothing, composed and self-respecting despite a difficult setting.

Style: Use the attached invidious.png for drawing style only. Match its thick rounded dark-brown contours, simplified rounded shapes, and restrained 2D cartoon shading. Do not copy the reference subject or composition.

Framing: One compact composition, with the complete subject using about 80-90% of the square. Keep everything inside the frame.

Output: 512x512 PNG, RGBA, genuine transparent background. No text, numerals, labels, logos or watermark.",作成済み,,references/invidious.png
gonna.png,ゴナ；ガナ,ゴナ；ガナ,"Subject: gonna, target meaning ""ゴナ；ガナ"".

Composition: Show one person already wearing shoes and holding a bag at an open front door, body leaning forward as they are clearly about to leave.

Style: Use the attached invidious.png for drawing style only. Match its thick rounded dark-brown contours, simplified rounded shapes, and restrained 2D cartoon shading. Do not copy the reference subject or composition.

Framing: One compact composition, with the complete subject using about 80-90% of the square. Keep everything inside the frame.

Output: 512x512 PNG, RGBA, genuine transparent background. No text, numerals, labels, logos or watermark.",作成済み,,references/invidious.png
leaning.png,傾向,傾向,"Subject: leaning, target meaning ""傾向"".

Composition: Show several arrows or bars gradually tilting in the same direction, visually indicating an overall tendency rather than one fixed state.

Style: Use the attached invidious.png for drawing style only. Match its thick rounded dark-brown contours, simplified rounded shapes, and restrained 2D cartoon shading. Do not copy the reference subject or composition.

Framing: One compact composition, with the complete subject using about 80-90% of the square. Keep everything inside the frame.

Output: 512x512 PNG, RGBA, genuine transparent background. No text, numerals, labels, logos or watermark.",作成済み,,references/invidious.png
pants.png,ズボン,ズボン,"Subject: pants, target meaning ""ズボン"".

Composition: Show one pair of everyday trousers hanging neatly from a hanger, fully visible from waistband to cuffs.

Style: Use the attached invidious.png for drawing style only. Match its thick rounded dark-brown contours, simplified rounded shapes, and restrained 2D cartoon shading. Do not copy the reference subject or composition.

Framing: One compact composition, with the complete subject using about 80-90% of the square. Keep everything inside the frame.

Output: 512x512 PNG, RGBA, genuine transparent background. No text, numerals, labels, logos or watermark.",作成済み,,references/invidious.png
resolved.png,決心して,決心して,"Subject: resolved, target meaning ""決心して"".

Composition: Show one person choosing one option from several and firmly moving it into a final selected position.

Style: Use the attached invidious.png for drawing style only. Match its thick rounded dark-brown contours, simplified rounded shapes, and restrained 2D cartoon shading. Do not copy the reference subject or composition.

Framing: One compact composition, with the complete subject using about 80-90% of the square. Keep everything inside the frame.

Output: 512x512 PNG, RGBA, genuine transparent background. No text, numerals, labels, logos or watermark.",作成済み,,references/invidious.png
roughly.png,おおよそ,おおよそ,"Subject: roughly, target meaning ""おおよそ"".

Composition: Show two small piles of stones that are close in size but not exactly equal, conveying an approximate amount.

Style: Use the attached invidious.png for drawing style only. Match its thick rounded dark-brown contours, simplified rounded shapes, and restrained 2D cartoon shading. Do not copy the reference subject or composition.

Framing: One compact composition, with the complete subject using about 80-90% of the square. Keep everything inside the frame.

Output: 512x512 PNG, RGBA, genuine transparent background. No text, numerals, labels, logos or watermark.",作成済み,,references/invidious.png
throne.png,王位,王位,"Subject: throne, target meaning ""王位"".

Composition: Show an ornate royal throne with high back, carved armrests, and a crown resting on the seat, emphasizing the royal seat and office.

Style: Use the attached invidious.png for drawing style only. Match its thick rounded dark-brown contours, simplified rounded shapes, and restrained 2D cartoon shading. Do not copy the reference subject or composition.

Framing: One compact composition, with the complete subject using about 80-90% of the square. Keep everything inside the frame.

Output: 512x512 PNG, RGBA, genuine transparent background. No text, numerals, labels, logos or watermark.",作成済み,,references/invidious.png
honour.png,オナー,オナー,"Subject: honour, target meaning ""オナー"".

Composition: Show one person receiving a medal and formal handshake in front of a small applauding group, conveying public honor.

Style: Use the attached invidious.png for drawing style only. Match its thick rounded dark-brown contours, simplified rounded shapes, and restrained 2D cartoon shading. Do not copy the reference subject or composition.

Framing: One compact composition, with the complete subject using about 80-90% of the square. Keep everything inside the frame.

Output: 512x512 PNG, RGBA, genuine transparent background. No text, numerals, labels, logos or watermark.",作成済み,,references/invidious.png
instantly.png,すぐに、すぐさま,すぐに,"Subject: instantly, target meaning ""すぐに"".

Composition: Show a clock hand only a small distance before a marked upcoming time, making the short wait obvious.

Style: Use the attached invidious.png for drawing style only. Match its thick rounded dark-brown contours, simplified rounded shapes, and restrained 2D cartoon shading. Do not copy the reference subject or composition.

Framing: One compact composition, with the complete subject using about 80-90% of the square. Keep everything inside the frame.

Output: 512x512 PNG, RGBA, genuine transparent background. No text, numerals, labels, logos or watermark.",作成済み,,references/invidious.png
shooting.png,射撃、発砲,射撃,"Subject: shooting, target meaning ""射撃"".

Composition: Show a controlled sport shooting range with one adult aiming at a paper target from behind a safety line, with protective earmuffs and no injury.

Style: Use the attached invidious.png for drawing style only. Match its thick rounded dark-brown contours, simplified rounded shapes, and restrained 2D cartoon shading. Do not copy the reference subject or composition.

Framing: One compact composition, with the complete subject using about 80-90% of the square. Keep everything inside the frame.

Output: 512x512 PNG, RGBA, genuine transparent background. No text, numerals, labels, logos or watermark.",作成済み,,references/invidious.png
visiting.png,訪問,訪問,"Subject: visiting, target meaning ""訪問"".

Composition: Show one guest arriving at a friend's front door carrying a small gift while the host opens the door in welcome.

Style: Use the attached invidious.png for drawing style only. Match its thick rounded dark-brown contours, simplified rounded shapes, and restrained 2D cartoon shading. Do not copy the reference subject or composition.

Framing: One compact composition, with the complete subject using about 80-90% of the square. Keep everything inside the frame.

Output: 512x512 PNG, RGBA, genuine transparent background. No text, numerals, labels, logos or watermark.",作成済み,,references/invidious.png
whilst.png,…する一方で,…する一方で,"Subject: whilst, target meaning ""…する一方で"".

Composition: Show one person stirring a pot while simultaneously speaking on the phone, clearly performing two actions at the same time.

Style: Use the attached invidious.png for drawing style only. Match its thick rounded dark-brown contours, simplified rounded shapes, and restrained 2D cartoon shading. Do not copy the reference subject or composition.

Framing: One compact composition, with the complete subject using about 80-90% of the square. Keep everything inside the frame.

Output: 512x512 PNG, RGBA, genuine transparent background. No text, numerals, labels, logos or watermark.",作成済み,,references/invidious.png
Lucy.png,ルーシー,ルーシー,"Subject: Lucy, target meaning ""ルーシー"".

Composition: Show one adult person named Lucy in a natural waist-up portrait, wearing a plain collared shirt or simple jacket, relaxed neutral expression, shoulders fully visible, no props and no written name.

Style: Use the attached invidious.png for drawing style only. Match its thick rounded dark-brown contours, simplified rounded shapes, and restrained 2D cartoon shading. Do not copy the reference subject or composition.

Framing: One compact composition, with the complete subject using about 80-90% of the square. Keep everything inside the frame.

Output: 512x512 PNG, RGBA, genuine transparent background. No text, numerals, labels, logos or watermark.",作成済み,,references/invidious.png
landing.png,上陸,上陸,"Subject: landing, target meaning ""上陸"".

Composition: Show a small boat touching a shoreline while passengers step onto a dock, clearly emphasizing arrival onto land.

Style: Use the attached invidious.png for drawing style only. Match its thick rounded dark-brown contours, simplified rounded shapes, and restrained 2D cartoon shading. Do not copy the reference subject or composition.

Framing: One compact composition, with the complete subject using about 80-90% of the square. Keep everything inside the frame.

Output: 512x512 PNG, RGBA, genuine transparent background. No text, numerals, labels, logos or watermark.",作成済み,,references/invidious.png
magnitude.png,大きさ,大きさ,"Subject: magnitude, target meaning ""大きさ"".

Composition: Show three solid spheres arranged from small to medium to very large, all on the same baseline, making their differing magnitude or size the sole visual focus.

Style: Use the attached invidious.png for drawing style only. Match its thick rounded dark-brown contours, simplified rounded shapes, and restrained 2D cartoon shading. Do not copy the reference subject or composition.

Framing: One compact composition, with the complete subject using about 80-90% of the square. Keep everything inside the frame.

Output: 512x512 PNG, RGBA, genuine transparent background. No text, numerals, labels, logos or watermark.",作成済み,,references/invidious.png
medication.png,薬物治療,薬物治療,"Subject: medication, target meaning ""薬物治療"".

Composition: Show a patient improving after simple treatment, sitting upright with healthier color while a small bandage or medicine rests nearby.

Style: Use the attached invidious.png for drawing style only. Match its thick rounded dark-brown contours, simplified rounded shapes, and restrained 2D cartoon shading. Do not copy the reference subject or composition.

Framing: One compact composition, with the complete subject using about 80-90% of the square. Keep everything inside the frame.

Output: 512x512 PNG, RGBA, genuine transparent background. No text, numerals, labels, logos or watermark.",作成済み,,references/invidious.png
shocked.png,衝撃を受けた,衝撃を受けた,"Subject: shocked, target meaning ""衝撃を受けた"".

Composition: Show one person frozen with wide eyes, open mouth, and raised hands immediately after an unexpected harmless event.

Style: Use the attached invidious.png for drawing style only. Match its thick rounded dark-brown contours, simplified rounded shapes, and restrained 2D cartoon shading. Do not copy the reference subject or composition.

Framing: One compact composition, with the complete subject using about 80-90% of the square. Keep everything inside the frame.

Output: 512x512 PNG, RGBA, genuine transparent background. No text, numerals, labels, logos or watermark.",作成済み,,references/invidious.png
Friday.png,金曜日,金曜日,"Subject: Friday, target meaning ""金曜日"".

Composition: Show one adult person named Friday in a natural waist-up portrait, wearing a plain collared shirt or simple jacket, relaxed neutral expression, shoulders fully visible, no props and no written name.

Style: Use the attached invidious.png for drawing style only. Match its thick rounded dark-brown contours, simplified rounded shapes, and restrained 2D cartoon shading. Do not copy the reference subject or composition.

Framing: One compact composition, with the complete subject using about 80-90% of the square. Keep everything inside the frame.

Output: 512x512 PNG, RGBA, genuine transparent background. No text, numerals, labels, logos or watermark.",作成済み,,references/invidious.png
awake.png,覚醒する,覚醒する,"Subject: awake, target meaning ""覚醒する"".

Composition: Show one person sitting upright in bed just after waking while an alarm clock rings nearby.

Style: Use the attached invidious.png for drawing style only. Match its thick rounded dark-brown contours, simplified rounded shapes, and restrained 2D cartoon shading. Do not copy the reference subject or composition.

Framing: One compact composition, with the complete subject using about 80-90% of the square. Keep everything inside the frame.

Output: 512x512 PNG, RGBA, genuine transparent background. No text, numerals, labels, logos or watermark.",作成済み,,references/invidious.png
grasp.png,把握する,把握する,"Subject: grasp, target meaning ""把握する"".

Composition: Show one hand firmly grasping a small ball or handle with fingers wrapped completely around it.

Style: Use the attached invidious.png for drawing style only. Match its thick rounded dark-brown contours, simplified rounded shapes, and restrained 2D cartoon shading. Do not copy the reference subject or composition.

Framing: One compact composition, with the complete subject using about 80-90% of the square. Keep everything inside the frame.

Output: 512x512 PNG, RGBA, genuine transparent background. No text, numerals, labels, logos or watermark.",作成済み,,references/invidious.png
pile@peis1.png,基礎杭,基礎杭,"Subject: pile, target meaning ""基礎杭"".

Composition: Show a heavy stone foundation or one essential key component supporting an entire larger structure above it.

Style: Use the attached invidious.png for drawing style only. Match its thick rounded dark-brown contours, simplified rounded shapes, and restrained 2D cartoon shading. Do not copy the reference subject or composition.

Framing: One compact composition, with the complete subject using about 80-90% of the square. Keep everything inside the frame.

Output: 512x512 PNG, RGBA, genuine transparent background. No text, numerals, labels, logos or watermark.",作成済み,,references/invidious.png
riding@reidh.png,乗馬,乗馬,"Subject: riding, target meaning ""乗馬"".

Composition: Show one rider seated securely on a bicycle or horse moving forward, hands controlling the ride.

Style: Use the attached invidious.png for drawing style only. Match its thick rounded dark-brown contours, simplified rounded shapes, and restrained 2D cartoon shading. Do not copy the reference subject or composition.

Framing: One compact composition, with the complete subject using about 80-90% of the square. Keep everything inside the frame.

Output: 512x512 PNG, RGBA, genuine transparent background. No text, numerals, labels, logos or watermark.",作成済み,,references/invidious.png
shortly.png,間もなく、すぐに,間もなく,"Subject: shortly, target meaning ""間もなく"".

Composition: Show a clock hand only a small distance before a marked upcoming time, making the short wait obvious.

Style: Use the attached invidious.png for drawing style only. Match its thick rounded dark-brown contours, simplified rounded shapes, and restrained 2D cartoon shading. Do not copy the reference subject or composition.

Framing: One compact composition, with the complete subject using about 80-90% of the square. Keep everything inside the frame.

Output: 512x512 PNG, RGBA, genuine transparent background. No text, numerals, labels, logos or watermark.",作成済み,,references/invidious.png
structured.png,構造化された(手続きを段階に分けて組む計画法の),構造化された(手続きを段階に分けて組む計画法の),"Subject: structured, target meaning ""構造化された(手続きを段階に分けて組む計画法の)"".

Composition: Show one whole object divided cleanly into several distinct sections with clear boundaries.

Style: Use the attached invidious.png for drawing style only. Match its thick rounded dark-brown contours, simplified rounded shapes, and restrained 2D cartoon shading. Do not copy the reference subject or composition.

Framing: One compact composition, with the complete subject using about 80-90% of the square. Keep everything inside the frame.

Output: 512x512 PNG, RGBA, genuine transparent background. No text, numerals, labels, logos or watermark.",作成済み,,references/invidious.png
tale.png,物語,物語,"Subject: tale, target meaning ""物語"".

Composition: Show an open storybook beside a storyteller gesturing to one child, with a simple illustrated scene rising from the pages.

Style: Use the attached invidious.png for drawing style only. Match its thick rounded dark-brown contours, simplified rounded shapes, and restrained 2D cartoon shading. Do not copy the reference subject or composition.

Framing: One compact composition, with the complete subject using about 80-90% of the square. Keep everything inside the frame.

Output: 512x512 PNG, RGBA, genuine transparent background. No text, numerals, labels, logos or watermark.",作成済み,,references/invidious.png
warmth.png,暖かさ,暖かさ,"Subject: warmth, target meaning ""暖かさ"".

Composition: Show two hands relaxing near a small heater or warm cup, with gentle heat waves and a comfortable expression.

Style: Use the attached invidious.png for drawing style only. Match its thick rounded dark-brown contours, simplified rounded shapes, and restrained 2D cartoon shading. Do not copy the reference subject or composition.

Framing: One compact composition, with the complete subject using about 80-90% of the square. Keep everything inside the frame.

Output: 512x512 PNG, RGBA, genuine transparent background. No text, numerals, labels, logos or watermark.",作成済み,,references/invidious.png
Abraham.png,エイブラハム,エイブラハム,"Subject: Abraham, target meaning ""エイブラハム"".

Composition: Show the biblical Abraham as an adult man in simple ancient Near Eastern robes, with a calm natural pose and one small period-appropriate scroll or landscape cue, no written name.

Style: Use the attached invidious.png for drawing style only. Match its thick rounded dark-brown contours, simplified rounded shapes, and restrained 2D cartoon shading. Do not copy the reference subject or composition.

Framing: One compact composition, with the complete subject using about 80-90% of the square. Keep everything inside the frame.

Output: 512x512 PNG, RGBA, genuine transparent background. No text, numerals, labels, logos or watermark.",作成済み,,references/invidious.png
Rachel.png,レイチャル,レイチャル,"Subject: Rachel, target meaning ""レイチャル"".

Composition: Show one adult person named Rachel in a natural waist-up portrait, wearing a plain collared shirt or simple jacket, relaxed neutral expression, shoulders fully visible, no props and no written name.

Style: Use the attached invidious.png for drawing style only. Match its thick rounded dark-brown contours, simplified rounded shapes, and restrained 2D cartoon shading. Do not copy the reference subject or composition.

Framing: One compact composition, with the complete subject using about 80-90% of the square. Keep everything inside the frame.

Output: 512x512 PNG, RGBA, genuine transparent background. No text, numerals, labels, logos or watermark.",作成済み,,references/invidious.png
desert@de-ser3.png,砂漠,砂漠,"Subject: desert, target meaning ""砂漠"".

Composition: Show a broad sandy desert with rolling dunes, one dry shrub, and distant rocky hills under a clear sky.

Style: Use the attached invidious.png for drawing style only. Match its thick rounded dark-brown contours, simplified rounded shapes, and restrained 2D cartoon shading. Do not copy the reference subject or composition.

Framing: One compact composition, with the complete subject using about 80-90% of the square. Keep everything inside the frame.

Output: 512x512 PNG, RGBA, genuine transparent background. No text, numerals, labels, logos or watermark.",作成済み,,references/invidious.png
minimal.png,最小限の,最小限の,"Subject: minimal, target meaning ""最小限の"".

Composition: Show a nearly empty work desk containing only one notebook and one pencil, with no decorations or extra tools, making the deliberately minimal amount of items obvious.

Style: Use the attached invidious.png for drawing style only. Match its thick rounded dark-brown contours, simplified rounded shapes, and restrained 2D cartoon shading. Do not copy the reference subject or composition.

Framing: One compact composition, with the complete subject using about 80-90% of the square. Keep everything inside the frame.

Output: 512x512 PNG, RGBA, genuine transparent background. No text, numerals, labels, logos or watermark.",作成済み,,references/invidious.png
mustnt.png,〜してはならない(must not の短縮),〜してはならない(must not の短縮),"Subject: mustn't, target meaning ""〜してはならない(must not の短縮)"".

Composition: Show one person reaching toward a restricted object while another firmly blocks the action with an open palm and serious warning expression.

Style: Use the attached invidious.png for drawing style only. Match its thick rounded dark-brown contours, simplified rounded shapes, and restrained 2D cartoon shading. Do not copy the reference subject or composition.

Framing: One compact composition, with the complete subject using about 80-90% of the square. Keep everything inside the frame.

Output: 512x512 PNG, RGBA, genuine transparent background. No text, numerals, labels, logos or watermark.",作成済み,,references/invidious.png
onset.png,始まり、開始,始まり,"Subject: onset, target meaning ""始まり"".

Composition: Show the first dark rain cloud entering an otherwise clear sky while the first raindrops begin to fall, emphasizing the beginning of a storm.

Style: Use the attached invidious.png for drawing style only. Match its thick rounded dark-brown contours, simplified rounded shapes, and restrained 2D cartoon shading. Do not copy the reference subject or composition.

Framing: One compact composition, with the complete subject using about 80-90% of the square. Keep everything inside the frame.

Output: 512x512 PNG, RGBA, genuine transparent background. No text, numerals, labels, logos or watermark.",作成済み,,references/invidious.png
scent.png,香り,香り,"Subject: scent, target meaning ""香り"".

Composition: Show a fragrant flower with soft curling aroma lines moving toward a person who closes their eyes and smiles while smelling it.

Style: Use the attached invidious.png for drawing style only. Match its thick rounded dark-brown contours, simplified rounded shapes, and restrained 2D cartoon shading. Do not copy the reference subject or composition.

Framing: One compact composition, with the complete subject using about 80-90% of the square. Keep everything inside the frame.

Output: 512x512 PNG, RGBA, genuine transparent background. No text, numerals, labels, logos or watermark.",作成済み,,references/invidious.png
steam.png,蒸気、湯気,蒸気,"Subject: steam, target meaning ""蒸気"".

Composition: Show thick white steam rising from a hot kettle spout in curling translucent plumes.

Style: Use the attached invidious.png for drawing style only. Match its thick rounded dark-brown contours, simplified rounded shapes, and restrained 2D cartoon shading. Do not copy the reference subject or composition.

Framing: One compact composition, with the complete subject using about 80-90% of the square. Keep everything inside the frame.

Output: 512x512 PNG, RGBA, genuine transparent background. No text, numerals, labels, logos or watermark.",作成済み,,references/invidious.png
talent.png,才能,才能,"Subject: talent, target meaning ""才能"".

Composition: Show one skilled craftsperson performing a difficult precise task smoothly, with a flawless finished piece beside them.

Style: Use the attached invidious.png for drawing style only. Match its thick rounded dark-brown contours, simplified rounded shapes, and restrained 2D cartoon shading. Do not copy the reference subject or composition.

Framing: One compact composition, with the complete subject using about 80-90% of the square. Keep everything inside the frame.

Output: 512x512 PNG, RGBA, genuine transparent background. No text, numerals, labels, logos or watermark.",作成済み,,references/invidious.png
Jordan.png,ジョーダン、ジョードゥン,ジョーダン,"Subject: Jordan, target meaning ""ジョーダン"".

Composition: Show one adult person named Jordan in a natural waist-up portrait, wearing a plain collared shirt or simple jacket, relaxed neutral expression, shoulders fully visible, no props and no written name.

Style: Use the attached invidious.png for drawing style only. Match its thick rounded dark-brown contours, simplified rounded shapes, and restrained 2D cartoon shading. Do not copy the reference subject or composition.

Framing: One compact composition, with the complete subject using about 80-90% of the square. Keep everything inside the frame.

Output: 512x512 PNG, RGBA, genuine transparent background. No text, numerals, labels, logos or watermark.",作成済み,,references/invidious.png
Shakespeare.png,シェークスピア,シェークスピア,"Subject: Shakespeare, target meaning ""シェークスピア"".

Composition: Show William Shakespeare in Elizabethan clothing with ruff collar, short beard, and a quill beside manuscript pages.

Style: Use the attached invidious.png for drawing style only. Match its thick rounded dark-brown contours, simplified rounded shapes, and restrained 2D cartoon shading. Do not copy the reference subject or composition.

Framing: One compact composition, with the complete subject using about 80-90% of the square. Keep everything inside the frame.

Output: 512x512 PNG, RGBA, genuine transparent background. No text, numerals, labels, logos or watermark.",作成済み,,references/invidious.png
crack.png,ひび,ひび,"Subject: crack, target meaning ""ひび"".

Composition: Show a ceramic plate with one clear jagged crack running from the rim toward the center.

Style: Use the attached invidious.png for drawing style only. Match its thick rounded dark-brown contours, simplified rounded shapes, and restrained 2D cartoon shading. Do not copy the reference subject or composition.

Framing: One compact composition, with the complete subject using about 80-90% of the square. Keep everything inside the frame.

Output: 512x512 PNG, RGBA, genuine transparent background. No text, numerals, labels, logos or watermark.",作成済み,,references/invidious.png
da.png,ドパミン,ドパミン,"Subject: da, target meaning ""ドパミン"".

Composition: Show a simplified dopamine molecule model beside two brain neurons exchanging a glowing signal at a synapse, clean and educational.

Style: Use the attached invidious.png for drawing style only. Match its thick rounded dark-brown contours, simplified rounded shapes, and restrained 2D cartoon shading. Do not copy the reference subject or composition.

Framing: One compact composition, with the complete subject using about 80-90% of the square. Keep everything inside the frame.

Output: 512x512 PNG, RGBA, genuine transparent background. No text, numerals, labels, logos or watermark.",作成済み,,references/invidious.png
heating.png,加熱,加熱,"Subject: heating, target meaning ""加熱"".

Composition: Show a metal pan or cup visibly hot with rising steam and clear heat-wave distortion above it.

Style: Use the attached invidious.png for drawing style only. Match its thick rounded dark-brown contours, simplified rounded shapes, and restrained 2D cartoon shading. Do not copy the reference subject or composition.

Framing: One compact composition, with the complete subject using about 80-90% of the square. Keep everything inside the frame.

Output: 512x512 PNG, RGBA, genuine transparent background. No text, numerals, labels, logos or watermark.",作成済み,,references/invidious.png
nevertheless.png,それにもかかわらず、それでもなお,それにもかかわらず,"Subject: nevertheless, target meaning ""それにもかかわらず"".

Composition: Show one person continuing to walk forward under heavy rain while holding a broken umbrella, clearly persisting despite the obstacle.

Style: Use the attached invidious.png for drawing style only. Match its thick rounded dark-brown contours, simplified rounded shapes, and restrained 2D cartoon shading. Do not copy the reference subject or composition.

Framing: One compact composition, with the complete subject using about 80-90% of the square. Keep everything inside the frame.

Output: 512x512 PNG, RGBA, genuine transparent background. No text, numerals, labels, logos or watermark.",作成済み,,references/invidious.png
over-.png,…の上方に,…の上方に,"Subject: over-, target meaning ""…の上方に"".

Composition: Show one object hanging directly above a person's head with clear vertical separation.

Style: Use the attached invidious.png for drawing style only. Match its thick rounded dark-brown contours, simplified rounded shapes, and restrained 2D cartoon shading. Do not copy the reference subject or composition.

Framing: One compact composition, with the complete subject using about 80-90% of the square. Keep everything inside the frame.

Output: 512x512 PNG, RGBA, genuine transparent background. No text, numerals, labels, logos or watermark.",作成済み,,references/invidious.png
Allen.png,アレン、アラン,アレン,"Subject: Allen, target meaning ""アレン"".

Composition: Show one adult person named Allen in a natural waist-up portrait, wearing a plain collared shirt or simple jacket, relaxed neutral expression, shoulders fully visible, no props and no written name.

Style: Use the attached invidious.png for drawing style only. Match its thick rounded dark-brown contours, simplified rounded shapes, and restrained 2D cartoon shading. Do not copy the reference subject or composition.

Framing: One compact composition, with the complete subject using about 80-90% of the square. Keep everything inside the frame.

Output: 512x512 PNG, RGBA, genuine transparent background. No text, numerals, labels, logos or watermark.",作成済み,,references/invidious.png
Clark.png,クラーク,クラーク,"Subject: Clark, target meaning ""クラーク"".

Composition: Show one adult person named Clark in a natural waist-up portrait, wearing a plain collared shirt or simple jacket, relaxed neutral expression, shoulders fully visible, no props and no written name.

Style: Use the attached invidious.png for drawing style only. Match its thick rounded dark-brown contours, simplified rounded shapes, and restrained 2D cartoon shading. Do not copy the reference subject or composition.

Framing: One compact composition, with the complete subject using about 80-90% of the square. Keep everything inside the frame.

Output: 512x512 PNG, RGBA, genuine transparent background. No text, numerals, labels, logos or watermark.",作成済み,,references/invidious.png
Vietnam.png,ベトナム,ベトナム,"Subject: Vietnam, target meaning ""ベトナム"".

Composition: Show a simplified map silhouette of Vietnam behind a compact local landscape or city scene, with one recognizable landmark-like structure or terrain feature in front; no written place name.

Style: Use the attached invidious.png for drawing style only. Match its thick rounded dark-brown contours, simplified rounded shapes, and restrained 2D cartoon shading. Do not copy the reference subject or composition.

Framing: One compact composition, with the complete subject using about 80-90% of the square. Keep everything inside the frame.

Output: 512x512 PNG, RGBA, genuine transparent background. No text, numerals, labels, logos or watermark.",作成済み,,references/invidious.png
brilliant.png,キラキラ光る、さんさんと輝く,キラキラ光る,"Subject: brilliant, target meaning ""キラキラ光る"".

Composition: Show one polished object or lamp producing strong bright highlights and visible glow, with the brightness dominating the scene.

Style: Use the attached invidious.png for drawing style only. Match its thick rounded dark-brown contours, simplified rounded shapes, and restrained 2D cartoon shading. Do not copy the reference subject or composition.

Framing: One compact composition, with the complete subject using about 80-90% of the square. Keep everything inside the frame.

Output: 512x512 PNG, RGBA, genuine transparent background. No text, numerals, labels, logos or watermark.",作成済み,,references/invidious.png
cellular.png,細胞の,細胞の,"Subject: cellular, target meaning ""細胞の"".

Composition: Show a clean group of several cells with membranes and nuclei visible under a microscope-like view.

Style: Use the attached invidious.png for drawing style only. Match its thick rounded dark-brown contours, simplified rounded shapes, and restrained 2D cartoon shading. Do not copy the reference subject or composition.

Framing: One compact composition, with the complete subject using about 80-90% of the square. Keep everything inside the frame.

Output: 512x512 PNG, RGBA, genuine transparent background. No text, numerals, labels, logos or watermark.",作成済み,,references/invidious.png
pile@pilo.png,けば,けば,"Subject: pile, target meaning ""けば"".

Composition: Show a close-up of soft raised fibers standing from the surface of thick velvet or carpet, emphasizing the nap or pile texture.

Style: Use the attached invidious.png for drawing style only. Match its thick rounded dark-brown contours, simplified rounded shapes, and restrained 2D cartoon shading. Do not copy the reference subject or composition.

Framing: One compact composition, with the complete subject using about 80-90% of the square. Keep everything inside the frame.

Output: 512x512 PNG, RGBA, genuine transparent background. No text, numerals, labels, logos or watermark.",作成済み,,references/invidious.png
pulmonary.png,肺の,肺の,"Subject: pulmonary, target meaning ""肺の"".

Composition: Show clean anatomical pair of lungs with branching airways, fully visible in a clean non-graphic anatomical style.

Style: Use the attached invidious.png for drawing style only. Match its thick rounded dark-brown contours, simplified rounded shapes, and restrained 2D cartoon shading. Do not copy the reference subject or composition.

Framing: One compact composition, with the complete subject using about 80-90% of the square. Keep everything inside the frame.

Output: 512x512 PNG, RGBA, genuine transparent background. No text, numerals, labels, logos or watermark.",作成済み,,references/invidious.png
Dan.png,～さん,～さん,"Subject: Dan, target meaning ""～さん"".

Composition: Show one adult person named Dan in a natural waist-up portrait, wearing a plain collared shirt or simple jacket, relaxed neutral expression, shoulders fully visible, no props and no written name.

Style: Use the attached invidious.png for drawing style only. Match its thick rounded dark-brown contours, simplified rounded shapes, and restrained 2D cartoon shading. Do not copy the reference subject or composition.

Framing: One compact composition, with the complete subject using about 80-90% of the square. Keep everything inside the frame.

Output: 512x512 PNG, RGBA, genuine transparent background. No text, numerals, labels, logos or watermark.",作成済み,,references/invidious.png
curiosity.png,好奇心,好奇心,"Subject: curiosity, target meaning ""好奇心"".

Composition: Show one person leaning forward to peer inside a mysterious open box, eyes wide and brows raised.

Style: Use the attached invidious.png for drawing style only. Match its thick rounded dark-brown contours, simplified rounded shapes, and restrained 2D cartoon shading. Do not copy the reference subject or composition.

Framing: One compact composition, with the complete subject using about 80-90% of the square. Keep everything inside the frame.

Output: 512x512 PNG, RGBA, genuine transparent background. No text, numerals, labels, logos or watermark.",作成済み,,references/invidious.png
educated.png,教育を受けた,教育を受けた,"Subject: educated, target meaning ""教育を受けた"".

Composition: Show one student actively studying an open book and practicing the lesson on paper, focused and engaged.

Style: Use the attached invidious.png for drawing style only. Match its thick rounded dark-brown contours, simplified rounded shapes, and restrained 2D cartoon shading. Do not copy the reference subject or composition.

Framing: One compact composition, with the complete subject using about 80-90% of the square. Keep everything inside the frame.

Output: 512x512 PNG, RGBA, genuine transparent background. No text, numerals, labels, logos or watermark.",作成済み,,references/invidious.png
hallway.png,玄関ホール,玄関ホール,"Subject: hallway, target meaning ""玄関ホール"".

Composition: Show a long indoor entrance hallway with a front door at one end, several room doors along the sides, and a runner rug.

Style: Use the attached invidious.png for drawing style only. Match its thick rounded dark-brown contours, simplified rounded shapes, and restrained 2D cartoon shading. Do not copy the reference subject or composition.

Framing: One compact composition, with the complete subject using about 80-90% of the square. Keep everything inside the frame.

Output: 512x512 PNG, RGBA, genuine transparent background. No text, numerals, labels, logos or watermark.",作成済み,,references/invidious.png
midst.png,真ん中,真ん中,"Subject: midst, target meaning ""真ん中"".

Composition: Show one red ball placed exactly at the center of a complete ring of eight blue balls, with equal spacing around it so the middle position is immediately obvious.

Style: Use the attached invidious.png for drawing style only. Match its thick rounded dark-brown contours, simplified rounded shapes, and restrained 2D cartoon shading. Do not copy the reference subject or composition.

Framing: One compact composition, with the complete subject using about 80-90% of the square. Keep everything inside the frame.

Output: 512x512 PNG, RGBA, genuine transparent background. No text, numerals, labels, logos or watermark.",作成済み,,references/invidious.png
operator.png,オペレータ,オペレータ,"Subject: operator, target meaning ""オペレータ"".

Composition: Show one control-room operator seated at a console with switches, gauges, and one headset, actively monitoring the equipment.

Style: Use the attached invidious.png for drawing style only. Match its thick rounded dark-brown contours, simplified rounded shapes, and restrained 2D cartoon shading. Do not copy the reference subject or composition.

Framing: One compact composition, with the complete subject using about 80-90% of the square. Keep everything inside the frame.

Output: 512x512 PNG, RGBA, genuine transparent background. No text, numerals, labels, logos or watermark.",作成済み,,references/invidious.png
belt.png,ベルト、帯,ベルト,"Subject: belt, target meaning ""ベルト"".

Composition: Show one leather belt laid in a gentle curve with buckle, holes, and strap fully visible.

Style: Use the attached invidious.png for drawing style only. Match its thick rounded dark-brown contours, simplified rounded shapes, and restrained 2D cartoon shading. Do not copy the reference subject or composition.

Framing: One compact composition, with the complete subject using about 80-90% of the square. Keep everything inside the frame.

Output: 512x512 PNG, RGBA, genuine transparent background. No text, numerals, labels, logos or watermark.",作成済み,,references/invidious.png
bet.png,賭け、賭け金,賭け,"Subject: bet, target meaning ""賭け"".

Composition: Show two adults at a small table each placing coins into the center beside a pair of dice, both watching the outcome with focused anticipation; make the wagered coins and shared stake the central idea.

Style: Use the attached invidious.png for drawing style only. Match its thick rounded dark-brown contours, simplified rounded shapes, and restrained 2D cartoon shading. Do not copy the reference subject or composition.

Framing: One compact composition, with the complete subject using about 80-90% of the square. Keep everything inside the frame.

Output: 512x512 PNG, RGBA, genuine transparent background. No text, numerals, labels, logos or watermark.",作成済み,,references/invidious.png
