ファイル名,語義,対象語義,画像生成プロンプト,プロンプト準備状況,要確認理由,画風参照画像
precious.png,貴重な、気取った,貴重な,"Subject: precious, target meaning ""貴重な"".

Composition: Show a small gemstone or family heirloom being held carefully in two cupped hands, with a protective cloth underneath and a visibly careful, reverent posture.

Style: Use the attached invidious.png for drawing style only. Match its thick rounded dark-brown contours, simplified rounded shapes, and restrained 2D cartoon shading. Do not copy the reference subject or composition.

Framing: One compact composition, with the complete subject using about 80-90% of the square. Keep everything inside the frame.

Output: 512x512 PNG, RGBA, genuine transparent background. No text, numerals, labels, logos or watermark.",作成済み,,references/invidious.png
queen.png,女王,女王,"Subject: queen, target meaning ""女王"".

Composition: Show a dignified queen wearing a crown and formal royal gown, seated upright on an ornate throne with a scepter in one hand.

Style: Use the attached invidious.png for drawing style only. Match its thick rounded dark-brown contours, simplified rounded shapes, and restrained 2D cartoon shading. Do not copy the reference subject or composition.

Framing: One compact composition, with the complete subject using about 80-90% of the square. Keep everything inside the frame.

Output: 512x512 PNG, RGBA, genuine transparent background. No text, numerals, labels, logos or watermark.",作成済み,,references/invidious.png
readily.png,快く、容易に,快く,"Subject: readily, target meaning ""快く"".

Composition: Show one person immediately stepping forward with a smile and open hand to help carry a box, showing willing cooperation without hesitation.

Style: Use the attached invidious.png for drawing style only. Match its thick rounded dark-brown contours, simplified rounded shapes, and restrained 2D cartoon shading. Do not copy the reference subject or composition.

Framing: One compact composition, with the complete subject using about 80-90% of the square. Keep everything inside the frame.

Output: 512x512 PNG, RGBA, genuine transparent background. No text, numerals, labels, logos or watermark.",作成済み,,references/invidious.png
saving.png,節約,節約,"Subject: saving, target meaning ""節約"".

Composition: Show coins being placed one by one into a savings jar while a second small pile of coins remains for daily spending.

Style: Use the attached invidious.png for drawing style only. Match its thick rounded dark-brown contours, simplified rounded shapes, and restrained 2D cartoon shading. Do not copy the reference subject or composition.

Framing: One compact composition, with the complete subject using about 80-90% of the square. Keep everything inside the frame.

Output: 512x512 PNG, RGBA, genuine transparent background. No text, numerals, labels, logos or watermark.",作成済み,,references/invidious.png
email.png,電子メール,電子メール,"Subject: email, target meaning ""電子メール"".

Composition: Show an open laptop with a clean mail interface: one envelope icon, sender avatar, and short message lines, with a send arrow leaving the screen.

Style: Use the attached invidious.png for drawing style only. Match its thick rounded dark-brown contours, simplified rounded shapes, and restrained 2D cartoon shading. Do not copy the reference subject or composition.

Framing: One compact composition, with the complete subject using about 80-90% of the square. Keep everything inside the frame.

Output: 512x512 PNG, RGBA, genuine transparent background. No text, numerals, labels, logos or watermark.",作成済み,,references/invidious.png
equilibrium.png,均衡、心の平静,均衡,"Subject: equilibrium, target meaning ""均衡"".

Composition: Show a balance scale perfectly level with equal weights on both pans and no movement, clearly indicating stable balance.

Style: Use the attached invidious.png for drawing style only. Match its thick rounded dark-brown contours, simplified rounded shapes, and restrained 2D cartoon shading. Do not copy the reference subject or composition.

Framing: One compact composition, with the complete subject using about 80-90% of the square. Keep everything inside the frame.

Output: 512x512 PNG, RGBA, genuine transparent background. No text, numerals, labels, logos or watermark.",作成済み,,references/invidious.png
favour.png,親切,親切,"Subject: favour, target meaning ""親切"".

Composition: Show one person voluntarily helping another carry groceries up a step, with the receiver smiling gratefully.

Style: Use the attached invidious.png for drawing style only. Match its thick rounded dark-brown contours, simplified rounded shapes, and restrained 2D cartoon shading. Do not copy the reference subject or composition.

Framing: One compact composition, with the complete subject using about 80-90% of the square. Keep everything inside the frame.

Output: 512x512 PNG, RGBA, genuine transparent background. No text, numerals, labels, logos or watermark.",作成済み,,references/invidious.png
fix.png,固定する、修理する,固定する,"Subject: fix, target meaning ""固定する"".

Composition: Show a loose wooden chair leg being secured back into place with a screwdriver and bracket, with the repaired joint clearly visible.

Style: Use the attached invidious.png for drawing style only. Match its thick rounded dark-brown contours, simplified rounded shapes, and restrained 2D cartoon shading. Do not copy the reference subject or composition.

Framing: One compact composition, with the complete subject using about 80-90% of the square. Keep everything inside the frame.

Output: 512x512 PNG, RGBA, genuine transparent background. No text, numerals, labels, logos or watermark.",作成済み,,references/invidious.png
rush@re.png,急ぐ,急ぐ,"Subject: rush, target meaning ""急ぐ"".

Composition: Show a person running quickly while checking a wristwatch, one shoe lifted and belongings trailing slightly from the haste.

Style: Use the attached invidious.png for drawing style only. Match its thick rounded dark-brown contours, simplified rounded shapes, and restrained 2D cartoon shading. Do not copy the reference subject or composition.

Framing: One compact composition, with the complete subject using about 80-90% of the square. Keep everything inside the frame.

Output: 512x512 PNG, RGBA, genuine transparent background. No text, numerals, labels, logos or watermark.",作成済み,,references/invidious.png
semi-.png,「半…,「半…,"Subject: semi-, target meaning ""「半…"".

Composition: Show one circle divided into two equal halves, with exactly one half filled and the other half empty, making the meaning of half unmistakable.

Style: Use the attached invidious.png for drawing style only. Match its thick rounded dark-brown contours, simplified rounded shapes, and restrained 2D cartoon shading. Do not copy the reference subject or composition.

Framing: One compact composition, with the complete subject using about 80-90% of the square. Keep everything inside the frame.

Output: 512x512 PNG, RGBA, genuine transparent background. No text, numerals, labels, logos or watermark.",作成済み,,references/invidious.png
abstract.png,抽象的な、要約,抽象的な,"Subject: abstract, target meaning ""抽象的な"".

Composition: Show a real tree gradually simplified into a few geometric shapes and lines, emphasizing the move from concrete object to abstract form.

Style: Use the attached invidious.png for drawing style only. Match its thick rounded dark-brown contours, simplified rounded shapes, and restrained 2D cartoon shading. Do not copy the reference subject or composition.

Framing: One compact composition, with the complete subject using about 80-90% of the square. Keep everything inside the frame.

Output: 512x512 PNG, RGBA, genuine transparent background. No text, numerals, labels, logos or watermark.",作成済み,,references/invidious.png
restricted.png,制限された,制限された,"Subject: restricted, target meaning ""制限された"".

Composition: Show a doorway narrowed by sturdy barriers so only a small opening remains, with access visibly limited.

Style: Use the attached invidious.png for drawing style only. Match its thick rounded dark-brown contours, simplified rounded shapes, and restrained 2D cartoon shading. Do not copy the reference subject or composition.

Framing: One compact composition, with the complete subject using about 80-90% of the square. Keep everything inside the frame.

Output: 512x512 PNG, RGBA, genuine transparent background. No text, numerals, labels, logos or watermark.",作成済み,,references/invidious.png
widespread.png,広く行き渡った,広く行き渡った,"Subject: widespread, target meaning ""広く行き渡った"".

Composition: Show the same small red flower growing across many widely separated patches of a broad landscape, from the near foreground to the far distance.

Style: Use the attached invidious.png for drawing style only. Match its thick rounded dark-brown contours, simplified rounded shapes, and restrained 2D cartoon shading. Do not copy the reference subject or composition.

Framing: One compact composition, with the complete subject using about 80-90% of the square. Keep everything inside the frame.

Output: 512x512 PNG, RGBA, genuine transparent background. No text, numerals, labels, logos or watermark.",作成済み,,references/invidious.png
yard@gher1.png,庭,庭,"Subject: yard, target meaning ""庭"".

Composition: Show a small private yard beside a house with lawn, fence, path, and one tree, all clearly contained within the property.

Style: Use the attached invidious.png for drawing style only. Match its thick rounded dark-brown contours, simplified rounded shapes, and restrained 2D cartoon shading. Do not copy the reference subject or composition.

Framing: One compact composition, with the complete subject using about 80-90% of the square. Keep everything inside the frame.

Output: 512x512 PNG, RGBA, genuine transparent background. No text, numerals, labels, logos or watermark.",作成済み,,references/invidious.png
AC.png,ad‐ の異形,ad‐ の異形,"Subject: AC, target meaning ""ad‐ の異形"".

Composition: Show a prefix-like visual of one small block moving toward and attaching to another larger block, conveying the ad- variant without written letters.

Style: Use the attached invidious.png for drawing style only. Match its thick rounded dark-brown contours, simplified rounded shapes, and restrained 2D cartoon shading. Do not copy the reference subject or composition.

Framing: One compact composition, with the complete subject using about 80-90% of the square. Keep everything inside the frame.

Output: 512x512 PNG, RGBA, genuine transparent background. No text, numerals, labels, logos or watermark.",作成済み,,references/invidious.png
Kate.png,カテ、ケート,カテ,"Subject: Kate, target meaning ""カテ"".

Composition: Show a young adult woman named Kate with shoulder-length brown hair, a simple blue blouse, and a warm natural smile in a clean portrait.

Style: Use the attached invidious.png for drawing style only. Match its thick rounded dark-brown contours, simplified rounded shapes, and restrained 2D cartoon shading. Do not copy the reference subject or composition.

Framing: One compact composition, with the complete subject using about 80-90% of the square. Keep everything inside the frame.

Output: 512x512 PNG, RGBA, genuine transparent background. No text, numerals, labels, logos or watermark.",作成済み,,references/invidious.png
adaptation.png,適応、脚色,適応,"Subject: adaptation, target meaning ""適応"".

Composition: Show a desert plant with thick water-storing leaves and deep roots thriving in dry conditions while a less adapted plant wilts nearby.

Style: Use the attached invidious.png for drawing style only. Match its thick rounded dark-brown contours, simplified rounded shapes, and restrained 2D cartoon shading. Do not copy the reference subject or composition.

Framing: One compact composition, with the complete subject using about 80-90% of the square. Keep everything inside the frame.

Output: 512x512 PNG, RGBA, genuine transparent background. No text, numerals, labels, logos or watermark.",作成済み,,references/invidious.png
deck.png,甲板、ひと組,甲板,"Subject: deck, target meaning ""甲板"".

Composition: Show the open upper deck of a ship with railing, mast base, and ocean visible beyond, viewed from slightly above.

Style: Use the attached invidious.png for drawing style only. Match its thick rounded dark-brown contours, simplified rounded shapes, and restrained 2D cartoon shading. Do not copy the reference subject or composition.

Framing: One compact composition, with the complete subject using about 80-90% of the square. Keep everything inside the frame.

Output: 512x512 PNG, RGBA, genuine transparent background. No text, numerals, labels, logos or watermark.",作成済み,,references/invidious.png
grab.png,つかむ,つかむ,"Subject: grab, target meaning ""つかむ"".

Composition: Show one hand suddenly clutching a falling ball firmly before it reaches the ground.

Style: Use the attached invidious.png for drawing style only. Match its thick rounded dark-brown contours, simplified rounded shapes, and restrained 2D cartoon shading. Do not copy the reference subject or composition.

Framing: One compact composition, with the complete subject using about 80-90% of the square. Keep everything inside the frame.

Output: 512x512 PNG, RGBA, genuine transparent background. No text, numerals, labels, logos or watermark.",作成済み,,references/invidious.png
heritage.png,遺産,遺産,"Subject: heritage, target meaning ""遺産"".

Composition: Show an older family member handing a treasured heirloom object to a younger family member, with both treating it carefully.

Style: Use the attached invidious.png for drawing style only. Match its thick rounded dark-brown contours, simplified rounded shapes, and restrained 2D cartoon shading. Do not copy the reference subject or composition.

Framing: One compact composition, with the complete subject using about 80-90% of the square. Keep everything inside the frame.

Output: 512x512 PNG, RGBA, genuine transparent background. No text, numerals, labels, logos or watermark.",作成済み,,references/invidious.png
oclock.png,～時、時計では,～時,"Subject: o'clock, target meaning ""～時"".

Composition: Show a clock face with the minute hand exactly at 12 and the hour hand exactly on one hour number, clearly indicating an exact o'clock time.

Style: Use the attached invidious.png for drawing style only. Match its thick rounded dark-brown contours, simplified rounded shapes, and restrained 2D cartoon shading. Do not copy the reference subject or composition.

Framing: One compact composition, with the complete subject using about 80-90% of the square. Keep everything inside the frame.

Output: 512x512 PNG, RGBA, genuine transparent background. No text, numerals, labels, logos or watermark.",作成済み,,references/invidious.png
ch.png,接触過敏症,接触過敏症,"Subject: ch, target meaning ""接触過敏症"".

Composition: Show a small patch of skin becoming red and irritated exactly where a test patch touched it, with surrounding skin remaining normal.

Style: Use the attached invidious.png for drawing style only. Match its thick rounded dark-brown contours, simplified rounded shapes, and restrained 2D cartoon shading. Do not copy the reference subject or composition.

Framing: One compact composition, with the complete subject using about 80-90% of the square. Keep everything inside the frame.

Output: 512x512 PNG, RGBA, genuine transparent background. No text, numerals, labels, logos or watermark.",作成済み,,references/invidious.png
eastern.png,東の,東の,"Subject: eastern, target meaning ""東の"".

Composition: Show a simple compass with the east side emphasized and a rising sun appearing on that side.

Style: Use the attached invidious.png for drawing style only. Match its thick rounded dark-brown contours, simplified rounded shapes, and restrained 2D cartoon shading. Do not copy the reference subject or composition.

Framing: One compact composition, with the complete subject using about 80-90% of the square. Keep everything inside the frame.

Output: 512x512 PNG, RGBA, genuine transparent background. No text, numerals, labels, logos or watermark.",作成済み,,references/invidious.png
flexible.png,曲がりやすい、曲げやすい,曲がりやすい,"Subject: flexible, target meaning ""曲がりやすい"".

Composition: Show a thin ruler-like strip bending smoothly into a deep curve without cracking or breaking.

Style: Use the attached invidious.png for drawing style only. Match its thick rounded dark-brown contours, simplified rounded shapes, and restrained 2D cartoon shading. Do not copy the reference subject or composition.

Framing: One compact composition, with the complete subject using about 80-90% of the square. Keep everything inside the frame.

Output: 512x512 PNG, RGBA, genuine transparent background. No text, numerals, labels, logos or watermark.",作成済み,,references/invidious.png
fund.png,資金,資金,"Subject: fund, target meaning ""資金"".

Composition: Show a transparent money box containing coins and notes reserved for one planned project, with the project tools placed beside it.

Style: Use the attached invidious.png for drawing style only. Match its thick rounded dark-brown contours, simplified rounded shapes, and restrained 2D cartoon shading. Do not copy the reference subject or composition.

Framing: One compact composition, with the complete subject using about 80-90% of the square. Keep everything inside the frame.

Output: 512x512 PNG, RGBA, genuine transparent background. No text, numerals, labels, logos or watermark.",作成済み,,references/invidious.png
funny.png,おかしい、おかしな,おかしい,"Subject: funny, target meaning ""おかしい"".

Composition: Show a cat wearing an oversized floppy hat while one nearby adult laughs openly with narrowed smiling eyes and raised shoulders.

Style: Use the attached invidious.png for drawing style only. Match its thick rounded dark-brown contours, simplified rounded shapes, and restrained 2D cartoon shading. Do not copy the reference subject or composition.

Framing: One compact composition, with the complete subject using about 80-90% of the square. Keep everything inside the frame.

Output: 512x512 PNG, RGBA, genuine transparent background. No text, numerals, labels, logos or watermark.",作成済み,,references/invidious.png
ritual.png,儀式,儀式,"Subject: ritual, target meaning ""儀式"".

Composition: Show three people solemnly lighting three candles in the same fixed order around a small ceremonial table, all repeating the formal sequence together.

Style: Use the attached invidious.png for drawing style only. Match its thick rounded dark-brown contours, simplified rounded shapes, and restrained 2D cartoon shading. Do not copy the reference subject or composition.

Framing: One compact composition, with the complete subject using about 80-90% of the square. Keep everything inside the frame.

Output: 512x512 PNG, RGBA, genuine transparent background. No text, numerals, labels, logos or watermark.",作成済み,,references/invidious.png
striking.png,目立つ、ストライキ中の,目立つ,"Subject: striking, target meaning ""目立つ"".

Composition: Show one brightly patterned bird standing among several plain birds so it immediately catches the eye.

Style: Use the attached invidious.png for drawing style only. Match its thick rounded dark-brown contours, simplified rounded shapes, and restrained 2D cartoon shading. Do not copy the reference subject or composition.

Framing: One compact composition, with the complete subject using about 80-90% of the square. Keep everything inside the frame.

Output: 512x512 PNG, RGBA, genuine transparent background. No text, numerals, labels, logos or watermark.",作成済み,,references/invidious.png
woke@x.png,社会の不正に敏感な、意識の高い,社会の不正に敏感な,"Subject: woke, target meaning ""社会の不正に敏感な"".

Composition: Show a person noticing unfair treatment in a public setting and visibly reacting with alert concern rather than ignoring it.

Style: Use the attached invidious.png for drawing style only. Match its thick rounded dark-brown contours, simplified rounded shapes, and restrained 2D cartoon shading. Do not copy the reference subject or composition.

Framing: One compact composition, with the complete subject using about 80-90% of the square. Keep everything inside the frame.

Output: 512x512 PNG, RGBA, genuine transparent background. No text, numerals, labels, logos or watermark.",作成済み,,references/invidious.png
Los.png,ロス,ロス,"Subject: Los, target meaning ""ロス"".

Composition: Show an American football line of scrimmage with two teams crouched opposite each other across one clear yard line, emphasizing the line itself.

Style: Use the attached invidious.png for drawing style only. Match its thick rounded dark-brown contours, simplified rounded shapes, and restrained 2D cartoon shading. Do not copy the reference subject or composition.

Framing: One compact composition, with the complete subject using about 80-90% of the square. Keep everything inside the frame.

Output: 512x512 PNG, RGBA, genuine transparent background. No text, numerals, labels, logos or watermark.",作成済み,,references/invidious.png
Matt.png,マット,マット,"Subject: Matt, target meaning ""マット"".

Composition: Show a young adult man named Matt with short dark hair, casual shirt, and friendly relaxed expression in a simple portrait.

Style: Use the attached invidious.png for drawing style only. Match its thick rounded dark-brown contours, simplified rounded shapes, and restrained 2D cartoon shading. Do not copy the reference subject or composition.

Framing: One compact composition, with the complete subject using about 80-90% of the square. Keep everything inside the frame.

Output: 512x512 PNG, RGBA, genuine transparent background. No text, numerals, labels, logos or watermark.",作成済み,,references/invidious.png
Walter.png,ウォルター,ウォルター,"Subject: Walter, target meaning ""ウォルター"".

Composition: Show an older adult man named Walter with neatly combed gray hair, a dark cardigan, and calm dignified expression.

Style: Use the attached invidious.png for drawing style only. Match its thick rounded dark-brown contours, simplified rounded shapes, and restrained 2D cartoon shading. Do not copy the reference subject or composition.

Framing: One compact composition, with the complete subject using about 80-90% of the square. Keep everything inside the frame.

Output: 512x512 PNG, RGBA, genuine transparent background. No text, numerals, labels, logos or watermark.",作成済み,,references/invidious.png
count@kom-ei.png,伯爵,伯爵,"Subject: count, target meaning ""伯爵"".

Composition: Show a medieval European count in noble clothing with cloak, signet ring, and a small castle estate behind him.

Style: Use the attached invidious.png for drawing style only. Match its thick rounded dark-brown contours, simplified rounded shapes, and restrained 2D cartoon shading. Do not copy the reference subject or composition.

Framing: One compact composition, with the complete subject using about 80-90% of the square. Keep everything inside the frame.

Output: 512x512 PNG, RGBA, genuine transparent background. No text, numerals, labels, logos or watermark.",作成済み,,references/invidious.png
format.png,書式,書式,"Subject: format, target meaning ""書式"".

Composition: Show a page layout with aligned margins, heading block, image box, and consistent paragraph columns, emphasizing document structure rather than content.

Style: Use the attached invidious.png for drawing style only. Match its thick rounded dark-brown contours, simplified rounded shapes, and restrained 2D cartoon shading. Do not copy the reference subject or composition.

Framing: One compact composition, with the complete subject using about 80-90% of the square. Keep everything inside the frame.

Output: 512x512 PNG, RGBA, genuine transparent background. No text, numerals, labels, logos or watermark.",作成済み,,references/invidious.png
leather.png,革,革,"Subject: leather, target meaning ""革"".

Composition: Show one clean piece of brown leather with visible grain beside a finished leather belt, clearly showing the material.

Style: Use the attached invidious.png for drawing style only. Match its thick rounded dark-brown contours, simplified rounded shapes, and restrained 2D cartoon shading. Do not copy the reference subject or composition.

Framing: One compact composition, with the complete subject using about 80-90% of the square. Keep everything inside the frame.

Output: 512x512 PNG, RGBA, genuine transparent background. No text, numerals, labels, logos or watermark.",作成済み,,references/invidious.png
mathematical.png,数学の、正確な,数学の,"Subject: mathematical, target meaning ""数学の"".

Composition: Show a clean geometric construction with compass, ruler, triangle, and precise numeric-looking marks arranged around exact shapes.

Style: Use the attached invidious.png for drawing style only. Match its thick rounded dark-brown contours, simplified rounded shapes, and restrained 2D cartoon shading. Do not copy the reference subject or composition.

Framing: One compact composition, with the complete subject using about 80-90% of the square. Keep everything inside the frame.

Output: 512x512 PNG, RGBA, genuine transparent background. No text, numerals, labels, logos or watermark.",作成済み,,references/invidious.png
mercy.png,慈悲、幸運,慈悲,"Subject: mercy, target meaning ""慈悲"".

Composition: Show one person who could punish another instead lowering their raised hand and offering help, while the relieved person remains unharmed.

Style: Use the attached invidious.png for drawing style only. Match its thick rounded dark-brown contours, simplified rounded shapes, and restrained 2D cartoon shading. Do not copy the reference subject or composition.

Framing: One compact composition, with the complete subject using about 80-90% of the square. Keep everything inside the frame.

Output: 512x512 PNG, RGBA, genuine transparent background. No text, numerals, labels, logos or watermark.",作成済み,,references/invidious.png
operational.png,運用の,運用の,"Subject: operational, target meaning ""運用の"".

Composition: Show a machine control panel in active use with gears turning and indicator lights on, clearly functioning in normal operation.

Style: Use the attached invidious.png for drawing style only. Match its thick rounded dark-brown contours, simplified rounded shapes, and restrained 2D cartoon shading. Do not copy the reference subject or composition.

Framing: One compact composition, with the complete subject using about 80-90% of the square. Keep everything inside the frame.

Output: 512x512 PNG, RGBA, genuine transparent background. No text, numerals, labels, logos or watermark.",作成済み,,references/invidious.png
rolling.png,回転、起伏,回転,"Subject: rolling, target meaning ""回転"".

Composition: Show a wooden barrel rolling across the ground on its curved side, with curved motion marks tracing its rotation and forward movement.

Style: Use the attached invidious.png for drawing style only. Match its thick rounded dark-brown contours, simplified rounded shapes, and restrained 2D cartoon shading. Do not copy the reference subject or composition.

Framing: One compact composition, with the complete subject using about 80-90% of the square. Keep everything inside the frame.

Output: 512x512 PNG, RGBA, genuine transparent background. No text, numerals, labels, logos or watermark.",作成済み,,references/invidious.png
varied.png,さまざまな,さまざまな,"Subject: varied, target meaning ""さまざまな"".

Composition: Show a single basket containing many visibly different fruits in color, shape, and size rather than repeated identical items.

Style: Use the attached invidious.png for drawing style only. Match its thick rounded dark-brown contours, simplified rounded shapes, and restrained 2D cartoon shading. Do not copy the reference subject or composition.

Framing: One compact composition, with the complete subject using about 80-90% of the square. Keep everything inside the frame.

Output: 512x512 PNG, RGBA, genuine transparent background. No text, numerals, labels, logos or watermark.",作成済み,,references/invidious.png
Bob.png,ボブ,ボブ,"Subject: Bob, target meaning ""ボブ"".

Composition: Show one adult man named Bob with short hair and casual jacket in a simple friendly portrait, with no extra story elements.

Style: Use the attached invidious.png for drawing style only. Match its thick rounded dark-brown contours, simplified rounded shapes, and restrained 2D cartoon shading. Do not copy the reference subject or composition.

Framing: One compact composition, with the complete subject using about 80-90% of the square. Keep everything inside the frame.

Output: 512x512 PNG, RGBA, genuine transparent background. No text, numerals, labels, logos or watermark.",作成済み,,references/invidious.png
Kong.png,コング,コング,"Subject: Kong, target meaning ""コング"".

Composition: Show a large muscular gorilla standing upright with broad shoulders and dark fur, framed as a bold iconic 'Kong' figure without text.

Style: Use the attached invidious.png for drawing style only. Match its thick rounded dark-brown contours, simplified rounded shapes, and restrained 2D cartoon shading. Do not copy the reference subject or composition.

Framing: One compact composition, with the complete subject using about 80-90% of the square. Keep everything inside the frame.

Output: 512x512 PNG, RGBA, genuine transparent background. No text, numerals, labels, logos or watermark.",作成済み,,references/invidious.png
Princeton.png,プリンストン,プリンストン,"Subject: Princeton, target meaning ""プリンストン"".

Composition: Show a compact Princeton scene with Gothic university buildings, stone arches, and a leafy collegiate courtyard.

Style: Use the attached invidious.png for drawing style only. Match its thick rounded dark-brown contours, simplified rounded shapes, and restrained 2D cartoon shading. Do not copy the reference subject or composition.

Framing: One compact composition, with the complete subject using about 80-90% of the square. Keep everything inside the frame.

Output: 512x512 PNG, RGBA, genuine transparent background. No text, numerals, labels, logos or watermark.",作成済み,,references/invidious.png
assured.png,自信をもった,自信をもった,"Subject: assured, target meaning ""自信をもった"".

Composition: Show one person standing upright with relaxed shoulders, steady eye contact, and a confident calm smile before a task.

Style: Use the attached invidious.png for drawing style only. Match its thick rounded dark-brown contours, simplified rounded shapes, and restrained 2D cartoon shading. Do not copy the reference subject or composition.

Framing: One compact composition, with the complete subject using about 80-90% of the square. Keep everything inside the frame.

Output: 512x512 PNG, RGBA, genuine transparent background. No text, numerals, labels, logos or watermark.",作成済み,,references/invidious.png
cardiac.png,心臓の、強心薬,心臓の,"Subject: cardiac, target meaning ""心臓の"".

Composition: Show a clean anatomical heart as the central organ with one emphasized heartbeat pulse line beside it.

Style: Use the attached invidious.png for drawing style only. Match its thick rounded dark-brown contours, simplified rounded shapes, and restrained 2D cartoon shading. Do not copy the reference subject or composition.

Framing: One compact composition, with the complete subject using about 80-90% of the square. Keep everything inside the frame.

Output: 512x512 PNG, RGBA, genuine transparent background. No text, numerals, labels, logos or watermark.",作成済み,,references/invidious.png
ceiling.png,天井,天井,"Subject: ceiling, target meaning ""天井"".

Composition: Show the upper interior surface of a room from a low viewpoint, with light fixture attached overhead and walls meeting the ceiling edges.

Style: Use the attached invidious.png for drawing style only. Match its thick rounded dark-brown contours, simplified rounded shapes, and restrained 2D cartoon shading. Do not copy the reference subject or composition.

Framing: One compact composition, with the complete subject using about 80-90% of the square. Keep everything inside the frame.

Output: 512x512 PNG, RGBA, genuine transparent background. No text, numerals, labels, logos or watermark.",作成済み,,references/invidious.png
grid.png,格子、送電網,格子,"Subject: grid, target meaning ""格子"".

Composition: Show evenly spaced horizontal and vertical lines crossing to form a clear square grid.

Style: Use the attached invidious.png for drawing style only. Match its thick rounded dark-brown contours, simplified rounded shapes, and restrained 2D cartoon shading. Do not copy the reference subject or composition.

Framing: One compact composition, with the complete subject using about 80-90% of the square. Keep everything inside the frame.

Output: 512x512 PNG, RGBA, genuine transparent background. No text, numerals, labels, logos or watermark.",作成済み,,references/invidious.png
lock.png,錠,錠,"Subject: lock, target meaning ""錠"".

Composition: Show one sturdy padlock with shackle and keyhole as the single dominant object.

Style: Use the attached invidious.png for drawing style only. Match its thick rounded dark-brown contours, simplified rounded shapes, and restrained 2D cartoon shading. Do not copy the reference subject or composition.

Framing: One compact composition, with the complete subject using about 80-90% of the square. Keep everything inside the frame.

Output: 512x512 PNG, RGBA, genuine transparent background. No text, numerals, labels, logos or watermark.",作成済み,,references/invidious.png
receptor.png,受容器官、レセプター,受容器官,"Subject: receptor, target meaning ""受容器官"".

Composition: Show a simplified cell membrane with a receptor-shaped pocket receiving one matching signal molecule, emphasizing fit and reception.

Style: Use the attached invidious.png for drawing style only. Match its thick rounded dark-brown contours, simplified rounded shapes, and restrained 2D cartoon shading. Do not copy the reference subject or composition.

Framing: One compact composition, with the complete subject using about 80-90% of the square. Keep everything inside the frame.

Output: 512x512 PNG, RGBA, genuine transparent background. No text, numerals, labels, logos or watermark.",作成済み,,references/invidious.png
Atlantic.png,大西洋の,大西洋の,"Subject: Atlantic, target meaning ""大西洋の"".

Composition: Show a broad open ocean with deep blue waves stretching to the horizon, flanked by tiny distant land silhouettes on opposite sides.

Style: Use the attached invidious.png for drawing style only. Match its thick rounded dark-brown contours, simplified rounded shapes, and restrained 2D cartoon shading. Do not copy the reference subject or composition.

Framing: One compact composition, with the complete subject using about 80-90% of the square. Keep everything inside the frame.

Output: 512x512 PNG, RGBA, genuine transparent background. No text, numerals, labels, logos or watermark.",作成済み,,references/invidious.png
Ryan.png,ライアン,ライアン,"Subject: Ryan, target meaning ""ライアン"".

Composition: Show a professional baseball pitcher named Ryan in a white uniform on the mound, winding up to throw with focused expression.

Style: Use the attached invidious.png for drawing style only. Match its thick rounded dark-brown contours, simplified rounded shapes, and restrained 2D cartoon shading. Do not copy the reference subject or composition.

Framing: One compact composition, with the complete subject using about 80-90% of the square. Keep everything inside the frame.

Output: 512x512 PNG, RGBA, genuine transparent background. No text, numerals, labels, logos or watermark.",作成済み,,references/invidious.png
affecting.png,人を感動させる,人を感動させる,"Subject: affecting, target meaning ""人を感動させる"".

Composition: Show a musician finishing an emotional performance while one listener wipes away a tear, clearly moved by what they heard.

Style: Use the attached invidious.png for drawing style only. Match its thick rounded dark-brown contours, simplified rounded shapes, and restrained 2D cartoon shading. Do not copy the reference subject or composition.

Framing: One compact composition, with the complete subject using about 80-90% of the square. Keep everything inside the frame.

Output: 512x512 PNG, RGBA, genuine transparent background. No text, numerals, labels, logos or watermark.",作成済み,,references/invidious.png
autonomy.png,自治,自治,"Subject: autonomy, target meaning ""自治"".

Composition: Show a small town council independently managing its own local services inside a town hall, without an outside authority figure directing them.

Style: Use the attached invidious.png for drawing style only. Match its thick rounded dark-brown contours, simplified rounded shapes, and restrained 2D cartoon shading. Do not copy the reference subject or composition.

Framing: One compact composition, with the complete subject using about 80-90% of the square. Keep everything inside the frame.

Output: 512x512 PNG, RGBA, genuine transparent background. No text, numerals, labels, logos or watermark.",作成済み,,references/invidious.png
liberty.png,自由,自由,"Subject: liberty, target meaning ""自由"".

Composition: Show a bird flying freely out of an open cage into open sky, with the cage door left wide open.

Style: Use the attached invidious.png for drawing style only. Match its thick rounded dark-brown contours, simplified rounded shapes, and restrained 2D cartoon shading. Do not copy the reference subject or composition.

Framing: One compact composition, with the complete subject using about 80-90% of the square. Keep everything inside the frame.

Output: 512x512 PNG, RGBA, genuine transparent background. No text, numerals, labels, logos or watermark.",作成済み,,references/invidious.png
log.png,丸太,丸太,"Subject: log, target meaning ""丸太"".

Composition: Show one freshly cut tree log lying horizontally with bark, growth rings, and sawn ends visible.

Style: Use the attached invidious.png for drawing style only. Match its thick rounded dark-brown contours, simplified rounded shapes, and restrained 2D cartoon shading. Do not copy the reference subject or composition.

Framing: One compact composition, with the complete subject using about 80-90% of the square. Keep everything inside the frame.

Output: 512x512 PNG, RGBA, genuine transparent background. No text, numerals, labels, logos or watermark.",作成済み,,references/invidious.png
lowest.png,最低の、最安の,最低の,"Subject: lowest, target meaning ""最低の"".

Composition: Show several vertical columns of different heights with one clearly the shortest and lowest among them.

Style: Use the attached invidious.png for drawing style only. Match its thick rounded dark-brown contours, simplified rounded shapes, and restrained 2D cartoon shading. Do not copy the reference subject or composition.

Framing: One compact composition, with the complete subject using about 80-90% of the square. Keep everything inside the frame.

Output: 512x512 PNG, RGBA, genuine transparent background. No text, numerals, labels, logos or watermark.",作成済み,,references/invidious.png
panic.png,パニック,パニック,"Subject: panic, target meaning ""パニック"".

Composition: Show one person wide-eyed and breathing fast amid suddenly scattered belongings, hands raised and movements disorganized from panic.

Style: Use the attached invidious.png for drawing style only. Match its thick rounded dark-brown contours, simplified rounded shapes, and restrained 2D cartoon shading. Do not copy the reference subject or composition.

Framing: One compact composition, with the complete subject using about 80-90% of the square. Keep everything inside the frame.

Output: 512x512 PNG, RGBA, genuine transparent background. No text, numerals, labels, logos or watermark.",作成済み,,references/invidious.png
slip@slei.png,滑る,滑る,"Subject: slip, target meaning ""滑る"".

Composition: Show one shoe sliding unexpectedly on a small patch of ice while the person throws arms out to regain balance.

Style: Use the attached invidious.png for drawing style only. Match its thick rounded dark-brown contours, simplified rounded shapes, and restrained 2D cartoon shading. Do not copy the reference subject or composition.

Framing: One compact composition, with the complete subject using about 80-90% of the square. Keep everything inside the frame.

Output: 512x512 PNG, RGBA, genuine transparent background. No text, numerals, labels, logos or watermark.",作成済み,,references/invidious.png
woke@weg2.png,目覚めた(wake の過去),目覚めた(wake の過去),"Subject: woke, target meaning ""目覚めた(wake の過去)"".

Composition: Show a person just sitting up in bed after sleep, eyes newly open while an alarm clock rings nearby.

Style: Use the attached invidious.png for drawing style only. Match its thick rounded dark-brown contours, simplified rounded shapes, and restrained 2D cartoon shading. Do not copy the reference subject or composition.

Framing: One compact composition, with the complete subject using about 80-90% of the square. Keep everything inside the frame.

Output: 512x512 PNG, RGBA, genuine transparent background. No text, numerals, labels, logos or watermark.",作成済み,,references/invidious.png
Hebrew.png,ヘブライ人,ヘブライ人,"Subject: Hebrew, target meaning ""ヘブライ人"".

Composition: Show an ancient Hebrew man in simple Near Eastern robes holding a scroll, with a modest desert-stone settlement cue behind him.

Style: Use the attached invidious.png for drawing style only. Match its thick rounded dark-brown contours, simplified rounded shapes, and restrained 2D cartoon shading. Do not copy the reference subject or composition.

Framing: One compact composition, with the complete subject using about 80-90% of the square. Keep everything inside the frame.

Output: 512x512 PNG, RGBA, genuine transparent background. No text, numerals, labels, logos or watermark.",作成済み,,references/invidious.png
accused.png,罪に問われた,罪に問われた,"Subject: accused, target meaning ""罪に問われた"".

Composition: Show one defendant standing at a courtroom defense table while a prosecutor points toward them and a judge watches from the bench, clearly conveying that the person is accused.

Style: Use the attached invidious.png for drawing style only. Match its thick rounded dark-brown contours, simplified rounded shapes, and restrained 2D cartoon shading. Do not copy the reference subject or composition.

Framing: One compact composition, with the complete subject using about 80-90% of the square. Keep everything inside the frame.

Output: 512x512 PNG, RGBA, genuine transparent background. No text, numerals, labels, logos or watermark.",作成済み,,references/invidious.png
egg@awi.png,卵,卵,"Subject: egg, target meaning ""卵"".

Composition: Show one clean chicken egg with shell intact, plus a second cracked open to reveal yolk and white.

Style: Use the attached invidious.png for drawing style only. Match its thick rounded dark-brown contours, simplified rounded shapes, and restrained 2D cartoon shading. Do not copy the reference subject or composition.

Framing: One compact composition, with the complete subject using about 80-90% of the square. Keep everything inside the frame.

Output: 512x512 PNG, RGBA, genuine transparent background. No text, numerals, labels, logos or watermark.",作成済み,,references/invidious.png
mystery@meue3.png,謎、推理小説,謎,"Subject: mystery, target meaning ""謎"".

Composition: Show a locked box with one unexplained keyhole, several clues around it, and one puzzled investigator examining the clues.

Style: Use the attached invidious.png for drawing style only. Match its thick rounded dark-brown contours, simplified rounded shapes, and restrained 2D cartoon shading. Do not copy the reference subject or composition.

Framing: One compact composition, with the complete subject using about 80-90% of the square. Keep everything inside the frame.

Output: 512x512 PNG, RGBA, genuine transparent background. No text, numerals, labels, logos or watermark.",作成済み,,references/invidious.png
shoot.png,撃つ、芽,撃つ,"Subject: shoot, target meaning ""撃つ"".

Composition: Show an adult sport shooter at a controlled range aiming a target pistol toward a distant paper bullseye, wearing eye and ear protection, with no injury or combat.

Style: Use the attached invidious.png for drawing style only. Match its thick rounded dark-brown contours, simplified rounded shapes, and restrained 2D cartoon shading. Do not copy the reference subject or composition.

Framing: One compact composition, with the complete subject using about 80-90% of the square. Keep everything inside the frame.

Output: 512x512 PNG, RGBA, genuine transparent background. No text, numerals, labels, logos or watermark.",作成済み,,references/invidious.png
Carolina.png,カロライナ,カロライナ,"Subject: Carolina, target meaning ""カロライナ"".

Composition: Show a warm southeastern U.S. landscape with pine trees, a coastal marsh, and a simple state-shaped map silhouette cue.

Style: Use the attached invidious.png for drawing style only. Match its thick rounded dark-brown contours, simplified rounded shapes, and restrained 2D cartoon shading. Do not copy the reference subject or composition.

Framing: One compact composition, with the complete subject using about 80-90% of the square. Keep everything inside the frame.

Output: 512x512 PNG, RGBA, genuine transparent background. No text, numerals, labels, logos or watermark.",作成済み,,references/invidious.png
Davis.png,デイビス,デイビス,"Subject: Davis, target meaning ""デイビス"".

Composition: Show a classic mid-20th-century actress with short styled hair, elegant dark dress, and dramatic confident gaze under studio lighting.

Style: Use the attached invidious.png for drawing style only. Match its thick rounded dark-brown contours, simplified rounded shapes, and restrained 2D cartoon shading. Do not copy the reference subject or composition.

Framing: One compact composition, with the complete subject using about 80-90% of the square. Keep everything inside the frame.

Output: 512x512 PNG, RGBA, genuine transparent background. No text, numerals, labels, logos or watermark.",作成済み,,references/invidious.png
Delhi.png,デリー,デリー,"Subject: Delhi, target meaning ""デリー"".

Composition: Show a compact Delhi city scene with India Gate, busy road traffic, and warm sandstone architecture.

Style: Use the attached invidious.png for drawing style only. Match its thick rounded dark-brown contours, simplified rounded shapes, and restrained 2D cartoon shading. Do not copy the reference subject or composition.

Framing: One compact composition, with the complete subject using about 80-90% of the square. Keep everything inside the frame.

Output: 512x512 PNG, RGBA, genuine transparent background. No text, numerals, labels, logos or watermark.",作成済み,,references/invidious.png
glucose.png,ブドウ糖,ブドウ糖,"Subject: glucose, target meaning ""ブドウ糖"".

Composition: Show a simplified six-membered sugar molecule diagram beside a small grape and a drop of blood, indicating glucose as a simple sugar.

Style: Use the attached invidious.png for drawing style only. Match its thick rounded dark-brown contours, simplified rounded shapes, and restrained 2D cartoon shading. Do not copy the reference subject or composition.

Framing: One compact composition, with the complete subject using about 80-90% of the square. Keep everything inside the frame.

Output: 512x512 PNG, RGBA, genuine transparent background. No text, numerals, labels, logos or watermark.",作成済み,,references/invidious.png
loaded.png,荷を積んだ,荷を積んだ,"Subject: loaded, target meaning ""荷を積んだ"".

Composition: Show a cargo truck bed packed with boxes and crates up to a safe full load.

Style: Use the attached invidious.png for drawing style only. Match its thick rounded dark-brown contours, simplified rounded shapes, and restrained 2D cartoon shading. Do not copy the reference subject or composition.

Framing: One compact composition, with the complete subject using about 80-90% of the square. Keep everything inside the frame.

Output: 512x512 PNG, RGBA, genuine transparent background. No text, numerals, labels, logos or watermark.",作成済み,,references/invidious.png
salvation.png,救い,救い,"Subject: salvation, target meaning ""救い"".

Composition: Show a person being pulled from dangerous floodwater into a rescue boat by a strong helping hand, emphasizing being saved.

Style: Use the attached invidious.png for drawing style only. Match its thick rounded dark-brown contours, simplified rounded shapes, and restrained 2D cartoon shading. Do not copy the reference subject or composition.

Framing: One compact composition, with the complete subject using about 80-90% of the square. Keep everything inside the frame.

Output: 512x512 PNG, RGBA, genuine transparent background. No text, numerals, labels, logos or watermark.",作成済み,,references/invidious.png
Google.png,グーグル,グーグル,"Subject: Google, target meaning ""グーグル"".

Composition: Show a computer screen with a large blank search bar, a cursor, and several generic search-result blocks underneath, with no readable brand text.

Style: Use the attached invidious.png for drawing style only. Match its thick rounded dark-brown contours, simplified rounded shapes, and restrained 2D cartoon shading. Do not copy the reference subject or composition.

Framing: One compact composition, with the complete subject using about 80-90% of the square. Keep everything inside the frame.

Output: 512x512 PNG, RGBA, genuine transparent background. No text, numerals, labels, logos or watermark.",作成済み,,references/invidious.png
Saturday.png,土曜日,土曜日,"Subject: Saturday, target meaning ""土曜日"".

Composition: Show a weekend calendar page with the sixth day slot emphasized, beside casual leisure items like sneakers and a picnic basket.

Style: Use the attached invidious.png for drawing style only. Match its thick rounded dark-brown contours, simplified rounded shapes, and restrained 2D cartoon shading. Do not copy the reference subject or composition.

Framing: One compact composition, with the complete subject using about 80-90% of the square. Keep everything inside the frame.

Output: 512x512 PNG, RGBA, genuine transparent background. No text, numerals, labels, logos or watermark.",作成済み,,references/invidious.png
filter.png,フィルタ,フィルタ,"Subject: filter, target meaning ""フィルタ"".

Composition: Show dirty water entering one side of a simple filter and visibly clearer water emerging from the other side.

Style: Use the attached invidious.png for drawing style only. Match its thick rounded dark-brown contours, simplified rounded shapes, and restrained 2D cartoon shading. Do not copy the reference subject or composition.

Framing: One compact composition, with the complete subject using about 80-90% of the square. Keep everything inside the frame.

Output: 512x512 PNG, RGBA, genuine transparent background. No text, numerals, labels, logos or watermark.",作成済み,,references/invidious.png
horror.png,恐怖,恐怖,"Subject: horror, target meaning ""恐怖"".

Composition: Show one person recoiling from a dark doorway with widened eyes, rigid posture, and hands drawn close in intense fear.

Style: Use the attached invidious.png for drawing style only. Match its thick rounded dark-brown contours, simplified rounded shapes, and restrained 2D cartoon shading. Do not copy the reference subject or composition.

Framing: One compact composition, with the complete subject using about 80-90% of the square. Keep everything inside the frame.

Output: 512x512 PNG, RGBA, genuine transparent background. No text, numerals, labels, logos or watermark.",作成済み,,references/invidious.png
mask.png,マスク,マスク,"Subject: mask, target meaning ""マスク"".

Composition: Show one complete face mask covering nose and mouth, with ear loops visible and the object fully inside the frame.

Style: Use the attached invidious.png for drawing style only. Match its thick rounded dark-brown contours, simplified rounded shapes, and restrained 2D cartoon shading. Do not copy the reference subject or composition.

Framing: One compact composition, with the complete subject using about 80-90% of the square. Keep everything inside the frame.

Output: 512x512 PNG, RGBA, genuine transparent background. No text, numerals, labels, logos or watermark.",作成済み,,references/invidious.png
stare.png,じっと見つめる,じっと見つめる,"Subject: stare, target meaning ""じっと見つめる"".

Composition: Show one person holding an unwavering gaze at a single object, eyes fixed and head still for an extended moment.

Style: Use the attached invidious.png for drawing style only. Match its thick rounded dark-brown contours, simplified rounded shapes, and restrained 2D cartoon shading. Do not copy the reference subject or composition.

Framing: One compact composition, with the complete subject using about 80-90% of the square. Keep everything inside the frame.

Output: 512x512 PNG, RGBA, genuine transparent background. No text, numerals, labels, logos or watermark.",作成済み,,references/invidious.png
weakness.png,弱さ,弱さ,"Subject: weakness, target meaning ""弱さ"".

Composition: Show a thin bent branch failing to support a modest weight that a thicker branch nearby supports easily.

Style: Use the attached invidious.png for drawing style only. Match its thick rounded dark-brown contours, simplified rounded shapes, and restrained 2D cartoon shading. Do not copy the reference subject or composition.

Framing: One compact composition, with the complete subject using about 80-90% of the square. Keep everything inside the frame.

Output: 512x512 PNG, RGBA, genuine transparent background. No text, numerals, labels, logos or watermark.",作成済み,,references/invidious.png
HIV.png,ヒト免疫不全ウイルス,ヒト免疫不全ウイルス,"Subject: HIV, target meaning ""ヒト免疫不全ウイルス"".

Composition: Show a clean medical illustration of spherical HIV particles near a helper T cell, with simple membrane spikes and no graphic disease effects.

Style: Use the attached invidious.png for drawing style only. Match its thick rounded dark-brown contours, simplified rounded shapes, and restrained 2D cartoon shading. Do not copy the reference subject or composition.

Framing: One compact composition, with the complete subject using about 80-90% of the square. Keep everything inside the frame.

Output: 512x512 PNG, RGBA, genuine transparent background. No text, numerals, labels, logos or watermark.",作成済み,,references/invidious.png
Jake.png,ジェイク,ジェイク,"Subject: Jake, target meaning ""ジェイク"".

Composition: Show a young male wild turkey with developing tail feathers and smaller body size than an adult tom, standing in grass.

Style: Use the attached invidious.png for drawing style only. Match its thick rounded dark-brown contours, simplified rounded shapes, and restrained 2D cartoon shading. Do not copy the reference subject or composition.

Framing: One compact composition, with the complete subject using about 80-90% of the square. Keep everything inside the frame.

Output: 512x512 PNG, RGBA, genuine transparent background. No text, numerals, labels, logos or watermark.",作成済み,,references/invidious.png
calculation.png,計算、演算,計算,"Subject: calculation, target meaning ""計算"".

Composition: Show a calculator, written arithmetic symbols, and a hand working through a numerical problem step by step.

Style: Use the attached invidious.png for drawing style only. Match its thick rounded dark-brown contours, simplified rounded shapes, and restrained 2D cartoon shading. Do not copy the reference subject or composition.

Framing: One compact composition, with the complete subject using about 80-90% of the square. Keep everything inside the frame.

Output: 512x512 PNG, RGBA, genuine transparent background. No text, numerals, labels, logos or watermark.",作成済み,,references/invidious.png
dare.png,あえて〜する,あえて〜する,"Subject: dare, target meaning ""あえて〜する"".

Composition: Show one nervous person choosing to step onto a safe high diving board despite hesitation, with clenched fists and determined face.

Style: Use the attached invidious.png for drawing style only. Match its thick rounded dark-brown contours, simplified rounded shapes, and restrained 2D cartoon shading. Do not copy the reference subject or composition.

Framing: One compact composition, with the complete subject using about 80-90% of the square. Keep everything inside the frame.

Output: 512x512 PNG, RGBA, genuine transparent background. No text, numerals, labels, logos or watermark.",作成済み,,references/invidious.png
palace.png,宮殿,宮殿,"Subject: palace, target meaning ""宮殿"".

Composition: Show a grand palace facade with broad stairs, tall columns, ornate windows, and a central ceremonial entrance.

Style: Use the attached invidious.png for drawing style only. Match its thick rounded dark-brown contours, simplified rounded shapes, and restrained 2D cartoon shading. Do not copy the reference subject or composition.

Framing: One compact composition, with the complete subject using about 80-90% of the square. Keep everything inside the frame.

Output: 512x512 PNG, RGBA, genuine transparent background. No text, numerals, labels, logos or watermark.",作成済み,,references/invidious.png
pause.png,休止,休止,"Subject: pause, target meaning ""休止"".

Composition: Show a moving action temporarily stopped mid-process: a raised hand frozen above a workbench while a pause symbol sits subtly nearby.

Style: Use the attached invidious.png for drawing style only. Match its thick rounded dark-brown contours, simplified rounded shapes, and restrained 2D cartoon shading. Do not copy the reference subject or composition.

Framing: One compact composition, with the complete subject using about 80-90% of the square. Keep everything inside the frame.

Output: 512x512 PNG, RGBA, genuine transparent background. No text, numerals, labels, logos or watermark.",作成済み,,references/invidious.png
rear@re.png,後部,後部,"Subject: rear, target meaning ""後部"".

Composition: Show a vehicle from a rear three-quarter view with trunk, taillights, and back bumper clearly emphasized.

Style: Use the attached invidious.png for drawing style only. Match its thick rounded dark-brown contours, simplified rounded shapes, and restrained 2D cartoon shading. Do not copy the reference subject or composition.

Framing: One compact composition, with the complete subject using about 80-90% of the square. Keep everything inside the frame.

Output: 512x512 PNG, RGBA, genuine transparent background. No text, numerals, labels, logos or watermark.",作成済み,,references/invidious.png
surprising.png,驚くべき,驚くべき,"Subject: surprising, target meaning ""驚くべき"".

Composition: Show one person opening a small box and reacting with suddenly widened eyes and raised brows at an unexpected harmless object inside.

Style: Use the attached invidious.png for drawing style only. Match its thick rounded dark-brown contours, simplified rounded shapes, and restrained 2D cartoon shading. Do not copy the reference subject or composition.

Framing: One compact composition, with the complete subject using about 80-90% of the square. Keep everything inside the frame.

Output: 512x512 PNG, RGBA, genuine transparent background. No text, numerals, labels, logos or watermark.",作成済み,,references/invidious.png
Emily.png,エミリー,エミリー,"Subject: Emily, target meaning ""エミリー"".

Composition: Show a young adult woman named Emily with long dark-blonde hair, simple sweater, and friendly thoughtful expression.

Style: Use the attached invidious.png for drawing style only. Match its thick rounded dark-brown contours, simplified rounded shapes, and restrained 2D cartoon shading. Do not copy the reference subject or composition.

Framing: One compact composition, with the complete subject using about 80-90% of the square. Keep everything inside the frame.

Output: 512x512 PNG, RGBA, genuine transparent background. No text, numerals, labels, logos or watermark.",作成済み,,references/invidious.png
breathe.png,呼吸する,呼吸する,"Subject: breathe, target meaning ""呼吸する"".

Composition: Show one person taking a slow deep breath with chest rising, eyes gently closed, and a small visible breath puff leaving the mouth.

Style: Use the attached invidious.png for drawing style only. Match its thick rounded dark-brown contours, simplified rounded shapes, and restrained 2D cartoon shading. Do not copy the reference subject or composition.

Framing: One compact composition, with the complete subject using about 80-90% of the square. Keep everything inside the frame.

Output: 512x512 PNG, RGBA, genuine transparent background. No text, numerals, labels, logos or watermark.",作成済み,,references/invidious.png
cabin.png,山小屋,山小屋,"Subject: cabin, target meaning ""山小屋"".

Composition: Show a small wooden mountain cabin with pitched roof, simple chimney, and forest edge nearby.

Style: Use the attached invidious.png for drawing style only. Match its thick rounded dark-brown contours, simplified rounded shapes, and restrained 2D cartoon shading. Do not copy the reference subject or composition.

Framing: One compact composition, with the complete subject using about 80-90% of the square. Keep everything inside the frame.

Output: 512x512 PNG, RGBA, genuine transparent background. No text, numerals, labels, logos or watermark.",作成済み,,references/invidious.png
everybody.png,だれも,だれも,"Subject: everybody, target meaning ""だれも"".

Composition: Show a complete small group of people all joining the same activity together, with nobody left outside the group.

Style: Use the attached invidious.png for drawing style only. Match its thick rounded dark-brown contours, simplified rounded shapes, and restrained 2D cartoon shading. Do not copy the reference subject or composition.

Framing: One compact composition, with the complete subject using about 80-90% of the square. Keep everything inside the frame.

Output: 512x512 PNG, RGBA, genuine transparent background. No text, numerals, labels, logos or watermark.",作成済み,,references/invidious.png
freely.png,自由に,自由に,"Subject: freely, target meaning ""自由に"".

Composition: Show a bird flying out of an open cage into a wide unobstructed sky, wings fully spread and no barriers in its path.

Style: Use the attached invidious.png for drawing style only. Match its thick rounded dark-brown contours, simplified rounded shapes, and restrained 2D cartoon shading. Do not copy the reference subject or composition.

Framing: One compact composition, with the complete subject using about 80-90% of the square. Keep everything inside the frame.

Output: 512x512 PNG, RGBA, genuine transparent background. No text, numerals, labels, logos or watermark.",作成済み,,references/invidious.png
le.png,レ、レー,レ,"Subject: le, target meaning ""レ"".

Composition: Show a simple musical staff with the solfège note LE indicated as the target note, with no other written labels.

Style: Use the attached invidious.png for drawing style only. Match its thick rounded dark-brown contours, simplified rounded shapes, and restrained 2D cartoon shading. Do not copy the reference subject or composition.

Framing: One compact composition, with the complete subject using about 80-90% of the square. Keep everything inside the frame.

Output: 512x512 PNG, RGBA, genuine transparent background. No text, numerals, labels, logos or watermark.",作成済み,,references/invidious.png
lens.png,レンズ,レンズ,"Subject: lens, target meaning ""レンズ"".

Composition: Show one convex glass lens in profile bending several incoming light rays toward a focal point.

Style: Use the attached invidious.png for drawing style only. Match its thick rounded dark-brown contours, simplified rounded shapes, and restrained 2D cartoon shading. Do not copy the reference subject or composition.

Framing: One compact composition, with the complete subject using about 80-90% of the square. Keep everything inside the frame.

Output: 512x512 PNG, RGBA, genuine transparent background. No text, numerals, labels, logos or watermark.",作成済み,,references/invidious.png
loan.png,貸付金,貸付金,"Subject: loan, target meaning ""貸付金"".

Composition: Show one person handing a stack of coins to another, with a simple return arrow indicating the money is expected back later.

Style: Use the attached invidious.png for drawing style only. Match its thick rounded dark-brown contours, simplified rounded shapes, and restrained 2D cartoon shading. Do not copy the reference subject or composition.

Framing: One compact composition, with the complete subject using about 80-90% of the square. Keep everything inside the frame.

Output: 512x512 PNG, RGBA, genuine transparent background. No text, numerals, labels, logos or watermark.",作成済み,,references/invidious.png
nod.png,首を縦にふる、うなずく,首を縦にふる,"Subject: nod, target meaning ""首を縦にふる"".

Composition: Show one person moving the head downward and back up in a clear nod of agreement.

Style: Use the attached invidious.png for drawing style only. Match its thick rounded dark-brown contours, simplified rounded shapes, and restrained 2D cartoon shading. Do not copy the reference subject or composition.

Framing: One compact composition, with the complete subject using about 80-90% of the square. Keep everything inside the frame.

Output: 512x512 PNG, RGBA, genuine transparent background. No text, numerals, labels, logos or watermark.",作成済み,,references/invidious.png
pan@pete.png,平なべ,平なべ,"Subject: pan, target meaning ""平なべ"".

Composition: Show one shallow frying pan with handle, flat base, and low sides fully visible.

Style: Use the attached invidious.png for drawing style only. Match its thick rounded dark-brown contours, simplified rounded shapes, and restrained 2D cartoon shading. Do not copy the reference subject or composition.

Framing: One compact composition, with the complete subject using about 80-90% of the square. Keep everything inside the frame.

Output: 512x512 PNG, RGBA, genuine transparent background. No text, numerals, labels, logos or watermark.",作成済み,,references/invidious.png
ray.png,光線,光線,"Subject: ray, target meaning ""光線"".

Composition: Show one narrow beam of light traveling in a straight line from a lamp through darkness.

Style: Use the attached invidious.png for drawing style only. Match its thick rounded dark-brown contours, simplified rounded shapes, and restrained 2D cartoon shading. Do not copy the reference subject or composition.

Framing: One compact composition, with the complete subject using about 80-90% of the square. Keep everything inside the frame.

Output: 512x512 PNG, RGBA, genuine transparent background. No text, numerals, labels, logos or watermark.",作成済み,,references/invidious.png
Margaret.png,マーガレット、マーガリット,マーガレット,"Subject: Margaret, target meaning ""マーガレット"".

Composition: Show a Renaissance-era noblewoman named Margaret in an elegant gown with pearl headpiece, holding a small book of writing.

Style: Use the attached invidious.png for drawing style only. Match its thick rounded dark-brown contours, simplified rounded shapes, and restrained 2D cartoon shading. Do not copy the reference subject or composition.

Framing: One compact composition, with the complete subject using about 80-90% of the square. Keep everything inside the frame.

Output: 512x512 PNG, RGBA, genuine transparent background. No text, numerals, labels, logos or watermark.",作成済み,,references/invidious.png
accomplished.png,成就した,成就した,"Subject: accomplished, target meaning ""成就した"".

Composition: Show one craftsperson standing proudly beside a fully finished handmade cabinet, tools set down and work clearly completed.

Style: Use the attached invidious.png for drawing style only. Match its thick rounded dark-brown contours, simplified rounded shapes, and restrained 2D cartoon shading. Do not copy the reference subject or composition.

Framing: One compact composition, with the complete subject using about 80-90% of the square. Keep everything inside the frame.

Output: 512x512 PNG, RGBA, genuine transparent background. No text, numerals, labels, logos or watermark.",作成済み,,references/invidious.png
elderly.png,年配の,年配の,"Subject: elderly, target meaning ""年配の"".

Composition: Show one elderly adult with gray hair, facial lines, and age-appropriate posture, dressed naturally and respectfully.

Style: Use the attached invidious.png for drawing style only. Match its thick rounded dark-brown contours, simplified rounded shapes, and restrained 2D cartoon shading. Do not copy the reference subject or composition.

Framing: One compact composition, with the complete subject using about 80-90% of the square. Keep everything inside the frame.

Output: 512x512 PNG, RGBA, genuine transparent background. No text, numerals, labels, logos or watermark.",作成済み,,references/invidious.png
guarantee.png,保証,保証,"Subject: guarantee, target meaning ""保証"".

Composition: Show a purchased appliance beside a stamped warranty card and a reassuring repair shield symbol, indicating promised protection.

Style: Use the attached invidious.png for drawing style only. Match its thick rounded dark-brown contours, simplified rounded shapes, and restrained 2D cartoon shading. Do not copy the reference subject or composition.

Framing: One compact composition, with the complete subject using about 80-90% of the square. Keep everything inside the frame.

Output: 512x512 PNG, RGBA, genuine transparent background. No text, numerals, labels, logos or watermark.",作成済み,,references/invidious.png
gut.png,腸,腸,"Subject: gut, target meaning ""腸"".

Composition: Show a clean simplified anatomical view of the intestines inside the lower torso, with the coiled gut clearly emphasized.

Style: Use the attached invidious.png for drawing style only. Match its thick rounded dark-brown contours, simplified rounded shapes, and restrained 2D cartoon shading. Do not copy the reference subject or composition.

Framing: One compact composition, with the complete subject using about 80-90% of the square. Keep everything inside the frame.

Output: 512x512 PNG, RGBA, genuine transparent background. No text, numerals, labels, logos or watermark.",作成済み,,references/invidious.png
inform@en-merph.png,知らせる、密告する,知らせる,"Subject: inform, target meaning ""知らせる"".

Composition: Show one person quietly delivering important information to another, pointing to a relevant object while the listener reacts with understanding.

Style: Use the attached invidious.png for drawing style only. Match its thick rounded dark-brown contours, simplified rounded shapes, and restrained 2D cartoon shading. Do not copy the reference subject or composition.

Framing: One compact composition, with the complete subject using about 80-90% of the square. Keep everything inside the frame.

Output: 512x512 PNG, RGBA, genuine transparent background. No text, numerals, labels, logos or watermark.",作成済み,,references/invidious.png
meta-.png,メタ〜(自らがその一員であることを自覚してみせる),メタ〜(自らがその一員であることを自覚してみせる),"Subject: meta-, target meaning ""メタ〜(自らがその一員であることを自覚してみせる)"".

Composition: Show a cartoon character looking at a framed picture that contains the same character looking at the same framed picture, then pointing back at itself to make the self-referential relationship clear.

Style: Use the attached invidious.png for drawing style only. Match its thick rounded dark-brown contours, simplified rounded shapes, and restrained 2D cartoon shading. Do not copy the reference subject or composition.

Framing: One compact composition, with the complete subject using about 80-90% of the square. Keep everything inside the frame.

Output: 512x512 PNG, RGBA, genuine transparent background. No text, numerals, labels, logos or watermark.",作成済み,,references/invidious.png
packed.png,荷造りした、パック入りの,荷造りした,"Subject: packed, target meaning ""荷造りした"".

Composition: Show an open suitcase filled neatly with folded clothes, shoes, and toiletries, with the lid ready to close.

Style: Use the attached invidious.png for drawing style only. Match its thick rounded dark-brown contours, simplified rounded shapes, and restrained 2D cartoon shading. Do not copy the reference subject or composition.

Framing: One compact composition, with the complete subject using about 80-90% of the square. Keep everything inside the frame.

Output: 512x512 PNG, RGBA, genuine transparent background. No text, numerals, labels, logos or watermark.",作成済み,,references/invidious.png
pen@pet.png,ペン,ペン,"Subject: pen, target meaning ""ペン"".

Composition: Show one ordinary writing pen with cap, clip, and pointed writing tip, fully visible.

Style: Use the attached invidious.png for drawing style only. Match its thick rounded dark-brown contours, simplified rounded shapes, and restrained 2D cartoon shading. Do not copy the reference subject or composition.

Framing: One compact composition, with the complete subject using about 80-90% of the square. Keep everything inside the frame.

Output: 512x512 PNG, RGBA, genuine transparent background. No text, numerals, labels, logos or watermark.",作成済み,,references/invidious.png
possessed.png,取りつかれた,取りつかれた,"Subject: possessed, target meaning ""取りつかれた"".

Composition: Show a fully clothed adult standing stiffly with unfocused eyes while an eerie shadow-like presence looms behind them, supernatural but non-graphic.

Style: Use the attached invidious.png for drawing style only. Match its thick rounded dark-brown contours, simplified rounded shapes, and restrained 2D cartoon shading. Do not copy the reference subject or composition.

Framing: One compact composition, with the complete subject using about 80-90% of the square. Keep everything inside the frame.

Output: 512x512 PNG, RGBA, genuine transparent background. No text, numerals, labels, logos or watermark.",作成済み,,references/invidious.png
practically.png,ほとんど,ほとんど,"Subject: practically, target meaning ""ほとんど"".

Composition: Show a container filled almost entirely to the top with only a tiny amount missing, visually conveying 'almost'.

Style: Use the attached invidious.png for drawing style only. Match its thick rounded dark-brown contours, simplified rounded shapes, and restrained 2D cartoon shading. Do not copy the reference subject or composition.

Framing: One compact composition, with the complete subject using about 80-90% of the square. Keep everything inside the frame.

Output: 512x512 PNG, RGBA, genuine transparent background. No text, numerals, labels, logos or watermark.",作成済み,,references/invidious.png
utility.png,ユーティリティ,ユーティリティ,"Subject: utility, target meaning ""ユーティリティ"".

Composition: Show a compact multi-purpose utility tool being used for one practical household task, with its useful function obvious.

Style: Use the attached invidious.png for drawing style only. Match its thick rounded dark-brown contours, simplified rounded shapes, and restrained 2D cartoon shading. Do not copy the reference subject or composition.

Framing: One compact composition, with the complete subject using about 80-90% of the square. Keep everything inside the frame.

Output: 512x512 PNG, RGBA, genuine transparent background. No text, numerals, labels, logos or watermark.",作成済み,,references/invidious.png
artery.png,動脈,動脈,"Subject: artery, target meaning ""動脈"".

Composition: Show a clean anatomical red artery tube carrying blood away from the heart, with the heart visible at one end.

Style: Use the attached invidious.png for drawing style only. Match its thick rounded dark-brown contours, simplified rounded shapes, and restrained 2D cartoon shading. Do not copy the reference subject or composition.

Framing: One compact composition, with the complete subject using about 80-90% of the square. Keep everything inside the frame.

Output: 512x512 PNG, RGBA, genuine transparent background. No text, numerals, labels, logos or watermark.",作成済み,,references/invidious.png
controlling.png,支配的な、人を思うままにしたがる,支配的な,"Subject: controlling, target meaning ""支配的な"".

Composition: Show one domineering person gripping a remote control while directing another reluctant person where to stand, with strong commanding posture.

Style: Use the attached invidious.png for drawing style only. Match its thick rounded dark-brown contours, simplified rounded shapes, and restrained 2D cartoon shading. Do not copy the reference subject or composition.

Framing: One compact composition, with the complete subject using about 80-90% of the square. Keep everything inside the frame.

Output: 512x512 PNG, RGBA, genuine transparent background. No text, numerals, labels, logos or watermark.",作成済み,,references/invidious.png
cotton.png,綿花、ワタ,綿花,"Subject: cotton, target meaning ""綿花"".

Composition: Show a cotton plant branch with fluffy white bolls open among green leaves.

Style: Use the attached invidious.png for drawing style only. Match its thick rounded dark-brown contours, simplified rounded shapes, and restrained 2D cartoon shading. Do not copy the reference subject or composition.

Framing: One compact composition, with the complete subject using about 80-90% of the square. Keep everything inside the frame.

Output: 512x512 PNG, RGBA, genuine transparent background. No text, numerals, labels, logos or watermark.",作成済み,,references/invidious.png
crystal.png,水晶,水晶,"Subject: crystal, target meaning ""水晶"".

Composition: Show one clear faceted quartz crystal cluster with sharp geometric faces and translucent edges.

Style: Use the attached invidious.png for drawing style only. Match its thick rounded dark-brown contours, simplified rounded shapes, and restrained 2D cartoon shading. Do not copy the reference subject or composition.

Framing: One compact composition, with the complete subject using about 80-90% of the square. Keep everything inside the frame.

Output: 512x512 PNG, RGBA, genuine transparent background. No text, numerals, labels, logos or watermark.",作成済み,,references/invidious.png
frozen@x.png,凍った、凍結した,凍った,"Subject: frozen, target meaning ""凍った"".

Composition: Show a shallow puddle turned completely solid, with a smooth translucent ice surface, trapped air bubbles, and frost around the edges.

Style: Use the attached invidious.png for drawing style only. Match its thick rounded dark-brown contours, simplified rounded shapes, and restrained 2D cartoon shading. Do not copy the reference subject or composition.

Framing: One compact composition, with the complete subject using about 80-90% of the square. Keep everything inside the frame.

Output: 512x512 PNG, RGBA, genuine transparent background. No text, numerals, labels, logos or watermark.",作成済み,,references/invidious.png
personally.png,個人的には、私としては,個人的には,"Subject: personally, target meaning ""個人的には"".

Composition: Show one person touching their own chest while expressing an opinion with one open hand, clearly signaling 'for me personally'.

Style: Use the attached invidious.png for drawing style only. Match its thick rounded dark-brown contours, simplified rounded shapes, and restrained 2D cartoon shading. Do not copy the reference subject or composition.

Framing: One compact composition, with the complete subject using about 80-90% of the square. Keep everything inside the frame.

Output: 512x512 PNG, RGBA, genuine transparent background. No text, numerals, labels, logos or watermark.",作成済み,,references/invidious.png
publisher.png,出版者,出版者,"Subject: publisher, target meaning ""出版者"".

Composition: Show a publishing professional reviewing printed page proofs beside a stack of newly bound books on a desk.

Style: Use the attached invidious.png for drawing style only. Match its thick rounded dark-brown contours, simplified rounded shapes, and restrained 2D cartoon shading. Do not copy the reference subject or composition.

Framing: One compact composition, with the complete subject using about 80-90% of the square. Keep everything inside the frame.

Output: 512x512 PNG, RGBA, genuine transparent background. No text, numerals, labels, logos or watermark.",作成済み,,references/invidious.png
scattered.png,散り散りになった,散り散りになった,"Subject: scattered, target meaning ""散り散りになった"".

Composition: Show many small papers or leaves spread irregularly across a wide floor area instead of gathered together.

Style: Use the attached invidious.png for drawing style only. Match its thick rounded dark-brown contours, simplified rounded shapes, and restrained 2D cartoon shading. Do not copy the reference subject or composition.

Framing: One compact composition, with the complete subject using about 80-90% of the square. Keep everything inside the frame.

Output: 512x512 PNG, RGBA, genuine transparent background. No text, numerals, labels, logos or watermark.",作成済み,,references/invidious.png
treaty.png,条約,条約,"Subject: treaty, target meaning ""条約"".

Composition: Show representatives from two sides signing the same formal agreement at one table and then shaking hands, no national flags.

Style: Use the attached invidious.png for drawing style only. Match its thick rounded dark-brown contours, simplified rounded shapes, and restrained 2D cartoon shading. Do not copy the reference subject or composition.

Framing: One compact composition, with the complete subject using about 80-90% of the square. Keep everything inside the frame.

Output: 512x512 PNG, RGBA, genuine transparent background. No text, numerals, labels, logos or watermark.",作成済み,,references/invidious.png
worldwide.png,世界的な、世界中に広まった,世界的な,"Subject: worldwide, target meaning ""世界的な"".

Composition: Show a globe with the same small network symbol repeated across several continents, indicating global reach.

Style: Use the attached invidious.png for drawing style only. Match its thick rounded dark-brown contours, simplified rounded shapes, and restrained 2D cartoon shading. Do not copy the reference subject or composition.

Framing: One compact composition, with the complete subject using about 80-90% of the square. Keep everything inside the frame.

Output: 512x512 PNG, RGBA, genuine transparent background. No text, numerals, labels, logos or watermark.",作成済み,,references/invidious.png
Anderson.png,アンダーソン,アンダーソン,"Subject: Anderson, target meaning ""アンダーソン"".

Composition: Show an adult man named Anderson in simple contemporary clothing, short dark hair, and composed neutral expression.

Style: Use the attached invidious.png for drawing style only. Match its thick rounded dark-brown contours, simplified rounded shapes, and restrained 2D cartoon shading. Do not copy the reference subject or composition.

Framing: One compact composition, with the complete subject using about 80-90% of the square. Keep everything inside the frame.

Output: 512x512 PNG, RGBA, genuine transparent background. No text, numerals, labels, logos or watermark.",作成済み,,references/invidious.png
Chris.png,クリス,クリス,"Subject: Chris, target meaning ""クリス"".

Composition: Show a young adult named Chris in casual unisex clothing with short hair and a friendly natural smile.

Style: Use the attached invidious.png for drawing style only. Match its thick rounded dark-brown contours, simplified rounded shapes, and restrained 2D cartoon shading. Do not copy the reference subject or composition.

Framing: One compact composition, with the complete subject using about 80-90% of the square. Keep everything inside the frame.

Output: 512x512 PNG, RGBA, genuine transparent background. No text, numerals, labels, logos or watermark.",作成済み,,references/invidious.png
Florida.png,フロリダ州,フロリダ州,"Subject: Florida, target meaning ""フロリダ州"".

Composition: Show a compact Florida scene with palm trees, flat coastline, bright sun, and the recognizable peninsula outline.

Style: Use the attached invidious.png for drawing style only. Match its thick rounded dark-brown contours, simplified rounded shapes, and restrained 2D cartoon shading. Do not copy the reference subject or composition.

Framing: One compact composition, with the complete subject using about 80-90% of the square. Keep everything inside the frame.

Output: 512x512 PNG, RGBA, genuine transparent background. No text, numerals, labels, logos or watermark.",作成済み,,references/invidious.png
badly.png,悪く、まずく,悪く,"Subject: badly, target meaning ""悪く"".

Composition: Show a simple task done poorly: a crooked shelf, loose screws, and one uneven support, with the flawed result obvious.

Style: Use the attached invidious.png for drawing style only. Match its thick rounded dark-brown contours, simplified rounded shapes, and restrained 2D cartoon shading. Do not copy the reference subject or composition.

Framing: One compact composition, with the complete subject using about 80-90% of the square. Keep everything inside the frame.

Output: 512x512 PNG, RGBA, genuine transparent background. No text, numerals, labels, logos or watermark.",作成済み,,references/invidious.png
hunting.png,狩猟,狩猟,"Subject: hunting, target meaning ""狩猟"".

Composition: Show a hunter tracking animal footprints through a forest while carrying binoculars, keeping the focus on searching rather than killing.

Style: Use the attached invidious.png for drawing style only. Match its thick rounded dark-brown contours, simplified rounded shapes, and restrained 2D cartoon shading. Do not copy the reference subject or composition.

Framing: One compact composition, with the complete subject using about 80-90% of the square. Keep everything inside the frame.

Output: 512x512 PNG, RGBA, genuine transparent background. No text, numerals, labels, logos or watermark.",作成済み,,references/invidious.png
membership.png,会員,会員,"Subject: membership, target meaning ""会員"".

Composition: Show a person receiving a club membership card and joining a small organized group gathered around the same activity.

Style: Use the attached invidious.png for drawing style only. Match its thick rounded dark-brown contours, simplified rounded shapes, and restrained 2D cartoon shading. Do not copy the reference subject or composition.

Framing: One compact composition, with the complete subject using about 80-90% of the square. Keep everything inside the frame.

Output: 512x512 PNG, RGBA, genuine transparent background. No text, numerals, labels, logos or watermark.",作成済み,,references/invidious.png
passive.png,受動的な,受動的な,"Subject: passive, target meaning ""受動的な"".

Composition: Show one person sitting still and allowing others to move objects around them, taking no active role in the process.

Style: Use the attached invidious.png for drawing style only. Match its thick rounded dark-brown contours, simplified rounded shapes, and restrained 2D cartoon shading. Do not copy the reference subject or composition.

Framing: One compact composition, with the complete subject using about 80-90% of the square. Keep everything inside the frame.

Output: 512x512 PNG, RGBA, genuine transparent background. No text, numerals, labels, logos or watermark.",作成済み,,references/invidious.png
semi.png,半〜,半〜,"Subject: semi, target meaning ""半〜"".

Composition: Show one whole circle divided cleanly into two equal halves, with only one half emphasized to convey 'semi-'.

Style: Use the attached invidious.png for drawing style only. Match its thick rounded dark-brown contours, simplified rounded shapes, and restrained 2D cartoon shading. Do not copy the reference subject or composition.

Framing: One compact composition, with the complete subject using about 80-90% of the square. Keep everything inside the frame.

Output: 512x512 PNG, RGBA, genuine transparent background. No text, numerals, labels, logos or watermark.",作成済み,,references/invidious.png
bow.png,船首,船首,"Subject: bow, target meaning ""船首"".

Composition: Show the pointed front bow of a ship cutting through water, viewed from a low side angle.

Style: Use the attached invidious.png for drawing style only. Match its thick rounded dark-brown contours, simplified rounded shapes, and restrained 2D cartoon shading. Do not copy the reference subject or composition.

Framing: One compact composition, with the complete subject using about 80-90% of the square. Keep everything inside the frame.

Output: 512x512 PNG, RGBA, genuine transparent background. No text, numerals, labels, logos or watermark.",作成済み,,references/invidious.png
clause.png,条項,条項,"Subject: clause, target meaning ""条項"".

Composition: Show a legal-looking page divided into several short numbered-looking sections, with one individual section visually boxed as a single clause.

Style: Use the attached invidious.png for drawing style only. Match its thick rounded dark-brown contours, simplified rounded shapes, and restrained 2D cartoon shading. Do not copy the reference subject or composition.

Framing: One compact composition, with the complete subject using about 80-90% of the square. Keep everything inside the frame.

Output: 512x512 PNG, RGBA, genuine transparent background. No text, numerals, labels, logos or watermark.",作成済み,,references/invidious.png
diagnostic.png,診断の,診断の,"Subject: diagnostic, target meaning ""診断の"".

Composition: Show a doctor comparing a patient's scan and test results while examining the patient, clearly focused on identifying the condition.

Style: Use the attached invidious.png for drawing style only. Match its thick rounded dark-brown contours, simplified rounded shapes, and restrained 2D cartoon shading. Do not copy the reference subject or composition.

Framing: One compact composition, with the complete subject using about 80-90% of the square. Keep everything inside the frame.

Output: 512x512 PNG, RGBA, genuine transparent background. No text, numerals, labels, logos or watermark.",作成済み,,references/invidious.png
fool.png,ふざける,ふざける,"Subject: fool, target meaning ""ふざける"".

Composition: Show one adult playfully wearing a silly oversized hat and making a harmless exaggerated face to amuse others.

Style: Use the attached invidious.png for drawing style only. Match its thick rounded dark-brown contours, simplified rounded shapes, and restrained 2D cartoon shading. Do not copy the reference subject or composition.

Framing: One compact composition, with the complete subject using about 80-90% of the square. Keep everything inside the frame.

Output: 512x512 PNG, RGBA, genuine transparent background. No text, numerals, labels, logos or watermark.",作成済み,,references/invidious.png
handling.png,扱うこと,扱うこと,"Subject: handling, target meaning ""扱うこと"".

Composition: Show two hands carefully lifting and positioning a fragile glass object using protective gloves.

Style: Use the attached invidious.png for drawing style only. Match its thick rounded dark-brown contours, simplified rounded shapes, and restrained 2D cartoon shading. Do not copy the reference subject or composition.

Framing: One compact composition, with the complete subject using about 80-90% of the square. Keep everything inside the frame.

Output: 512x512 PNG, RGBA, genuine transparent background. No text, numerals, labels, logos or watermark.",作成済み,,references/invidious.png
inflammation.png,点火、燃焼,点火,"Subject: inflammation, target meaning ""点火"".

Composition: Show a small pile of dry kindling just as a flame catches and spreads from one glowing point, emphasizing ignition.

Style: Use the attached invidious.png for drawing style only. Match its thick rounded dark-brown contours, simplified rounded shapes, and restrained 2D cartoon shading. Do not copy the reference subject or composition.

Framing: One compact composition, with the complete subject using about 80-90% of the square. Keep everything inside the frame.

Output: 512x512 PNG, RGBA, genuine transparent background. No text, numerals, labels, logos or watermark.",作成済み,,references/invidious.png
isolation.png,孤立、遊離,孤立,"Subject: isolation, target meaning ""孤立"".

Composition: Show one person sitting alone on one side of a wide empty space while a group of five people stands far away together on the opposite side.

Style: Use the attached invidious.png for drawing style only. Match its thick rounded dark-brown contours, simplified rounded shapes, and restrained 2D cartoon shading. Do not copy the reference subject or composition.

Framing: One compact composition, with the complete subject using about 80-90% of the square. Keep everything inside the frame.

Output: 512x512 PNG, RGBA, genuine transparent background. No text, numerals, labels, logos or watermark.",作成済み,,references/invidious.png
lap@leb2.png,ひざ,ひざ,"Subject: lap, target meaning ""ひざ"".

Composition: Show one seated person's lap from waist to knees with both hands resting naturally on the thighs.

Style: Use the attached invidious.png for drawing style only. Match its thick rounded dark-brown contours, simplified rounded shapes, and restrained 2D cartoon shading. Do not copy the reference subject or composition.

Framing: One compact composition, with the complete subject using about 80-90% of the square. Keep everything inside the frame.

Output: 512x512 PNG, RGBA, genuine transparent background. No text, numerals, labels, logos or watermark.",作成済み,,references/invidious.png
peer@pere2.png,貴族、同等の人,貴族,"Subject: peer, target meaning ""貴族"".

Composition: Show a medieval noble peer wearing a decorated cloak and signet ring, standing beside another noble of equal rank.

Style: Use the attached invidious.png for drawing style only. Match its thick rounded dark-brown contours, simplified rounded shapes, and restrained 2D cartoon shading. Do not copy the reference subject or composition.

Framing: One compact composition, with the complete subject using about 80-90% of the square. Keep everything inside the frame.

Output: 512x512 PNG, RGBA, genuine transparent background. No text, numerals, labels, logos or watermark.",作成済み,,references/invidious.png
swept@x.png,後方に傾いた、後退角のついた,後方に傾いた,"Subject: swept, target meaning ""後方に傾いた"".

Composition: Show an airplane wing viewed from above with both wings angled distinctly backward from the fuselage.

Style: Use the attached invidious.png for drawing style only. Match its thick rounded dark-brown contours, simplified rounded shapes, and restrained 2D cartoon shading. Do not copy the reference subject or composition.

Framing: One compact composition, with the complete subject using about 80-90% of the square. Keep everything inside the frame.

Output: 512x512 PNG, RGBA, genuine transparent background. No text, numerals, labels, logos or watermark.",作成済み,,references/invidious.png
tear@der2.png,引き裂く,引き裂く,"Subject: tear, target meaning ""引き裂く"".

Composition: Show two hands pulling a sheet of paper apart so a jagged rip opens between them.

Style: Use the attached invidious.png for drawing style only. Match its thick rounded dark-brown contours, simplified rounded shapes, and restrained 2D cartoon shading. Do not copy the reference subject or composition.

Framing: One compact composition, with the complete subject using about 80-90% of the square. Keep everything inside the frame.

Output: 512x512 PNG, RGBA, genuine transparent background. No text, numerals, labels, logos or watermark.",作成済み,,references/invidious.png
nowhere.png,どこにも～ない,どこにも～ない,"Subject: nowhere, target meaning ""どこにも～ない"".

Composition: Show a traveler checking an empty crossroads with no houses, signs, or destination visible in any direction.

Style: Use the attached invidious.png for drawing style only. Match its thick rounded dark-brown contours, simplified rounded shapes, and restrained 2D cartoon shading. Do not copy the reference subject or composition.

Framing: One compact composition, with the complete subject using about 80-90% of the square. Keep everything inside the frame.

Output: 512x512 PNG, RGBA, genuine transparent background. No text, numerals, labels, logos or watermark.",作成済み,,references/invidious.png
pressing.png,差し迫った,差し迫った,"Subject: pressing, target meaning ""差し迫った"".

Composition: Show a clock nearly reaching a deadline while one urgent task remains unfinished and the person leans forward working quickly.

Style: Use the attached invidious.png for drawing style only. Match its thick rounded dark-brown contours, simplified rounded shapes, and restrained 2D cartoon shading. Do not copy the reference subject or composition.

Framing: One compact composition, with the complete subject using about 80-90% of the square. Keep everything inside the frame.

Output: 512x512 PNG, RGBA, genuine transparent background. No text, numerals, labels, logos or watermark.",作成済み,,references/invidious.png
sink.png,沈む,沈む,"Subject: sink, target meaning ""沈む"".

Composition: Show a heavy stone descending below the water surface with bubbles rising above it.

Style: Use the attached invidious.png for drawing style only. Match its thick rounded dark-brown contours, simplified rounded shapes, and restrained 2D cartoon shading. Do not copy the reference subject or composition.

Framing: One compact composition, with the complete subject using about 80-90% of the square. Keep everything inside the frame.

Output: 512x512 PNG, RGBA, genuine transparent background. No text, numerals, labels, logos or watermark.",作成済み,,references/invidious.png
vice.png,悪徳,悪徳,"Subject: vice, target meaning ""悪徳"".

Composition: Show one person secretly taking money from an unattended wallet while wearing a guilty, furtive expression, representing morally bad behavior.

Style: Use the attached invidious.png for drawing style only. Match its thick rounded dark-brown contours, simplified rounded shapes, and restrained 2D cartoon shading. Do not copy the reference subject or composition.

Framing: One compact composition, with the complete subject using about 80-90% of the square. Keep everything inside the frame.

Output: 512x512 PNG, RGBA, genuine transparent background. No text, numerals, labels, logos or watermark.",作成済み,,references/invidious.png
Greece.png,ギリシャ,ギリシャ,"Subject: Greece, target meaning ""ギリシャ"".

Composition: Show a compact Greek scene with whitewashed island houses, blue sea, and a classical marble column.

Style: Use the attached invidious.png for drawing style only. Match its thick rounded dark-brown contours, simplified rounded shapes, and restrained 2D cartoon shading. Do not copy the reference subject or composition.

Framing: One compact composition, with the complete subject using about 80-90% of the square. Keep everything inside the frame.

Output: 512x512 PNG, RGBA, genuine transparent background. No text, numerals, labels, logos or watermark.",作成済み,,references/invidious.png
Iran.png,イラン,イラン,"Subject: Iran, target meaning ""イラン"".

Composition: Show an Iranian landscape with Persian architectural arches, tiled dome, and dry mountain backdrop.

Style: Use the attached invidious.png for drawing style only. Match its thick rounded dark-brown contours, simplified rounded shapes, and restrained 2D cartoon shading. Do not copy the reference subject or composition.

Framing: One compact composition, with the complete subject using about 80-90% of the square. Keep everything inside the frame.

Output: 512x512 PNG, RGBA, genuine transparent background. No text, numerals, labels, logos or watermark.",作成済み,,references/invidious.png
combat.png,と戦う,と戦う,"Subject: combat, target meaning ""と戦う"".

Composition: Show two armored training partners sparring with padded practice weapons in a controlled stance, no injuries.

Style: Use the attached invidious.png for drawing style only. Match its thick rounded dark-brown contours, simplified rounded shapes, and restrained 2D cartoon shading. Do not copy the reference subject or composition.

Framing: One compact composition, with the complete subject using about 80-90% of the square. Keep everything inside the frame.

Output: 512x512 PNG, RGBA, genuine transparent background. No text, numerals, labels, logos or watermark.",作成済み,,references/invidious.png
dignity.png,威厳,威厳,"Subject: dignity, target meaning ""威厳"".

Composition: Show an older adult standing calmly upright in plain formal clothing, composed and self-respecting despite a difficult situation.

Style: Use the attached invidious.png for drawing style only. Match its thick rounded dark-brown contours, simplified rounded shapes, and restrained 2D cartoon shading. Do not copy the reference subject or composition.

Framing: One compact composition, with the complete subject using about 80-90% of the square. Keep everything inside the frame.

Output: 512x512 PNG, RGBA, genuine transparent background. No text, numerals, labels, logos or watermark.",作成済み,,references/invidious.png
displacement.png,移動、転移,移動,"Subject: displacement, target meaning ""移動"".

Composition: Show a block moved from its original outlined position to a new position several steps away, with a single arrow marking the change in location.

Style: Use the attached invidious.png for drawing style only. Match its thick rounded dark-brown contours, simplified rounded shapes, and restrained 2D cartoon shading. Do not copy the reference subject or composition.

Framing: One compact composition, with the complete subject using about 80-90% of the square. Keep everything inside the frame.

Output: 512x512 PNG, RGBA, genuine transparent background. No text, numerals, labels, logos or watermark.",作成済み,,references/invidious.png
gonna.png,ゴナ；ガナ,ゴナ；ガナ,"Subject: gonna, target meaning ""ゴナ；ガナ"".

Composition: Show one person pointing toward a door and beginning to leave, clearly indicating an intended near-future action.

Style: Use the attached invidious.png for drawing style only. Match its thick rounded dark-brown contours, simplified rounded shapes, and restrained 2D cartoon shading. Do not copy the reference subject or composition.

Framing: One compact composition, with the complete subject using about 80-90% of the square. Keep everything inside the frame.

Output: 512x512 PNG, RGBA, genuine transparent background. No text, numerals, labels, logos or watermark.",作成済み,,references/invidious.png
leaning.png,傾向,傾向,"Subject: leaning, target meaning ""傾向"".

Composition: Show a plant or pole consistently tilted toward one side, with several repeated examples all slanting the same direction to suggest a tendency.

Style: Use the attached invidious.png for drawing style only. Match its thick rounded dark-brown contours, simplified rounded shapes, and restrained 2D cartoon shading. Do not copy the reference subject or composition.

Framing: One compact composition, with the complete subject using about 80-90% of the square. Keep everything inside the frame.

Output: 512x512 PNG, RGBA, genuine transparent background. No text, numerals, labels, logos or watermark.",作成済み,,references/invidious.png
pants.png,ズボン,ズボン,"Subject: pants, target meaning ""ズボン"".

Composition: Show one complete pair of trousers hanging straight, with waistband, two legs, pockets, and cuffs fully visible.

Style: Use the attached invidious.png for drawing style only. Match its thick rounded dark-brown contours, simplified rounded shapes, and restrained 2D cartoon shading. Do not copy the reference subject or composition.

Framing: One compact composition, with the complete subject using about 80-90% of the square. Keep everything inside the frame.

Output: 512x512 PNG, RGBA, genuine transparent background. No text, numerals, labels, logos or watermark.",作成済み,,references/invidious.png
resolved.png,決心して,決心して,"Subject: resolved, target meaning ""決心して"".

Composition: Show one person standing upright with clenched fist, steady gaze, and one chosen path ahead after making a firm decision.

Style: Use the attached invidious.png for drawing style only. Match its thick rounded dark-brown contours, simplified rounded shapes, and restrained 2D cartoon shading. Do not copy the reference subject or composition.

Framing: One compact composition, with the complete subject using about 80-90% of the square. Keep everything inside the frame.

Output: 512x512 PNG, RGBA, genuine transparent background. No text, numerals, labels, logos or watermark.",作成済み,,references/invidious.png
roughly.png,おおよそ,おおよそ,"Subject: roughly, target meaning ""おおよそ"".

Composition: Show a jar of about ten stones with the quantity presented as an approximate handful rather than an exact count.

Style: Use the attached invidious.png for drawing style only. Match its thick rounded dark-brown contours, simplified rounded shapes, and restrained 2D cartoon shading. Do not copy the reference subject or composition.

Framing: One compact composition, with the complete subject using about 80-90% of the square. Keep everything inside the frame.

Output: 512x512 PNG, RGBA, genuine transparent background. No text, numerals, labels, logos or watermark.",作成済み,,references/invidious.png
similarly.png,同様に、類似して,同様に,"Subject: similarly, target meaning ""同様に"".

Composition: Show two different objects arranged in nearly the same shape and position, emphasizing their similar pattern without being identical.

Style: Use the attached invidious.png for drawing style only. Match its thick rounded dark-brown contours, simplified rounded shapes, and restrained 2D cartoon shading. Do not copy the reference subject or composition.

Framing: One compact composition, with the complete subject using about 80-90% of the square. Keep everything inside the frame.

Output: 512x512 PNG, RGBA, genuine transparent background. No text, numerals, labels, logos or watermark.",作成済み,,references/invidious.png
throne.png,王位,王位,"Subject: throne, target meaning ""王位"".

Composition: Show an ornate royal throne with carved armrests, high back, and a crown resting on the seat.

Style: Use the attached invidious.png for drawing style only. Match its thick rounded dark-brown contours, simplified rounded shapes, and restrained 2D cartoon shading. Do not copy the reference subject or composition.

Framing: One compact composition, with the complete subject using about 80-90% of the square. Keep everything inside the frame.

Output: 512x512 PNG, RGBA, genuine transparent background. No text, numerals, labels, logos or watermark.",作成済み,,references/invidious.png
corporation.png,株式会社,株式会社,"Subject: corporation, target meaning ""株式会社"".

Composition: Show a large office company with several departments, employees, and a central administrative desk under one shared organization.

Style: Use the attached invidious.png for drawing style only. Match its thick rounded dark-brown contours, simplified rounded shapes, and restrained 2D cartoon shading. Do not copy the reference subject or composition.

Framing: One compact composition, with the complete subject using about 80-90% of the square. Keep everything inside the frame.

Output: 512x512 PNG, RGBA, genuine transparent background. No text, numerals, labels, logos or watermark.",作成済み,,references/invidious.png
fraction.png,分数,分数,"Subject: fraction, target meaning ""分数"".

Composition: Show one round pie divided into equal slices with only a few slices separated from the whole, clearly representing a fraction.

Style: Use the attached invidious.png for drawing style only. Match its thick rounded dark-brown contours, simplified rounded shapes, and restrained 2D cartoon shading. Do not copy the reference subject or composition.

Framing: One compact composition, with the complete subject using about 80-90% of the square. Keep everything inside the frame.

Output: 512x512 PNG, RGBA, genuine transparent background. No text, numerals, labels, logos or watermark.",作成済み,,references/invidious.png
honour.png,オナー,オナー,"Subject: honour, target meaning ""オナー"".

Composition: Show one person receiving a medal or formal recognition from another in a respectful ceremony.

Style: Use the attached invidious.png for drawing style only. Match its thick rounded dark-brown contours, simplified rounded shapes, and restrained 2D cartoon shading. Do not copy the reference subject or composition.

Framing: One compact composition, with the complete subject using about 80-90% of the square. Keep everything inside the frame.

Output: 512x512 PNG, RGBA, genuine transparent background. No text, numerals, labels, logos or watermark.",作成済み,,references/invidious.png
instantly.png,すぐに、すぐさま,すぐに,"Subject: instantly, target meaning ""すぐに"".

Composition: Show a light switching on at the exact moment a button is pressed, with no delay between cause and result.

Style: Use the attached invidious.png for drawing style only. Match its thick rounded dark-brown contours, simplified rounded shapes, and restrained 2D cartoon shading. Do not copy the reference subject or composition.

Framing: One compact composition, with the complete subject using about 80-90% of the square. Keep everything inside the frame.

Output: 512x512 PNG, RGBA, genuine transparent background. No text, numerals, labels, logos or watermark.",作成済み,,references/invidious.png
mild.png,温和な,温和な,"Subject: mild, target meaning ""温和な"".

Composition: Show comfortably warm soup with only a little steam and a relaxed person tasting it without any strong reaction.

Style: Use the attached invidious.png for drawing style only. Match its thick rounded dark-brown contours, simplified rounded shapes, and restrained 2D cartoon shading. Do not copy the reference subject or composition.

Framing: One compact composition, with the complete subject using about 80-90% of the square. Keep everything inside the frame.

Output: 512x512 PNG, RGBA, genuine transparent background. No text, numerals, labels, logos or watermark.",作成済み,,references/invidious.png
shooting.png,射撃、発砲,射撃,"Subject: shooting, target meaning ""射撃"".

Composition: Show a controlled sports shooting range with an adult aiming toward a paper target, protective equipment visible and no injury or aggression.

Style: Use the attached invidious.png for drawing style only. Match its thick rounded dark-brown contours, simplified rounded shapes, and restrained 2D cartoon shading. Do not copy the reference subject or composition.

Framing: One compact composition, with the complete subject using about 80-90% of the square. Keep everything inside the frame.

Output: 512x512 PNG, RGBA, genuine transparent background. No text, numerals, labels, logos or watermark.",作成済み,,references/invidious.png
visiting.png,訪問,訪問,"Subject: visiting, target meaning ""訪問"".

Composition: Show one guest arriving at another person's home carrying a small bag while the host welcomes them at the door.

Style: Use the attached invidious.png for drawing style only. Match its thick rounded dark-brown contours, simplified rounded shapes, and restrained 2D cartoon shading. Do not copy the reference subject or composition.

Framing: One compact composition, with the complete subject using about 80-90% of the square. Keep everything inside the frame.

Output: 512x512 PNG, RGBA, genuine transparent background. No text, numerals, labels, logos or watermark.",作成済み,,references/invidious.png
whilst.png,…する一方で,…する一方で,"Subject: whilst, target meaning ""…する一方で"".

Composition: Show two actions occurring at the same time within one shared room: one person cooks while another cleans dishes.

Style: Use the attached invidious.png for drawing style only. Match its thick rounded dark-brown contours, simplified rounded shapes, and restrained 2D cartoon shading. Do not copy the reference subject or composition.

Framing: One compact composition, with the complete subject using about 80-90% of the square. Keep everything inside the frame.

Output: 512x512 PNG, RGBA, genuine transparent background. No text, numerals, labels, logos or watermark.",作成済み,,references/invidious.png
winning.png,勝者である,勝者である,"Subject: winning, target meaning ""勝者である"".

Composition: Show one competitor standing on the highest podium step holding a trophy while the other competitors stand below.

Style: Use the attached invidious.png for drawing style only. Match its thick rounded dark-brown contours, simplified rounded shapes, and restrained 2D cartoon shading. Do not copy the reference subject or composition.

Framing: One compact composition, with the complete subject using about 80-90% of the square. Keep everything inside the frame.

Output: 512x512 PNG, RGBA, genuine transparent background. No text, numerals, labels, logos or watermark.",作成済み,,references/invidious.png
Lucy.png,ルーシー,ルーシー,"Subject: Lucy, target meaning ""ルーシー"".

Composition: Show a young adult woman named Lucy with auburn hair, green cardigan, and cheerful open expression.

Style: Use the attached invidious.png for drawing style only. Match its thick rounded dark-brown contours, simplified rounded shapes, and restrained 2D cartoon shading. Do not copy the reference subject or composition.

Framing: One compact composition, with the complete subject using about 80-90% of the square. Keep everything inside the frame.

Output: 512x512 PNG, RGBA, genuine transparent background. No text, numerals, labels, logos or watermark.",作成済み,,references/invidious.png
blessed@bhel3.png,祝福された(bless の過去分詞),祝福された(bless の過去分詞),"Subject: blessed, target meaning ""祝福された(bless の過去分詞)"".

Composition: Show one person receiving a gentle ceremonial blessing from a clergy figure with a raised hand, both calm and respectful.

Style: Use the attached invidious.png for drawing style only. Match its thick rounded dark-brown contours, simplified rounded shapes, and restrained 2D cartoon shading. Do not copy the reference subject or composition.

Framing: One compact composition, with the complete subject using about 80-90% of the square. Keep everything inside the frame.

Output: 512x512 PNG, RGBA, genuine transparent background. No text, numerals, labels, logos or watermark.",作成済み,,references/invidious.png
faithful.png,忠実な,忠実な,"Subject: faithful, target meaning ""忠実な"".

Composition: Show a loyal dog staying beside its owner through rain while the owner rests, emphasizing steadfast loyalty.

Style: Use the attached invidious.png for drawing style only. Match its thick rounded dark-brown contours, simplified rounded shapes, and restrained 2D cartoon shading. Do not copy the reference subject or composition.

Framing: One compact composition, with the complete subject using about 80-90% of the square. Keep everything inside the frame.

Output: 512x512 PNG, RGBA, genuine transparent background. No text, numerals, labels, logos or watermark.",作成済み,,references/invidious.png
landing.png,上陸,上陸,"Subject: landing, target meaning ""上陸"".

Composition: Show a small boat reaching shore with its bow touching the beach as passengers step onto land.

Style: Use the attached invidious.png for drawing style only. Match its thick rounded dark-brown contours, simplified rounded shapes, and restrained 2D cartoon shading. Do not copy the reference subject or composition.

Framing: One compact composition, with the complete subject using about 80-90% of the square. Keep everything inside the frame.

Output: 512x512 PNG, RGBA, genuine transparent background. No text, numerals, labels, logos or watermark.",作成済み,,references/invidious.png
lap@lab.png,なめる、打ち寄せる,なめる,"Subject: lap, target meaning ""なめる"".

Composition: Show a cat repeatedly licking a small bowl of milk or water with its tongue clearly extended to the surface.

Style: Use the attached invidious.png for drawing style only. Match its thick rounded dark-brown contours, simplified rounded shapes, and restrained 2D cartoon shading. Do not copy the reference subject or composition.

Framing: One compact composition, with the complete subject using about 80-90% of the square. Keep everything inside the frame.

Output: 512x512 PNG, RGBA, genuine transparent background. No text, numerals, labels, logos or watermark.",作成済み,,references/invidious.png
magnitude.png,大きさ,大きさ,"Subject: magnitude, target meaning ""大きさ"".

Composition: Show three solid spheres on the same baseline, one small, one medium, and one very large, so their differing magnitude or size is the sole visual focus.

Style: Use the attached invidious.png for drawing style only. Match its thick rounded dark-brown contours, simplified rounded shapes, and restrained 2D cartoon shading. Do not copy the reference subject or composition.

Framing: One compact composition, with the complete subject using about 80-90% of the square. Keep everything inside the frame.

Output: 512x512 PNG, RGBA, genuine transparent background. No text, numerals, labels, logos or watermark.",作成済み,,references/invidious.png
medication.png,薬物治療,薬物治療,"Subject: medication, target meaning ""薬物治療"".

Composition: Show a patient following a simple treatment routine with prescribed tablets, a glass of water, and a medicine schedule card, non-promotional.

Style: Use the attached invidious.png for drawing style only. Match its thick rounded dark-brown contours, simplified rounded shapes, and restrained 2D cartoon shading. Do not copy the reference subject or composition.

Framing: One compact composition, with the complete subject using about 80-90% of the square. Keep everything inside the frame.

Output: 512x512 PNG, RGBA, genuine transparent background. No text, numerals, labels, logos or watermark.",作成済み,,references/invidious.png
shocked.png,衝撃を受けた,衝撃を受けた,"Subject: shocked, target meaning ""衝撃を受けた"".

Composition: Show one person frozen with wide eyes, open mouth, and raised hands immediately after hearing surprising bad news.

Style: Use the attached invidious.png for drawing style only. Match its thick rounded dark-brown contours, simplified rounded shapes, and restrained 2D cartoon shading. Do not copy the reference subject or composition.

Framing: One compact composition, with the complete subject using about 80-90% of the square. Keep everything inside the frame.

Output: 512x512 PNG, RGBA, genuine transparent background. No text, numerals, labels, logos or watermark.",作成済み,,references/invidious.png
touching.png,人を感動させる,人を感動させる,"Subject: touching, target meaning ""人を感動させる"".

Composition: Show an older parent opening a handmade card from a child and becoming visibly emotional, one hand over the heart.

Style: Use the attached invidious.png for drawing style only. Match its thick rounded dark-brown contours, simplified rounded shapes, and restrained 2D cartoon shading. Do not copy the reference subject or composition.

Framing: One compact composition, with the complete subject using about 80-90% of the square. Keep everything inside the frame.

Output: 512x512 PNG, RGBA, genuine transparent background. No text, numerals, labels, logos or watermark.",作成済み,,references/invidious.png
Friday.png,金曜日,金曜日,"Subject: Friday, target meaning ""金曜日"".

Composition: Show a weekly calendar with the Friday position emphasized, beside an end-of-workweek bag and casual evening shoes.

Style: Use the attached invidious.png for drawing style only. Match its thick rounded dark-brown contours, simplified rounded shapes, and restrained 2D cartoon shading. Do not copy the reference subject or composition.

Framing: One compact composition, with the complete subject using about 80-90% of the square. Keep everything inside the frame.

Output: 512x512 PNG, RGBA, genuine transparent background. No text, numerals, labels, logos or watermark.",作成済み,,references/invidious.png
awake.png,覚醒する,覚醒する,"Subject: awake, target meaning ""覚醒する"".

Composition: Show one person sitting upright in bed with fully open eyes just after waking, morning light entering through a window.

Style: Use the attached invidious.png for drawing style only. Match its thick rounded dark-brown contours, simplified rounded shapes, and restrained 2D cartoon shading. Do not copy the reference subject or composition.

Framing: One compact composition, with the complete subject using about 80-90% of the square. Keep everything inside the frame.

Output: 512x512 PNG, RGBA, genuine transparent background. No text, numerals, labels, logos or watermark.",作成済み,,references/invidious.png
gesture.png,ジェスチャー,ジェスチャー,"Subject: gesture, target meaning ""ジェスチャー"".

Composition: Show one hand making a clear thumbs-up while the person's face and posture support the intended gesture.

Style: Use the attached invidious.png for drawing style only. Match its thick rounded dark-brown contours, simplified rounded shapes, and restrained 2D cartoon shading. Do not copy the reference subject or composition.

Framing: One compact composition, with the complete subject using about 80-90% of the square. Keep everything inside the frame.

Output: 512x512 PNG, RGBA, genuine transparent background. No text, numerals, labels, logos or watermark.",作成済み,,references/invidious.png
grasp.png,把握する,把握する,"Subject: grasp, target meaning ""把握する"".

Composition: Show one hand firmly gripping a round handle with all fingers wrapped around it, while the other hand stabilizes the object.

Style: Use the attached invidious.png for drawing style only. Match its thick rounded dark-brown contours, simplified rounded shapes, and restrained 2D cartoon shading. Do not copy the reference subject or composition.

Framing: One compact composition, with the complete subject using about 80-90% of the square. Keep everything inside the frame.

Output: 512x512 PNG, RGBA, genuine transparent background. No text, numerals, labels, logos or watermark.",作成済み,,references/invidious.png
pile@peis1.png,基礎杭,基礎杭,"Subject: pile, target meaning ""基礎杭"".

Composition: Show several long foundation piles driven vertically deep into the ground beneath a building footing, in a clean construction cutaway.

Style: Use the attached invidious.png for drawing style only. Match its thick rounded dark-brown contours, simplified rounded shapes, and restrained 2D cartoon shading. Do not copy the reference subject or composition.

Framing: One compact composition, with the complete subject using about 80-90% of the square. Keep everything inside the frame.

Output: 512x512 PNG, RGBA, genuine transparent background. No text, numerals, labels, logos or watermark.",作成済み,,references/invidious.png
riding@reidh.png,乗馬,乗馬,"Subject: riding, target meaning ""乗馬"".

Composition: Show one rider seated on a horse with feet in stirrups and hands on reins, moving at a calm pace.

Style: Use the attached invidious.png for drawing style only. Match its thick rounded dark-brown contours, simplified rounded shapes, and restrained 2D cartoon shading. Do not copy the reference subject or composition.

Framing: One compact composition, with the complete subject using about 80-90% of the square. Keep everything inside the frame.

Output: 512x512 PNG, RGBA, genuine transparent background. No text, numerals, labels, logos or watermark.",作成済み,,references/invidious.png
sensory.png,感覚の,感覚の,"Subject: sensory, target meaning ""感覚の"".

Composition: Show a person simultaneously touching a textured object, smelling a flower, and looking closely at color, emphasizing information from the senses.

Style: Use the attached invidious.png for drawing style only. Match its thick rounded dark-brown contours, simplified rounded shapes, and restrained 2D cartoon shading. Do not copy the reference subject or composition.

Framing: One compact composition, with the complete subject using about 80-90% of the square. Keep everything inside the frame.

Output: 512x512 PNG, RGBA, genuine transparent background. No text, numerals, labels, logos or watermark.",作成済み,,references/invidious.png
shortly.png,間もなく、すぐに,間もなく,"Subject: shortly, target meaning ""間もなく"".

Composition: Show a clock hand only a small distance before an upcoming marked time, with a short arrow indicating it will happen soon.

Style: Use the attached invidious.png for drawing style only. Match its thick rounded dark-brown contours, simplified rounded shapes, and restrained 2D cartoon shading. Do not copy the reference subject or composition.

Framing: One compact composition, with the complete subject using about 80-90% of the square. Keep everything inside the frame.

Output: 512x512 PNG, RGBA, genuine transparent background. No text, numerals, labels, logos or watermark.",作成済み,,references/invidious.png
structured.png,構造化された(手続きを段階に分けて組む計画法の),構造化された(手続きを段階に分けて組む計画法の),"Subject: structured, target meaning ""構造化された(手続きを段階に分けて組む計画法の)"".

Composition: Show a complex task broken into several orderly sequential blocks connected by arrows from start to finish.

Style: Use the attached invidious.png for drawing style only. Match its thick rounded dark-brown contours, simplified rounded shapes, and restrained 2D cartoon shading. Do not copy the reference subject or composition.

Framing: One compact composition, with the complete subject using about 80-90% of the square. Keep everything inside the frame.

Output: 512x512 PNG, RGBA, genuine transparent background. No text, numerals, labels, logos or watermark.",作成済み,,references/invidious.png
tale.png,物語,物語,"Subject: tale, target meaning ""物語"".

Composition: Show a storyteller reading from an illustrated storybook while one listener imagines the scene in a small thought bubble.

Style: Use the attached invidious.png for drawing style only. Match its thick rounded dark-brown contours, simplified rounded shapes, and restrained 2D cartoon shading. Do not copy the reference subject or composition.

Framing: One compact composition, with the complete subject using about 80-90% of the square. Keep everything inside the frame.

Output: 512x512 PNG, RGBA, genuine transparent background. No text, numerals, labels, logos or watermark.",作成済み,,references/invidious.png
threatening.png,脅す,脅す,"Subject: threatening, target meaning ""脅す"".

Composition: Show one aggressive adult looming with clenched fist and hard expression while another adult steps back defensively; no physical injury.

Style: Use the attached invidious.png for drawing style only. Match its thick rounded dark-brown contours, simplified rounded shapes, and restrained 2D cartoon shading. Do not copy the reference subject or composition.

Framing: One compact composition, with the complete subject using about 80-90% of the square. Keep everything inside the frame.

Output: 512x512 PNG, RGBA, genuine transparent background. No text, numerals, labels, logos or watermark.",作成済み,,references/invidious.png
uncomfortable.png,心地良くない、気まずい,心地良くない,"Subject: uncomfortable, target meaning ""心地良くない"".

Composition: Show one person sitting awkwardly on a stiff chair, shifting posture with a tense face and one hand rubbing the lower back.

Style: Use the attached invidious.png for drawing style only. Match its thick rounded dark-brown contours, simplified rounded shapes, and restrained 2D cartoon shading. Do not copy the reference subject or composition.

Framing: One compact composition, with the complete subject using about 80-90% of the square. Keep everything inside the frame.

Output: 512x512 PNG, RGBA, genuine transparent background. No text, numerals, labels, logos or watermark.",作成済み,,references/invidious.png
validity.png,妥当性,妥当性,"Subject: validity, target meaning ""妥当性"".

Composition: Show an official comparing a document with a matching identification card and embossed seal, then placing a clear approval check beside the verified pair.

Style: Use the attached invidious.png for drawing style only. Match its thick rounded dark-brown contours, simplified rounded shapes, and restrained 2D cartoon shading. Do not copy the reference subject or composition.

Framing: One compact composition, with the complete subject using about 80-90% of the square. Keep everything inside the frame.

Output: 512x512 PNG, RGBA, genuine transparent background. No text, numerals, labels, logos or watermark.",作成済み,,references/invidious.png
warmth.png,暖かさ,暖かさ,"Subject: warmth, target meaning ""暖かさ"".

Composition: Show two bare hands wrapped around a steaming ceramic mug, fingers relaxed close to the hot surface while gentle heat waves rise.

Style: Use the attached invidious.png for drawing style only. Match its thick rounded dark-brown contours, simplified rounded shapes, and restrained 2D cartoon shading. Do not copy the reference subject or composition.

Framing: One compact composition, with the complete subject using about 80-90% of the square. Keep everything inside the frame.

Output: 512x512 PNG, RGBA, genuine transparent background. No text, numerals, labels, logos or watermark.",作成済み,,references/invidious.png
Abraham.png,エイブラハム,エイブラハム,"Subject: Abraham, target meaning ""エイブラハム"".

Composition: Show the biblical Abraham as an elderly bearded man in desert robes standing beside a simple tent under a star-filled sky.

Style: Use the attached invidious.png for drawing style only. Match its thick rounded dark-brown contours, simplified rounded shapes, and restrained 2D cartoon shading. Do not copy the reference subject or composition.

Framing: One compact composition, with the complete subject using about 80-90% of the square. Keep everything inside the frame.

Output: 512x512 PNG, RGBA, genuine transparent background. No text, numerals, labels, logos or watermark.",作成済み,,references/invidious.png
Rachel.png,レイチャル,レイチャル,"Subject: Rachel, target meaning ""レイチャル"".

Composition: Show biblical Rachel as a young woman in ancient Near Eastern clothing standing beside a flock of sheep and a stone well.

Style: Use the attached invidious.png for drawing style only. Match its thick rounded dark-brown contours, simplified rounded shapes, and restrained 2D cartoon shading. Do not copy the reference subject or composition.

Framing: One compact composition, with the complete subject using about 80-90% of the square. Keep everything inside the frame.

Output: 512x512 PNG, RGBA, genuine transparent background. No text, numerals, labels, logos or watermark.",作成済み,,references/invidious.png
desert@de-ser3.png,砂漠,砂漠,"Subject: desert, target meaning ""砂漠"".

Composition: Show a broad dry desert landscape with sand dunes, bare rock, sparse scrub, and strong sun.

Style: Use the attached invidious.png for drawing style only. Match its thick rounded dark-brown contours, simplified rounded shapes, and restrained 2D cartoon shading. Do not copy the reference subject or composition.

Framing: One compact composition, with the complete subject using about 80-90% of the square. Keep everything inside the frame.

Output: 512x512 PNG, RGBA, genuine transparent background. No text, numerals, labels, logos or watermark.",作成済み,,references/invidious.png
gay.png,同性愛の、ゲイの,同性愛の,"Subject: gay, target meaning ""同性愛の"".

Composition: Show two adult men holding hands affectionately and smiling at each other, fully clothed and non-sexual.

Style: Use the attached invidious.png for drawing style only. Match its thick rounded dark-brown contours, simplified rounded shapes, and restrained 2D cartoon shading. Do not copy the reference subject or composition.

Framing: One compact composition, with the complete subject using about 80-90% of the square. Keep everything inside the frame.

Output: 512x512 PNG, RGBA, genuine transparent background. No text, numerals, labels, logos or watermark.",作成済み,,references/invidious.png
minimal.png,最小限の,最小限の,"Subject: minimal, target meaning ""最小限の"".

Composition: Show a simple room containing only one chair, one small table, and one lamp, with no unnecessary decoration.

Style: Use the attached invidious.png for drawing style only. Match its thick rounded dark-brown contours, simplified rounded shapes, and restrained 2D cartoon shading. Do not copy the reference subject or composition.

Framing: One compact composition, with the complete subject using about 80-90% of the square. Keep everything inside the frame.

Output: 512x512 PNG, RGBA, genuine transparent background. No text, numerals, labels, logos or watermark.",作成済み,,references/invidious.png
mustnt.png,〜してはならない(must not の短縮),〜してはならない(must not の短縮),"Subject: mustn't, target meaning ""〜してはならない(must not の短縮)"".

Composition: Show a hand about to touch a hot surface being stopped by a clear prohibition symbol and a warning gesture from another person.

Style: Use the attached invidious.png for drawing style only. Match its thick rounded dark-brown contours, simplified rounded shapes, and restrained 2D cartoon shading. Do not copy the reference subject or composition.

Framing: One compact composition, with the complete subject using about 80-90% of the square. Keep everything inside the frame.

Output: 512x512 PNG, RGBA, genuine transparent background. No text, numerals, labels, logos or watermark.",作成済み,,references/invidious.png
onset.png,始まり、開始,始まり,"Subject: onset, target meaning ""始まり"".

Composition: Show the very first raindrops beginning to fall from dark clouds while the ground is still mostly dry, emphasizing the start of an event.

Style: Use the attached invidious.png for drawing style only. Match its thick rounded dark-brown contours, simplified rounded shapes, and restrained 2D cartoon shading. Do not copy the reference subject or composition.

Framing: One compact composition, with the complete subject using about 80-90% of the square. Keep everything inside the frame.

Output: 512x512 PNG, RGBA, genuine transparent background. No text, numerals, labels, logos or watermark.",作成済み,,references/invidious.png
scent.png,香り,香り,"Subject: scent, target meaning ""香り"".

Composition: Show a flower releasing a subtle curling scent trail toward a person who leans in and inhales.

Style: Use the attached invidious.png for drawing style only. Match its thick rounded dark-brown contours, simplified rounded shapes, and restrained 2D cartoon shading. Do not copy the reference subject or composition.

Framing: One compact composition, with the complete subject using about 80-90% of the square. Keep everything inside the frame.

Output: 512x512 PNG, RGBA, genuine transparent background. No text, numerals, labels, logos or watermark.",作成済み,,references/invidious.png
segment.png,セグメント,セグメント,"Subject: segment, target meaning ""セグメント"".

Composition: Show one orange divided into several distinct wedge segments, with one wedge separated slightly from the whole.

Style: Use the attached invidious.png for drawing style only. Match its thick rounded dark-brown contours, simplified rounded shapes, and restrained 2D cartoon shading. Do not copy the reference subject or composition.

Framing: One compact composition, with the complete subject using about 80-90% of the square. Keep everything inside the frame.

Output: 512x512 PNG, RGBA, genuine transparent background. No text, numerals, labels, logos or watermark.",作成済み,,references/invidious.png
steam.png,蒸気、湯気,蒸気,"Subject: steam, target meaning ""蒸気"".

Composition: Show hot water in a cup producing clearly visible rising white steam curls above the surface.

Style: Use the attached invidious.png for drawing style only. Match its thick rounded dark-brown contours, simplified rounded shapes, and restrained 2D cartoon shading. Do not copy the reference subject or composition.

Framing: One compact composition, with the complete subject using about 80-90% of the square. Keep everything inside the frame.

Output: 512x512 PNG, RGBA, genuine transparent background. No text, numerals, labels, logos or watermark.",作成済み,,references/invidious.png
talent.png,才能,才能,"Subject: talent, target meaning ""才能"".

Composition: Show a young musician playing a difficult passage confidently while an instructor watches with impressed expression.

Style: Use the attached invidious.png for drawing style only. Match its thick rounded dark-brown contours, simplified rounded shapes, and restrained 2D cartoon shading. Do not copy the reference subject or composition.

Framing: One compact composition, with the complete subject using about 80-90% of the square. Keep everything inside the frame.

Output: 512x512 PNG, RGBA, genuine transparent background. No text, numerals, labels, logos or watermark.",作成済み,,references/invidious.png
Jordan.png,ジョーダン、ジョードゥン,ジョーダン,"Subject: Jordan, target meaning ""ジョーダン"".

Composition: Show an early-20th-century American scholar in formal suit with round spectacles, holding a biology book and university papers.

Style: Use the attached invidious.png for drawing style only. Match its thick rounded dark-brown contours, simplified rounded shapes, and restrained 2D cartoon shading. Do not copy the reference subject or composition.

Framing: One compact composition, with the complete subject using about 80-90% of the square. Keep everything inside the frame.

Output: 512x512 PNG, RGBA, genuine transparent background. No text, numerals, labels, logos or watermark.",作成済み,,references/invidious.png
Shakespeare.png,シェークスピア,シェークスピア,"Subject: Shakespeare, target meaning ""シェークスピア"".

Composition: Show William Shakespeare in Elizabethan clothing with high collar, trimmed beard, quill, and open manuscript on a desk.

Style: Use the attached invidious.png for drawing style only. Match its thick rounded dark-brown contours, simplified rounded shapes, and restrained 2D cartoon shading. Do not copy the reference subject or composition.

Framing: One compact composition, with the complete subject using about 80-90% of the square. Keep everything inside the frame.

Output: 512x512 PNG, RGBA, genuine transparent background. No text, numerals, labels, logos or watermark.",作成済み,,references/invidious.png
crack.png,ひび,ひび,"Subject: crack, target meaning ""ひび"".

Composition: Show a ceramic cup with one clear narrow crack running from the rim downward, still in one piece.

Style: Use the attached invidious.png for drawing style only. Match its thick rounded dark-brown contours, simplified rounded shapes, and restrained 2D cartoon shading. Do not copy the reference subject or composition.

Framing: One compact composition, with the complete subject using about 80-90% of the square. Keep everything inside the frame.

Output: 512x512 PNG, RGBA, genuine transparent background. No text, numerals, labels, logos or watermark.",作成済み,,references/invidious.png
da.png,ドパミン,ドパミン,"Subject: da, target meaning ""ドパミン"".

Composition: Show a simplified dopamine molecule as a clean ball-and-stick structure beside a neuron releasing small signal dots.

Style: Use the attached invidious.png for drawing style only. Match its thick rounded dark-brown contours, simplified rounded shapes, and restrained 2D cartoon shading. Do not copy the reference subject or composition.

Framing: One compact composition, with the complete subject using about 80-90% of the square. Keep everything inside the frame.

Output: 512x512 PNG, RGBA, genuine transparent background. No text, numerals, labels, logos or watermark.",作成済み,,references/invidious.png
heating.png,加熱,加熱,"Subject: heating, target meaning ""加熱"".

Composition: Show a pot on a stove changing from cool to hot with rising steam and visible heat waves.

Style: Use the attached invidious.png for drawing style only. Match its thick rounded dark-brown contours, simplified rounded shapes, and restrained 2D cartoon shading. Do not copy the reference subject or composition.

Framing: One compact composition, with the complete subject using about 80-90% of the square. Keep everything inside the frame.

Output: 512x512 PNG, RGBA, genuine transparent background. No text, numerals, labels, logos or watermark.",作成済み,,references/invidious.png
nevertheless.png,それにもかかわらず、それでもなお,それにもかかわらず,"Subject: nevertheless, target meaning ""それにもかかわらず"".

Composition: Show one person continuing forward under an umbrella through rain despite a blocked-looking difficult path, with determined posture.

Style: Use the attached invidious.png for drawing style only. Match its thick rounded dark-brown contours, simplified rounded shapes, and restrained 2D cartoon shading. Do not copy the reference subject or composition.

Framing: One compact composition, with the complete subject using about 80-90% of the square. Keep everything inside the frame.

Output: 512x512 PNG, RGBA, genuine transparent background. No text, numerals, labels, logos or watermark.",作成済み,,references/invidious.png
over-.png,…の上方に,…の上方に,"Subject: over-, target meaning ""…の上方に"".

Composition: Show a red ball suspended directly above a blue box with a clear vertical gap between them, making the above relationship unambiguous.

Style: Use the attached invidious.png for drawing style only. Match its thick rounded dark-brown contours, simplified rounded shapes, and restrained 2D cartoon shading. Do not copy the reference subject or composition.

Framing: One compact composition, with the complete subject using about 80-90% of the square. Keep everything inside the frame.

Output: 512x512 PNG, RGBA, genuine transparent background. No text, numerals, labels, logos or watermark.",作成済み,,references/invidious.png
Allen.png,アレン、アラン,アレン,"Subject: Allen, target meaning ""アレン"".

Composition: Show an 18th-century American frontier soldier named Ethan Allen in colonial coat, boots, and tricorn hat, standing confidently.

Style: Use the attached invidious.png for drawing style only. Match its thick rounded dark-brown contours, simplified rounded shapes, and restrained 2D cartoon shading. Do not copy the reference subject or composition.

Framing: One compact composition, with the complete subject using about 80-90% of the square. Keep everything inside the frame.

Output: 512x512 PNG, RGBA, genuine transparent background. No text, numerals, labels, logos or watermark.",作成済み,,references/invidious.png
Clark.png,クラーク,クラーク,"Subject: Clark, target meaning ""クラーク"".

Composition: Show an early-20th-century American politician in formal suit at a wooden lectern, with neatly combed hair and serious expression.

Style: Use the attached invidious.png for drawing style only. Match its thick rounded dark-brown contours, simplified rounded shapes, and restrained 2D cartoon shading. Do not copy the reference subject or composition.

Framing: One compact composition, with the complete subject using about 80-90% of the square. Keep everything inside the frame.

Output: 512x512 PNG, RGBA, genuine transparent background. No text, numerals, labels, logos or watermark.",作成済み,,references/invidious.png
Vietnam.png,ベトナム,ベトナム,"Subject: Vietnam, target meaning ""ベトナム"".

Composition: Show a compact Vietnam scene with terraced rice fields, limestone karsts, and a traditional conical hat resting in the foreground.

Style: Use the attached invidious.png for drawing style only. Match its thick rounded dark-brown contours, simplified rounded shapes, and restrained 2D cartoon shading. Do not copy the reference subject or composition.

Framing: One compact composition, with the complete subject using about 80-90% of the square. Keep everything inside the frame.

Output: 512x512 PNG, RGBA, genuine transparent background. No text, numerals, labels, logos or watermark.",作成済み,,references/invidious.png
artistic.png,芸術的な,芸術的な,"Subject: artistic, target meaning ""芸術的な"".

Composition: Show a painter creating an expressive composition on canvas with deliberate shapes, color choices, and careful brushwork.

Style: Use the attached invidious.png for drawing style only. Match its thick rounded dark-brown contours, simplified rounded shapes, and restrained 2D cartoon shading. Do not copy the reference subject or composition.

Framing: One compact composition, with the complete subject using about 80-90% of the square. Keep everything inside the frame.

Output: 512x512 PNG, RGBA, genuine transparent background. No text, numerals, labels, logos or watermark.",作成済み,,references/invidious.png
brilliant.png,キラキラ光る、さんさんと輝く,キラキラ光る,"Subject: brilliant, target meaning ""キラキラ光る"".

Composition: Show one faceted crystal catching a beam of light and producing several sharp bright sparkles and strong reflected highlights.

Style: Use the attached invidious.png for drawing style only. Match its thick rounded dark-brown contours, simplified rounded shapes, and restrained 2D cartoon shading. Do not copy the reference subject or composition.

Framing: One compact composition, with the complete subject using about 80-90% of the square. Keep everything inside the frame.

Output: 512x512 PNG, RGBA, genuine transparent background. No text, numerals, labels, logos or watermark.",作成済み,,references/invidious.png
cellular.png,細胞の,細胞の,"Subject: cellular, target meaning ""細胞の"".

Composition: Show a clean group of several cells with membranes and nuclei visible, arranged as a small tissue-like cluster.

Style: Use the attached invidious.png for drawing style only. Match its thick rounded dark-brown contours, simplified rounded shapes, and restrained 2D cartoon shading. Do not copy the reference subject or composition.

Framing: One compact composition, with the complete subject using about 80-90% of the square. Keep everything inside the frame.

Output: 512x512 PNG, RGBA, genuine transparent background. No text, numerals, labels, logos or watermark.",作成済み,,references/invidious.png
metabolic.png,代謝の,代謝の,"Subject: metabolic, target meaning ""代謝の"".

Composition: Show a simplified cell converting food-like molecules into small energy symbols through an internal reaction pathway.

Style: Use the attached invidious.png for drawing style only. Match its thick rounded dark-brown contours, simplified rounded shapes, and restrained 2D cartoon shading. Do not copy the reference subject or composition.

Framing: One compact composition, with the complete subject using about 80-90% of the square. Keep everything inside the frame.

Output: 512x512 PNG, RGBA, genuine transparent background. No text, numerals, labels, logos or watermark.",作成済み,,references/invidious.png
pile@pilo.png,けば,けば,"Subject: pile, target meaning ""けば"".

Composition: Show a close-up edge of fabric with many tiny short fuzzy fibers standing up from the surface as the pile.

Style: Use the attached invidious.png for drawing style only. Match its thick rounded dark-brown contours, simplified rounded shapes, and restrained 2D cartoon shading. Do not copy the reference subject or composition.

Framing: One compact composition, with the complete subject using about 80-90% of the square. Keep everything inside the frame.

Output: 512x512 PNG, RGBA, genuine transparent background. No text, numerals, labels, logos or watermark.",作成済み,,references/invidious.png
pulmonary.png,肺の,肺の,"Subject: pulmonary, target meaning ""肺の"".

Composition: Show a clean anatomical pair of lungs with branching airways clearly visible, centered in the chest.

Style: Use the attached invidious.png for drawing style only. Match its thick rounded dark-brown contours, simplified rounded shapes, and restrained 2D cartoon shading. Do not copy the reference subject or composition.

Framing: One compact composition, with the complete subject using about 80-90% of the square. Keep everything inside the frame.

Output: 512x512 PNG, RGBA, genuine transparent background. No text, numerals, labels, logos or watermark.",作成済み,,references/invidious.png
Dan.png,～さん,～さん,"Subject: Dan, target meaning ""～さん"".

Composition: Show one person politely addressing an older man with a respectful bow and open-hand gesture, conveying an honorific form of address.

Style: Use the attached invidious.png for drawing style only. Match its thick rounded dark-brown contours, simplified rounded shapes, and restrained 2D cartoon shading. Do not copy the reference subject or composition.

Framing: One compact composition, with the complete subject using about 80-90% of the square. Keep everything inside the frame.

Output: 512x512 PNG, RGBA, genuine transparent background. No text, numerals, labels, logos or watermark.",作成済み,,references/invidious.png
colored.png,色のついた,色のついた,"Subject: colored, target meaning ""色のついた"".

Composition: Show one previously plain object coated in a vivid single color, with a small uncolored edge revealing the contrast.

Style: Use the attached invidious.png for drawing style only. Match its thick rounded dark-brown contours, simplified rounded shapes, and restrained 2D cartoon shading. Do not copy the reference subject or composition.

Framing: One compact composition, with the complete subject using about 80-90% of the square. Keep everything inside the frame.

Output: 512x512 PNG, RGBA, genuine transparent background. No text, numerals, labels, logos or watermark.",作成済み,,references/invidious.png
curiosity.png,好奇心,好奇心,"Subject: curiosity, target meaning ""好奇心"".

Composition: Show one person leaning forward to peer inside a mysterious open box, eyes wide and brows raised with eager interest.

Style: Use the attached invidious.png for drawing style only. Match its thick rounded dark-brown contours, simplified rounded shapes, and restrained 2D cartoon shading. Do not copy the reference subject or composition.

Framing: One compact composition, with the complete subject using about 80-90% of the square. Keep everything inside the frame.

Output: 512x512 PNG, RGBA, genuine transparent background. No text, numerals, labels, logos or watermark.",作成済み,,references/invidious.png
educated.png,教育を受けた,教育を受けた,"Subject: educated, target meaning ""教育を受けた"".

Composition: Show an adult confidently reading a complex book and working through a study problem at a desk with several completed notes.

Style: Use the attached invidious.png for drawing style only. Match its thick rounded dark-brown contours, simplified rounded shapes, and restrained 2D cartoon shading. Do not copy the reference subject or composition.

Framing: One compact composition, with the complete subject using about 80-90% of the square. Keep everything inside the frame.

Output: 512x512 PNG, RGBA, genuine transparent background. No text, numerals, labels, logos or watermark.",作成済み,,references/invidious.png
hallway.png,玄関ホール,玄関ホール,"Subject: hallway, target meaning ""玄関ホール"".

Composition: Show a long interior hallway with walls, floor, ceiling, several doorways, and a clear passage running straight through.

Style: Use the attached invidious.png for drawing style only. Match its thick rounded dark-brown contours, simplified rounded shapes, and restrained 2D cartoon shading. Do not copy the reference subject or composition.

Framing: One compact composition, with the complete subject using about 80-90% of the square. Keep everything inside the frame.

Output: 512x512 PNG, RGBA, genuine transparent background. No text, numerals, labels, logos or watermark.",作成済み,,references/invidious.png
hug.png,抱き締める,抱き締める,"Subject: hug, target meaning ""抱き締める"".

Composition: Show two adults warmly embracing with both arms around each other, relaxed and friendly.

Style: Use the attached invidious.png for drawing style only. Match its thick rounded dark-brown contours, simplified rounded shapes, and restrained 2D cartoon shading. Do not copy the reference subject or composition.

Framing: One compact composition, with the complete subject using about 80-90% of the square. Keep everything inside the frame.

Output: 512x512 PNG, RGBA, genuine transparent background. No text, numerals, labels, logos or watermark.",作成済み,,references/invidious.png
midst.png,真ん中,真ん中,"Subject: midst, target meaning ""真ん中"".

Composition: Show one person standing exactly in the center of a surrounding group, with equal space around them.

Style: Use the attached invidious.png for drawing style only. Match its thick rounded dark-brown contours, simplified rounded shapes, and restrained 2D cartoon shading. Do not copy the reference subject or composition.

Framing: One compact composition, with the complete subject using about 80-90% of the square. Keep everything inside the frame.

Output: 512x512 PNG, RGBA, genuine transparent background. No text, numerals, labels, logos or watermark.",作成済み,,references/invidious.png
operator.png,オペレータ,オペレータ,"Subject: operator, target meaning ""オペレータ"".

Composition: Show a control-room operator seated at a console, adjusting switches and monitoring several machine indicators.

Style: Use the attached invidious.png for drawing style only. Match its thick rounded dark-brown contours, simplified rounded shapes, and restrained 2D cartoon shading. Do not copy the reference subject or composition.

Framing: One compact composition, with the complete subject using about 80-90% of the square. Keep everything inside the frame.

Output: 512x512 PNG, RGBA, genuine transparent background. No text, numerals, labels, logos or watermark.",作成済み,,references/invidious.png
toxic.png,有毒な,有毒な,"Subject: toxic, target meaning ""有毒な"".

Composition: Show a sealed container marked with a clear skull hazard symbol beside a wilted plant, indicating poisonous danger without showing any recipe or substance details.

Style: Use the attached invidious.png for drawing style only. Match its thick rounded dark-brown contours, simplified rounded shapes, and restrained 2D cartoon shading. Do not copy the reference subject or composition.

Framing: One compact composition, with the complete subject using about 80-90% of the square. Keep everything inside the frame.

Output: 512x512 PNG, RGBA, genuine transparent background. No text, numerals, labels, logos or watermark.",作成済み,,references/invidious.png
belt.png,ベルト、帯,ベルト,"Subject: belt, target meaning ""ベルト"".

Composition: Show one complete belt with buckle, strap, holes, and loop fully visible as the single main object.

Style: Use the attached invidious.png for drawing style only. Match its thick rounded dark-brown contours, simplified rounded shapes, and restrained 2D cartoon shading. Do not copy the reference subject or composition.

Framing: One compact composition, with the complete subject using about 80-90% of the square. Keep everything inside the frame.

Output: 512x512 PNG, RGBA, genuine transparent background. No text, numerals, labels, logos or watermark.",作成済み,,references/invidious.png
bet.png,賭け、賭け金,賭け,"Subject: bet, target meaning ""賭け"".

Composition: Show two adults placing coins into the center of a table beside a pair of dice, both watching the result with focused anticipation.

Style: Use the attached invidious.png for drawing style only. Match its thick rounded dark-brown contours, simplified rounded shapes, and restrained 2D cartoon shading. Do not copy the reference subject or composition.

Framing: One compact composition, with the complete subject using about 80-90% of the square. Keep everything inside the frame.

Output: 512x512 PNG, RGBA, genuine transparent background. No text, numerals, labels, logos or watermark.",作成済み,,references/invidious.png
chart.png,図、表,図,"Subject: chart, target meaning ""図"".

Composition: Show a clean chart with several vertical bars of different heights and one simple line crossing them, no numbers or labels.

Style: Use the attached invidious.png for drawing style only. Match its thick rounded dark-brown contours, simplified rounded shapes, and restrained 2D cartoon shading. Do not copy the reference subject or composition.

Framing: One compact composition, with the complete subject using about 80-90% of the square. Keep everything inside the frame.

Output: 512x512 PNG, RGBA, genuine transparent background. No text, numerals, labels, logos or watermark.",作成済み,,references/invidious.png
doorway.png,戸口、出入り口,戸口,"Subject: doorway, target meaning ""戸口"".

Composition: Show one open doorway with visible frame, threshold, and a glimpse into the room beyond.

Style: Use the attached invidious.png for drawing style only. Match its thick rounded dark-brown contours, simplified rounded shapes, and restrained 2D cartoon shading. Do not copy the reference subject or composition.

Framing: One compact composition, with the complete subject using about 80-90% of the square. Keep everything inside the frame.

Output: 512x512 PNG, RGBA, genuine transparent background. No text, numerals, labels, logos or watermark.",作成済み,,references/invidious.png
lean.png,傾く,傾く,"Subject: lean, target meaning ""傾く"".

Composition: Show a tall freestanding board visibly tilted to one side while still touching the ground at its base.

Style: Use the attached invidious.png for drawing style only. Match its thick rounded dark-brown contours, simplified rounded shapes, and restrained 2D cartoon shading. Do not copy the reference subject or composition.

Framing: One compact composition, with the complete subject using about 80-90% of the square. Keep everything inside the frame.

Output: 512x512 PNG, RGBA, genuine transparent background. No text, numerals, labels, logos or watermark.",作成済み,,references/invidious.png
ministry.png,省,省,"Subject: ministry, target meaning ""省"".

Composition: Show a formal government ministry building with columns, flagpole, and one official carrying a document folder at the entrance.

Style: Use the attached invidious.png for drawing style only. Match its thick rounded dark-brown contours, simplified rounded shapes, and restrained 2D cartoon shading. Do not copy the reference subject or composition.

Framing: One compact composition, with the complete subject using about 80-90% of the square. Keep everything inside the frame.

Output: 512x512 PNG, RGBA, genuine transparent background. No text, numerals, labels, logos or watermark.",作成済み,,references/invidious.png
racism.png,人種差別、人種差別主義,人種差別,"Subject: racism, target meaning ""人種差別"".

Composition: Show two equally qualified people of different skin tones at the same counter while one is unfairly turned away and the other welcomed, clearly depicting discriminatory treatment without text.

Style: Use the attached invidious.png for drawing style only. Match its thick rounded dark-brown contours, simplified rounded shapes, and restrained 2D cartoon shading. Do not copy the reference subject or composition.

Framing: One compact composition, with the complete subject using about 80-90% of the square. Keep everything inside the frame.

Output: 512x512 PNG, RGBA, genuine transparent background. No text, numerals, labels, logos or watermark.",作成済み,,references/invidious.png
spell.png,つづる,つづる,"Subject: spell, target meaning ""つづる"".

Composition: Show a child arranging separate letter tiles into a single word while pointing to each tile in order, with the letters simple and readable.

Style: Use the attached invidious.png for drawing style only. Match its thick rounded dark-brown contours, simplified rounded shapes, and restrained 2D cartoon shading. Do not copy the reference subject or composition.

Framing: One compact composition, with the complete subject using about 80-90% of the square. Keep everything inside the frame.

Output: 512x512 PNG, RGBA, genuine transparent background. No text, numerals, labels, logos or watermark.",作成済み,,references/invidious.png
swept@swei2.png,掃いた(sweep の過去・過去分詞),掃いた(sweep の過去・過去分詞),"Subject: swept, target meaning ""掃いた(sweep の過去・過去分詞)"".

Composition: Show a clean floor with dust gathered into one small pile beside a broom that has just finished sweeping it.

Style: Use the attached invidious.png for drawing style only. Match its thick rounded dark-brown contours, simplified rounded shapes, and restrained 2D cartoon shading. Do not copy the reference subject or composition.

Framing: One compact composition, with the complete subject using about 80-90% of the square. Keep everything inside the frame.

Output: 512x512 PNG, RGBA, genuine transparent background. No text, numerals, labels, logos or watermark.",作成済み,,references/invidious.png
terror.png,恐怖,恐怖,"Subject: terror, target meaning ""恐怖"".

Composition: Show one person frozen in intense fear with wide eyes, trembling hands, and body pressed back from a large harmless shadow.

Style: Use the attached invidious.png for drawing style only. Match its thick rounded dark-brown contours, simplified rounded shapes, and restrained 2D cartoon shading. Do not copy the reference subject or composition.

Framing: One compact composition, with the complete subject using about 80-90% of the square. Keep everything inside the frame.

Output: 512x512 PNG, RGBA, genuine transparent background. No text, numerals, labels, logos or watermark.",作成済み,,references/invidious.png
tolerance.png,寛容,寛容,"Subject: tolerance, target meaning ""寛容"".

Composition: Show two people with visibly different customs or clothing calmly sharing the same table and listening respectfully to each other.

Style: Use the attached invidious.png for drawing style only. Match its thick rounded dark-brown contours, simplified rounded shapes, and restrained 2D cartoon shading. Do not copy the reference subject or composition.

Framing: One compact composition, with the complete subject using about 80-90% of the square. Keep everything inside the frame.

Output: 512x512 PNG, RGBA, genuine transparent background. No text, numerals, labels, logos or watermark.",作成済み,,references/invidious.png
wage.png,賃金,賃金,"Subject: wage, target meaning ""賃金"".

Composition: Show a worker receiving a pay envelope and coins from an employer after completing a work shift.

Style: Use the attached invidious.png for drawing style only. Match its thick rounded dark-brown contours, simplified rounded shapes, and restrained 2D cartoon shading. Do not copy the reference subject or composition.

Framing: One compact composition, with the complete subject using about 80-90% of the square. Keep everything inside the frame.

Output: 512x512 PNG, RGBA, genuine transparent background. No text, numerals, labels, logos or watermark.",作成済み,,references/invidious.png
Netherlands.png,オランダ,オランダ,"Subject: Netherlands, target meaning ""オランダ"".

Composition: Show a Dutch landscape with a windmill, flat green polder fields, canal water, and a bicycle beside the path.

Style: Use the attached invidious.png for drawing style only. Match its thick rounded dark-brown contours, simplified rounded shapes, and restrained 2D cartoon shading. Do not copy the reference subject or composition.

Framing: One compact composition, with the complete subject using about 80-90% of the square. Keep everything inside the frame.

Output: 512x512 PNG, RGBA, genuine transparent background. No text, numerals, labels, logos or watermark.",作成済み,,references/invidious.png
OK.png,オッケーで、うまくいって,オッケーで,"Subject: OK, target meaning ""オッケーで"".

Composition: Show one person giving a clear thumbs-up with relaxed smile after checking a completed task.

Style: Use the attached invidious.png for drawing style only. Match its thick rounded dark-brown contours, simplified rounded shapes, and restrained 2D cartoon shading. Do not copy the reference subject or composition.

Framing: One compact composition, with the complete subject using about 80-90% of the square. Keep everything inside the frame.

Output: 512x512 PNG, RGBA, genuine transparent background. No text, numerals, labels, logos or watermark.",作成済み,,references/invidious.png
Zealand.png,シェラン島,シェラン島,"Subject: Zealand, target meaning ""シェラン島"".

Composition: Show Denmark's Zealand island as a low green coastal landscape with a map-like island silhouette and Copenhagen-style waterfront cue.

Style: Use the attached invidious.png for drawing style only. Match its thick rounded dark-brown contours, simplified rounded shapes, and restrained 2D cartoon shading. Do not copy the reference subject or composition.

Framing: One compact composition, with the complete subject using about 80-90% of the square. Keep everything inside the frame.

Output: 512x512 PNG, RGBA, genuine transparent background. No text, numerals, labels, logos or watermark.",作成済み,,references/invidious.png
bacterial.png,細菌の,細菌の,"Subject: bacterial, target meaning ""細菌の"".

Composition: Show several enlarged rod-shaped and spherical bacteria around a clean petri dish viewed under a microscope.

Style: Use the attached invidious.png for drawing style only. Match its thick rounded dark-brown contours, simplified rounded shapes, and restrained 2D cartoon shading. Do not copy the reference subject or composition.

Framing: One compact composition, with the complete subject using about 80-90% of the square. Keep everything inside the frame.

Output: 512x512 PNG, RGBA, genuine transparent background. No text, numerals, labels, logos or watermark.",作成済み,,references/invidious.png
balanced.png,釣り合いのとれた、均衡した,釣り合いのとれた,"Subject: balanced, target meaning ""釣り合いのとれた"".

Composition: Show a balance scale perfectly level with equal weights on both pans.

Style: Use the attached invidious.png for drawing style only. Match its thick rounded dark-brown contours, simplified rounded shapes, and restrained 2D cartoon shading. Do not copy the reference subject or composition.

Framing: One compact composition, with the complete subject using about 80-90% of the square. Keep everything inside the frame.

Output: 512x512 PNG, RGBA, genuine transparent background. No text, numerals, labels, logos or watermark.",作成済み,,references/invidious.png
calculate.png,計算する,計算する,"Subject: calculate, target meaning ""計算する"".

Composition: Show one person entering numbers into a calculator beside a page of simple arithmetic and checking the result.

Style: Use the attached invidious.png for drawing style only. Match its thick rounded dark-brown contours, simplified rounded shapes, and restrained 2D cartoon shading. Do not copy the reference subject or composition.

Framing: One compact composition, with the complete subject using about 80-90% of the square. Keep everything inside the frame.

Output: 512x512 PNG, RGBA, genuine transparent background. No text, numerals, labels, logos or watermark.",作成済み,,references/invidious.png
corn@greno.png,トウモロコシ,トウモロコシ,"Subject: corn, target meaning ""トウモロコシ"".

Composition: Show one ripe ear of yellow corn with green husks partly peeled back and kernels clearly visible.

Style: Use the attached invidious.png for drawing style only. Match its thick rounded dark-brown contours, simplified rounded shapes, and restrained 2D cartoon shading. Do not copy the reference subject or composition.

Framing: One compact composition, with the complete subject using about 80-90% of the square. Keep everything inside the frame.

Output: 512x512 PNG, RGBA, genuine transparent background. No text, numerals, labels, logos or watermark.",作成済み,,references/invidious.png
dirt.png,土、泥,土,"Subject: dirt, target meaning ""土"".

Composition: Show a compact mound of dark brown soil with small pebbles and a few loose grains scattered around its base.

Style: Use the attached invidious.png for drawing style only. Match its thick rounded dark-brown contours, simplified rounded shapes, and restrained 2D cartoon shading. Do not copy the reference subject or composition.

Framing: One compact composition, with the complete subject using about 80-90% of the square. Keep everything inside the frame.

Output: 512x512 PNG, RGBA, genuine transparent background. No text, numerals, labels, logos or watermark.",作成済み,,references/invidious.png
draft.png,草稿,草稿,"Subject: draft, target meaning ""草稿"".

Composition: Show a rough first version of a document with crossed-out lines, margin notes, and a pen beside it, all text unreadable.

Style: Use the attached invidious.png for drawing style only. Match its thick rounded dark-brown contours, simplified rounded shapes, and restrained 2D cartoon shading. Do not copy the reference subject or composition.

Framing: One compact composition, with the complete subject using about 80-90% of the square. Keep everything inside the frame.

Output: 512x512 PNG, RGBA, genuine transparent background. No text, numerals, labels, logos or watermark.",作成済み,,references/invidious.png
drunk.png,酔った、酔っぱらった,酔った,"Subject: drunk, target meaning ""酔った"".

Composition: Show one adult swaying unsteadily beside a table with flushed face, unfocused eyes, and a tipped empty drinking glass, with no celebration or glamour.

Style: Use the attached invidious.png for drawing style only. Match its thick rounded dark-brown contours, simplified rounded shapes, and restrained 2D cartoon shading. Do not copy the reference subject or composition.

Framing: One compact composition, with the complete subject using about 80-90% of the square. Keep everything inside the frame.

Output: 512x512 PNG, RGBA, genuine transparent background. No text, numerals, labels, logos or watermark.",作成済み,,references/invidious.png
ecosystem.png,生態系,生態系,"Subject: ecosystem, target meaning ""生態系"".

Composition: Show a compact pond ecosystem with fish, frog, reeds, insects, water plants, and sunlight linking the living parts in one scene.

Style: Use the attached invidious.png for drawing style only. Match its thick rounded dark-brown contours, simplified rounded shapes, and restrained 2D cartoon shading. Do not copy the reference subject or composition.

Framing: One compact composition, with the complete subject using about 80-90% of the square. Keep everything inside the frame.

Output: 512x512 PNG, RGBA, genuine transparent background. No text, numerals, labels, logos or watermark.",作成済み,,references/invidious.png
eyed.png,目のある,目のある,"Subject: eyed, target meaning ""目のある"".

Composition: Show a butterfly wing with one large eye-like spot pattern clearly visible, emphasizing the presence of an 'eye' marking.

Style: Use the attached invidious.png for drawing style only. Match its thick rounded dark-brown contours, simplified rounded shapes, and restrained 2D cartoon shading. Do not copy the reference subject or composition.

Framing: One compact composition, with the complete subject using about 80-90% of the square. Keep everything inside the frame.

Output: 512x512 PNG, RGBA, genuine transparent background. No text, numerals, labels, logos or watermark.",作成済み,,references/invidious.png
highlight.png,強調する、目立たせる,強調する,"Subject: highlight, target meaning ""強調する"".

Composition: Show one important sentence on a document marked by a bright translucent highlighter stripe while surrounding lines remain plain.

Style: Use the attached invidious.png for drawing style only. Match its thick rounded dark-brown contours, simplified rounded shapes, and restrained 2D cartoon shading. Do not copy the reference subject or composition.

Framing: One compact composition, with the complete subject using about 80-90% of the square. Keep everything inside the frame.

Output: 512x512 PNG, RGBA, genuine transparent background. No text, numerals, labels, logos or watermark.",作成済み,,references/invidious.png
in-law.png,姻戚、姻族,姻戚,"Subject: in-law, target meaning ""姻戚"".

Composition: Show a married couple standing between two older parents from each side of the family, visually connecting the spouses to their in-laws.

Style: Use the attached invidious.png for drawing style only. Match its thick rounded dark-brown contours, simplified rounded shapes, and restrained 2D cartoon shading. Do not copy the reference subject or composition.

Framing: One compact composition, with the complete subject using about 80-90% of the square. Keep everything inside the frame.

Output: 512x512 PNG, RGBA, genuine transparent background. No text, numerals, labels, logos or watermark.",作成済み,,references/invidious.png
justified.png,理にかなった、もっともな,理にかなった,"Subject: justified, target meaning ""理にかなった"".

Composition: Show one person presenting clear evidence for a decision while another reviews the evidence and nods in agreement, making the reasoned justification visible.

Style: Use the attached invidious.png for drawing style only. Match its thick rounded dark-brown contours, simplified rounded shapes, and restrained 2D cartoon shading. Do not copy the reference subject or composition.

Framing: One compact composition, with the complete subject using about 80-90% of the square. Keep everything inside the frame.

Output: 512x512 PNG, RGBA, genuine transparent background. No text, numerals, labels, logos or watermark.",作成済み,,references/invidious.png
laser.png,レーザー,レーザー,"Subject: laser, target meaning ""レーザー"".

Composition: Show one compact laser device emitting a thin straight red beam onto a small target spot on a wall.

Style: Use the attached invidious.png for drawing style only. Match its thick rounded dark-brown contours, simplified rounded shapes, and restrained 2D cartoon shading. Do not copy the reference subject or composition.

Framing: One compact composition, with the complete subject using about 80-90% of the square. Keep everything inside the frame.

Output: 512x512 PNG, RGBA, genuine transparent background. No text, numerals, labels, logos or watermark.",作成済み,,references/invidious.png
pan@per2.png,キンマの葉で作る嗜好品,キンマの葉で作る嗜好品,"Subject: pan, target meaning ""キンマの葉で作る嗜好品"".

Composition: Show a neatly folded betel leaf packet containing areca nut pieces and spices, presented as a traditional paan preparation with no branding.

Style: Use the attached invidious.png for drawing style only. Match its thick rounded dark-brown contours, simplified rounded shapes, and restrained 2D cartoon shading. Do not copy the reference subject or composition.

Framing: One compact composition, with the complete subject using about 80-90% of the square. Keep everything inside the frame.

Output: 512x512 PNG, RGBA, genuine transparent background. No text, numerals, labels, logos or watermark.",作成済み,,references/invidious.png
safely.png,安全に,安全に,"Subject: safely, target meaning ""安全に"".

Composition: Show one cyclist wearing a helmet and reflective gear, stopping correctly at a crossing with both hands on the brakes.

Style: Use the attached invidious.png for drawing style only. Match its thick rounded dark-brown contours, simplified rounded shapes, and restrained 2D cartoon shading. Do not copy the reference subject or composition.

Framing: One compact composition, with the complete subject using about 80-90% of the square. Keep everything inside the frame.

Output: 512x512 PNG, RGBA, genuine transparent background. No text, numerals, labels, logos or watermark.",作成済み,,references/invidious.png
thrust.png,押しつける,押しつける,"Subject: thrust, target meaning ""押しつける"".

Composition: Show two hands forcefully pushing a heavy box forward across a floor, with the forward shove clearly visible.

Style: Use the attached invidious.png for drawing style only. Match its thick rounded dark-brown contours, simplified rounded shapes, and restrained 2D cartoon shading. Do not copy the reference subject or composition.

Framing: One compact composition, with the complete subject using about 80-90% of the square. Keep everything inside the frame.

Output: 512x512 PNG, RGBA, genuine transparent background. No text, numerals, labels, logos or watermark.",作成済み,,references/invidious.png
Susan.png,スーザン,スーザン,"Subject: Susan, target meaning ""スーザン"".

Composition: Show an adult woman named Susan with shoulder-length brown hair, simple blouse, and calm friendly expression.

Style: Use the attached invidious.png for drawing style only. Match its thick rounded dark-brown contours, simplified rounded shapes, and restrained 2D cartoon shading. Do not copy the reference subject or composition.

Framing: One compact composition, with the complete subject using about 80-90% of the square. Keep everything inside the frame.

Output: 512x512 PNG, RGBA, genuine transparent background. No text, numerals, labels, logos or watermark.",作成済み,,references/invidious.png
app.png,アミロイド前駆タンパク質,アミロイド前駆タンパク質,"Subject: app, target meaning ""アミロイド前駆タンパク質"".

Composition: Show a simplified neuronal cell membrane with amyloid precursor protein embedded through it, drawn as a clean biomedical diagram.

Style: Use the attached invidious.png for drawing style only. Match its thick rounded dark-brown contours, simplified rounded shapes, and restrained 2D cartoon shading. Do not copy the reference subject or composition.

Framing: One compact composition, with the complete subject using about 80-90% of the square. Keep everything inside the frame.

Output: 512x512 PNG, RGBA, genuine transparent background. No text, numerals, labels, logos or watermark.",作成済み,,references/invidious.png
bitter.png,苦い,苦い,"Subject: bitter, target meaning ""苦い"".

Composition: Show one person tasting a small piece of bitter dark cocoa and reacting with tightened mouth and slight grimace.

Style: Use the attached invidious.png for drawing style only. Match its thick rounded dark-brown contours, simplified rounded shapes, and restrained 2D cartoon shading. Do not copy the reference subject or composition.

Framing: One compact composition, with the complete subject using about 80-90% of the square. Keep everything inside the frame.

Output: 512x512 PNG, RGBA, genuine transparent background. No text, numerals, labels, logos or watermark.",作成済み,,references/invidious.png
creativity.png,創造性,創造性,"Subject: creativity, target meaning ""創造性"".

Composition: Show one person at a desk combining paintbrushes, paper shapes, and an unusual handmade model into a new original design.

Style: Use the attached invidious.png for drawing style only. Match its thick rounded dark-brown contours, simplified rounded shapes, and restrained 2D cartoon shading. Do not copy the reference subject or composition.

Framing: One compact composition, with the complete subject using about 80-90% of the square. Keep everything inside the frame.

Output: 512x512 PNG, RGBA, genuine transparent background. No text, numerals, labels, logos or watermark.",作成済み,,references/invidious.png
found@gheu.png,鋳造する,鋳造する,"Subject: found, target meaning ""鋳造する"".

Composition: Show molten metal being poured from a ladle into a shaped mold in a foundry, with glowing metal and protective tools visible.

Style: Use the attached invidious.png for drawing style only. Match its thick rounded dark-brown contours, simplified rounded shapes, and restrained 2D cartoon shading. Do not copy the reference subject or composition.

Framing: One compact composition, with the complete subject using about 80-90% of the square. Keep everything inside the frame.

Output: 512x512 PNG, RGBA, genuine transparent background. No text, numerals, labels, logos or watermark.",作成済み,,references/invidious.png
purely.png,単に,単に,"Subject: purely, target meaning ""単に"".

Composition: Show one plain white marble alone at the center of an otherwise empty surface, with nothing mixed in, added, or surrounding it.

Style: Use the attached invidious.png for drawing style only. Match its thick rounded dark-brown contours, simplified rounded shapes, and restrained 2D cartoon shading. Do not copy the reference subject or composition.

Framing: One compact composition, with the complete subject using about 80-90% of the square. Keep everything inside the frame.

Output: 512x512 PNG, RGBA, genuine transparent background. No text, numerals, labels, logos or watermark.",作成済み,,references/invidious.png
quarters.png,兵舎,兵舎,"Subject: quarters, target meaning ""兵舎"".

Composition: Show a simple military barracks room with identical beds, footlockers, and uniforms arranged in rows.

Style: Use the attached invidious.png for drawing style only. Match its thick rounded dark-brown contours, simplified rounded shapes, and restrained 2D cartoon shading. Do not copy the reference subject or composition.

Framing: One compact composition, with the complete subject using about 80-90% of the square. Keep everything inside the frame.

Output: 512x512 PNG, RGBA, genuine transparent background. No text, numerals, labels, logos or watermark.",作成済み,,references/invidious.png
Jason.png,ジェイソン,ジェイソン,"Subject: Jason, target meaning ""ジェイソン"".

Composition: Show the mythic Jason as a young Greek hero in bronze-age armor holding a ship's steering oar, with the prow of the Argo behind him.

Style: Use the attached invidious.png for drawing style only. Match its thick rounded dark-brown contours, simplified rounded shapes, and restrained 2D cartoon shading. Do not copy the reference subject or composition.

Framing: One compact composition, with the complete subject using about 80-90% of the square. Keep everything inside the frame.

Output: 512x512 PNG, RGBA, genuine transparent background. No text, numerals, labels, logos or watermark.",作成済み,,references/invidious.png
analytical.png,分析の,分析の,"Subject: analytical, target meaning ""分析の"".

Composition: Show one researcher separating a complex object into labeled-free component pieces on a desk while comparing them under a magnifying glass.

Style: Use the attached invidious.png for drawing style only. Match its thick rounded dark-brown contours, simplified rounded shapes, and restrained 2D cartoon shading. Do not copy the reference subject or composition.

Framing: One compact composition, with the complete subject using about 80-90% of the square. Keep everything inside the frame.

Output: 512x512 PNG, RGBA, genuine transparent background. No text, numerals, labels, logos or watermark.",作成済み,,references/invidious.png
attachment.png,添付,添付,"Subject: attachment, target meaning ""添付"".

Composition: Show a paperclip fastening one small document to a larger main document, with the attached sheet clearly secondary.

Style: Use the attached invidious.png for drawing style only. Match its thick rounded dark-brown contours, simplified rounded shapes, and restrained 2D cartoon shading. Do not copy the reference subject or composition.

Framing: One compact composition, with the complete subject using about 80-90% of the square. Keep everything inside the frame.

Output: 512x512 PNG, RGBA, genuine transparent background. No text, numerals, labels, logos or watermark.",作成済み,,references/invidious.png
bulk.png,大半,大半,"Subject: bulk, target meaning ""大半"".

Composition: Show one large pile containing most of a group of boxes, with only a few boxes set aside separately.

Style: Use the attached invidious.png for drawing style only. Match its thick rounded dark-brown contours, simplified rounded shapes, and restrained 2D cartoon shading. Do not copy the reference subject or composition.

Framing: One compact composition, with the complete subject using about 80-90% of the square. Keep everything inside the frame.

Output: 512x512 PNG, RGBA, genuine transparent background. No text, numerals, labels, logos or watermark.",作成済み,,references/invidious.png
flexibility.png,曲げやすさ、しなやかさ,曲げやすさ,"Subject: flexibility, target meaning ""曲げやすさ"".

Composition: Show a thin flexible strip bent smoothly into a U-shape without cracking, with both ends held by hands.

Style: Use the attached invidious.png for drawing style only. Match its thick rounded dark-brown contours, simplified rounded shapes, and restrained 2D cartoon shading. Do not copy the reference subject or composition.

Framing: One compact composition, with the complete subject using about 80-90% of the square. Keep everything inside the frame.

Output: 512x512 PNG, RGBA, genuine transparent background. No text, numerals, labels, logos or watermark.",作成済み,,references/invidious.png
frozen@preus.png,凍らせた(freeze の過去分詞),凍らせた(freeze の過去分詞),"Subject: frozen, target meaning ""凍らせた(freeze の過去分詞)"".

Composition: Show a tray of food encased in frost inside a freezer, with ice crystals clearly covering the surface.

Style: Use the attached invidious.png for drawing style only. Match its thick rounded dark-brown contours, simplified rounded shapes, and restrained 2D cartoon shading. Do not copy the reference subject or composition.

Framing: One compact composition, with the complete subject using about 80-90% of the square. Keep everything inside the frame.

Output: 512x512 PNG, RGBA, genuine transparent background. No text, numerals, labels, logos or watermark.",作成済み,,references/invidious.png
loading.png,荷積み,荷積み,"Subject: loading, target meaning ""荷積み"".

Composition: Show a worker placing stacked crates onto the open back of a truck using a hand trolley.

Style: Use the attached invidious.png for drawing style only. Match its thick rounded dark-brown contours, simplified rounded shapes, and restrained 2D cartoon shading. Do not copy the reference subject or composition.

Framing: One compact composition, with the complete subject using about 80-90% of the square. Keep everything inside the frame.

Output: 512x512 PNG, RGBA, genuine transparent background. No text, numerals, labels, logos or watermark.",作成済み,,references/invidious.png
shelter.png,避難所,避難所,"Subject: shelter, target meaning ""避難所"".

Composition: Show a small sturdy emergency shelter with roof and walls protecting two people from heavy rain outside.

Style: Use the attached invidious.png for drawing style only. Match its thick rounded dark-brown contours, simplified rounded shapes, and restrained 2D cartoon shading. Do not copy the reference subject or composition.

Framing: One compact composition, with the complete subject using about 80-90% of the square. Keep everything inside the frame.

Output: 512x512 PNG, RGBA, genuine transparent background. No text, numerals, labels, logos or watermark.",作成済み,,references/invidious.png
sole@sel1.png,足の裏,足の裏,"Subject: sole, target meaning ""足の裏"".

Composition: Show the underside of one bare human foot in a neutral anatomical pose, with the sole fully visible.

Style: Use the attached invidious.png for drawing style only. Match its thick rounded dark-brown contours, simplified rounded shapes, and restrained 2D cartoon shading. Do not copy the reference subject or composition.

Framing: One compact composition, with the complete subject using about 80-90% of the square. Keep everything inside the frame.

Output: 512x512 PNG, RGBA, genuine transparent background. No text, numerals, labels, logos or watermark.",作成済み,,references/invidious.png
bell.png,鐘,鐘,"Subject: bell, target meaning ""鐘"".

Composition: Show one bronze handbell with curved body, handle, and visible clapper underneath.

Style: Use the attached invidious.png for drawing style only. Match its thick rounded dark-brown contours, simplified rounded shapes, and restrained 2D cartoon shading. Do not copy the reference subject or composition.

Framing: One compact composition, with the complete subject using about 80-90% of the square. Keep everything inside the frame.

Output: 512x512 PNG, RGBA, genuine transparent background. No text, numerals, labels, logos or watermark.",作成済み,,references/invidious.png
belly.png,腹,腹,"Subject: belly, target meaning ""腹"".

Composition: Show the front abdomen of a clothed adult with one hand resting over the belly area, neutral and non-sexual.

Style: Use the attached invidious.png for drawing style only. Match its thick rounded dark-brown contours, simplified rounded shapes, and restrained 2D cartoon shading. Do not copy the reference subject or composition.

Framing: One compact composition, with the complete subject using about 80-90% of the square. Keep everything inside the frame.

Output: 512x512 PNG, RGBA, genuine transparent background. No text, numerals, labels, logos or watermark.",作成済み,,references/invidious.png
estimation.png,見積もり,見積もり,"Subject: estimation, target meaning ""見積もり"".

Composition: Show one person comparing an object to a ruler from a short distance and writing an approximate value on a note, with exact numbers unreadable.

Style: Use the attached invidious.png for drawing style only. Match its thick rounded dark-brown contours, simplified rounded shapes, and restrained 2D cartoon shading. Do not copy the reference subject or composition.

Framing: One compact composition, with the complete subject using about 80-90% of the square. Keep everything inside the frame.

Output: 512x512 PNG, RGBA, genuine transparent background. No text, numerals, labels, logos or watermark.",作成済み,,references/invidious.png
situated.png,位置している,位置している,"Subject: situated, target meaning ""位置している"".

Composition: Show a small house positioned clearly on top of a low hill between a river and a road, emphasizing where it is situated relative to the surroundings.

Style: Use the attached invidious.png for drawing style only. Match its thick rounded dark-brown contours, simplified rounded shapes, and restrained 2D cartoon shading. Do not copy the reference subject or composition.

Framing: One compact composition, with the complete subject using about 80-90% of the square. Keep everything inside the frame.

Output: 512x512 PNG, RGBA, genuine transparent background. No text, numerals, labels, logos or watermark.",作成済み,,references/invidious.png
Hannah.png,ハナ、ハナー,ハナ,"Subject: Hannah, target meaning ""ハナ"".

Composition: Show a young adult woman named Hannah with long dark hair, a cream sweater, and a calm friendly smile in a simple portrait.

Style: Use the attached invidious.png for drawing style only. Match its thick rounded dark-brown contours, simplified rounded shapes, and restrained 2D cartoon shading. Do not copy the reference subject or composition.

Framing: One compact composition, with the complete subject using about 80-90% of the square. Keep everything inside the frame.

Output: 512x512 PNG, RGBA, genuine transparent background. No text, numerals, labels, logos or watermark.",作成済み,,references/invidious.png
Laura.png,ローラ,ローラ,"Subject: Laura, target meaning ""ローラ"".

Composition: Show a young adult woman named Laura with shoulder-length brown hair, a green blouse, and relaxed confident expression.

Style: Use the attached invidious.png for drawing style only. Match its thick rounded dark-brown contours, simplified rounded shapes, and restrained 2D cartoon shading. Do not copy the reference subject or composition.

Framing: One compact composition, with the complete subject using about 80-90% of the square. Keep everything inside the frame.

Output: 512x512 PNG, RGBA, genuine transparent background. No text, numerals, labels, logos or watermark.",作成済み,,references/invidious.png
Tony.png,トニー、トニイ,トニー,"Subject: Tony, target meaning ""トニー"".

Composition: Show an adult man named Tony with short dark hair, casual jacket, and friendly open expression in a clean portrait.

Style: Use the attached invidious.png for drawing style only. Match its thick rounded dark-brown contours, simplified rounded shapes, and restrained 2D cartoon shading. Do not copy the reference subject or composition.

Framing: One compact composition, with the complete subject using about 80-90% of the square. Keep everything inside the frame.

Output: 512x512 PNG, RGBA, genuine transparent background. No text, numerals, labels, logos or watermark.",作成済み,,references/invidious.png
economics.png,経済学,経済学,"Subject: economics, target meaning ""経済学"".

Composition: Show a market scene with coins, a price chart, goods on a counter, and arrows between buyer and seller, representing supply, demand, and exchange.

Style: Use the attached invidious.png for drawing style only. Match its thick rounded dark-brown contours, simplified rounded shapes, and restrained 2D cartoon shading. Do not copy the reference subject or composition.

Framing: One compact composition, with the complete subject using about 80-90% of the square. Keep everything inside the frame.

Output: 512x512 PNG, RGBA, genuine transparent background. No text, numerals, labels, logos or watermark.",作成済み,,references/invidious.png
likelihood.png,可能性,可能性,"Subject: likelihood, target meaning ""可能性"".

Composition: Show dark rain clouds gathering above a person already opening an umbrella, making the probable outcome of rain visually clear.

Style: Use the attached invidious.png for drawing style only. Match its thick rounded dark-brown contours, simplified rounded shapes, and restrained 2D cartoon shading. Do not copy the reference subject or composition.

Framing: One compact composition, with the complete subject using about 80-90% of the square. Keep everything inside the frame.

Output: 512x512 PNG, RGBA, genuine transparent background. No text, numerals, labels, logos or watermark.",作成済み,,references/invidious.png
literacy.png,識字能力,識字能力,"Subject: literacy, target meaning ""識字能力"".

Composition: Show one person confidently reading a book and writing a short line with a pencil, with letters visible but not legible.

Style: Use the attached invidious.png for drawing style only. Match its thick rounded dark-brown contours, simplified rounded shapes, and restrained 2D cartoon shading. Do not copy the reference subject or composition.

Framing: One compact composition, with the complete subject using about 80-90% of the square. Keep everything inside the frame.

Output: 512x512 PNG, RGBA, genuine transparent background. No text, numerals, labels, logos or watermark.",作成済み,,references/invidious.png
rid.png,取り除く,取り除く,"Subject: rid, target meaning ""取り除く"".

Composition: Show one person removing weeds from a garden bed and placing them into a waste basket, clearly getting rid of unwanted growth.

Style: Use the attached invidious.png for drawing style only. Match its thick rounded dark-brown contours, simplified rounded shapes, and restrained 2D cartoon shading. Do not copy the reference subject or composition.

Framing: One compact composition, with the complete subject using about 80-90% of the square. Keep everything inside the frame.

Output: 512x512 PNG, RGBA, genuine transparent background. No text, numerals, labels, logos or watermark.",作成済み,,references/invidious.png
romantic.png,恋愛の、ロマンチックな,恋愛の,"Subject: romantic, target meaning ""恋愛の"".

Composition: Show two adults sharing a quiet candlelit dinner with flowers between them and warm affectionate expressions.

Style: Use the attached invidious.png for drawing style only. Match its thick rounded dark-brown contours, simplified rounded shapes, and restrained 2D cartoon shading. Do not copy the reference subject or composition.

Framing: One compact composition, with the complete subject using about 80-90% of the square. Keep everything inside the frame.

Output: 512x512 PNG, RGBA, genuine transparent background. No text, numerals, labels, logos or watermark.",作成済み,,references/invidious.png
Angeles.png,アンヘレス,アンヘレス,"Subject: Angeles, target meaning ""アンヘレス"".

Composition: Show a compact Los Angeles scene with palm trees, a broad boulevard, and a distant downtown skyline under bright sun.

Style: Use the attached invidious.png for drawing style only. Match its thick rounded dark-brown contours, simplified rounded shapes, and restrained 2D cartoon shading. Do not copy the reference subject or composition.

Framing: One compact composition, with the complete subject using about 80-90% of the square. Keep everything inside the frame.

Output: 512x512 PNG, RGBA, genuine transparent background. No text, numerals, labels, logos or watermark.",作成済み,,references/invidious.png
Benjamin.png,ベンジャミン,ベンジャミン,"Subject: Benjamin, target meaning ""ベンジャミン"".

Composition: Show an adult man named Benjamin with neatly trimmed hair, glasses, and a navy sweater, posed naturally with a thoughtful expression.

Style: Use the attached invidious.png for drawing style only. Match its thick rounded dark-brown contours, simplified rounded shapes, and restrained 2D cartoon shading. Do not copy the reference subject or composition.

Framing: One compact composition, with the complete subject using about 80-90% of the square. Keep everything inside the frame.

Output: 512x512 PNG, RGBA, genuine transparent background. No text, numerals, labels, logos or watermark.",作成済み,,references/invidious.png
Pakistan.png,パキスタン,パキスタン,"Subject: Pakistan, target meaning ""パキスタン"".

Composition: Show a compact Pakistan landscape with mountain peaks, a mosque dome, green fields, and a small crescent-and-star flag cue.

Style: Use the attached invidious.png for drawing style only. Match its thick rounded dark-brown contours, simplified rounded shapes, and restrained 2D cartoon shading. Do not copy the reference subject or composition.

Framing: One compact composition, with the complete subject using about 80-90% of the square. Keep everything inside the frame.

Output: 512x512 PNG, RGBA, genuine transparent background. No text, numerals, labels, logos or watermark.",作成済み,,references/invidious.png
Victoria.png,ビクトリア,ビクトリア,"Subject: Victoria, target meaning ""ビクトリア"".

Composition: Show a dignified 19th-century queen in a dark formal gown and small crown, standing beside a velvet chair with composed expression.

Style: Use the attached invidious.png for drawing style only. Match its thick rounded dark-brown contours, simplified rounded shapes, and restrained 2D cartoon shading. Do not copy the reference subject or composition.

Framing: One compact composition, with the complete subject using about 80-90% of the square. Keep everything inside the frame.

Output: 512x512 PNG, RGBA, genuine transparent background. No text, numerals, labels, logos or watermark.",作成済み,,references/invidious.png
flash.png,閃光、懐中電灯,閃光,"Subject: flash, target meaning ""閃光"".

Composition: Show a camera flash firing as a bright burst of white light from a small camera, with sharp radial light rays.

Style: Use the attached invidious.png for drawing style only. Match its thick rounded dark-brown contours, simplified rounded shapes, and restrained 2D cartoon shading. Do not copy the reference subject or composition.

Framing: One compact composition, with the complete subject using about 80-90% of the square. Keep everything inside the frame.

Output: 512x512 PNG, RGBA, genuine transparent background. No text, numerals, labels, logos or watermark.",作成済み,,references/invidious.png
horizon.png,地平線、水平線,地平線,"Subject: horizon, target meaning ""地平線"".

Composition: Show a flat ocean meeting the sky in one crisp horizontal line stretching from side to side.

Style: Use the attached invidious.png for drawing style only. Match its thick rounded dark-brown contours, simplified rounded shapes, and restrained 2D cartoon shading. Do not copy the reference subject or composition.

Framing: One compact composition, with the complete subject using about 80-90% of the square. Keep everything inside the frame.

Output: 512x512 PNG, RGBA, genuine transparent background. No text, numerals, labels, logos or watermark.",作成済み,,references/invidious.png
lightly.png,軽く,軽く,"Subject: lightly, target meaning ""軽く"".

Composition: Show one feather resting on the surface of an open palm without visibly bending the hand, emphasizing very little weight.

Style: Use the attached invidious.png for drawing style only. Match its thick rounded dark-brown contours, simplified rounded shapes, and restrained 2D cartoon shading. Do not copy the reference subject or composition.

Framing: One compact composition, with the complete subject using about 80-90% of the square. Keep everything inside the frame.

Output: 512x512 PNG, RGBA, genuine transparent background. No text, numerals, labels, logos or watermark.",作成済み,,references/invidious.png
lined.png,線を引いた,線を引いた,"Subject: lined, target meaning ""線を引いた"".

Composition: Show a clean sheet of paper covered with evenly spaced horizontal ruled lines from top to bottom.

Style: Use the attached invidious.png for drawing style only. Match its thick rounded dark-brown contours, simplified rounded shapes, and restrained 2D cartoon shading. Do not copy the reference subject or composition.

Framing: One compact composition, with the complete subject using about 80-90% of the square. Keep everything inside the frame.

Output: 512x512 PNG, RGBA, genuine transparent background. No text, numerals, labels, logos or watermark.",作成済み,,references/invidious.png
matching.png,調和する,調和する,"Subject: matching, target meaning ""調和する"".

Composition: Show a shirt and tie whose colors and patterns coordinate closely, placed side by side as a harmonious matching set.

Style: Use the attached invidious.png for drawing style only. Match its thick rounded dark-brown contours, simplified rounded shapes, and restrained 2D cartoon shading. Do not copy the reference subject or composition.

Framing: One compact composition, with the complete subject using about 80-90% of the square. Keep everything inside the frame.

Output: 512x512 PNG, RGBA, genuine transparent background. No text, numerals, labels, logos or watermark.",作成済み,,references/invidious.png
purple.png,紫,紫,"Subject: purple, target meaning ""紫"".

Composition: Show one large purple paint swatch beside a purple flower, with the hue clearly dominant.

Style: Use the attached invidious.png for drawing style only. Match its thick rounded dark-brown contours, simplified rounded shapes, and restrained 2D cartoon shading. Do not copy the reference subject or composition.

Framing: One compact composition, with the complete subject using about 80-90% of the square. Keep everything inside the frame.

Output: 512x512 PNG, RGBA, genuine transparent background. No text, numerals, labels, logos or watermark.",作成済み,,references/invidious.png
rested.png,休息した,休息した,"Subject: rested, target meaning ""休息した"".

Composition: Show one person sitting up after a nap with relaxed face, stretched arms, and a neatly made bed behind them.

Style: Use the attached invidious.png for drawing style only. Match its thick rounded dark-brown contours, simplified rounded shapes, and restrained 2D cartoon shading. Do not copy the reference subject or composition.

Framing: One compact composition, with the complete subject using about 80-90% of the square. Keep everything inside the frame.

Output: 512x512 PNG, RGBA, genuine transparent background. No text, numerals, labels, logos or watermark.",作成済み,,references/invidious.png
Patrick.png,パトリック,パトリック,"Subject: Patrick, target meaning ""パトリック"".

Composition: Show an adult man named Patrick with short brown hair, a light blue shirt, and cheerful relaxed expression.

Style: Use the attached invidious.png for drawing style only. Match its thick rounded dark-brown contours, simplified rounded shapes, and restrained 2D cartoon shading. Do not copy the reference subject or composition.

Framing: One compact composition, with the complete subject using about 80-90% of the square. Keep everything inside the frame.

Output: 512x512 PNG, RGBA, genuine transparent background. No text, numerals, labels, logos or watermark.",作成済み,,references/invidious.png
PhD.png,プロリルヒドロキシラーゼ,プロリルヒドロキシラーゼ,"Subject: PhD, target meaning ""プロリルヒドロキシラーゼ"".

Composition: Show a clean biochemical diagram of an enzyme interacting with a collagen-like chain, with one hydroxyl group being added to represent prolyl hydroxylase activity.

Style: Use the attached invidious.png for drawing style only. Match its thick rounded dark-brown contours, simplified rounded shapes, and restrained 2D cartoon shading. Do not copy the reference subject or composition.

Framing: One compact composition, with the complete subject using about 80-90% of the square. Keep everything inside the frame.

Output: 512x512 PNG, RGBA, genuine transparent background. No text, numerals, labels, logos or watermark.",作成済み,,references/invidious.png
angel.png,天使,天使,"Subject: angel, target meaning ""天使"".

Composition: Show one gentle angel with white wings, simple robe, and soft halo-like glow, standing peacefully with hands relaxed.

Style: Use the attached invidious.png for drawing style only. Match its thick rounded dark-brown contours, simplified rounded shapes, and restrained 2D cartoon shading. Do not copy the reference subject or composition.

Framing: One compact composition, with the complete subject using about 80-90% of the square. Keep everything inside the frame.

Output: 512x512 PNG, RGBA, genuine transparent background. No text, numerals, labels, logos or watermark.",作成済み,,references/invidious.png
brow.png,眉,眉,"Subject: brow, target meaning ""眉"".

Composition: Show a close-up of the upper face with both eyebrows and the brow ridge clearly emphasized above the eyes.

Style: Use the attached invidious.png for drawing style only. Match its thick rounded dark-brown contours, simplified rounded shapes, and restrained 2D cartoon shading. Do not copy the reference subject or composition.

Framing: One compact composition, with the complete subject using about 80-90% of the square. Keep everything inside the frame.

Output: 512x512 PNG, RGBA, genuine transparent background. No text, numerals, labels, logos or watermark.",作成済み,,references/invidious.png
cave.png,洞窟,洞窟,"Subject: cave, target meaning ""洞窟"".

Composition: Show the dark mouth of a rocky cave opening into a mountain, with visible stone walls and a shadowed interior.

Style: Use the attached invidious.png for drawing style only. Match its thick rounded dark-brown contours, simplified rounded shapes, and restrained 2D cartoon shading. Do not copy the reference subject or composition.

Framing: One compact composition, with the complete subject using about 80-90% of the square. Keep everything inside the frame.

Output: 512x512 PNG, RGBA, genuine transparent background. No text, numerals, labels, logos or watermark.",作成済み,,references/invidious.png
hip@keu2.png,腰,腰,"Subject: hip, target meaning ""腰"".

Composition: Show a neutral human figure from waist to upper thigh with one hand resting on the side of the hip, clearly indicating the hip joint area.

Style: Use the attached invidious.png for drawing style only. Match its thick rounded dark-brown contours, simplified rounded shapes, and restrained 2D cartoon shading. Do not copy the reference subject or composition.

Framing: One compact composition, with the complete subject using about 80-90% of the square. Keep everything inside the frame.

Output: 512x512 PNG, RGBA, genuine transparent background. No text, numerals, labels, logos or watermark.",作成済み,,references/invidious.png
oh.png,ああ!,ああ!,"Subject: oh, target meaning ""ああ!"".

Composition: Show one person reacting with sudden realization—eyes widening slightly, mouth forming a small O, and one hand lifting in surprise.

Style: Use the attached invidious.png for drawing style only. Match its thick rounded dark-brown contours, simplified rounded shapes, and restrained 2D cartoon shading. Do not copy the reference subject or composition.

Framing: One compact composition, with the complete subject using about 80-90% of the square. Keep everything inside the frame.

Output: 512x512 PNG, RGBA, genuine transparent background. No text, numerals, labels, logos or watermark.",作成済み,,references/invidious.png
pitch.png,ピッチ,ピッチ,"Subject: pitch, target meaning ""ピッチ"".

Composition: Show a baseball pitcher throwing from the mound toward home plate, with the ball clearly traveling through the air.

Style: Use the attached invidious.png for drawing style only. Match its thick rounded dark-brown contours, simplified rounded shapes, and restrained 2D cartoon shading. Do not copy the reference subject or composition.

Framing: One compact composition, with the complete subject using about 80-90% of the square. Keep everything inside the frame.

Output: 512x512 PNG, RGBA, genuine transparent background. No text, numerals, labels, logos or watermark.",作成済み,,references/invidious.png
scholarship.png,奨学金,奨学金,"Subject: scholarship, target meaning ""奨学金"".

Composition: Show a student receiving an award envelope beside tuition books and a graduation cap, suggesting financial support for study.

Style: Use the attached invidious.png for drawing style only. Match its thick rounded dark-brown contours, simplified rounded shapes, and restrained 2D cartoon shading. Do not copy the reference subject or composition.

Framing: One compact composition, with the complete subject using about 80-90% of the square. Keep everything inside the frame.

Output: 512x512 PNG, RGBA, genuine transparent background. No text, numerals, labels, logos or watermark.",作成済み,,references/invidious.png
server.png,サーバー,サーバー,"Subject: server, target meaning ""サーバー"".

Composition: Show a rack-mounted computer server with stacked units, cooling vents, status lights, and network cables in a small server-room cabinet.

Style: Use the attached invidious.png for drawing style only. Match its thick rounded dark-brown contours, simplified rounded shapes, and restrained 2D cartoon shading. Do not copy the reference subject or composition.

Framing: One compact composition, with the complete subject using about 80-90% of the square. Keep everything inside the frame.

Output: 512x512 PNG, RGBA, genuine transparent background. No text, numerals, labels, logos or watermark.",作成済み,,references/invidious.png
socio-.png,「社会の,「社会の,"Subject: socio-, target meaning ""「社会の"".

Composition: Show a small community group of adults gathered around one table, talking and cooperating face to face, with the social interaction as the clear subject.

Style: Use the attached invidious.png for drawing style only. Match its thick rounded dark-brown contours, simplified rounded shapes, and restrained 2D cartoon shading. Do not copy the reference subject or composition.

Framing: One compact composition, with the complete subject using about 80-90% of the square. Keep everything inside the frame.

Output: 512x512 PNG, RGBA, genuine transparent background. No text, numerals, labels, logos or watermark.",作成済み,,references/invidious.png
sooner.png,抜けがけ入植者(公開前に西部の土地へ入った者),抜けがけ入植者(公開前に西部の土地へ入った者),"Subject: sooner, target meaning ""抜けがけ入植者(公開前に西部の土地へ入った者)"".

Composition: Show a 19th-century settler sneaking across a boundary marker into open western land ahead of an official starting signal, with wagon and prairie beyond.

Style: Use the attached invidious.png for drawing style only. Match its thick rounded dark-brown contours, simplified rounded shapes, and restrained 2D cartoon shading. Do not copy the reference subject or composition.

Framing: One compact composition, with the complete subject using about 80-90% of the square. Keep everything inside the frame.

Output: 512x512 PNG, RGBA, genuine transparent background. No text, numerals, labels, logos or watermark.",作成済み,,references/invidious.png
Leo.png,獅子座,獅子座,"Subject: Leo, target meaning ""獅子座"".

Composition: Show the constellation Leo as connected bright stars forming a lion-like outline in a dark night sky, with a small lion silhouette nearby.

Style: Use the attached invidious.png for drawing style only. Match its thick rounded dark-brown contours, simplified rounded shapes, and restrained 2D cartoon shading. Do not copy the reference subject or composition.

Framing: One compact composition, with the complete subject using about 80-90% of the square. Keep everything inside the frame.

Output: 512x512 PNG, RGBA, genuine transparent background. No text, numerals, labels, logos or watermark.",作成済み,,references/invidious.png
Scripture.png,聖書,聖書,"Subject: Scripture, target meaning ""聖書"".

Composition: Show an open sacred scripture book on a lectern with dense unreadable lines and a simple bookmark ribbon.

Style: Use the attached invidious.png for drawing style only. Match its thick rounded dark-brown contours, simplified rounded shapes, and restrained 2D cartoon shading. Do not copy the reference subject or composition.

Framing: One compact composition, with the complete subject using about 80-90% of the square. Keep everything inside the frame.

Output: 512x512 PNG, RGBA, genuine transparent background. No text, numerals, labels, logos or watermark.",作成済み,,references/invidious.png
bloody.png,血の,血の,"Subject: bloody, target meaning ""血の"".

Composition: Show a white cloth with one fresh red blood stain, isolated and non-graphic, emphasizing that it is blood-stained.

Style: Use the attached invidious.png for drawing style only. Match its thick rounded dark-brown contours, simplified rounded shapes, and restrained 2D cartoon shading. Do not copy the reference subject or composition.

Framing: One compact composition, with the complete subject using about 80-90% of the square. Keep everything inside the frame.

Output: 512x512 PNG, RGBA, genuine transparent background. No text, numerals, labels, logos or watermark.",作成済み,,references/invidious.png
caring.png,思いやりのある,思いやりのある,"Subject: caring, target meaning ""思いやりのある"".

Composition: Show one person gently placing a blanket around another tired person and offering a warm drink.

Style: Use the attached invidious.png for drawing style only. Match its thick rounded dark-brown contours, simplified rounded shapes, and restrained 2D cartoon shading. Do not copy the reference subject or composition.

Framing: One compact composition, with the complete subject using about 80-90% of the square. Keep everything inside the frame.

Output: 512x512 PNG, RGBA, genuine transparent background. No text, numerals, labels, logos or watermark.",作成済み,,references/invidious.png
follow-up.png,後に続くこと,後に続くこと,"Subject: follow-up, target meaning ""後に続くこと"".

Composition: Show a first medical checkup card followed by a second visit card connected by an arrow, with the same patient returning to the doctor.

Style: Use the attached invidious.png for drawing style only. Match its thick rounded dark-brown contours, simplified rounded shapes, and restrained 2D cartoon shading. Do not copy the reference subject or composition.

Framing: One compact composition, with the complete subject using about 80-90% of the square. Keep everything inside the frame.

Output: 512x512 PNG, RGBA, genuine transparent background. No text, numerals, labels, logos or watermark.",作成済み,,references/invidious.png
gravity.png,重力,重力,"Subject: gravity, target meaning ""重力"".

Composition: Show an apple falling straight downward from a tree toward the ground, with a clear vertical motion path.

Style: Use the attached invidious.png for drawing style only. Match its thick rounded dark-brown contours, simplified rounded shapes, and restrained 2D cartoon shading. Do not copy the reference subject or composition.

Framing: One compact composition, with the complete subject using about 80-90% of the square. Keep everything inside the frame.

Output: 512x512 PNG, RGBA, genuine transparent background. No text, numerals, labels, logos or watermark.",作成済み,,references/invidious.png
hurried.png,大急ぎで行われた,大急ぎで行われた,"Subject: hurried, target meaning ""大急ぎで行われた"".

Composition: Show one person rushing while putting on a coat and grabbing a bag at the same time, with loose papers trailing behind.

Style: Use the attached invidious.png for drawing style only. Match its thick rounded dark-brown contours, simplified rounded shapes, and restrained 2D cartoon shading. Do not copy the reference subject or composition.

Framing: One compact composition, with the complete subject using about 80-90% of the square. Keep everything inside the frame.

Output: 512x512 PNG, RGBA, genuine transparent background. No text, numerals, labels, logos or watermark.",作成済み,,references/invidious.png
medieval.png,中世の,中世の,"Subject: medieval, target meaning ""中世の"".

Composition: Show a compact medieval European street with stone buildings, timber frames, a castle tower, and people in period clothing.

Style: Use the attached invidious.png for drawing style only. Match its thick rounded dark-brown contours, simplified rounded shapes, and restrained 2D cartoon shading. Do not copy the reference subject or composition.

Framing: One compact composition, with the complete subject using about 80-90% of the square. Keep everything inside the frame.

Output: 512x512 PNG, RGBA, genuine transparent background. No text, numerals, labels, logos or watermark.",作成済み,,references/invidious.png
Billy.png,ビリー,ビリー,"Subject: Billy, target meaning ""ビリー"".

Composition: Show a young adult man named Billy with short sandy hair, plaid shirt, and friendly casual smile.

Style: Use the attached invidious.png for drawing style only. Match its thick rounded dark-brown contours, simplified rounded shapes, and restrained 2D cartoon shading. Do not copy the reference subject or composition.

Framing: One compact composition, with the complete subject using about 80-90% of the square. Keep everything inside the frame.

Output: 512x512 PNG, RGBA, genuine transparent background. No text, numerals, labels, logos or watermark.",作成済み,,references/invidious.png
Brian.png,ブライアン,ブライアン,"Subject: Brian, target meaning ""ブライアン"".

Composition: Show an adult man named Brian with short dark hair, gray sweater, and relaxed approachable expression.

Style: Use the attached invidious.png for drawing style only. Match its thick rounded dark-brown contours, simplified rounded shapes, and restrained 2D cartoon shading. Do not copy the reference subject or composition.

Framing: One compact composition, with the complete subject using about 80-90% of the square. Keep everything inside the frame.

Output: 512x512 PNG, RGBA, genuine transparent background. No text, numerals, labels, logos or watermark.",作成済み,,references/invidious.png
aggressive.png,攻撃的な,攻撃的な,"Subject: aggressive, target meaning ""攻撃的な"".

Composition: Show one person leaning forward with clenched fists, furrowed brows, and invading another person's space, while the other person steps back.

Style: Use the attached invidious.png for drawing style only. Match its thick rounded dark-brown contours, simplified rounded shapes, and restrained 2D cartoon shading. Do not copy the reference subject or composition.

Framing: One compact composition, with the complete subject using about 80-90% of the square. Keep everything inside the frame.

Output: 512x512 PNG, RGBA, genuine transparent background. No text, numerals, labels, logos or watermark.",作成済み,,references/invidious.png
brave.png,勇敢な、思い切った,勇敢な,"Subject: brave, target meaning ""勇敢な"".

Composition: Show one firefighter calmly entering a smoky but non-dangerous doorway to rescue a small pet, with determined posture.

Style: Use the attached invidious.png for drawing style only. Match its thick rounded dark-brown contours, simplified rounded shapes, and restrained 2D cartoon shading. Do not copy the reference subject or composition.

Framing: One compact composition, with the complete subject using about 80-90% of the square. Keep everything inside the frame.

Output: 512x512 PNG, RGBA, genuine transparent background. No text, numerals, labels, logos or watermark.",作成済み,,references/invidious.png
clay.png,粘土,粘土,"Subject: clay, target meaning ""粘土"".

Composition: Show a lump of soft reddish-brown clay being shaped by two hands on a potter's wheel.

Style: Use the attached invidious.png for drawing style only. Match its thick rounded dark-brown contours, simplified rounded shapes, and restrained 2D cartoon shading. Do not copy the reference subject or composition.

Framing: One compact composition, with the complete subject using about 80-90% of the square. Keep everything inside the frame.

Output: 512x512 PNG, RGBA, genuine transparent background. No text, numerals, labels, logos or watermark.",作成済み,,references/invidious.png
inferior.png,下級の,下級の,"Subject: inferior, target meaning ""下級の"".

Composition: Show two similar products side by side, with one clearly lower-quality through cracks, rough finish, and weaker construction.

Style: Use the attached invidious.png for drawing style only. Match its thick rounded dark-brown contours, simplified rounded shapes, and restrained 2D cartoon shading. Do not copy the reference subject or composition.

Framing: One compact composition, with the complete subject using about 80-90% of the square. Keep everything inside the frame.

Output: 512x512 PNG, RGBA, genuine transparent background. No text, numerals, labels, logos or watermark.",作成済み,,references/invidious.png
Lawrence.png,ローレンス、ロレンス,ローレンス,"Subject: Lawrence, target meaning ""ローレンス"".

Composition: Show an adult man named Lawrence with neatly combed dark hair, collared shirt, and thoughtful composed expression.

Style: Use the attached invidious.png for drawing style only. Match its thick rounded dark-brown contours, simplified rounded shapes, and restrained 2D cartoon shading. Do not copy the reference subject or composition.

Framing: One compact composition, with the complete subject using about 80-90% of the square. Keep everything inside the frame.

Output: 512x512 PNG, RGBA, genuine transparent background. No text, numerals, labels, logos or watermark.",作成済み,,references/invidious.png
aunt.png,おば,おば,"Subject: aunt, target meaning ""おば"".

Composition: Show one adult woman warmly greeting her sibling's child, with the child's parent standing nearby to make the family relationship clear.

Style: Use the attached invidious.png for drawing style only. Match its thick rounded dark-brown contours, simplified rounded shapes, and restrained 2D cartoon shading. Do not copy the reference subject or composition.

Framing: One compact composition, with the complete subject using about 80-90% of the square. Keep everything inside the frame.

Output: 512x512 PNG, RGBA, genuine transparent background. No text, numerals, labels, logos or watermark.",作成済み,,references/invidious.png
bench.png,ベンチ,ベンチ,"Subject: bench, target meaning ""ベンチ"".

Composition: Show one simple wooden park bench with seat, backrest, and armrests fully visible.

Style: Use the attached invidious.png for drawing style only. Match its thick rounded dark-brown contours, simplified rounded shapes, and restrained 2D cartoon shading. Do not copy the reference subject or composition.

Framing: One compact composition, with the complete subject using about 80-90% of the square. Keep everything inside the frame.

Output: 512x512 PNG, RGBA, genuine transparent background. No text, numerals, labels, logos or watermark.",作成済み,,references/invidious.png
challenged.png,障害のある、困難を抱えた,障害のある,"Subject: challenged, target meaning ""障害のある"".

Composition: Show one person using a wheelchair skillfully navigating a ramp with determined expression, focusing on overcoming a physical challenge.

Style: Use the attached invidious.png for drawing style only. Match its thick rounded dark-brown contours, simplified rounded shapes, and restrained 2D cartoon shading. Do not copy the reference subject or composition.

Framing: One compact composition, with the complete subject using about 80-90% of the square. Keep everything inside the frame.

Output: 512x512 PNG, RGBA, genuine transparent background. No text, numerals, labels, logos or watermark.",作成済み,,references/invidious.png
climb.png,登る,登る,"Subject: climb, target meaning ""登る"".

Composition: Show one hiker climbing a steep rocky slope using both hands and feet, with upward motion clearly visible.

Style: Use the attached invidious.png for drawing style only. Match its thick rounded dark-brown contours, simplified rounded shapes, and restrained 2D cartoon shading. Do not copy the reference subject or composition.

Framing: One compact composition, with the complete subject using about 80-90% of the square. Keep everything inside the frame.

Output: 512x512 PNG, RGBA, genuine transparent background. No text, numerals, labels, logos or watermark.",作成済み,,references/invidious.png
container.png,入れ物、容器,入れ物,"Subject: container, target meaning ""入れ物"".

Composition: Show one clear plastic storage container with lid beside several items fitting neatly inside it.

Style: Use the attached invidious.png for drawing style only. Match its thick rounded dark-brown contours, simplified rounded shapes, and restrained 2D cartoon shading. Do not copy the reference subject or composition.

Framing: One compact composition, with the complete subject using about 80-90% of the square. Keep everything inside the frame.

Output: 512x512 PNG, RGBA, genuine transparent background. No text, numerals, labels, logos or watermark.",作成済み,,references/invidious.png
cord.png,コード,コード,"Subject: cord, target meaning ""コード"".

Composition: Show one flexible electrical cord coiled loosely with plug at one end and connector at the other.

Style: Use the attached invidious.png for drawing style only. Match its thick rounded dark-brown contours, simplified rounded shapes, and restrained 2D cartoon shading. Do not copy the reference subject or composition.

Framing: One compact composition, with the complete subject using about 80-90% of the square. Keep everything inside the frame.

Output: 512x512 PNG, RGBA, genuine transparent background. No text, numerals, labels, logos or watermark.",作成済み,,references/invidious.png
ere.png,〜する前に,〜する前に,"Subject: ere, target meaning ""〜する前に"".

Composition: Show two events on a simple timeline, with the first event clearly occurring before the second.

Style: Use the attached invidious.png for drawing style only. Match its thick rounded dark-brown contours, simplified rounded shapes, and restrained 2D cartoon shading. Do not copy the reference subject or composition.

Framing: One compact composition, with the complete subject using about 80-90% of the square. Keep everything inside the frame.

Output: 512x512 PNG, RGBA, genuine transparent background. No text, numerals, labels, logos or watermark.",作成済み,,references/invidious.png
goodness.png,善良さ,善良さ,"Subject: goodness, target meaning ""善良さ"".

Composition: Show one person quietly helping an elderly stranger carry groceries, with no reward or audience.

Style: Use the attached invidious.png for drawing style only. Match its thick rounded dark-brown contours, simplified rounded shapes, and restrained 2D cartoon shading. Do not copy the reference subject or composition.

Framing: One compact composition, with the complete subject using about 80-90% of the square. Keep everything inside the frame.

Output: 512x512 PNG, RGBA, genuine transparent background. No text, numerals, labels, logos or watermark.",作成済み,,references/invidious.png
knock.png,ノック,ノック,"Subject: knock, target meaning ""ノック"".

Composition: Show one hand rapping on a closed wooden door with knuckles touching the surface and small impact marks.

Style: Use the attached invidious.png for drawing style only. Match its thick rounded dark-brown contours, simplified rounded shapes, and restrained 2D cartoon shading. Do not copy the reference subject or composition.

Framing: One compact composition, with the complete subject using about 80-90% of the square. Keep everything inside the frame.

Output: 512x512 PNG, RGBA, genuine transparent background. No text, numerals, labels, logos or watermark.",作成済み,,references/invidious.png
renal.png,腎臓の、腎性の,腎臓の,"Subject: renal, target meaning ""腎臓の"".

Composition: Show a clean medical illustration of two kidneys with one highlighted, connected to ureters, emphasizing the renal system.

Style: Use the attached invidious.png for drawing style only. Match its thick rounded dark-brown contours, simplified rounded shapes, and restrained 2D cartoon shading. Do not copy the reference subject or composition.

Framing: One compact composition, with the complete subject using about 80-90% of the square. Keep everything inside the frame.

Output: 512x512 PNG, RGBA, genuine transparent background. No text, numerals, labels, logos or watermark.",作成済み,,references/invidious.png
Jonathan.png,ジョナスン,ジョナスン,"Subject: Jonathan, target meaning ""ジョナスン"".

Composition: Show an adult man named Jonathan with short brown hair, simple blazer, and calm friendly expression.

Style: Use the attached invidious.png for drawing style only. Match its thick rounded dark-brown contours, simplified rounded shapes, and restrained 2D cartoon shading. Do not copy the reference subject or composition.

Framing: One compact composition, with the complete subject using about 80-90% of the square. Keep everything inside the frame.

Output: 512x512 PNG, RGBA, genuine transparent background. No text, numerals, labels, logos or watermark.",作成済み,,references/invidious.png
Korean.png,朝鮮人、韓国人,朝鮮人,"Subject: Korean, target meaning ""朝鮮人"".

Composition: Show a Korean person in modern clothing beside a subtle hanbok garment and a compact Seoul skyline cue.

Style: Use the attached invidious.png for drawing style only. Match its thick rounded dark-brown contours, simplified rounded shapes, and restrained 2D cartoon shading. Do not copy the reference subject or composition.

Framing: One compact composition, with the complete subject using about 80-90% of the square. Keep everything inside the frame.

Output: 512x512 PNG, RGBA, genuine transparent background. No text, numerals, labels, logos or watermark.",作成済み,,references/invidious.png
absorbed.png,夢中になった,夢中になった,"Subject: absorbed, target meaning ""夢中になった"".

Composition: Show one person deeply focused on reading a book, leaning close and ignoring a ringing phone beside them.

Style: Use the attached invidious.png for drawing style only. Match its thick rounded dark-brown contours, simplified rounded shapes, and restrained 2D cartoon shading. Do not copy the reference subject or composition.

Framing: One compact composition, with the complete subject using about 80-90% of the square. Keep everything inside the frame.

Output: 512x512 PNG, RGBA, genuine transparent background. No text, numerals, labels, logos or watermark.",作成済み,,references/invidious.png
brush.png,低木の茂み、雑木,低木の茂み,"Subject: brush, target meaning ""低木の茂み"".

Composition: Show a dense patch of low tangled shrubs and small woody bushes forming thick brush.

Style: Use the attached invidious.png for drawing style only. Match its thick rounded dark-brown contours, simplified rounded shapes, and restrained 2D cartoon shading. Do not copy the reference subject or composition.

Framing: One compact composition, with the complete subject using about 80-90% of the square. Keep everything inside the frame.

Output: 512x512 PNG, RGBA, genuine transparent background. No text, numerals, labels, logos or watermark.",作成済み,,references/invidious.png
faint.png,かすかな,かすかな,"Subject: faint, target meaning ""かすかな"".

Composition: Show a very pale pencil line beside a darker bold line, with the faint line barely visible.

Style: Use the attached invidious.png for drawing style only. Match its thick rounded dark-brown contours, simplified rounded shapes, and restrained 2D cartoon shading. Do not copy the reference subject or composition.

Framing: One compact composition, with the complete subject using about 80-90% of the square. Keep everything inside the frame.

Output: 512x512 PNG, RGBA, genuine transparent background. No text, numerals, labels, logos or watermark.",作成済み,,references/invidious.png
ha.png,ほう!,ほう!,"Subject: ha, target meaning ""ほう!"".

Composition: Show one person reacting with intrigued surprise, eyebrows raised and head tilted slightly forward as if saying 'oh!'.

Style: Use the attached invidious.png for drawing style only. Match its thick rounded dark-brown contours, simplified rounded shapes, and restrained 2D cartoon shading. Do not copy the reference subject or composition.

Framing: One compact composition, with the complete subject using about 80-90% of the square. Keep everything inside the frame.

Output: 512x512 PNG, RGBA, genuine transparent background. No text, numerals, labels, logos or watermark.",作成済み,,references/invidious.png
micro.png,極小の,極小の,"Subject: micro, target meaning ""極小の"".

Composition: Show one tiny screw beside a normal-sized coin, with the screw dramatically smaller to emphasize microscopic scale.

Style: Use the attached invidious.png for drawing style only. Match its thick rounded dark-brown contours, simplified rounded shapes, and restrained 2D cartoon shading. Do not copy the reference subject or composition.

Framing: One compact composition, with the complete subject using about 80-90% of the square. Keep everything inside the frame.

Output: 512x512 PNG, RGBA, genuine transparent background. No text, numerals, labels, logos or watermark.",作成済み,,references/invidious.png
severity.png,厳しさ,厳しさ,"Subject: severity, target meaning ""厳しさ"".

Composition: Show a gauge moving from mild to severe damage, with one cracked object at the high end showing strong seriousness.

Style: Use the attached invidious.png for drawing style only. Match its thick rounded dark-brown contours, simplified rounded shapes, and restrained 2D cartoon shading. Do not copy the reference subject or composition.

Framing: One compact composition, with the complete subject using about 80-90% of the square. Keep everything inside the frame.

Output: 512x512 PNG, RGBA, genuine transparent background. No text, numerals, labels, logos or watermark.",作成済み,,references/invidious.png
tract.png,地域,地域,"Subject: tract, target meaning ""地域"".

Composition: Show a broad mapped region of land outlined by natural boundaries, with fields and roads contained within one continuous area.

Style: Use the attached invidious.png for drawing style only. Match its thick rounded dark-brown contours, simplified rounded shapes, and restrained 2D cartoon shading. Do not copy the reference subject or composition.

Framing: One compact composition, with the complete subject using about 80-90% of the square. Keep everything inside the frame.

Output: 512x512 PNG, RGBA, genuine transparent background. No text, numerals, labels, logos or watermark.",作成済み,,references/invidious.png
upstairs.png,上階で、階段を上へ,上階で,"Subject: upstairs, target meaning ""上階で"".

Composition: Show a person ascending a staircase toward the upper floor, one foot on a higher step and body moving upward.

Style: Use the attached invidious.png for drawing style only. Match its thick rounded dark-brown contours, simplified rounded shapes, and restrained 2D cartoon shading. Do not copy the reference subject or composition.

Framing: One compact composition, with the complete subject using about 80-90% of the square. Keep everything inside the frame.

Output: 512x512 PNG, RGBA, genuine transparent background. No text, numerals, labels, logos or watermark.",作成済み,,references/invidious.png
Mexican.png,メキシコの、メキシコ人,メキシコの,"Subject: Mexican, target meaning ""メキシコの"".

Composition: Show a Mexican person in contemporary clothing with a small Mexico map silhouette and colorful traditional textile cue nearby.

Style: Use the attached invidious.png for drawing style only. Match its thick rounded dark-brown contours, simplified rounded shapes, and restrained 2D cartoon shading. Do not copy the reference subject or composition.

Framing: One compact composition, with the complete subject using about 80-90% of the square. Keep everything inside the frame.

Output: 512x512 PNG, RGBA, genuine transparent background. No text, numerals, labels, logos or watermark.",作成済み,,references/invidious.png
Poland.png,ポーランド,ポーランド,"Subject: Poland, target meaning ""ポーランド"".

Composition: Show a compact Poland scene with flat green countryside, red-roofed town buildings, and a white-red flag cue.

Style: Use the attached invidious.png for drawing style only. Match its thick rounded dark-brown contours, simplified rounded shapes, and restrained 2D cartoon shading. Do not copy the reference subject or composition.

Framing: One compact composition, with the complete subject using about 80-90% of the square. Keep everything inside the frame.

Output: 512x512 PNG, RGBA, genuine transparent background. No text, numerals, labels, logos or watermark.",作成済み,,references/invidious.png
Steve.png,スティーブ,スティーブ,"Subject: Steve, target meaning ""スティーブ"".

Composition: Show an adult man named Steve with short light-brown hair, casual navy shirt, and friendly direct expression.

Style: Use the attached invidious.png for drawing style only. Match its thick rounded dark-brown contours, simplified rounded shapes, and restrained 2D cartoon shading. Do not copy the reference subject or composition.

Framing: One compact composition, with the complete subject using about 80-90% of the square. Keep everything inside the frame.

Output: 512x512 PNG, RGBA, genuine transparent background. No text, numerals, labels, logos or watermark.",作成済み,,references/invidious.png
calcium.png,カルシウム,カルシウム,"Subject: calcium, target meaning ""カルシウム"".

Composition: Show a clean calcium atom-style model beside a glass of milk and a simplified bone segment, linking the element to common biological context.

Style: Use the attached invidious.png for drawing style only. Match its thick rounded dark-brown contours, simplified rounded shapes, and restrained 2D cartoon shading. Do not copy the reference subject or composition.

Framing: One compact composition, with the complete subject using about 80-90% of the square. Keep everything inside the frame.

Output: 512x512 PNG, RGBA, genuine transparent background. No text, numerals, labels, logos or watermark.",作成済み,,references/invidious.png
finite.png,限界のある、限定された,限界のある,"Subject: finite, target meaning ""限界のある"".

Composition: Show a row of blocks ending at a clear final boundary wall, with no continuation beyond it.

Style: Use the attached invidious.png for drawing style only. Match its thick rounded dark-brown contours, simplified rounded shapes, and restrained 2D cartoon shading. Do not copy the reference subject or composition.

Framing: One compact composition, with the complete subject using about 80-90% of the square. Keep everything inside the frame.

Output: 512x512 PNG, RGBA, genuine transparent background. No text, numerals, labels, logos or watermark.",作成済み,,references/invidious.png
governor.png,州知事、知事,州知事,"Subject: governor, target meaning ""州知事"".

Composition: Show a state governor in formal attire signing an official document at a government desk with a state flag cue behind.

Style: Use the attached invidious.png for drawing style only. Match its thick rounded dark-brown contours, simplified rounded shapes, and restrained 2D cartoon shading. Do not copy the reference subject or composition.

Framing: One compact composition, with the complete subject using about 80-90% of the square. Keep everything inside the frame.

Output: 512x512 PNG, RGBA, genuine transparent background. No text, numerals, labels, logos or watermark.",作成済み,,references/invidious.png
lifestyle.png,ライフスタイル、生活様式,ライフスタイル,"Subject: lifestyle, target meaning ""ライフスタイル"".

Composition: Show one person's recurring daily pattern through a compact scene of exercise shoes, healthy breakfast, laptop, and evening book around the same individual.

Style: Use the attached invidious.png for drawing style only. Match its thick rounded dark-brown contours, simplified rounded shapes, and restrained 2D cartoon shading. Do not copy the reference subject or composition.

Framing: One compact composition, with the complete subject using about 80-90% of the square. Keep everything inside the frame.

Output: 512x512 PNG, RGBA, genuine transparent background. No text, numerals, labels, logos or watermark.",作成済み,,references/invidious.png
rope.png,縄,縄,"Subject: rope, target meaning ""縄"".

Composition: Show one thick twisted rope coiled into two loops with a frayed cut end visible.

Style: Use the attached invidious.png for drawing style only. Match its thick rounded dark-brown contours, simplified rounded shapes, and restrained 2D cartoon shading. Do not copy the reference subject or composition.

Framing: One compact composition, with the complete subject using about 80-90% of the square. Keep everything inside the frame.

Output: 512x512 PNG, RGBA, genuine transparent background. No text, numerals, labels, logos or watermark.",作成済み,,references/invidious.png
spare.png,使わない、取っておく,使わない,"Subject: spare, target meaning ""使わない"".

Composition: Show one extra unused tire stored beside a car while the four main tires remain mounted, emphasizing a reserve item.

Style: Use the attached invidious.png for drawing style only. Match its thick rounded dark-brown contours, simplified rounded shapes, and restrained 2D cartoon shading. Do not copy the reference subject or composition.

Framing: One compact composition, with the complete subject using about 80-90% of the square. Keep everything inside the frame.

Output: 512x512 PNG, RGBA, genuine transparent background. No text, numerals, labels, logos or watermark.",作成済み,,references/invidious.png
terminal.png,末期的な,末期的な,"Subject: terminal, target meaning ""末期的な"".

Composition: Show a hospital patient in bed with a doctor and family nearby, calm and non-graphic, conveying a final-stage illness through solemn medical context.

Style: Use the attached invidious.png for drawing style only. Match its thick rounded dark-brown contours, simplified rounded shapes, and restrained 2D cartoon shading. Do not copy the reference subject or composition.

Framing: One compact composition, with the complete subject using about 80-90% of the square. Keep everything inside the frame.

Output: 512x512 PNG, RGBA, genuine transparent background. No text, numerals, labels, logos or watermark.",作成済み,,references/invidious.png
Ali.png,アリ,アリ,"Subject: Ali, target meaning ""アリ"".

Composition: Show an adult man named Ali with short dark hair, simple collared shirt, and warm confident expression.

Style: Use the attached invidious.png for drawing style only. Match its thick rounded dark-brown contours, simplified rounded shapes, and restrained 2D cartoon shading. Do not copy the reference subject or composition.

Framing: One compact composition, with the complete subject using about 80-90% of the square. Keep everything inside the frame.

Output: 512x512 PNG, RGBA, genuine transparent background. No text, numerals, labels, logos or watermark.",作成済み,,references/invidious.png
Egyptian.png,エジプト人の、エジプト語の,エジプト人の,"Subject: Egyptian, target meaning ""エジプト人の"".

Composition: Show an Egyptian person in modern clothing with a Nile-side scene and subtle ancient column motif behind them.

Style: Use the attached invidious.png for drawing style only. Match its thick rounded dark-brown contours, simplified rounded shapes, and restrained 2D cartoon shading. Do not copy the reference subject or composition.

Framing: One compact composition, with the complete subject using about 80-90% of the square. Keep everything inside the frame.

Output: 512x512 PNG, RGBA, genuine transparent background. No text, numerals, labels, logos or watermark.",作成済み,,references/invidious.png
Moscow.png,モスコー,モスコー,"Subject: Moscow, target meaning ""モスコー"".

Composition: Show a compact Moscow city scene with colorful onion domes of Saint Basil's Cathedral and a broad paved square.

Style: Use the attached invidious.png for drawing style only. Match its thick rounded dark-brown contours, simplified rounded shapes, and restrained 2D cartoon shading. Do not copy the reference subject or composition.

Framing: One compact composition, with the complete subject using about 80-90% of the square. Keep everything inside the frame.

Output: 512x512 PNG, RGBA, genuine transparent background. No text, numerals, labels, logos or watermark.",作成済み,,references/invidious.png
Oliver.png,オリバー,オリバー,"Subject: Oliver, target meaning ""オリバー"".

Composition: Show a young adult man named Oliver with wavy brown hair, green jacket, and relaxed friendly smile.

Style: Use the attached invidious.png for drawing style only. Match its thick rounded dark-brown contours, simplified rounded shapes, and restrained 2D cartoon shading. Do not copy the reference subject or composition.

Framing: One compact composition, with the complete subject using about 80-90% of the square. Keep everything inside the frame.

Output: 512x512 PNG, RGBA, genuine transparent background. No text, numerals, labels, logos or watermark.",作成済み,,references/invidious.png
celebrated.png,有名な,有名な,"Subject: celebrated, target meaning ""有名な"".

Composition: Show one well-known performer stepping onto a stage while cameras flash and an audience applauds enthusiastically.

Style: Use the attached invidious.png for drawing style only. Match its thick rounded dark-brown contours, simplified rounded shapes, and restrained 2D cartoon shading. Do not copy the reference subject or composition.

Framing: One compact composition, with the complete subject using about 80-90% of the square. Keep everything inside the frame.

Output: 512x512 PNG, RGBA, genuine transparent background. No text, numerals, labels, logos or watermark.",作成済み,,references/invidious.png
ceremony.png,式、儀式,式,"Subject: ceremony, target meaning ""式"".

Composition: Show a formal award ceremony with one recipient bowing while another person presents a medal on a small stage.

Style: Use the attached invidious.png for drawing style only. Match its thick rounded dark-brown contours, simplified rounded shapes, and restrained 2D cartoon shading. Do not copy the reference subject or composition.

Framing: One compact composition, with the complete subject using about 80-90% of the square. Keep everything inside the frame.

Output: 512x512 PNG, RGBA, genuine transparent background. No text, numerals, labels, logos or watermark.",作成済み,,references/invidious.png
em.png,アルファベットのM,アルファベットのM,"Subject: em, target meaning ""アルファベットのM"".

Composition: Show one large uppercase letter M centered as the main typographic subject, with no other text.

Style: Use the attached invidious.png for drawing style only. Match its thick rounded dark-brown contours, simplified rounded shapes, and restrained 2D cartoon shading. Do not copy the reference subject or composition.

Framing: One compact composition, with the complete subject using about 80-90% of the square. Keep everything inside the frame.

Output: 512x512 PNG, RGBA, genuine transparent background. No incidental text, numerals, or labels beyond what is essential to the target meaning. No logos or watermark.",作成済み,,references/invidious.png
jury.png,陪審,陪審,"Subject: jury, target meaning ""陪審"".

Composition: Show twelve ordinary adults seated together in a courtroom jury box, listening attentively toward the unseen judge.

Style: Use the attached invidious.png for drawing style only. Match its thick rounded dark-brown contours, simplified rounded shapes, and restrained 2D cartoon shading. Do not copy the reference subject or composition.

Framing: One compact composition, with the complete subject using about 80-90% of the square. Keep everything inside the frame.

Output: 512x512 PNG, RGBA, genuine transparent background. No text, numerals, labels, logos or watermark.",作成済み,,references/invidious.png
patience.png,忍耐,忍耐,"Subject: patience, target meaning ""忍耐"".

Composition: Show one person calmly waiting in a long queue while others look restless, with relaxed posture and neutral expression.

Style: Use the attached invidious.png for drawing style only. Match its thick rounded dark-brown contours, simplified rounded shapes, and restrained 2D cartoon shading. Do not copy the reference subject or composition.

Framing: One compact composition, with the complete subject using about 80-90% of the square. Keep everything inside the frame.

Output: 512x512 PNG, RGBA, genuine transparent background. No text, numerals, labels, logos or watermark.",作成済み,,references/invidious.png
peculiar.png,特有の,特有の,"Subject: peculiar, target meaning ""特有の"".

Composition: Show one umbrella shaped unusually like a square among several normal round umbrellas, making its peculiar feature obvious.

Style: Use the attached invidious.png for drawing style only. Match its thick rounded dark-brown contours, simplified rounded shapes, and restrained 2D cartoon shading. Do not copy the reference subject or composition.

Framing: One compact composition, with the complete subject using about 80-90% of the square. Keep everything inside the frame.

Output: 512x512 PNG, RGBA, genuine transparent background. No text, numerals, labels, logos or watermark.",作成済み,,references/invidious.png
Anthony.png,アンタニー,アンタニー,"Subject: Anthony, target meaning ""アンタニー"".

Composition: Show an adult man named Anthony with dark curly hair, burgundy sweater, and friendly composed expression.

Style: Use the attached invidious.png for drawing style only. Match its thick rounded dark-brown contours, simplified rounded shapes, and restrained 2D cartoon shading. Do not copy the reference subject or composition.

Framing: One compact composition, with the complete subject using about 80-90% of the square. Keep everything inside the frame.

Output: 512x512 PNG, RGBA, genuine transparent background. No text, numerals, labels, logos or watermark.",作成済み,,references/invidious.png
Charlotte.png,シャーロット、シャルロッテ,シャーロット,"Subject: Charlotte, target meaning ""シャーロット"".

Composition: Show a young adult woman named Charlotte with light brown hair, simple dress, and calm poised expression.

Style: Use the attached invidious.png for drawing style only. Match its thick rounded dark-brown contours, simplified rounded shapes, and restrained 2D cartoon shading. Do not copy the reference subject or composition.

Framing: One compact composition, with the complete subject using about 80-90% of the square. Keep everything inside the frame.

Output: 512x512 PNG, RGBA, genuine transparent background. No text, numerals, labels, logos or watermark.",作成済み,,references/invidious.png
Roger.png,ロジャー,ロジャー,"Subject: Roger, target meaning ""ロジャー"".

Composition: Show an adult man named Roger with short gray-brown hair, casual jacket, and friendly relaxed smile.

Style: Use the attached invidious.png for drawing style only. Match its thick rounded dark-brown contours, simplified rounded shapes, and restrained 2D cartoon shading. Do not copy the reference subject or composition.

Framing: One compact composition, with the complete subject using about 80-90% of the square. Keep everything inside the frame.

Output: 512x512 PNG, RGBA, genuine transparent background. No text, numerals, labels, logos or watermark.",作成済み,,references/invidious.png
citizenship.png,市民権,市民権,"Subject: citizenship, target meaning ""市民権"".

Composition: Show one person receiving an official civic certificate beside a national flag and government building, emphasizing recognized membership in a country.

Style: Use the attached invidious.png for drawing style only. Match its thick rounded dark-brown contours, simplified rounded shapes, and restrained 2D cartoon shading. Do not copy the reference subject or composition.

Framing: One compact composition, with the complete subject using about 80-90% of the square. Keep everything inside the frame.

Output: 512x512 PNG, RGBA, genuine transparent background. No text, numerals, labels, logos or watermark.",作成済み,,references/invidious.png
commander.png,海軍中佐、二等海佐,海軍中佐,"Subject: commander, target meaning ""海軍中佐"".

Composition: Show a naval commander in dark uniform with rank stripes, cap, and binoculars standing on a ship's bridge.

Style: Use the attached invidious.png for drawing style only. Match its thick rounded dark-brown contours, simplified rounded shapes, and restrained 2D cartoon shading. Do not copy the reference subject or composition.

Framing: One compact composition, with the complete subject using about 80-90% of the square. Keep everything inside the frame.

Output: 512x512 PNG, RGBA, genuine transparent background. No text, numerals, labels, logos or watermark.",作成済み,,references/invidious.png
fan@wet1.png,うちわ,うちわ,"Subject: fan, target meaning ""うちわ"".

Composition: Show one traditional handheld folding fan fully opened, with ribs and paper surface clearly visible.

Style: Use the attached invidious.png for drawing style only. Match its thick rounded dark-brown contours, simplified rounded shapes, and restrained 2D cartoon shading. Do not copy the reference subject or composition.

Framing: One compact composition, with the complete subject using about 80-90% of the square. Keep everything inside the frame.

Output: 512x512 PNG, RGBA, genuine transparent background. No text, numerals, labels, logos or watermark.",作成済み,,references/invidious.png
farming.png,農業,農業,"Subject: farming, target meaning ""農業"".

Composition: Show a farmer driving a small tractor between crop rows while another field is ready for harvest.

Style: Use the attached invidious.png for drawing style only. Match its thick rounded dark-brown contours, simplified rounded shapes, and restrained 2D cartoon shading. Do not copy the reference subject or composition.

Framing: One compact composition, with the complete subject using about 80-90% of the square. Keep everything inside the frame.

Output: 512x512 PNG, RGBA, genuine transparent background. No text, numerals, labels, logos or watermark.",作成済み,,references/invidious.png
gratitude.png,感謝,感謝,"Subject: gratitude, target meaning ""感謝"".

Composition: Show one person bowing slightly with both hands around a received gift, smiling warmly toward the giver.

Style: Use the attached invidious.png for drawing style only. Match its thick rounded dark-brown contours, simplified rounded shapes, and restrained 2D cartoon shading. Do not copy the reference subject or composition.

Framing: One compact composition, with the complete subject using about 80-90% of the square. Keep everything inside the frame.

Output: 512x512 PNG, RGBA, genuine transparent background. No text, numerals, labels, logos or watermark.",作成済み,,references/invidious.png
hierarchy.png,階級組織,階級組織,"Subject: hierarchy, target meaning ""階級組織"".

Composition: Show four people arranged on ascending steps from junior worker at bottom to senior leader at top, each level clearly separated.

Style: Use the attached invidious.png for drawing style only. Match its thick rounded dark-brown contours, simplified rounded shapes, and restrained 2D cartoon shading. Do not copy the reference subject or composition.

Framing: One compact composition, with the complete subject using about 80-90% of the square. Keep everything inside the frame.

Output: 512x512 PNG, RGBA, genuine transparent background. No text, numerals, labels, logos or watermark.",作成済み,,references/invidious.png
intensive.png,集中的な、突っ込んだ,集中的な,"Subject: intensive, target meaning ""集中的な"".

Composition: Show one student studying at a desk surrounded by several open books, notes, and a clock, deeply focused on concentrated work.

Style: Use the attached invidious.png for drawing style only. Match its thick rounded dark-brown contours, simplified rounded shapes, and restrained 2D cartoon shading. Do not copy the reference subject or composition.

Framing: One compact composition, with the complete subject using about 80-90% of the square. Keep everything inside the frame.

Output: 512x512 PNG, RGBA, genuine transparent background. No text, numerals, labels, logos or watermark.",作成済み,,references/invidious.png
mighty.png,力のある,力のある,"Subject: mighty, target meaning ""力のある"".

Composition: Show one powerful draft horse pulling a heavy loaded cart steadily, emphasizing great strength.

Style: Use the attached invidious.png for drawing style only. Match its thick rounded dark-brown contours, simplified rounded shapes, and restrained 2D cartoon shading. Do not copy the reference subject or composition.

Framing: One compact composition, with the complete subject using about 80-90% of the square. Keep everything inside the frame.

Output: 512x512 PNG, RGBA, genuine transparent background. No text, numerals, labels, logos or watermark.",作成済み,,references/invidious.png
policy@apo-deik.png,保険証券,保険証券,"Subject: policy, target meaning ""保険証券"".

Composition: Show an insurance policy document beside a small house and protective shield icon, with the written details unreadable.

Style: Use the attached invidious.png for drawing style only. Match its thick rounded dark-brown contours, simplified rounded shapes, and restrained 2D cartoon shading. Do not copy the reference subject or composition.

Framing: One compact composition, with the complete subject using about 80-90% of the square. Keep everything inside the frame.

Output: 512x512 PNG, RGBA, genuine transparent background. No text, numerals, labels, logos or watermark.",作成済み,,references/invidious.png
rotation.png,回転,回転,"Subject: rotation, target meaning ""回転"".

Composition: Show one wheel turning around a fixed central axle with curved motion arrows around the rim.

Style: Use the attached invidious.png for drawing style only. Match its thick rounded dark-brown contours, simplified rounded shapes, and restrained 2D cartoon shading. Do not copy the reference subject or composition.

Framing: One compact composition, with the complete subject using about 80-90% of the square. Keep everything inside the frame.

Output: 512x512 PNG, RGBA, genuine transparent background. No text, numerals, labels, logos or watermark.",作成済み,,references/invidious.png
silk.png,生糸、絹製の衣服,生糸,"Subject: silk, target meaning ""生糸"".

Composition: Show several glossy silk threads unwinding from cocoons beside one smooth folded silk cloth.

Style: Use the attached invidious.png for drawing style only. Match its thick rounded dark-brown contours, simplified rounded shapes, and restrained 2D cartoon shading. Do not copy the reference subject or composition.

Framing: One compact composition, with the complete subject using about 80-90% of the square. Keep everything inside the frame.

Output: 512x512 PNG, RGBA, genuine transparent background. No text, numerals, labels, logos or watermark.",作成済み,,references/invidious.png
sodium.png,ナトリウム、ソジウム,ナトリウム,"Subject: sodium, target meaning ""ナトリウム"".

Composition: Show a clean sodium atom-style model beside a few salt crystals and a simple laboratory vial, avoiding any reactive experiment.

Style: Use the attached invidious.png for drawing style only. Match its thick rounded dark-brown contours, simplified rounded shapes, and restrained 2D cartoon shading. Do not copy the reference subject or composition.

Framing: One compact composition, with the complete subject using about 80-90% of the square. Keep everything inside the frame.

Output: 512x512 PNG, RGBA, genuine transparent background. No text, numerals, labels, logos or watermark.",作成済み,,references/invidious.png
strictly.png,厳重に、厳しく,厳重に,"Subject: strictly, target meaning ""厳重に"".

Composition: Show a guard carefully checking every item against a rigid checklist before allowing entry, with no exceptions.

Style: Use the attached invidious.png for drawing style only. Match its thick rounded dark-brown contours, simplified rounded shapes, and restrained 2D cartoon shading. Do not copy the reference subject or composition.

Framing: One compact composition, with the complete subject using about 80-90% of the square. Keep everything inside the frame.

Output: 512x512 PNG, RGBA, genuine transparent background. No text, numerals, labels, logos or watermark.",作成済み,,references/invidious.png
upward.png,上へ、上向きに,上へ,"Subject: upward, target meaning ""上へ"".

Composition: Show one bold arrow and one rising balloon moving vertically from lower to higher position.

Style: Use the attached invidious.png for drawing style only. Match its thick rounded dark-brown contours, simplified rounded shapes, and restrained 2D cartoon shading. Do not copy the reference subject or composition.

Framing: One compact composition, with the complete subject using about 80-90% of the square. Keep everything inside the frame.

Output: 512x512 PNG, RGBA, genuine transparent background. No text, numerals, labels, logos or watermark.",作成済み,,references/invidious.png
whisper.png,囁く,囁く,"Subject: whisper, target meaning ""囁く"".

Composition: Show one person leaning close to another's ear with a hand partly covering the mouth, speaking very quietly.

Style: Use the attached invidious.png for drawing style only. Match its thick rounded dark-brown contours, simplified rounded shapes, and restrained 2D cartoon shading. Do not copy the reference subject or composition.

Framing: One compact composition, with the complete subject using about 80-90% of the square. Keep everything inside the frame.

Output: 512x512 PNG, RGBA, genuine transparent background. No text, numerals, labels, logos or watermark.",作成済み,,references/invidious.png
exciting.png,興奮させる,興奮させる,"Subject: exciting, target meaning ""興奮させる"".

Composition: Show one audience member leaning forward with wide eyes and raised hands during a thrilling race finish, visibly energized.

Style: Use the attached invidious.png for drawing style only. Match its thick rounded dark-brown contours, simplified rounded shapes, and restrained 2D cartoon shading. Do not copy the reference subject or composition.

Framing: One compact composition, with the complete subject using about 80-90% of the square. Keep everything inside the frame.

Output: 512x512 PNG, RGBA, genuine transparent background. No text, numerals, labels, logos or watermark.",作成済み,,references/invidious.png
fan@dhes.png,ファン,ファン,"Subject: fan, target meaning ""ファン"".

Composition: Show one enthusiastic sports fan wearing team colors, cheering with both arms raised from the stands.

Style: Use the attached invidious.png for drawing style only. Match its thick rounded dark-brown contours, simplified rounded shapes, and restrained 2D cartoon shading. Do not copy the reference subject or composition.

Framing: One compact composition, with the complete subject using about 80-90% of the square. Keep everything inside the frame.

Output: 512x512 PNG, RGBA, genuine transparent background. No text, numerals, labels, logos or watermark.",作成済み,,references/invidious.png
gospel.png,福音,福音,"Subject: gospel, target meaning ""福音"".

Composition: Show an open Gospel book on a church lectern with a small cross nearby, dense unreadable text visible on the pages.

Style: Use the attached invidious.png for drawing style only. Match its thick rounded dark-brown contours, simplified rounded shapes, and restrained 2D cartoon shading. Do not copy the reference subject or composition.

Framing: One compact composition, with the complete subject using about 80-90% of the square. Keep everything inside the frame.

Output: 512x512 PNG, RGBA, genuine transparent background. No text, numerals, labels, logos or watermark.",作成済み,,references/invidious.png
ideological.png,イデオロギーの,イデオロギーの,"Subject: ideological, target meaning ""イデオロギーの"".

Composition: Show two people studying a board of connected political and social ideas represented by simple icons, emphasizing a system of beliefs.

Style: Use the attached invidious.png for drawing style only. Match its thick rounded dark-brown contours, simplified rounded shapes, and restrained 2D cartoon shading. Do not copy the reference subject or composition.

Framing: One compact composition, with the complete subject using about 80-90% of the square. Keep everything inside the frame.

Output: 512x512 PNG, RGBA, genuine transparent background. No text, numerals, labels, logos or watermark.",作成済み,,references/invidious.png
kindness.png,親切、思いやり,親切,"Subject: kindness, target meaning ""親切"".

Composition: Show one person offering their seat to an exhausted older passenger while standing beside them.

Style: Use the attached invidious.png for drawing style only. Match its thick rounded dark-brown contours, simplified rounded shapes, and restrained 2D cartoon shading. Do not copy the reference subject or composition.

Framing: One compact composition, with the complete subject using about 80-90% of the square. Keep everything inside the frame.

Output: 512x512 PNG, RGBA, genuine transparent background. No text, numerals, labels, logos or watermark.",作成済み,,references/invidious.png
mature.png,成熟した,成熟した,"Subject: mature, target meaning ""成熟した"".

Composition: Show a fully ripe red tomato beside a smaller green unripe tomato on the same vine.

Style: Use the attached invidious.png for drawing style only. Match its thick rounded dark-brown contours, simplified rounded shapes, and restrained 2D cartoon shading. Do not copy the reference subject or composition.

Framing: One compact composition, with the complete subject using about 80-90% of the square. Keep everything inside the frame.

Output: 512x512 PNG, RGBA, genuine transparent background. No text, numerals, labels, logos or watermark.",作成済み,,references/invidious.png
molecule.png,分子,分子,"Subject: molecule, target meaning ""分子"".

Composition: Show one clean ball-and-stick molecular model with several differently colored atoms connected by bonds.

Style: Use the attached invidious.png for drawing style only. Match its thick rounded dark-brown contours, simplified rounded shapes, and restrained 2D cartoon shading. Do not copy the reference subject or composition.

Framing: One compact composition, with the complete subject using about 80-90% of the square. Keep everything inside the frame.

Output: 512x512 PNG, RGBA, genuine transparent background. No text, numerals, labels, logos or watermark.",作成済み,,references/invidious.png
out-.png,外に,外に,"Subject: out-, target meaning ""外に"".

Composition: Show a red ball moving from inside an open box to a position clearly outside it, with a short motion trail crossing the box opening.

Style: Use the attached invidious.png for drawing style only. Match its thick rounded dark-brown contours, simplified rounded shapes, and restrained 2D cartoon shading. Do not copy the reference subject or composition.

Framing: One compact composition, with the complete subject using about 80-90% of the square. Keep everything inside the frame.

Output: 512x512 PNG, RGBA, genuine transparent background. No text, numerals, labels, logos or watermark.",作成済み,,references/invidious.png
tunnel.png,トンネル,トンネル,"Subject: tunnel, target meaning ""トンネル"".

Composition: Show a long dark tunnel cut through a mountain with visible entrance, curved walls, and light at the far end.

Style: Use the attached invidious.png for drawing style only. Match its thick rounded dark-brown contours, simplified rounded shapes, and restrained 2D cartoon shading. Do not copy the reference subject or composition.

Framing: One compact composition, with the complete subject using about 80-90% of the square. Keep everything inside the frame.

Output: 512x512 PNG, RGBA, genuine transparent background. No text, numerals, labels, logos or watermark.",作成済み,,references/invidious.png
Santa.png,サンタ川,サンタ川,"Subject: Santa, target meaning ""サンタ川"".

Composition: Show a broad river winding through a dry valley with low mountains and green vegetation along the banks, representing a Santa-named river.

Style: Use the attached invidious.png for drawing style only. Match its thick rounded dark-brown contours, simplified rounded shapes, and restrained 2D cartoon shading. Do not copy the reference subject or composition.

Framing: One compact composition, with the complete subject using about 80-90% of the square. Keep everything inside the frame.

Output: 512x512 PNG, RGBA, genuine transparent background. No text, numerals, labels, logos or watermark.",作成済み,,references/invidious.png
burn@gwher.png,燃える,燃える,"Subject: burn, target meaning ""燃える"".

Composition: Show one dry log actively burning with bright flames and glowing embers, no surrounding damage.

Style: Use the attached invidious.png for drawing style only. Match its thick rounded dark-brown contours, simplified rounded shapes, and restrained 2D cartoon shading. Do not copy the reference subject or composition.

Framing: One compact composition, with the complete subject using about 80-90% of the square. Keep everything inside the frame.

Output: 512x512 PNG, RGBA, genuine transparent background. No text, numerals, labels, logos or watermark.",作成済み,,references/invidious.png
metabolism.png,新陳代謝,新陳代謝,"Subject: metabolism, target meaning ""新陳代謝"".

Composition: Show a simplified body cell receiving food molecules and oxygen, then releasing energy icons and waste products in a clean educational diagram.

Style: Use the attached invidious.png for drawing style only. Match its thick rounded dark-brown contours, simplified rounded shapes, and restrained 2D cartoon shading. Do not copy the reference subject or composition.

Framing: One compact composition, with the complete subject using about 80-90% of the square. Keep everything inside the frame.

Output: 512x512 PNG, RGBA, genuine transparent background. No text, numerals, labels, logos or watermark.",作成済み,,references/invidious.png
publicly.png,公開で、公然と,公開で,"Subject: publicly, target meaning ""公開で"".

Composition: Show one speaker addressing a crowd from an open outdoor podium with microphones, clearly visible to everyone.

Style: Use the attached invidious.png for drawing style only. Match its thick rounded dark-brown contours, simplified rounded shapes, and restrained 2D cartoon shading. Do not copy the reference subject or composition.

Framing: One compact composition, with the complete subject using about 80-90% of the square. Keep everything inside the frame.

Output: 512x512 PNG, RGBA, genuine transparent background. No text, numerals, labels, logos or watermark.",作成済み,,references/invidious.png
revealing.png,現われている,現われている,"Subject: revealing, target meaning ""現われている"".

Composition: Show a curtain pulled aside to expose a previously hidden object fully in view.

Style: Use the attached invidious.png for drawing style only. Match its thick rounded dark-brown contours, simplified rounded shapes, and restrained 2D cartoon shading. Do not copy the reference subject or composition.

Framing: One compact composition, with the complete subject using about 80-90% of the square. Keep everything inside the frame.

Output: 512x512 PNG, RGBA, genuine transparent background. No text, numerals, labels, logos or watermark.",作成済み,,references/invidious.png
short-term.png,短期の、短期満期の,短期の,"Subject: short-term, target meaning ""短期の"".

Composition: Show a short timeline with start and end points close together and a small task fitting entirely between them.

Style: Use the attached invidious.png for drawing style only. Match its thick rounded dark-brown contours, simplified rounded shapes, and restrained 2D cartoon shading. Do not copy the reference subject or composition.

Framing: One compact composition, with the complete subject using about 80-90% of the square. Keep everything inside the frame.

Output: 512x512 PNG, RGBA, genuine transparent background. No text, numerals, labels, logos or watermark.",作成済み,,references/invidious.png
Harris.png,ハリス,ハリス,"Subject: Harris, target meaning ""ハリス"".

Composition: Show an adult man named Harris with short gray hair, dark blazer, and calm professional expression.

Style: Use the attached invidious.png for drawing style only. Match its thick rounded dark-brown contours, simplified rounded shapes, and restrained 2D cartoon shading. Do not copy the reference subject or composition.

Framing: One compact composition, with the complete subject using about 80-90% of the square. Keep everything inside the frame.

Output: 512x512 PNG, RGBA, genuine transparent background. No text, numerals, labels, logos or watermark.",作成済み,,references/invidious.png
amino.png,アミンの、アミノ基を含む,アミンの,"Subject: amino, target meaning ""アミンの"".

Composition: Show a simple amino group molecular fragment attached to a carbon chain in a clean chemistry diagram, with atoms represented by colored balls.

Style: Use the attached invidious.png for drawing style only. Match its thick rounded dark-brown contours, simplified rounded shapes, and restrained 2D cartoon shading. Do not copy the reference subject or composition.

Framing: One compact composition, with the complete subject using about 80-90% of the square. Keep everything inside the frame.

Output: 512x512 PNG, RGBA, genuine transparent background. No text, numerals, labels, logos or watermark.",作成済み,,references/invidious.png
blessing.png,祝福,祝福,"Subject: blessing, target meaning ""祝福"".

Composition: Show an elder gently placing one hand above a younger person's bowed head while the younger person receives the blessing with calm gratitude.

Style: Use the attached invidious.png for drawing style only. Match its thick rounded dark-brown contours, simplified rounded shapes, and restrained 2D cartoon shading. Do not copy the reference subject or composition.

Framing: One compact composition, with the complete subject using about 80-90% of the square. Keep everything inside the frame.

Output: 512x512 PNG, RGBA, genuine transparent background. No text, numerals, labels, logos or watermark.",作成済み,,references/invidious.png
coastal.png,海岸の,海岸の,"Subject: coastal, target meaning ""海岸の"".

Composition: Show a small town built directly along a rocky seashore, with houses, a road, and ocean waves all sharing the same coastline.

Style: Use the attached invidious.png for drawing style only. Match its thick rounded dark-brown contours, simplified rounded shapes, and restrained 2D cartoon shading. Do not copy the reference subject or composition.

Framing: One compact composition, with the complete subject using about 80-90% of the square. Keep everything inside the frame.

Output: 512x512 PNG, RGBA, genuine transparent background. No text, numerals, labels, logos or watermark.",作成済み,,references/invidious.png
nearest.png,最寄りの、最も近い,最寄りの,"Subject: nearest, target meaning ""最寄りの"".

Composition: Show three identical shops at different distances along a street, with the closest one immediately beside the viewer's position and the others farther away.

Style: Use the attached invidious.png for drawing style only. Match its thick rounded dark-brown contours, simplified rounded shapes, and restrained 2D cartoon shading. Do not copy the reference subject or composition.

Framing: One compact composition, with the complete subject using about 80-90% of the square. Keep everything inside the frame.

Output: 512x512 PNG, RGBA, genuine transparent background. No text, numerals, labels, logos or watermark.",作成済み,,references/invidious.png
needle.png,針,針,"Subject: needle, target meaning ""針"".

Composition: Show one sewing needle in close-up with sharp point, long metal shaft, and a small eye threaded with red thread.

Style: Use the attached invidious.png for drawing style only. Match its thick rounded dark-brown contours, simplified rounded shapes, and restrained 2D cartoon shading. Do not copy the reference subject or composition.

Framing: One compact composition, with the complete subject using about 80-90% of the square. Keep everything inside the frame.

Output: 512x512 PNG, RGBA, genuine transparent background. No text, numerals, labels, logos or watermark.",作成済み,,references/invidious.png
passenger.png,乗客,乗客,"Subject: passenger, target meaning ""乗客"".

Composition: Show one traveler seated inside a train carriage with a suitcase at their feet and window beside them, clearly riding rather than driving.

Style: Use the attached invidious.png for drawing style only. Match its thick rounded dark-brown contours, simplified rounded shapes, and restrained 2D cartoon shading. Do not copy the reference subject or composition.

Framing: One compact composition, with the complete subject using about 80-90% of the square. Keep everything inside the frame.

Output: 512x512 PNG, RGBA, genuine transparent background. No text, numerals, labels, logos or watermark.",作成済み,,references/invidious.png
violation.png,違反,違反,"Subject: violation, target meaning ""違反"".

Composition: Show one person stepping past a clearly marked boundary barrier while an official raises a stop hand, depicting a rule being violated.

Style: Use the attached invidious.png for drawing style only. Match its thick rounded dark-brown contours, simplified rounded shapes, and restrained 2D cartoon shading. Do not copy the reference subject or composition.

Framing: One compact composition, with the complete subject using about 80-90% of the square. Keep everything inside the frame.

Output: 512x512 PNG, RGBA, genuine transparent background. No text, numerals, labels, logos or watermark.",作成済み,,references/invidious.png
Kelly.png,ケリー、ケリィケリー,ケリー,"Subject: Kelly, target meaning ""ケリー"".

Composition: Show a young adult woman named Kelly with shoulder-length auburn hair, casual jacket, and bright friendly smile in a simple portrait.

Style: Use the attached invidious.png for drawing style only. Match its thick rounded dark-brown contours, simplified rounded shapes, and restrained 2D cartoon shading. Do not copy the reference subject or composition.

Framing: One compact composition, with the complete subject using about 80-90% of the square. Keep everything inside the frame.

Output: 512x512 PNG, RGBA, genuine transparent background. No text, numerals, labels, logos or watermark.",作成済み,,references/invidious.png
Moore.png,ムーア,ムーア,"Subject: Moore, target meaning ""ムーア"".

Composition: Show an adult man named Moore with short dark hair, collared shirt, and thoughtful calm expression in a clean portrait.

Style: Use the attached invidious.png for drawing style only. Match its thick rounded dark-brown contours, simplified rounded shapes, and restrained 2D cartoon shading. Do not copy the reference subject or composition.

Framing: One compact composition, with the complete subject using about 80-90% of the square. Keep everything inside the frame.

Output: 512x512 PNG, RGBA, genuine transparent background. No text, numerals, labels, logos or watermark.",作成済み,,references/invidious.png
Tim.png,ティム,ティム,"Subject: Tim, target meaning ""ティム"".

Composition: Show a young adult man named Tim with short brown hair, casual T-shirt, and easygoing friendly expression.

Style: Use the attached invidious.png for drawing style only. Match its thick rounded dark-brown contours, simplified rounded shapes, and restrained 2D cartoon shading. Do not copy the reference subject or composition.

Framing: One compact composition, with the complete subject using about 80-90% of the square. Keep everything inside the frame.

Output: 512x512 PNG, RGBA, genuine transparent background. No text, numerals, labels, logos or watermark.",作成済み,,references/invidious.png
beast.png,動物、獣性,動物,"Subject: beast, target meaning ""動物"".

Composition: Show one large shaggy wild beast with heavy paws, strong body, and animal-like face standing in a natural pose.

Style: Use the attached invidious.png for drawing style only. Match its thick rounded dark-brown contours, simplified rounded shapes, and restrained 2D cartoon shading. Do not copy the reference subject or composition.

Framing: One compact composition, with the complete subject using about 80-90% of the square. Keep everything inside the frame.

Output: 512x512 PNG, RGBA, genuine transparent background. No text, numerals, labels, logos or watermark.",作成済み,,references/invidious.png
e-mail.png,電子メール,電子メール,"Subject: e-mail, target meaning ""電子メール"".

Composition: Show one laptop sending a message envelope icon toward another laptop across a simple network connection, with all text unreadable.

Style: Use the attached invidious.png for drawing style only. Match its thick rounded dark-brown contours, simplified rounded shapes, and restrained 2D cartoon shading. Do not copy the reference subject or composition.

Framing: One compact composition, with the complete subject using about 80-90% of the square. Keep everything inside the frame.

Output: 512x512 PNG, RGBA, genuine transparent background. No text, numerals, labels, logos or watermark.",作成済み,,references/invidious.png
fee.png,謝礼,謝礼,"Subject: fee, target meaning ""謝礼"".

Composition: Show a service worker receiving a small payment envelope from a customer after completing a task, emphasizing the service fee.

Style: Use the attached invidious.png for drawing style only. Match its thick rounded dark-brown contours, simplified rounded shapes, and restrained 2D cartoon shading. Do not copy the reference subject or composition.

Framing: One compact composition, with the complete subject using about 80-90% of the square. Keep everything inside the frame.

Output: 512x512 PNG, RGBA, genuine transparent background. No text, numerals, labels, logos or watermark.",作成済み,,references/invidious.png
margin.png,余白,余白,"Subject: margin, target meaning ""余白"".

Composition: Show a sheet of paper with a wide blank border around a central block of unreadable text, making the empty margin area obvious.

Style: Use the attached invidious.png for drawing style only. Match its thick rounded dark-brown contours, simplified rounded shapes, and restrained 2D cartoon shading. Do not copy the reference subject or composition.

Framing: One compact composition, with the complete subject using about 80-90% of the square. Keep everything inside the frame.

Output: 512x512 PNG, RGBA, genuine transparent background. No text, numerals, labels, logos or watermark.",作成済み,,references/invidious.png
mounted.png,馬に乗った,馬に乗った,"Subject: mounted, target meaning ""馬に乗った"".

Composition: Show one rider seated on a horse with feet in stirrups and reins in hand, clearly mounted above the ground.

Style: Use the attached invidious.png for drawing style only. Match its thick rounded dark-brown contours, simplified rounded shapes, and restrained 2D cartoon shading. Do not copy the reference subject or composition.

Framing: One compact composition, with the complete subject using about 80-90% of the square. Keep everything inside the frame.

Output: 512x512 PNG, RGBA, genuine transparent background. No text, numerals, labels, logos or watermark.",作成済み,,references/invidious.png
rhythm.png,リズム,リズム,"Subject: rhythm, target meaning ""リズム"".

Composition: Show a sequence of four drum beats as alternating large and small beat marks beside a drummer's hand striking a drum in a repeating pattern.

Style: Use the attached invidious.png for drawing style only. Match its thick rounded dark-brown contours, simplified rounded shapes, and restrained 2D cartoon shading. Do not copy the reference subject or composition.

Framing: One compact composition, with the complete subject using about 80-90% of the square. Keep everything inside the frame.

Output: 512x512 PNG, RGBA, genuine transparent background. No text, numerals, labels, logos or watermark.",作成済み,,references/invidious.png
validation.png,確証,確証,"Subject: validation, target meaning ""確証"".

Composition: Show a document being checked against a second reference sheet, then receiving a clear approval stamp, representing successful validation.

Style: Use the attached invidious.png for drawing style only. Match its thick rounded dark-brown contours, simplified rounded shapes, and restrained 2D cartoon shading. Do not copy the reference subject or composition.

Framing: One compact composition, with the complete subject using about 80-90% of the square. Keep everything inside the frame.

Output: 512x512 PNG, RGBA, genuine transparent background. No text, numerals, labels, logos or watermark.",作成済み,,references/invidious.png
virtually.png,ほとんど,ほとんど,"Subject: virtually, target meaning ""ほとんど"".

Composition: Show a glass filled almost completely to the rim with only a tiny unfilled space remaining, conveying 'almost'.

Style: Use the attached invidious.png for drawing style only. Match its thick rounded dark-brown contours, simplified rounded shapes, and restrained 2D cartoon shading. Do not copy the reference subject or composition.

Framing: One compact composition, with the complete subject using about 80-90% of the square. Keep everything inside the frame.

Output: 512x512 PNG, RGBA, genuine transparent background. No text, numerals, labels, logos or watermark.",作成済み,,references/invidious.png
civilization.png,文明,文明,"Subject: civilization, target meaning ""文明"".

Composition: Show a compact developed city with roads, houses, public buildings, farming fields, and organized civic life in one coherent scene.

Style: Use the attached invidious.png for drawing style only. Match its thick rounded dark-brown contours, simplified rounded shapes, and restrained 2D cartoon shading. Do not copy the reference subject or composition.

Framing: One compact composition, with the complete subject using about 80-90% of the square. Keep everything inside the frame.

Output: 512x512 PNG, RGBA, genuine transparent background. No text, numerals, labels, logos or watermark.",作成済み,,references/invidious.png
fake.png,偽造する,偽造する,"Subject: fake, target meaning ""偽造する"".

Composition: Show one person copying a genuine signed painting by recreating the same image and adding a false-looking signature, with original and imitation side by side.

Style: Use the attached invidious.png for drawing style only. Match its thick rounded dark-brown contours, simplified rounded shapes, and restrained 2D cartoon shading. Do not copy the reference subject or composition.

Framing: One compact composition, with the complete subject using about 80-90% of the square. Keep everything inside the frame.

Output: 512x512 PNG, RGBA, genuine transparent background. No text, numerals, labels, logos or watermark.",作成済み,,references/invidious.png
fitting.png,適当で,適当で,"Subject: fitting, target meaning ""適当で"".

Composition: Show one jacket fitting a person neatly at shoulders and sleeves while a second oversized jacket hangs loosely nearby.

Style: Use the attached invidious.png for drawing style only. Match its thick rounded dark-brown contours, simplified rounded shapes, and restrained 2D cartoon shading. Do not copy the reference subject or composition.

Framing: One compact composition, with the complete subject using about 80-90% of the square. Keep everything inside the frame.

Output: 512x512 PNG, RGBA, genuine transparent background. No text, numerals, labels, logos or watermark.",作成済み,,references/invidious.png
frustration.png,挫折させるもの,挫折させるもの,"Subject: frustration, target meaning ""挫折させるもの"".

Composition: Show one person repeatedly trying to fit a wrong puzzle piece into place, brows furrowed and fists tense after several failed attempts.

Style: Use the attached invidious.png for drawing style only. Match its thick rounded dark-brown contours, simplified rounded shapes, and restrained 2D cartoon shading. Do not copy the reference subject or composition.

Framing: One compact composition, with the complete subject using about 80-90% of the square. Keep everything inside the frame.

Output: 512x512 PNG, RGBA, genuine transparent background. No text, numerals, labels, logos or watermark.",作成済み,,references/invidious.png
graduate.png,卒業生,卒業生,"Subject: graduate, target meaning ""卒業生"".

Composition: Show a university graduate wearing cap and gown, holding a diploma and smiling after a ceremony.

Style: Use the attached invidious.png for drawing style only. Match its thick rounded dark-brown contours, simplified rounded shapes, and restrained 2D cartoon shading. Do not copy the reference subject or composition.

Framing: One compact composition, with the complete subject using about 80-90% of the square. Keep everything inside the frame.

Output: 512x512 PNG, RGBA, genuine transparent background. No text, numerals, labels, logos or watermark.",作成済み,,references/invidious.png
impressed.png,感動して,感動して,"Subject: impressed, target meaning ""感動して"".

Composition: Show one person staring at an impressive finished sculpture with widened eyes, raised brows, and one hand over the chest.

Style: Use the attached invidious.png for drawing style only. Match its thick rounded dark-brown contours, simplified rounded shapes, and restrained 2D cartoon shading. Do not copy the reference subject or composition.

Framing: One compact composition, with the complete subject using about 80-90% of the square. Keep everything inside the frame.

Output: 512x512 PNG, RGBA, genuine transparent background. No text, numerals, labels, logos or watermark.",作成済み,,references/invidious.png
killer.png,殺人者,殺人者,"Subject: killer, target meaning ""殺人者"".

Composition: Show a dark anonymous suspect silhouette in handcuffs being escorted by police, with no weapon, injury, or victim shown.

Style: Use the attached invidious.png for drawing style only. Match its thick rounded dark-brown contours, simplified rounded shapes, and restrained 2D cartoon shading. Do not copy the reference subject or composition.

Framing: One compact composition, with the complete subject using about 80-90% of the square. Keep everything inside the frame.

Output: 512x512 PNG, RGBA, genuine transparent background. No text, numerals, labels, logos or watermark.",作成済み,,references/invidious.png
large-scale.png,スケールの大きい、大型の,スケールの大きい,"Subject: large-scale, target meaning ""スケールの大きい"".

Composition: Show a massive industrial construction site with giant cranes, huge steel beams, and several tiny workers providing scale.

Style: Use the attached invidious.png for drawing style only. Match its thick rounded dark-brown contours, simplified rounded shapes, and restrained 2D cartoon shading. Do not copy the reference subject or composition.

Framing: One compact composition, with the complete subject using about 80-90% of the square. Keep everything inside the frame.

Output: 512x512 PNG, RGBA, genuine transparent background. No text, numerals, labels, logos or watermark.",作成済み,,references/invidious.png
leave@leubh.png,許可、休暇,許可,"Subject: leave, target meaning ""許可"".

Composition: Show an employee receiving an approved leave form from a supervisor while carrying a small travel bag, clearly indicating permission to take time off.

Style: Use the attached invidious.png for drawing style only. Match its thick rounded dark-brown contours, simplified rounded shapes, and restrained 2D cartoon shading. Do not copy the reference subject or composition.

Framing: One compact composition, with the complete subject using about 80-90% of the square. Keep everything inside the frame.

Output: 512x512 PNG, RGBA, genuine transparent background. No text, numerals, labels, logos or watermark.",作成済み,,references/invidious.png
numerical.png,数字の,数字の,"Subject: numerical, target meaning ""数字の"".

Composition: Show a clean page dominated by several large digits and a simple calculator, emphasizing numbers rather than words.

Style: Use the attached invidious.png for drawing style only. Match its thick rounded dark-brown contours, simplified rounded shapes, and restrained 2D cartoon shading. Do not copy the reference subject or composition.

Framing: One compact composition, with the complete subject using about 80-90% of the square. Keep everything inside the frame.

Output: 512x512 PNG, RGBA, genuine transparent background. No text, numerals, labels, logos or watermark.",作成済み,,references/invidious.png
prisoner.png,囚人、捕虜,囚人,"Subject: prisoner, target meaning ""囚人"".

Composition: Show one prisoner in plain uniform standing behind secure vertical bars inside a clean non-graphic cell.

Style: Use the attached invidious.png for drawing style only. Match its thick rounded dark-brown contours, simplified rounded shapes, and restrained 2D cartoon shading. Do not copy the reference subject or composition.

Framing: One compact composition, with the complete subject using about 80-90% of the square. Keep everything inside the frame.

Output: 512x512 PNG, RGBA, genuine transparent background. No text, numerals, labels, logos or watermark.",作成済み,,references/invidious.png
sole@swe.png,唯一の,唯一の,"Subject: sole, target meaning ""唯一の"".

Composition: Show one single red apple placed alone on a table while all other apples are absent, emphasizing that it is the only one.

Style: Use the attached invidious.png for drawing style only. Match its thick rounded dark-brown contours, simplified rounded shapes, and restrained 2D cartoon shading. Do not copy the reference subject or composition.

Framing: One compact composition, with the complete subject using about 80-90% of the square. Keep everything inside the frame.

Output: 512x512 PNG, RGBA, genuine transparent background. No text, numerals, labels, logos or watermark.",作成済み,,references/invidious.png
strengthen.png,強化する,強化する,"Subject: strengthen, target meaning ""強化する"".

Composition: Show a weak cracked wooden beam being reinforced with a strong metal brace and bolts, visibly becoming sturdier.

Style: Use the attached invidious.png for drawing style only. Match its thick rounded dark-brown contours, simplified rounded shapes, and restrained 2D cartoon shading. Do not copy the reference subject or composition.

Framing: One compact composition, with the complete subject using about 80-90% of the square. Keep everything inside the frame.

Output: 512x512 PNG, RGBA, genuine transparent background. No text, numerals, labels, logos or watermark.",作成済み,,references/invidious.png
vulnerability.png,脆弱性,脆弱性,"Subject: vulnerability, target meaning ""脆弱性"".

Composition: Show one small glass object exposed without protection beneath a falling heavy ball, while a protected object beside it sits under a shield.

Style: Use the attached invidious.png for drawing style only. Match its thick rounded dark-brown contours, simplified rounded shapes, and restrained 2D cartoon shading. Do not copy the reference subject or composition.

Framing: One compact composition, with the complete subject using about 80-90% of the square. Keep everything inside the frame.

Output: 512x512 PNG, RGBA, genuine transparent background. No text, numerals, labels, logos or watermark.",作成済み,,references/invidious.png
Marcus.png,マーカス,マーカス,"Subject: Marcus, target meaning ""マーカス"".

Composition: Show an adult man named Marcus with short dark hair, dark green shirt, and composed friendly expression.

Style: Use the attached invidious.png for drawing style only. Match its thick rounded dark-brown contours, simplified rounded shapes, and restrained 2D cartoon shading. Do not copy the reference subject or composition.

Framing: One compact composition, with the complete subject using about 80-90% of the square. Keep everything inside the frame.

Output: 512x512 PNG, RGBA, genuine transparent background. No text, numerals, labels, logos or watermark.",作成済み,,references/invidious.png
anybody.png,だれでも,だれでも,"Subject: anybody, target meaning ""だれでも"".

Composition: Show a varied group of ordinary people with one open invitation gesture toward the whole group, indicating any person could step forward.

Style: Use the attached invidious.png for drawing style only. Match its thick rounded dark-brown contours, simplified rounded shapes, and restrained 2D cartoon shading. Do not copy the reference subject or composition.

Framing: One compact composition, with the complete subject using about 80-90% of the square. Keep everything inside the frame.

Output: 512x512 PNG, RGBA, genuine transparent background. No text, numerals, labels, logos or watermark.",作成済み,,references/invidious.png
bold.png,大胆な,大胆な,"Subject: bold, target meaning ""大胆な"".

Composition: Show one person confidently stepping to the front of a hesitant group with upright posture and decisive expression.

Style: Use the attached invidious.png for drawing style only. Match its thick rounded dark-brown contours, simplified rounded shapes, and restrained 2D cartoon shading. Do not copy the reference subject or composition.

Framing: One compact composition, with the complete subject using about 80-90% of the square. Keep everything inside the frame.

Output: 512x512 PNG, RGBA, genuine transparent background. No text, numerals, labels, logos or watermark.",作成済み,,references/invidious.png
dense.png,濃い,濃い,"Subject: dense, target meaning ""濃い"".

Composition: Show a small transparent box packed tightly with many dark particles and almost no empty space between them.

Style: Use the attached invidious.png for drawing style only. Match its thick rounded dark-brown contours, simplified rounded shapes, and restrained 2D cartoon shading. Do not copy the reference subject or composition.

Framing: One compact composition, with the complete subject using about 80-90% of the square. Keep everything inside the frame.

Output: 512x512 PNG, RGBA, genuine transparent background. No text, numerals, labels, logos or watermark.",作成済み,,references/invidious.png
dollar.png,ドル、ドル貨,ドル,"Subject: dollar, target meaning ""ドル"".

Composition: Show one U.S. dollar banknote and a small stack of dollar coins arranged clearly, with detailed text minimized.

Style: Use the attached invidious.png for drawing style only. Match its thick rounded dark-brown contours, simplified rounded shapes, and restrained 2D cartoon shading. Do not copy the reference subject or composition.

Framing: One compact composition, with the complete subject using about 80-90% of the square. Keep everything inside the frame.

Output: 512x512 PNG, RGBA, genuine transparent background. No text, numerals, labels, logos or watermark.",作成済み,,references/invidious.png
drag.png,引っ張る,引っ張る,"Subject: drag, target meaning ""引っ張る"".

Composition: Show one person pulling a heavy sack along the ground by a rope, with the sack scraping behind.

Style: Use the attached invidious.png for drawing style only. Match its thick rounded dark-brown contours, simplified rounded shapes, and restrained 2D cartoon shading. Do not copy the reference subject or composition.

Framing: One compact composition, with the complete subject using about 80-90% of the square. Keep everything inside the frame.

Output: 512x512 PNG, RGBA, genuine transparent background. No text, numerals, labels, logos or watermark.",作成済み,,references/invidious.png
harsh.png,厳しい、手厳しい,厳しい,"Subject: harsh, target meaning ""厳しい"".

Composition: Show a strict teacher pointing sharply at a heavily corrected paper while the student stands tense, conveying severe treatment without abuse.

Style: Use the attached invidious.png for drawing style only. Match its thick rounded dark-brown contours, simplified rounded shapes, and restrained 2D cartoon shading. Do not copy the reference subject or composition.

Framing: One compact composition, with the complete subject using about 80-90% of the square. Keep everything inside the frame.

Output: 512x512 PNG, RGBA, genuine transparent background. No text, numerals, labels, logos or watermark.",作成済み,,references/invidious.png
normative.png,基準の、規範的な,基準の,"Subject: normative, target meaning ""基準の"".

Composition: Show a row of identical objects aligned to one central standard template, with one reference object clearly used as the norm.

Style: Use the attached invidious.png for drawing style only. Match its thick rounded dark-brown contours, simplified rounded shapes, and restrained 2D cartoon shading. Do not copy the reference subject or composition.

Framing: One compact composition, with the complete subject using about 80-90% of the square. Keep everything inside the frame.

Output: 512x512 PNG, RGBA, genuine transparent background. No text, numerals, labels, logos or watermark.",作成済み,,references/invidious.png
serum.png,血清,血清,"Subject: serum, target meaning ""血清"".

Composition: Show a laboratory blood tube separated into layers, with the clear pale serum at the top after clotting.

Style: Use the attached invidious.png for drawing style only. Match its thick rounded dark-brown contours, simplified rounded shapes, and restrained 2D cartoon shading. Do not copy the reference subject or composition.

Framing: One compact composition, with the complete subject using about 80-90% of the square. Keep everything inside the frame.

Output: 512x512 PNG, RGBA, genuine transparent background. No text, numerals, labels, logos or watermark.",作成済み,,references/invidious.png
urge.png,促す,促す,"Subject: urge, target meaning ""促す"".

Composition: Show one person encouraging another to move forward toward a finish line with repeated forward hand gestures and supportive expression.

Style: Use the attached invidious.png for drawing style only. Match its thick rounded dark-brown contours, simplified rounded shapes, and restrained 2D cartoon shading. Do not copy the reference subject or composition.

Framing: One compact composition, with the complete subject using about 80-90% of the square. Keep everything inside the frame.

Output: 512x512 PNG, RGBA, genuine transparent background. No text, numerals, labels, logos or watermark.",作成済み,,references/invidious.png
vascular.png,脈管の、血管の,脈管の,"Subject: vascular, target meaning ""脈管の"".

Composition: Show a clean anatomical network of branching blood vessels running through a simplified arm, with arteries and veins clearly emphasized.

Style: Use the attached invidious.png for drawing style only. Match its thick rounded dark-brown contours, simplified rounded shapes, and restrained 2D cartoon shading. Do not copy the reference subject or composition.

Framing: One compact composition, with the complete subject using about 80-90% of the square. Keep everything inside the frame.

Output: 512x512 PNG, RGBA, genuine transparent background. No text, numerals, labels, logos or watermark.",作成済み,,references/invidious.png
vein.png,静脈,静脈,"Subject: vein, target meaning ""静脈"".

Composition: Show one blue vein beneath translucent skin on a forearm in a clean medical illustration, with branching vessel structure visible.

Style: Use the attached invidious.png for drawing style only. Match its thick rounded dark-brown contours, simplified rounded shapes, and restrained 2D cartoon shading. Do not copy the reference subject or composition.

Framing: One compact composition, with the complete subject using about 80-90% of the square. Keep everything inside the frame.

Output: 512x512 PNG, RGBA, genuine transparent background. No text, numerals, labels, logos or watermark.",作成済み,,references/invidious.png
Albert.png,アルバート,アルバート,"Subject: Albert, target meaning ""アルバート"".

Composition: Show an adult man named Albert with slightly wavy dark hair, round glasses, and a thoughtful friendly expression.

Style: Use the attached invidious.png for drawing style only. Match its thick rounded dark-brown contours, simplified rounded shapes, and restrained 2D cartoon shading. Do not copy the reference subject or composition.

Framing: One compact composition, with the complete subject using about 80-90% of the square. Keep everything inside the frame.

Output: 512x512 PNG, RGBA, genuine transparent background. No text, numerals, labels, logos or watermark.",作成済み,,references/invidious.png
Howard.png,ハウァド、ハワード,ハウァド,"Subject: Howard, target meaning ""ハウァド"".

Composition: Show an older adult man named Howard with short gray hair, cardigan, and warm composed smile.

Style: Use the attached invidious.png for drawing style only. Match its thick rounded dark-brown contours, simplified rounded shapes, and restrained 2D cartoon shading. Do not copy the reference subject or composition.

Framing: One compact composition, with the complete subject using about 80-90% of the square. Keep everything inside the frame.

Output: 512x512 PNG, RGBA, genuine transparent background. No text, numerals, labels, logos or watermark.",作成済み,,references/invidious.png
Kennedy.png,ケネディ、ケネディー,ケネディ,"Subject: Kennedy, target meaning ""ケネディ"".

Composition: Show a mid-20th-century American statesman with neatly combed dark hair, dark suit, white shirt, and confident public-speaking posture.

Style: Use the attached invidious.png for drawing style only. Match its thick rounded dark-brown contours, simplified rounded shapes, and restrained 2D cartoon shading. Do not copy the reference subject or composition.

Framing: One compact composition, with the complete subject using about 80-90% of the square. Keep everything inside the frame.

Output: 512x512 PNG, RGBA, genuine transparent background. No text, numerals, labels, logos or watermark.",作成済み,,references/invidious.png
arrow.png,矢,矢,"Subject: arrow, target meaning ""矢"".

Composition: Show one simple arrow with straight shaft, pointed triangular head, and feathered tail, fully visible from end to end.

Style: Use the attached invidious.png for drawing style only. Match its thick rounded dark-brown contours, simplified rounded shapes, and restrained 2D cartoon shading. Do not copy the reference subject or composition.

Framing: One compact composition, with the complete subject using about 80-90% of the square. Keep everything inside the frame.

Output: 512x512 PNG, RGBA, genuine transparent background. No text, numerals, labels, logos or watermark.",作成済み,,references/invidious.png
grave@ghrebh2.png,墓,墓,"Subject: grave, target meaning ""墓"".

Composition: Show one simple cemetery grave with upright headstone, small flowers at the base, and grass surrounding it.

Style: Use the attached invidious.png for drawing style only. Match its thick rounded dark-brown contours, simplified rounded shapes, and restrained 2D cartoon shading. Do not copy the reference subject or composition.

Framing: One compact composition, with the complete subject using about 80-90% of the square. Keep everything inside the frame.

Output: 512x512 PNG, RGBA, genuine transparent background. No text, numerals, labels, logos or watermark.",作成済み,,references/invidious.png
gross.png,総体的な,総体的な,"Subject: gross, target meaning ""総体的な"".

Composition: Show a large overall total represented by many small boxes gathered into one big combined pile, emphasizing total amount before deductions.

Style: Use the attached invidious.png for drawing style only. Match its thick rounded dark-brown contours, simplified rounded shapes, and restrained 2D cartoon shading. Do not copy the reference subject or composition.

Framing: One compact composition, with the complete subject using about 80-90% of the square. Keep everything inside the frame.

Output: 512x512 PNG, RGBA, genuine transparent background. No text, numerals, labels, logos or watermark.",作成済み,,references/invidious.png
implied.png,暗黙の、言外の,暗黙の,"Subject: implied, target meaning ""暗黙の"".

Composition: Show one person glancing toward an open door while holding a coat, and another person understanding to leave without any words being spoken.

Style: Use the attached invidious.png for drawing style only. Match its thick rounded dark-brown contours, simplified rounded shapes, and restrained 2D cartoon shading. Do not copy the reference subject or composition.

Framing: One compact composition, with the complete subject using about 80-90% of the square. Keep everything inside the frame.

Output: 512x512 PNG, RGBA, genuine transparent background. No text, numerals, labels, logos or watermark.",作成済み,,references/invidious.png
kidney.png,腎臓,腎臓,"Subject: kidney, target meaning ""腎臓"".

Composition: Show two clean anatomical kidneys with ureters descending from them, one kidney enlarged slightly for clarity.

Style: Use the attached invidious.png for drawing style only. Match its thick rounded dark-brown contours, simplified rounded shapes, and restrained 2D cartoon shading. Do not copy the reference subject or composition.

Framing: One compact composition, with the complete subject using about 80-90% of the square. Keep everything inside the frame.

Output: 512x512 PNG, RGBA, genuine transparent background. No text, numerals, labels, logos or watermark.",作成済み,,references/invidious.png
shade.png,影,影,"Subject: shade, target meaning ""影"".

Composition: Show a person standing comfortably beneath a tree canopy while bright sunlight falls outside the dark cool shadow area.

Style: Use the attached invidious.png for drawing style only. Match its thick rounded dark-brown contours, simplified rounded shapes, and restrained 2D cartoon shading. Do not copy the reference subject or composition.

Framing: One compact composition, with the complete subject using about 80-90% of the square. Keep everything inside the frame.

Output: 512x512 PNG, RGBA, genuine transparent background. No text, numerals, labels, logos or watermark.",作成済み,,references/invidious.png
wealthy.png,富裕な,富裕な,"Subject: wealthy, target meaning ""富裕な"".

Composition: Show one affluent person in tasteful formal clothing beside a large home, savings documents, and substantial coin stack, without luxury-brand logos.

Style: Use the attached invidious.png for drawing style only. Match its thick rounded dark-brown contours, simplified rounded shapes, and restrained 2D cartoon shading. Do not copy the reference subject or composition.

Framing: One compact composition, with the complete subject using about 80-90% of the square. Keep everything inside the frame.

Output: 512x512 PNG, RGBA, genuine transparent background. No text, numerals, labels, logos or watermark.",作成済み,,references/invidious.png
wicked.png,いたずらな,いたずらな,"Subject: wicked, target meaning ""いたずらな"".

Composition: Show one mischievous child hiding a harmless prank behind their back with a sly grin while another person looks suspicious.

Style: Use the attached invidious.png for drawing style only. Match its thick rounded dark-brown contours, simplified rounded shapes, and restrained 2D cartoon shading. Do not copy the reference subject or composition.

Framing: One compact composition, with the complete subject using about 80-90% of the square. Keep everything inside the frame.

Output: 512x512 PNG, RGBA, genuine transparent background. No text, numerals, labels, logos or watermark.",作成済み,,references/invidious.png
ISBN.png,国際標準図書番号,国際標準図書番号,"Subject: ISBN, target meaning ""国際標準図書番号"".

Composition: Show the back of a book with a barcode and a row of grouped digits beneath it, representing an ISBN; keep digits generic and not tied to a real book.

Style: Use the attached invidious.png for drawing style only. Match its thick rounded dark-brown contours, simplified rounded shapes, and restrained 2D cartoon shading. Do not copy the reference subject or composition.

Framing: One compact composition, with the complete subject using about 80-90% of the square. Keep everything inside the frame.

Output: 512x512 PNG, RGBA, genuine transparent background. No text, numerals, labels, logos or watermark.",作成済み,,references/invidious.png
Indonesia.png,インドネシア,インドネシア,"Subject: Indonesia, target meaning ""インドネシア"".

Composition: Show a compact Indonesian scene with tropical islands, a volcano, rice terraces, and a red-white flag cue.

Style: Use the attached invidious.png for drawing style only. Match its thick rounded dark-brown contours, simplified rounded shapes, and restrained 2D cartoon shading. Do not copy the reference subject or composition.

Framing: One compact composition, with the complete subject using about 80-90% of the square. Keep everything inside the frame.

Output: 512x512 PNG, RGBA, genuine transparent background. No text, numerals, labels, logos or watermark.",作成済み,,references/invidious.png
Turkish.png,トルコの、トルコ人の,トルコの,"Subject: Turkish, target meaning ""トルコの"".

Composition: Show a Turkish person in modern clothing with a small crescent-and-star flag cue and Istanbul mosque silhouette behind.

Style: Use the attached invidious.png for drawing style only. Match its thick rounded dark-brown contours, simplified rounded shapes, and restrained 2D cartoon shading. Do not copy the reference subject or composition.

Framing: One compact composition, with the complete subject using about 80-90% of the square. Keep everything inside the frame.

Output: 512x512 PNG, RGBA, genuine transparent background. No text, numerals, labels, logos or watermark.",作成済み,,references/invidious.png
band@bhendh.png,帯,帯,"Subject: band, target meaning ""帯"".

Composition: Show one wide fabric band wrapped around a box, encircling it firmly from side to side.

Style: Use the attached invidious.png for drawing style only. Match its thick rounded dark-brown contours, simplified rounded shapes, and restrained 2D cartoon shading. Do not copy the reference subject or composition.

Framing: One compact composition, with the complete subject using about 80-90% of the square. Keep everything inside the frame.

Output: 512x512 PNG, RGBA, genuine transparent background. No text, numerals, labels, logos or watermark.",作成済み,,references/invidious.png
banking.png,銀行業,銀行業,"Subject: banking, target meaning ""銀行業"".

Composition: Show a bank clerk handling deposits at a counter with coins, passbook, and secure vault door in the background.

Style: Use the attached invidious.png for drawing style only. Match its thick rounded dark-brown contours, simplified rounded shapes, and restrained 2D cartoon shading. Do not copy the reference subject or composition.

Framing: One compact composition, with the complete subject using about 80-90% of the square. Keep everything inside the frame.

Output: 512x512 PNG, RGBA, genuine transparent background. No text, numerals, labels, logos or watermark.",作成済み,,references/invidious.png
breach.png,違反,違反,"Subject: breach, target meaning ""違反"".

Composition: Show a person stepping through a broken section of a fence marked by a clear boundary, depicting a breach of the barrier.

Style: Use the attached invidious.png for drawing style only. Match its thick rounded dark-brown contours, simplified rounded shapes, and restrained 2D cartoon shading. Do not copy the reference subject or composition.

Framing: One compact composition, with the complete subject using about 80-90% of the square. Keep everything inside the frame.

Output: 512x512 PNG, RGBA, genuine transparent background. No text, numerals, labels, logos or watermark.",作成済み,,references/invidious.png
earn@esen.png,稼ぐ、値する,稼ぐ,"Subject: earn, target meaning ""稼ぐ"".

Composition: Show a worker completing a task and then receiving coins in payment from an employer.

Style: Use the attached invidious.png for drawing style only. Match its thick rounded dark-brown contours, simplified rounded shapes, and restrained 2D cartoon shading. Do not copy the reference subject or composition.

Framing: One compact composition, with the complete subject using about 80-90% of the square. Keep everything inside the frame.

Output: 512x512 PNG, RGBA, genuine transparent background. No text, numerals, labels, logos or watermark.",作成済み,,references/invidious.png
feminist.png,女権拡張論者,女権拡張論者,"Subject: feminist, target meaning ""女権拡張論者"".

Composition: Show one woman speaking at a podium beside symbols of equal opportunity—balanced scales and equal-sized male/female figures—without slogans.

Style: Use the attached invidious.png for drawing style only. Match its thick rounded dark-brown contours, simplified rounded shapes, and restrained 2D cartoon shading. Do not copy the reference subject or composition.

Framing: One compact composition, with the complete subject using about 80-90% of the square. Keep everything inside the frame.

Output: 512x512 PNG, RGBA, genuine transparent background. No text, numerals, labels, logos or watermark.",作成済み,,references/invidious.png
pop.png,ポンと鳴る,ポンと鳴る,"Subject: pop, target meaning ""ポンと鳴る"".

Composition: Show a balloon bursting with a sudden small explosion shape and two torn rubber pieces flying apart.

Style: Use the attached invidious.png for drawing style only. Match its thick rounded dark-brown contours, simplified rounded shapes, and restrained 2D cartoon shading. Do not copy the reference subject or composition.

Framing: One compact composition, with the complete subject using about 80-90% of the square. Keep everything inside the frame.

Output: 512x512 PNG, RGBA, genuine transparent background. No text, numerals, labels, logos or watermark.",作成済み,,references/invidious.png
pump.png,ポンプ,ポンプ,"Subject: pump, target meaning ""ポンプ"".

Composition: Show one hand-operated water pump with handle, cylinder, and water flowing from the spout into a bucket.

Style: Use the attached invidious.png for drawing style only. Match its thick rounded dark-brown contours, simplified rounded shapes, and restrained 2D cartoon shading. Do not copy the reference subject or composition.

Framing: One compact composition, with the complete subject using about 80-90% of the square. Keep everything inside the frame.

Output: 512x512 PNG, RGBA, genuine transparent background. No text, numerals, labels, logos or watermark.",作成済み,,references/invidious.png
variance.png,変動,変動,"Subject: variance, target meaning ""変動"".

Composition: Show several bars of noticeably different heights around a central average line, emphasizing variation around the mean.

Style: Use the attached invidious.png for drawing style only. Match its thick rounded dark-brown contours, simplified rounded shapes, and restrained 2D cartoon shading. Do not copy the reference subject or composition.

Framing: One compact composition, with the complete subject using about 80-90% of the square. Keep everything inside the frame.

Output: 512x512 PNG, RGBA, genuine transparent background. No text, numerals, labels, logos or watermark.",作成済み,,references/invidious.png
viral.png,ウイルスの,ウイルスの,"Subject: viral, target meaning ""ウイルスの"".

Composition: Show several enlarged virus particles spreading from one infected cell toward neighboring cells in a clean medical diagram.

Style: Use the attached invidious.png for drawing style only. Match its thick rounded dark-brown contours, simplified rounded shapes, and restrained 2D cartoon shading. Do not copy the reference subject or composition.

Framing: One compact composition, with the complete subject using about 80-90% of the square. Keep everything inside the frame.

Output: 512x512 PNG, RGBA, genuine transparent background. No text, numerals, labels, logos or watermark.",作成済み,,references/invidious.png
voluntary.png,自発的な,自発的な,"Subject: voluntary, target meaning ""自発的な"".

Composition: Show one person willingly raising a hand to volunteer for a task while others remain seated.

Style: Use the attached invidious.png for drawing style only. Match its thick rounded dark-brown contours, simplified rounded shapes, and restrained 2D cartoon shading. Do not copy the reference subject or composition.

Framing: One compact composition, with the complete subject using about 80-90% of the square. Keep everything inside the frame.

Output: 512x512 PNG, RGBA, genuine transparent background. No text, numerals, labels, logos or watermark.",作成済み,,references/invidious.png
Jehovah.png,エホバ,エホバ,"Subject: Jehovah, target meaning ""エホバ"".

Composition: Show a radiant divine presence represented by bright light above ancient desert mountains and a simple altar, avoiding a literal human face.

Style: Use the attached invidious.png for drawing style only. Match its thick rounded dark-brown contours, simplified rounded shapes, and restrained 2D cartoon shading. Do not copy the reference subject or composition.

Framing: One compact composition, with the complete subject using about 80-90% of the square. Keep everything inside the frame.

Output: 512x512 PNG, RGBA, genuine transparent background. No text, numerals, labels, logos or watermark.",作成済み,,references/invidious.png
Julia.png,ユリア,ユリア,"Subject: Julia, target meaning ""ユリア"".

Composition: Show a young adult woman named Julia with dark wavy hair, simple red blouse, and warm confident expression.

Style: Use the attached invidious.png for drawing style only. Match its thick rounded dark-brown contours, simplified rounded shapes, and restrained 2D cartoon shading. Do not copy the reference subject or composition.

Framing: One compact composition, with the complete subject using about 80-90% of the square. Keep everything inside the frame.

Output: 512x512 PNG, RGBA, genuine transparent background. No text, numerals, labels, logos or watermark.",作成済み,,references/invidious.png
Russell.png,ラッセル,ラッセル,"Subject: Russell, target meaning ""ラッセル"".

Composition: Show an adult man named Russell with short light-brown hair, glasses, and thoughtful relaxed expression.

Style: Use the attached invidious.png for drawing style only. Match its thick rounded dark-brown contours, simplified rounded shapes, and restrained 2D cartoon shading. Do not copy the reference subject or composition.

Framing: One compact composition, with the complete subject using about 80-90% of the square. Keep everything inside the frame.

Output: 512x512 PNG, RGBA, genuine transparent background. No text, numerals, labels, logos or watermark.",作成済み,,references/invidious.png
biomass.png,バイオマス,バイオマス,"Subject: biomass, target meaning ""バイオマス"".

Composition: Show a compact pile of plant matter—wood chips, crop stalks, and leaves—beside a small energy plant icon, emphasizing organic material.

Style: Use the attached invidious.png for drawing style only. Match its thick rounded dark-brown contours, simplified rounded shapes, and restrained 2D cartoon shading. Do not copy the reference subject or composition.

Framing: One compact composition, with the complete subject using about 80-90% of the square. Keep everything inside the frame.

Output: 512x512 PNG, RGBA, genuine transparent background. No text, numerals, labels, logos or watermark.",作成済み,,references/invidious.png
bore@bher2.png,穴をあける、退屈させる,穴をあける,"Subject: bore, target meaning ""穴をあける"".

Composition: Show a power drill cutting a clean circular hole through a wooden board, with sawdust around the opening.

Style: Use the attached invidious.png for drawing style only. Match its thick rounded dark-brown contours, simplified rounded shapes, and restrained 2D cartoon shading. Do not copy the reference subject or composition.

Framing: One compact composition, with the complete subject using about 80-90% of the square. Keep everything inside the frame.

Output: 512x512 PNG, RGBA, genuine transparent background. No text, numerals, labels, logos or watermark.",作成済み,,references/invidious.png
craft.png,船、飛行機,船,"Subject: craft, target meaning ""船"".

Composition: Show one small sailing vessel with hull, mast, deck, and rudder clearly visible on calm water.

Style: Use the attached invidious.png for drawing style only. Match its thick rounded dark-brown contours, simplified rounded shapes, and restrained 2D cartoon shading. Do not copy the reference subject or composition.

Framing: One compact composition, with the complete subject using about 80-90% of the square. Keep everything inside the frame.

Output: 512x512 PNG, RGBA, genuine transparent background. No text, numerals, labels, logos or watermark.",作成済み,,references/invidious.png
placement.png,配置,配置,"Subject: placement, target meaning ""配置"".

Composition: Show several furniture pieces being arranged into specific marked positions inside a room, with one chair being placed precisely into an empty spot.

Style: Use the attached invidious.png for drawing style only. Match its thick rounded dark-brown contours, simplified rounded shapes, and restrained 2D cartoon shading. Do not copy the reference subject or composition.

Framing: One compact composition, with the complete subject using about 80-90% of the square. Keep everything inside the frame.

Output: 512x512 PNG, RGBA, genuine transparent background. No text, numerals, labels, logos or watermark.",作成済み,,references/invidious.png
stimulation.png,刺激、興奮,刺激,"Subject: stimulation, target meaning ""刺激"".

Composition: Show one finger pressing a button that causes a dormant machine to light up and begin moving, clearly showing an external stimulus triggering activity.

Style: Use the attached invidious.png for drawing style only. Match its thick rounded dark-brown contours, simplified rounded shapes, and restrained 2D cartoon shading. Do not copy the reference subject or composition.

Framing: One compact composition, with the complete subject using about 80-90% of the square. Keep everything inside the frame.

Output: 512x512 PNG, RGBA, genuine transparent background. No text, numerals, labels, logos or watermark.",作成済み,,references/invidious.png
vaccine.png,ワクチン,ワクチン,"Subject: vaccine, target meaning ""ワクチン"".

Composition: Show a clean vaccine vial beside a syringe with capped needle and a protective shield symbol, no injection being performed.

Style: Use the attached invidious.png for drawing style only. Match its thick rounded dark-brown contours, simplified rounded shapes, and restrained 2D cartoon shading. Do not copy the reference subject or composition.

Framing: One compact composition, with the complete subject using about 80-90% of the square. Keep everything inside the frame.

Output: 512x512 PNG, RGBA, genuine transparent background. No text, numerals, labels, logos or watermark.",作成済み,,references/invidious.png
autonomous.png,自治の,自治の,"Subject: autonomous, target meaning ""自治の"".

Composition: Show one small region managing its own local council table and flag while a larger distant capital building remains separate, conveying self-government.

Style: Use the attached invidious.png for drawing style only. Match its thick rounded dark-brown contours, simplified rounded shapes, and restrained 2D cartoon shading. Do not copy the reference subject or composition.

Framing: One compact composition, with the complete subject using about 80-90% of the square. Keep everything inside the frame.

Output: 512x512 PNG, RGBA, genuine transparent background. No text, numerals, labels, logos or watermark.",作成済み,,references/invidious.png
counsel.png,助言、勧告,助言,"Subject: counsel, target meaning ""助言"".

Composition: Show one advisor leaning over a desk giving thoughtful guidance to a seated person, pointing to two possible choices on a paper.

Style: Use the attached invidious.png for drawing style only. Match its thick rounded dark-brown contours, simplified rounded shapes, and restrained 2D cartoon shading. Do not copy the reference subject or composition.

Framing: One compact composition, with the complete subject using about 80-90% of the square. Keep everything inside the frame.

Output: 512x512 PNG, RGBA, genuine transparent background. No text, numerals, labels, logos or watermark.",作成済み,,references/invidious.png
holiday.png,休暇,休暇,"Subject: holiday, target meaning ""休暇"".

Composition: Show one traveler relaxing on a beach chair with suitcase set aside and work laptop closed, clearly on vacation.

Style: Use the attached invidious.png for drawing style only. Match its thick rounded dark-brown contours, simplified rounded shapes, and restrained 2D cartoon shading. Do not copy the reference subject or composition.

Framing: One compact composition, with the complete subject using about 80-90% of the square. Keep everything inside the frame.

Output: 512x512 PNG, RGBA, genuine transparent background. No text, numerals, labels, logos or watermark.",作成済み,,references/invidious.png
lasting.png,永続する,永続する,"Subject: lasting, target meaning ""永続する"".

Composition: Show one sturdy stone bridge still standing unchanged while weather shifts from sun to rain around it, emphasizing long duration.

Style: Use the attached invidious.png for drawing style only. Match its thick rounded dark-brown contours, simplified rounded shapes, and restrained 2D cartoon shading. Do not copy the reference subject or composition.

Framing: One compact composition, with the complete subject using about 80-90% of the square. Keep everything inside the frame.

Output: 512x512 PNG, RGBA, genuine transparent background. No text, numerals, labels, logos or watermark.",作成済み,,references/invidious.png
menu.png,メニュー,メニュー,"Subject: menu, target meaning ""メニュー"".

Composition: Show an open restaurant menu with small food illustrations and several unreadable item lines arranged in sections.

Style: Use the attached invidious.png for drawing style only. Match its thick rounded dark-brown contours, simplified rounded shapes, and restrained 2D cartoon shading. Do not copy the reference subject or composition.

Framing: One compact composition, with the complete subject using about 80-90% of the square. Keep everything inside the frame.

Output: 512x512 PNG, RGBA, genuine transparent background. No text, numerals, labels, logos or watermark.",作成済み,,references/invidious.png
microbial.png,微生物の,微生物の,"Subject: microbial, target meaning ""微生物の"".

Composition: Show enlarged bacteria and yeast cells around a petri dish under a microscope, clean and educational.

Style: Use the attached invidious.png for drawing style only. Match its thick rounded dark-brown contours, simplified rounded shapes, and restrained 2D cartoon shading. Do not copy the reference subject or composition.

Framing: One compact composition, with the complete subject using about 80-90% of the square. Keep everything inside the frame.

Output: 512x512 PNG, RGBA, genuine transparent background. No text, numerals, labels, logos or watermark.",作成済み,,references/invidious.png
mud.png,泥、ぬかるみ,泥,"Subject: mud, target meaning ""泥"".

Composition: Show a thick wet patch of brown mud with visible footprints and water mixed into the soil.

Style: Use the attached invidious.png for drawing style only. Match its thick rounded dark-brown contours, simplified rounded shapes, and restrained 2D cartoon shading. Do not copy the reference subject or composition.

Framing: One compact composition, with the complete subject using about 80-90% of the square. Keep everything inside the frame.

Output: 512x512 PNG, RGBA, genuine transparent background. No text, numerals, labels, logos or watermark.",作成済み,,references/invidious.png
pity.png,同情,同情,"Subject: pity, target meaning ""同情"".

Composition: Show one person looking sadly at another person with torn umbrella in the rain, offering a dry towel and sympathetic expression.

Style: Use the attached invidious.png for drawing style only. Match its thick rounded dark-brown contours, simplified rounded shapes, and restrained 2D cartoon shading. Do not copy the reference subject or composition.

Framing: One compact composition, with the complete subject using about 80-90% of the square. Keep everything inside the frame.

Output: 512x512 PNG, RGBA, genuine transparent background. No text, numerals, labels, logos or watermark.",作成済み,,references/invidious.png
realization.png,実現,実現,"Subject: realization, target meaning ""実現"".

Composition: Show a completed building matching an earlier small blueprint placed beside it, emphasizing an idea successfully made real.

Style: Use the attached invidious.png for drawing style only. Match its thick rounded dark-brown contours, simplified rounded shapes, and restrained 2D cartoon shading. Do not copy the reference subject or composition.

Framing: One compact composition, with the complete subject using about 80-90% of the square. Keep everything inside the frame.

Output: 512x512 PNG, RGBA, genuine transparent background. No text, numerals, labels, logos or watermark.",作成済み,,references/invidious.png
shield.png,盾,盾,"Subject: shield, target meaning ""盾"".

Composition: Show one round protective shield in front view with central boss, rim, and hand straps visible behind.

Style: Use the attached invidious.png for drawing style only. Match its thick rounded dark-brown contours, simplified rounded shapes, and restrained 2D cartoon shading. Do not copy the reference subject or composition.

Framing: One compact composition, with the complete subject using about 80-90% of the square. Keep everything inside the frame.

Output: 512x512 PNG, RGBA, genuine transparent background. No text, numerals, labels, logos or watermark.",作成済み,,references/invidious.png
trap.png,罠,罠,"Subject: trap, target meaning ""罠"".

Composition: Show a harmless box trap propped open with bait inside and a simple trigger mechanism, no animal caught.

Style: Use the attached invidious.png for drawing style only. Match its thick rounded dark-brown contours, simplified rounded shapes, and restrained 2D cartoon shading. Do not copy the reference subject or composition.

Framing: One compact composition, with the complete subject using about 80-90% of the square. Keep everything inside the frame.

Output: 512x512 PNG, RGBA, genuine transparent background. No text, numerals, labels, logos or watermark.",作成済み,,references/invidious.png
update.png,改訂する、更新する,改訂する,"Subject: update, target meaning ""改訂する"".

Composition: Show an old document on the left and a revised version on the right with several corrected sections highlighted, connected by a forward arrow.

Style: Use the attached invidious.png for drawing style only. Match its thick rounded dark-brown contours, simplified rounded shapes, and restrained 2D cartoon shading. Do not copy the reference subject or composition.

Framing: One compact composition, with the complete subject using about 80-90% of the square. Keep everything inside the frame.

Output: 512x512 PNG, RGBA, genuine transparent background. No text, numerals, labels, logos or watermark.",作成済み,,references/invidious.png
cheap.png,安い,安い,"Subject: cheap, target meaning ""安い"".

Composition: Show two similar products with one carrying a much smaller price tag icon made only of fewer coin symbols, no readable numbers.

Style: Use the attached invidious.png for drawing style only. Match its thick rounded dark-brown contours, simplified rounded shapes, and restrained 2D cartoon shading. Do not copy the reference subject or composition.

Framing: One compact composition, with the complete subject using about 80-90% of the square. Keep everything inside the frame.

Output: 512x512 PNG, RGBA, genuine transparent background. No text, numerals, labels, logos or watermark.",作成済み,,references/invidious.png
cruel.png,残酷な,残酷な,"Subject: cruel, target meaning ""残酷な"".

Composition: Show one person deliberately refusing food to a hungry stray animal while holding the bowl away, depicted soberly without physical injury.

Style: Use the attached invidious.png for drawing style only. Match its thick rounded dark-brown contours, simplified rounded shapes, and restrained 2D cartoon shading. Do not copy the reference subject or composition.

Framing: One compact composition, with the complete subject using about 80-90% of the square. Keep everything inside the frame.

Output: 512x512 PNG, RGBA, genuine transparent background. No text, numerals, labels, logos or watermark.",作成済み,,references/invidious.png
harmony.png,調和,調和,"Subject: harmony, target meaning ""調和"".

Composition: Show three musicians—a violinist, flutist, and pianist—playing together while their sound waves merge into one smooth pattern.

Style: Use the attached invidious.png for drawing style only. Match its thick rounded dark-brown contours, simplified rounded shapes, and restrained 2D cartoon shading. Do not copy the reference subject or composition.

Framing: One compact composition, with the complete subject using about 80-90% of the square. Keep everything inside the frame.

Output: 512x512 PNG, RGBA, genuine transparent background. No text, numerals, labels, logos or watermark.",作成済み,,references/invidious.png
monetary.png,貨幣の,貨幣の,"Subject: monetary, target meaning ""貨幣の"".

Composition: Show coins, banknotes, and a central bank building icon grouped together, clearly indicating matters of money.

Style: Use the attached invidious.png for drawing style only. Match its thick rounded dark-brown contours, simplified rounded shapes, and restrained 2D cartoon shading. Do not copy the reference subject or composition.

Framing: One compact composition, with the complete subject using about 80-90% of the square. Keep everything inside the frame.

Output: 512x512 PNG, RGBA, genuine transparent background. No text, numerals, labels, logos or watermark.",作成済み,,references/invidious.png
obliged.png,せざるをえなくて,せざるをえなくて,"Subject: obliged, target meaning ""せざるをえなくて"".

Composition: Show one person reluctantly carrying out a required duty while an official checklist with a mandatory checkmark is held beside them.

Style: Use the attached invidious.png for drawing style only. Match its thick rounded dark-brown contours, simplified rounded shapes, and restrained 2D cartoon shading. Do not copy the reference subject or composition.

Framing: One compact composition, with the complete subject using about 80-90% of the square. Keep everything inside the frame.

Output: 512x512 PNG, RGBA, genuine transparent background. No text, numerals, labels, logos or watermark.",作成済み,,references/invidious.png
rigid.png,堅い,堅い,"Subject: rigid, target meaning ""堅い"".

Composition: Show one straight metal rod resisting a strong bending force from two hands without flexing.

Style: Use the attached invidious.png for drawing style only. Match its thick rounded dark-brown contours, simplified rounded shapes, and restrained 2D cartoon shading. Do not copy the reference subject or composition.

Framing: One compact composition, with the complete subject using about 80-90% of the square. Keep everything inside the frame.

Output: 512x512 PNG, RGBA, genuine transparent background. No text, numerals, labels, logos or watermark.",作成済み,,references/invidious.png
semantic.png,意味の,意味の,"Subject: semantic, target meaning ""意味の"".

Composition: Show one simple symbol connected to two different pictured meanings, with one correct meaning highlighted to emphasize meaning relationships.

Style: Use the attached invidious.png for drawing style only. Match its thick rounded dark-brown contours, simplified rounded shapes, and restrained 2D cartoon shading. Do not copy the reference subject or composition.

Framing: One compact composition, with the complete subject using about 80-90% of the square. Keep everything inside the frame.

Output: 512x512 PNG, RGBA, genuine transparent background. No text, numerals, labels, logos or watermark.",作成済み,,references/invidious.png
Gordon.png,ゴードン、ゴールドン,ゴードン,"Subject: Gordon, target meaning ""ゴードン"".

Composition: Show an adult man named Gordon with short gray-brown hair, dark sweater, and composed friendly expression.

Style: Use the attached invidious.png for drawing style only. Match its thick rounded dark-brown contours, simplified rounded shapes, and restrained 2D cartoon shading. Do not copy the reference subject or composition.

Framing: One compact composition, with the complete subject using about 80-90% of the square. Keep everything inside the frame.

Output: 512x512 PNG, RGBA, genuine transparent background. No text, numerals, labels, logos or watermark.",作成済み,,references/invidious.png
Graham.png,グラハム、グレアム,グラハム,"Subject: Graham, target meaning ""グラハム"".

Composition: Show an adult man named Graham with neatly styled brown hair, collared shirt, and relaxed thoughtful expression.

Style: Use the attached invidious.png for drawing style only. Match its thick rounded dark-brown contours, simplified rounded shapes, and restrained 2D cartoon shading. Do not copy the reference subject or composition.

Framing: One compact composition, with the complete subject using about 80-90% of the square. Keep everything inside the frame.

Output: 512x512 PNG, RGBA, genuine transparent background. No text, numerals, labels, logos or watermark.",作成済み,,references/invidious.png
Ohio.png,オハイオ州立大学,オハイオ州立大学,"Subject: Ohio, target meaning ""オハイオ州立大学"".

Composition: Show a large American university campus with red-brick academic buildings, broad lawn, and a stadium-like structure, representing Ohio State University.

Style: Use the attached invidious.png for drawing style only. Match its thick rounded dark-brown contours, simplified rounded shapes, and restrained 2D cartoon shading. Do not copy the reference subject or composition.

Framing: One compact composition, with the complete subject using about 80-90% of the square. Keep everything inside the frame.

Output: 512x512 PNG, RGBA, genuine transparent background. No text, numerals, labels, logos or watermark.",作成済み,,references/invidious.png
aging.png,年をとること、高齢化,年をとること,"Subject: aging, target meaning ""年をとること"".

Composition: Show the same person represented across three life stages from young adult to middle-aged to elderly, with gradual gray hair and facial lines.

Style: Use the attached invidious.png for drawing style only. Match its thick rounded dark-brown contours, simplified rounded shapes, and restrained 2D cartoon shading. Do not copy the reference subject or composition.

Framing: One compact composition, with the complete subject using about 80-90% of the square. Keep everything inside the frame.

Output: 512x512 PNG, RGBA, genuine transparent background. No text, numerals, labels, logos or watermark.",作成済み,,references/invidious.png
baseline.png,基線,基線,"Subject: baseline, target meaning ""基線"".

Composition: Show a simple chart with one straight horizontal reference line across the bottom and changing values rising above it.

Style: Use the attached invidious.png for drawing style only. Match its thick rounded dark-brown contours, simplified rounded shapes, and restrained 2D cartoon shading. Do not copy the reference subject or composition.

Framing: One compact composition, with the complete subject using about 80-90% of the square. Keep everything inside the frame.

Output: 512x512 PNG, RGBA, genuine transparent background. No text, numerals, labels, logos or watermark.",作成済み,,references/invidious.png
ex-.png,…から,…から,"Subject: ex-, target meaning ""…から"".

Composition: Show a small bird flying away from an open cage, starting at the doorway and moving outward from the cage.

Style: Use the attached invidious.png for drawing style only. Match its thick rounded dark-brown contours, simplified rounded shapes, and restrained 2D cartoon shading. Do not copy the reference subject or composition.

Framing: One compact composition, with the complete subject using about 80-90% of the square. Keep everything inside the frame.

Output: 512x512 PNG, RGBA, genuine transparent background. No text, numerals, labels, logos or watermark.",作成済み,,references/invidious.png
for-.png,…のために,…のために,"Subject: for-, target meaning ""…のために"".

Composition: Show one person handing a wrapped gift directly to another person, with the gift clearly intended for the recipient.

Style: Use the attached invidious.png for drawing style only. Match its thick rounded dark-brown contours, simplified rounded shapes, and restrained 2D cartoon shading. Do not copy the reference subject or composition.

Framing: One compact composition, with the complete subject using about 80-90% of the square. Keep everything inside the frame.

Output: 512x512 PNG, RGBA, genuine transparent background. No text, numerals, labels, logos or watermark.",作成済み,,references/invidious.png
gear.png,ギア,ギア,"Subject: gear, target meaning ""ギア"".

Composition: Show one metal cogwheel with clearly defined teeth and central hole, meshing with a second smaller gear.

Style: Use the attached invidious.png for drawing style only. Match its thick rounded dark-brown contours, simplified rounded shapes, and restrained 2D cartoon shading. Do not copy the reference subject or composition.

Framing: One compact composition, with the complete subject using about 80-90% of the square. Keep everything inside the frame.

Output: 512x512 PNG, RGBA, genuine transparent background. No text, numerals, labels, logos or watermark.",作成済み,,references/invidious.png
mysterious.png,謎の,謎の,"Subject: mysterious, target meaning ""謎の"".

Composition: Show a locked antique box partly hidden in fog with one unusual key nearby, creating an unresolved mysterious scene.

Style: Use the attached invidious.png for drawing style only. Match its thick rounded dark-brown contours, simplified rounded shapes, and restrained 2D cartoon shading. Do not copy the reference subject or composition.

Framing: One compact composition, with the complete subject using about 80-90% of the square. Keep everything inside the frame.

Output: 512x512 PNG, RGBA, genuine transparent background. No text, numerals, labels, logos or watermark.",作成済み,,references/invidious.png
olive.png,オリーブ,オリーブ,"Subject: olive, target meaning ""オリーブ"".

Composition: Show a small branch with green olive leaves and several ripe purple-black olives, plus one cut olive showing the pit.

Style: Use the attached invidious.png for drawing style only. Match its thick rounded dark-brown contours, simplified rounded shapes, and restrained 2D cartoon shading. Do not copy the reference subject or composition.

Framing: One compact composition, with the complete subject using about 80-90% of the square. Keep everything inside the frame.

Output: 512x512 PNG, RGBA, genuine transparent background. No text, numerals, labels, logos or watermark.",作成済み,,references/invidious.png
outline.png,アウトライン,アウトライン,"Subject: outline, target meaning ""アウトライン"".

Composition: Show a simple object drawn only as a clean outer contour line with no interior shading, emphasizing the outline.

Style: Use the attached invidious.png for drawing style only. Match its thick rounded dark-brown contours, simplified rounded shapes, and restrained 2D cartoon shading. Do not copy the reference subject or composition.

Framing: One compact composition, with the complete subject using about 80-90% of the square. Keep everything inside the frame.

Output: 512x512 PNG, RGBA, genuine transparent background. No text, numerals, labels, logos or watermark.",作成済み,,references/invidious.png
Mass_cap.png,かたまり、質量,かたまり,"Subject: Mass, target meaning ""かたまり"".

Composition: Show one large compact lump of clay resting on a scale, with the dense mass dominating the composition.

Style: Use the attached invidious.png for drawing style only. Match its thick rounded dark-brown contours, simplified rounded shapes, and restrained 2D cartoon shading. Do not copy the reference subject or composition.

Framing: One compact composition, with the complete subject using about 80-90% of the square. Keep everything inside the frame.

Output: 512x512 PNG, RGBA, genuine transparent background. No text, numerals, labels, logos or watermark.",作成済み,,references/invidious.png
